ca65 V2.18 - Fedora 2.19-15.fc44
Main file   : /var/home/salvogendut/Dev/UDEKS/build/window-manager-budget/baseline.s
Current file: /var/home/salvogendut/Dev/UDEKS/build/window-manager-budget/baseline.s

000000r 1               ;
000000r 1               ; File generated by cc65 v 2.18 - Fedora 2.19-15.fc44
000000r 1               ;
000000r 1               	.fopt		compiler,"cc65 v 2.18 - Fedora 2.19-15.fc44"
000000r 1               	.setcpu		"6502"
000000r 1               	.smart		on
000000r 1               	.autoimport	on
000000r 1               	.case		on
000000r 1               	.debuginfo	off
000000r 1               	.importzp	sp, sreg, regsave, regbank
000000r 1               	.importzp	tmp1, tmp2, tmp3, tmp4, ptr1, ptr2, ptr3, ptr4
000000r 1               	.macpack	longbranch
000000r 2               .macro  jeq     Target
000000r 2                       .if     .match(Target, 0)
000000r 2                       bne     *+5
000000r 2                       jmp     Target
000000r 2                       .elseif .def(Target) .and .const((*-2)-(Target)) .and ((*+2)-(Target) <= 127)
000000r 2                               beq     Target
000000r 2                       .else
000000r 2                               bne     *+5
000000r 2                               jmp     Target
000000r 2                       .endif
000000r 2               .endmacro
000000r 2               .macro  jne     Target
000000r 2                       .if     .match(Target, 0)
000000r 2                               beq     *+5
000000r 2                               jmp     Target
000000r 2                       .elseif .def(Target) .and .const((*-2)-(Target)) .and ((*+2)-(Target) <= 127)
000000r 2                               bne     Target
000000r 2                       .else
000000r 2                               beq     *+5
000000r 2                               jmp     Target
000000r 2                       .endif
000000r 2               .endmacro
000000r 2               .macro  jmi     Target
000000r 2                       .if     .match(Target, 0)
000000r 2                               bpl     *+5
000000r 2                               jmp     Target
000000r 2                       .elseif .def(Target) .and .const((*-2)-(Target)) .and ((*+2)-(Target) <= 127)
000000r 2                               bmi     Target
000000r 2                       .else
000000r 2                               bpl     *+5
000000r 2                               jmp     Target
000000r 2                       .endif
000000r 2               .endmacro
000000r 2               .macro  jpl     Target
000000r 2                       .if     .match(Target, 0)
000000r 2                               bmi     *+5
000000r 2                               jmp     Target
000000r 2                       .elseif .def(Target) .and .const((*-2)-(Target)) .and ((*+2)-(Target) <= 127)
000000r 2                               bpl     Target
000000r 2                       .else
000000r 2                               bmi     *+5
000000r 2                               jmp     Target
000000r 2                       .endif
000000r 2               .endmacro
000000r 2               .macro  jcs     Target
000000r 2                       .if     .match(Target, 0)
000000r 2                               bcc     *+5
000000r 2                               jmp     Target
000000r 2                       .elseif .def(Target) .and .const((*-2)-(Target)) .and ((*+2)-(Target) <= 127)
000000r 2                               bcs     Target
000000r 2                       .else
000000r 2                               bcc     *+5
000000r 2                               jmp     Target
000000r 2                       .endif
000000r 2               .endmacro
000000r 2               .macro  jcc     Target
000000r 2                       .if     .match(Target, 0)
000000r 2                               bcs     *+5
000000r 2                               jmp     Target
000000r 2                       .elseif .def(Target) .and .const((*-2)-(Target)) .and ((*+2)-(Target) <= 127)
000000r 2                               bcc     Target
000000r 2                       .else
000000r 2                               bcs     *+5
000000r 2                               jmp     Target
000000r 2                       .endif
000000r 2               .endmacro
000000r 2               .macro  jvs     Target
000000r 2                       .if     .match(Target, 0)
000000r 2                               bvc     *+5
000000r 2                               jmp     Target
000000r 2                       .elseif .def(Target) .and .const((*-2)-(Target)) .and ((*+2)-(Target) <= 127)
000000r 2                               bvs     Target
000000r 2                       .else
000000r 2                               bvc     *+5
000000r 2                               jmp     Target
000000r 2                       .endif
000000r 2               .endmacro
000000r 2               .macro  jvc     Target
000000r 2                       .if     .match(Target, 0)
000000r 2                               bvs     *+5
000000r 2                               jmp     Target
000000r 2                       .elseif .def(Target) .and .const((*-2)-(Target)) .and ((*+2)-(Target) <= 127)
000000r 2                               bvc     Target
000000r 2                       .else
000000r 2                               bvs     *+5
000000r 2                               jmp     Target
000000r 2                       .endif
000000r 2               .endmacro
000000r 2               
000000r 1               	.import		_udeks_pointer_resynchronize
000000r 1               	.import		_udeks_pointer_x
000000r 1               	.import		_udeks_pointer_y
000000r 1               	.import		_udeks_pointer_buttons
000000r 1               	.import		_udeks_vic_graphics_is_active
000000r 1               	.import		_udeks_vic_pointer_busy_begin
000000r 1               	.import		_udeks_vic_pointer_busy_end
000000r 1               	.import		_udeks_vic_bitmap_pixel
000000r 1               	.import		_udeks_vic_bitmap_line
000000r 1               	.import		_udeks_vic_bitmap_rectangle
000000r 1               	.import		_udeks_vic_bitmap_fill
000000r 1               	.import		_udeks_vic_bitmap_set_clip
000000r 1               	.import		_udeks_vic_bitmap_reset_clip
000000r 1               	.import		_udeks_vic_bitmap_outline_toggle
000000r 1               	.import		_udeks_vic_bitmap_outline_move
000000r 1               	.import		_udeks_vic_bitmap_commit
000000r 1               	.export		_udeks_window_manager_start
000000r 1               	.export		_udeks_window_manager_poll
000000r 1               	.export		_udeks_window_manager_stop
000000r 1               	.export		_udeks_window_manager_reset
000000r 1               	.export		_udeks_window_create
000000r 1               	.export		_udeks_window_destroy
000000r 1               	.export		_udeks_window_repaint
000000r 1               	.export		_udeks_window_begin_paint
000000r 1               	.export		_udeks_window_end_paint
000000r 1               	.export		_udeks_window_image_complete
000000r 1               	.export		_udeks_window_get_geometry
000000r 1               	.export		_udeks_window_is_dragging
000000r 1               	.export		_udeks_window_is_focused
000000r 1               
000000r 1               .segment	"RODATA"
000000r 1               
000000r 1               _title_glyphs:
000000r 1  02           	.byte	$02
000001r 1  05           	.byte	$05
000002r 1  07           	.byte	$07
000003r 1  05           	.byte	$05
000004r 1  05           	.byte	$05
000005r 1  06           	.byte	$06
000006r 1  05           	.byte	$05
000007r 1  06           	.byte	$06
000008r 1  05           	.byte	$05
000009r 1  06           	.byte	$06
00000Ar 1  03           	.byte	$03
00000Br 1  04           	.byte	$04
00000Cr 1  04           	.byte	$04
00000Dr 1  04           	.byte	$04
00000Er 1  03           	.byte	$03
00000Fr 1  06           	.byte	$06
000010r 1  05           	.byte	$05
000011r 1  05           	.byte	$05
000012r 1  05           	.byte	$05
000013r 1  06           	.byte	$06
000014r 1  07           	.byte	$07
000015r 1  04           	.byte	$04
000016r 1  06           	.byte	$06
000017r 1  04           	.byte	$04
000018r 1  07           	.byte	$07
000019r 1  07           	.byte	$07
00001Ar 1  04           	.byte	$04
00001Br 1  06           	.byte	$06
00001Cr 1  04           	.byte	$04
00001Dr 1  04           	.byte	$04
00001Er 1  03           	.byte	$03
00001Fr 1  04           	.byte	$04
000020r 1  05           	.byte	$05
000021r 1  05           	.byte	$05
000022r 1  03           	.byte	$03
000023r 1  05           	.byte	$05
000024r 1  05           	.byte	$05
000025r 1  07           	.byte	$07
000026r 1  05           	.byte	$05
000027r 1  05           	.byte	$05
000028r 1  07           	.byte	$07
000029r 1  02           	.byte	$02
00002Ar 1  02           	.byte	$02
00002Br 1  02           	.byte	$02
00002Cr 1  07           	.byte	$07
00002Dr 1  01           	.byte	$01
00002Er 1  01           	.byte	$01
00002Fr 1  01           	.byte	$01
000030r 1  05           	.byte	$05
000031r 1  02           	.byte	$02
000032r 1  05           	.byte	$05
000033r 1  05           	.byte	$05
000034r 1  06           	.byte	$06
000035r 1  05           	.byte	$05
000036r 1  05           	.byte	$05
000037r 1  04           	.byte	$04
000038r 1  04           	.byte	$04
000039r 1  04           	.byte	$04
00003Ar 1  04           	.byte	$04
00003Br 1  07           	.byte	$07
00003Cr 1  05           	.byte	$05
00003Dr 1  07           	.byte	$07
00003Er 1  07           	.byte	$07
00003Fr 1  05           	.byte	$05
000040r 1  05           	.byte	$05
000041r 1  05           	.byte	$05
000042r 1  07           	.byte	$07
000043r 1  07           	.byte	$07
000044r 1  07           	.byte	$07
000045r 1  05           	.byte	$05
000046r 1  02           	.byte	$02
000047r 1  05           	.byte	$05
000048r 1  05           	.byte	$05
000049r 1  05           	.byte	$05
00004Ar 1  02           	.byte	$02
00004Br 1  06           	.byte	$06
00004Cr 1  05           	.byte	$05
00004Dr 1  06           	.byte	$06
00004Er 1  04           	.byte	$04
00004Fr 1  04           	.byte	$04
000050r 1  02           	.byte	$02
000051r 1  05           	.byte	$05
000052r 1  05           	.byte	$05
000053r 1  03           	.byte	$03
000054r 1  01           	.byte	$01
000055r 1  06           	.byte	$06
000056r 1  05           	.byte	$05
000057r 1  06           	.byte	$06
000058r 1  05           	.byte	$05
000059r 1  05           	.byte	$05
00005Ar 1  03           	.byte	$03
00005Br 1  04           	.byte	$04
00005Cr 1  02           	.byte	$02
00005Dr 1  01           	.byte	$01
00005Er 1  06           	.byte	$06
00005Fr 1  07           	.byte	$07
000060r 1  02           	.byte	$02
000061r 1  02           	.byte	$02
000062r 1  02           	.byte	$02
000063r 1  02           	.byte	$02
000064r 1  05           	.byte	$05
000065r 1  05           	.byte	$05
000066r 1  05           	.byte	$05
000067r 1  05           	.byte	$05
000068r 1  07           	.byte	$07
000069r 1  05           	.byte	$05
00006Ar 1  05           	.byte	$05
00006Br 1  05           	.byte	$05
00006Cr 1  05           	.byte	$05
00006Dr 1  02           	.byte	$02
00006Er 1  05           	.byte	$05
00006Fr 1  05           	.byte	$05
000070r 1  07           	.byte	$07
000071r 1  07           	.byte	$07
000072r 1  05           	.byte	$05
000073r 1  05           	.byte	$05
000074r 1  05           	.byte	$05
000075r 1  02           	.byte	$02
000076r 1  05           	.byte	$05
000077r 1  05           	.byte	$05
000078r 1  05           	.byte	$05
000079r 1  05           	.byte	$05
00007Ar 1  02           	.byte	$02
00007Br 1  02           	.byte	$02
00007Cr 1  02           	.byte	$02
00007Dr 1  07           	.byte	$07
00007Er 1  01           	.byte	$01
00007Fr 1  02           	.byte	$02
000080r 1  04           	.byte	$04
000081r 1  07           	.byte	$07
000082r 1               
000082r 1               .segment	"BSS"
000000r 1               
000000r 1               .segment	"HIGHBSS"
000000r 1               _windows:
000000r 1  00 00 00 00  	.res	68,$00
000004r 1  00 00 00 00  
000008r 1  00 00 00 00  
000044r 1               _active_count:
000044r 1  00           	.res	1,$00
000045r 1               _focused_handle:
000045r 1  00           	.res	1,$00
000046r 1               _dragging_handle:
000046r 1  00           	.res	1,$00
000047r 1               _previous_buttons:
000047r 1  00           	.res	1,$00
000048r 1               _drag_pointer_x:
000048r 1  00 00        	.res	2,$00
00004Ar 1               _drag_pointer_y:
00004Ar 1  00           	.res	1,$00
00004Br 1               _drag_x:
00004Br 1  00 00        	.res	2,$00
00004Dr 1               _drag_y:
00004Dr 1  00           	.res	1,$00
00004Er 1               _drag_width:
00004Er 1  00 00        	.res	2,$00
000050r 1               _drag_height:
000050r 1  00           	.res	1,$00
000051r 1               _drag_mode:
000051r 1  00           	.res	1,$00
000052r 1               _damage_left:
000052r 1  00 00        	.res	2,$00
000054r 1               _damage_top:
000054r 1  00           	.res	1,$00
000055r 1               _damage_right:
000055r 1  00 00        	.res	2,$00
000057r 1               _damage_bottom:
000057r 1  00           	.res	1,$00
000058r 1               
000058r 1               ; ---------------------------------------------------------------
000058r 1               ; unsigned char __near__ udeks_window_manager_start (void)
000058r 1               ; ---------------------------------------------------------------
000058r 1               
000058r 1               .segment	"CODE"
000000r 1               
000000r 1               .proc	_udeks_window_manager_start: near
000000r 1               
000000r 1               .segment	"CODE"
000000r 1               
000000r 1  20 rr rr     	jsr     decsp1
000003r 1  A9 00        	lda     #$00
000005r 1  A8           	tay
000006r 1  91 rr        L050F:	sta     (sp),y
000008r 1  C9 20        	cmp     #$20
00000Ar 1  B0 19        	bcs     L0511
00000Cr 1  B1 rr        	lda     (sp),y
00000Er 1  18           	clc
00000Fr 1  69 40        	adc     #$40
000011r 1  85 rr        	sta     ptr1
000013r 1  A9 00        	lda     #$00
000015r 1  69 F2        	adc     #$F2
000017r 1  85 rr        	sta     ptr1+1
000019r 1  A9 00        	lda     #$00
00001Br 1  91 rr        	sta     (ptr1),y
00001Dr 1  18           	clc
00001Er 1  A9 01        	lda     #$01
000020r 1  71 rr        	adc     (sp),y
000022r 1  4C rr rr     	jmp     L050F
000025r 1  A9 57        L0511:	lda     #$57
000027r 1  8D 40 F2     	sta     $F240
00002Ar 1  A9 4D        	lda     #$4D
00002Cr 1  8D 41 F2     	sta     $F241
00002Fr 1  A9 47        	lda     #$47
000031r 1  8D 42 F2     	sta     $F242
000034r 1  A9 52        	lda     #$52
000036r 1  8D 43 F2     	sta     $F243
000039r 1  A9 01        	lda     #$01
00003Br 1  8D 44 F2     	sta     $F244
00003Er 1  A9 02        	lda     #$02
000040r 1  8D 45 F2     	sta     $F245
000043r 1  A9 00        	lda     #$00
000045r 1  91 rr        L0510:	sta     (sp),y
000047r 1  C9 04        	cmp     #$04
000049r 1  B0 21        	bcs     L0512
00004Br 1  B1 rr        	lda     (sp),y
00004Dr 1  20 rr rr     	jsr     pusha0
000050r 1  A9 11        	lda     #$11
000052r 1  20 rr rr     	jsr     tosmula0
000055r 1  18           	clc
000056r 1  69 rr        	adc     #<(_windows)
000058r 1  85 rr        	sta     ptr1
00005Ar 1  8A           	txa
00005Br 1  69 rr        	adc     #>(_windows)
00005Dr 1  85 rr        	sta     ptr1+1
00005Fr 1  A9 00        	lda     #$00
000061r 1  A8           	tay
000062r 1  91 rr        	sta     (ptr1),y
000064r 1  18           	clc
000065r 1  A9 01        	lda     #$01
000067r 1  71 rr        	adc     (sp),y
000069r 1  4C rr rr     	jmp     L0510
00006Cr 1  A9 00        L0512:	lda     #$00
00006Er 1  8D rr rr     	sta     _active_count
000071r 1  8D rr rr     	sta     _focused_handle
000074r 1  8D rr rr     	sta     _dragging_handle
000077r 1  8D rr rr     	sta     _drag_mode
00007Ar 1  8D rr rr     	sta     _previous_buttons
00007Dr 1  20 rr rr     	jsr     _publish_state
000080r 1  A2 00        	ldx     #$00
000082r 1  8A           	txa
000083r 1  4C rr rr     	jmp     incsp1
000086r 1               
000086r 1               .endproc
000086r 1               
000086r 1               ; ---------------------------------------------------------------
000086r 1               ; unsigned char __near__ udeks_window_manager_poll (void)
000086r 1               ; ---------------------------------------------------------------
000086r 1               
000086r 1               .segment	"CODE"
000086r 1               
000086r 1               .proc	_udeks_window_manager_poll: near
000086r 1               
000086r 1               .segment	"CODE"
000086r 1               
000086r 1  A0 09        	ldy     #$09
000088r 1  20 rr rr     	jsr     subysp
00008Br 1  20 rr rr     	jsr     _udeks_vic_graphics_is_active
00008Er 1  C9 00        	cmp     #$00
000090r 1  D0 04        	bne     L04AA
000092r 1  AA           	tax
000093r 1  4C rr rr     	jmp     L0522
000096r 1  20 rr rr     L04AA:	jsr     _udeks_pointer_x
000099r 1  38           	sec
00009Ar 1  E9 0C        	sbc     #$0C
00009Cr 1  B0 01        	bcs     L04AF
00009Er 1  CA           	dex
00009Fr 1  A0 07        L04AF:	ldy     #$07
0000A1r 1  20 rr rr     	jsr     staxysp
0000A4r 1  20 rr rr     	jsr     _udeks_pointer_y
0000A7r 1  38           	sec
0000A8r 1  E9 28        	sbc     #$28
0000AAr 1  A0 06        	ldy     #$06
0000ACr 1  91 rr        	sta     (sp),y
0000AEr 1  20 rr rr     	jsr     _udeks_pointer_buttons
0000B1r 1  A0 05        	ldy     #$05
0000B3r 1  91 rr        	sta     (sp),y
0000B5r 1  29 05        	and     #$05
0000B7r 1  88           	dey
0000B8r 1  91 rr        	sta     (sp),y
0000BAr 1  B1 rr        	lda     (sp),y
0000BCr 1  D0 03 4C rr  	jeq     L0518
0000C0r 1  rr           
0000C1r 1  AD rr rr     	lda     _previous_buttons
0000C4r 1  F0 03 4C rr  	jne     L0518
0000C8r 1  rr           
0000C9r 1  A0 0A        	ldy     #$0A
0000CBr 1  20 rr rr     	jsr     pushwysp
0000CEr 1  A0 08        	ldy     #$08
0000D0r 1  B1 rr        	lda     (sp),y
0000D2r 1  20 rr rr     	jsr     _top_window_at
0000D5r 1  A0 03        	ldy     #$03
0000D7r 1  91 rr        	sta     (sp),y
0000D9r 1  20 rr rr     	jsr     _window_by_handle
0000DCr 1  20 rr rr     	jsr     stax0sp
0000DFr 1  E0 00        	cpx     #$00
0000E1r 1  D0 07        	bne     L0523
0000E3r 1  C9 00        	cmp     #$00
0000E5r 1  D0 03 4C rr  	jeq     L04C4
0000E9r 1  rr           
0000EAr 1  A0 03        L0523:	ldy     #$03
0000ECr 1  B1 rr        	lda     (sp),y
0000EEr 1  8D rr rr     	sta     _focused_handle
0000F1r 1  B1 rr        	lda     (sp),y
0000F3r 1  20 rr rr     	jsr     _raise_window
0000F6r 1  A0 02        	ldy     #$02
0000F8r 1  91 rr        	sta     (sp),y
0000FAr 1  20 rr rr     	jsr     decsp3
0000FDr 1  A0 0B        	ldy     #$0B
0000FFr 1  B1 rr        	lda     (sp),y
000101r 1  AA           	tax
000102r 1  88           	dey
000103r 1  B1 rr        	lda     (sp),y
000105r 1  A0 01        	ldy     #$01
000107r 1  91 rr        	sta     (sp),y
000109r 1  C8           	iny
00010Ar 1  8A           	txa
00010Br 1  91 rr        	sta     (sp),y
00010Dr 1  A0 09        	ldy     #$09
00010Fr 1  B1 rr        	lda     (sp),y
000111r 1  A0 00        	ldy     #$00
000113r 1  91 rr        	sta     (sp),y
000115r 1  A0 04        	ldy     #$04
000117r 1  B1 rr        	lda     (sp),y
000119r 1  AA           	tax
00011Ar 1  88           	dey
00011Br 1  B1 rr        	lda     (sp),y
00011Dr 1  20 rr rr     	jsr     _close_hit
000120r 1  C9 00        	cmp     #$00
000122r 1  F0 15        	beq     L04CC
000124r 1  A9 1C        	lda     #$1C
000126r 1  20 rr rr     	jsr     _increment_counter
000129r 1  A0 04        	ldy     #$04
00012Br 1  B1 rr        	lda     (sp),y
00012Dr 1  8D rr rr     	sta     _previous_buttons
000130r 1  88           	dey
000131r 1  B1 rr        	lda     (sp),y
000133r 1  20 rr rr     	jsr     _udeks_window_destroy
000136r 1  4C rr rr     	jmp     L0525
000139r 1  20 rr rr     L04CC:	jsr     decsp3
00013Cr 1  A0 0B        	ldy     #$0B
00013Er 1  B1 rr        	lda     (sp),y
000140r 1  AA           	tax
000141r 1  88           	dey
000142r 1  B1 rr        	lda     (sp),y
000144r 1  A0 01        	ldy     #$01
000146r 1  91 rr        	sta     (sp),y
000148r 1  C8           	iny
000149r 1  8A           	txa
00014Ar 1  91 rr        	sta     (sp),y
00014Cr 1  A0 09        	ldy     #$09
00014Er 1  B1 rr        	lda     (sp),y
000150r 1  A0 00        	ldy     #$00
000152r 1  91 rr        	sta     (sp),y
000154r 1  A0 04        	ldy     #$04
000156r 1  B1 rr        	lda     (sp),y
000158r 1  AA           	tax
000159r 1  88           	dey
00015Ar 1  B1 rr        	lda     (sp),y
00015Cr 1  20 rr rr     	jsr     _resize_hit
00015Fr 1  C9 00        	cmp     #$00
000161r 1  F0 2B        	beq     L04D9
000163r 1  20 rr rr     	jsr     decsp4
000166r 1  A0 07        	ldy     #$07
000168r 1  B1 rr        	lda     (sp),y
00016Ar 1  A0 03        	ldy     #$03
00016Cr 1  91 rr        	sta     (sp),y
00016Er 1  A0 0C        	ldy     #$0C
000170r 1  B1 rr        	lda     (sp),y
000172r 1  AA           	tax
000173r 1  88           	dey
000174r 1  B1 rr        	lda     (sp),y
000176r 1  A0 01        	ldy     #$01
000178r 1  91 rr        	sta     (sp),y
00017Ar 1  C8           	iny
00017Br 1  8A           	txa
00017Cr 1  91 rr        	sta     (sp),y
00017Er 1  A0 0A        	ldy     #$0A
000180r 1  B1 rr        	lda     (sp),y
000182r 1  A0 00        	ldy     #$00
000184r 1  91 rr        	sta     (sp),y
000186r 1  A9 02        	lda     #$02
000188r 1  20 rr rr     	jsr     _begin_drag
00018Br 1  4C rr rr     	jmp     L04F5
00018Er 1  20 rr rr     L04D9:	jsr     decsp3
000191r 1  A0 0B        	ldy     #$0B
000193r 1  B1 rr        	lda     (sp),y
000195r 1  AA           	tax
000196r 1  88           	dey
000197r 1  B1 rr        	lda     (sp),y
000199r 1  A0 01        	ldy     #$01
00019Br 1  91 rr        	sta     (sp),y
00019Dr 1  C8           	iny
00019Er 1  8A           	txa
00019Fr 1  91 rr        	sta     (sp),y
0001A1r 1  A0 09        	ldy     #$09
0001A3r 1  B1 rr        	lda     (sp),y
0001A5r 1  A0 00        	ldy     #$00
0001A7r 1  91 rr        	sta     (sp),y
0001A9r 1  A0 04        	ldy     #$04
0001ABr 1  B1 rr        	lda     (sp),y
0001ADr 1  AA           	tax
0001AEr 1  88           	dey
0001AFr 1  B1 rr        	lda     (sp),y
0001B1r 1  20 rr rr     	jsr     _title_hit
0001B4r 1  C9 00        	cmp     #$00
0001B6r 1  F0 2B        	beq     L04E4
0001B8r 1  20 rr rr     	jsr     decsp4
0001BBr 1  A0 07        	ldy     #$07
0001BDr 1  B1 rr        	lda     (sp),y
0001BFr 1  A0 03        	ldy     #$03
0001C1r 1  91 rr        	sta     (sp),y
0001C3r 1  A0 0C        	ldy     #$0C
0001C5r 1  B1 rr        	lda     (sp),y
0001C7r 1  AA           	tax
0001C8r 1  88           	dey
0001C9r 1  B1 rr        	lda     (sp),y
0001CBr 1  A0 01        	ldy     #$01
0001CDr 1  91 rr        	sta     (sp),y
0001CFr 1  C8           	iny
0001D0r 1  8A           	txa
0001D1r 1  91 rr        	sta     (sp),y
0001D3r 1  A0 0A        	ldy     #$0A
0001D5r 1  B1 rr        	lda     (sp),y
0001D7r 1  A0 00        	ldy     #$00
0001D9r 1  91 rr        	sta     (sp),y
0001DBr 1  A9 01        	lda     #$01
0001DDr 1  20 rr rr     	jsr     _begin_drag
0001E0r 1  4C rr rr     	jmp     L04F5
0001E3r 1  A0 02        L04E4:	ldy     #$02
0001E5r 1  B1 rr        	lda     (sp),y
0001E7r 1  F0 15        	beq     L04F5
0001E9r 1  88           	dey
0001EAr 1  B1 rr        	lda     (sp),y
0001ECr 1  AA           	tax
0001EDr 1  88           	dey
0001EEr 1  B1 rr        	lda     (sp),y
0001F0r 1  20 rr rr     	jsr     _damage_set
0001F3r 1  A9 00        	lda     #$00
0001F5r 1  20 rr rr     	jsr     _compose_damage
0001F8r 1  4C rr rr     	jmp     L04F5
0001FBr 1  8D rr rr     L04C4:	sta     _focused_handle
0001FEr 1  A0 04        L04F5:	ldy     #$04
000200r 1  B1 rr        L0518:	lda     (sp),y
000202r 1  D0 0B        	bne     L051C
000204r 1  AD rr rr     	lda     _dragging_handle
000207r 1  F0 06        	beq     L051C
000209r 1  20 rr rr     	jsr     _finish_drag
00020Cr 1  4C rr rr     	jmp     L0507
00020Fr 1  B1 rr        L051C:	lda     (sp),y
000211r 1  F0 29        	beq     L0521
000213r 1  AD rr rr     	lda     _dragging_handle
000216r 1  F0 24        	beq     L0521
000218r 1  AD rr rr     	lda     _drag_mode
00021Br 1  C9 02        	cmp     #$02
00021Dr 1  D0 0F        	bne     L0502
00021Fr 1  A0 0A        	ldy     #$0A
000221r 1  20 rr rr     	jsr     pushwysp
000224r 1  A0 08        	ldy     #$08
000226r 1  B1 rr        	lda     (sp),y
000228r 1  20 rr rr     	jsr     _resize_drag
00022Br 1  4C rr rr     	jmp     L0507
00022Er 1  A0 0A        L0502:	ldy     #$0A
000230r 1  20 rr rr     	jsr     pushwysp
000233r 1  A0 08        	ldy     #$08
000235r 1  B1 rr        	lda     (sp),y
000237r 1  20 rr rr     	jsr     _move_drag
00023Ar 1  A0 04        L0507:	ldy     #$04
00023Cr 1  B1 rr        L0521:	lda     (sp),y
00023Er 1  8D rr rr     	sta     _previous_buttons
000241r 1  20 rr rr     L0525:	jsr     _publish_state
000244r 1  A2 00        	ldx     #$00
000246r 1  8A           	txa
000247r 1  A0 09        L0522:	ldy     #$09
000249r 1  4C rr rr     	jmp     addysp
00024Cr 1               
00024Cr 1               .endproc
00024Cr 1               
00024Cr 1               ; ---------------------------------------------------------------
00024Cr 1               ; unsigned char __near__ udeks_window_manager_stop (void)
00024Cr 1               ; ---------------------------------------------------------------
00024Cr 1               
00024Cr 1               .segment	"CODE"
00024Cr 1               
00024Cr 1               .proc	_udeks_window_manager_stop: near
00024Cr 1               
00024Cr 1               .segment	"CODE"
00024Cr 1               
00024Cr 1  20 rr rr     	jsr     _udeks_window_manager_reset
00024Fr 1  A2 00        	ldx     #$00
000251r 1  8A           	txa
000252r 1  60           	rts
000253r 1               
000253r 1               .endproc
000253r 1               
000253r 1               ; ---------------------------------------------------------------
000253r 1               ; void __near__ udeks_window_manager_reset (void)
000253r 1               ; ---------------------------------------------------------------
000253r 1               
000253r 1               .segment	"CODE"
000253r 1               
000253r 1               .proc	_udeks_window_manager_reset: near
000253r 1               
000253r 1               .segment	"CODE"
000253r 1               
000253r 1  20 rr rr     	jsr     decsp1
000256r 1  A9 00        	lda     #$00
000258r 1  A8           	tay
000259r 1  91 rr        L0526:	sta     (sp),y
00025Br 1  C9 04        	cmp     #$04
00025Dr 1  B0 21        	bcs     L0527
00025Fr 1  B1 rr        	lda     (sp),y
000261r 1  20 rr rr     	jsr     pusha0
000264r 1  A9 11        	lda     #$11
000266r 1  20 rr rr     	jsr     tosmula0
000269r 1  18           	clc
00026Ar 1  69 rr        	adc     #<(_windows)
00026Cr 1  85 rr        	sta     ptr1
00026Er 1  8A           	txa
00026Fr 1  69 rr        	adc     #>(_windows)
000271r 1  85 rr        	sta     ptr1+1
000273r 1  A9 00        	lda     #$00
000275r 1  A8           	tay
000276r 1  91 rr        	sta     (ptr1),y
000278r 1  18           	clc
000279r 1  A9 01        	lda     #$01
00027Br 1  71 rr        	adc     (sp),y
00027Dr 1  4C rr rr     	jmp     L0526
000280r 1  98           L0527:	tya
000281r 1  8D rr rr     	sta     _active_count
000284r 1  8D rr rr     	sta     _focused_handle
000287r 1  8D rr rr     	sta     _dragging_handle
00028Ar 1  8D rr rr     	sta     _drag_mode
00028Dr 1  8D rr rr     	sta     _previous_buttons
000290r 1  20 rr rr     	jsr     _publish_state
000293r 1  4C rr rr     	jmp     incsp1
000296r 1               
000296r 1               .endproc
000296r 1               
000296r 1               ; ---------------------------------------------------------------
000296r 1               ; unsigned char __near__ udeks_window_create (unsigned char, unsigned char, unsigned char, unsigned int, unsigned char, unsigned int, unsigned char, __near__ const unsigned char *, __near__ __near__ function returning void *, __near__ __near__ function returning void *)
000296r 1               ; ---------------------------------------------------------------
000296r 1               
000296r 1               .segment	"CODE"
000296r 1               
000296r 1               .proc	_udeks_window_create: near
000296r 1               
000296r 1               .segment	"CODE"
000296r 1               
000296r 1  20 rr rr     	jsr     pushax
000299r 1  20 rr rr     	jsr     decsp3
00029Cr 1  A0 0B        	ldy     #$0B
00029Er 1  B1 rr        	lda     (sp),y
0002A0r 1  C9 00        	cmp     #$00
0002A2r 1  D0 05        	bne     L03F1
0002A4r 1  88           	dey
0002A5r 1  B1 rr        	lda     (sp),y
0002A7r 1  C9 10        	cmp     #$10
0002A9r 1  90 45        L03F1:	bcc     L052A
0002ABr 1  A0 09        	ldy     #$09
0002ADr 1  B1 rr        	lda     (sp),y
0002AFr 1  C9 12        	cmp     #$12
0002B1r 1  90 3D        	bcc     L052A
0002B3r 1  A0 0D        	ldy     #$0D
0002B5r 1  B1 rr        	lda     (sp),y
0002B7r 1  A0 0A        	ldy     #$0A
0002B9r 1  18           	clc
0002BAr 1  71 rr        	adc     (sp),y
0002BCr 1  48           	pha
0002BDr 1  A0 0E        	ldy     #$0E
0002BFr 1  B1 rr        	lda     (sp),y
0002C1r 1  A0 0B        	ldy     #$0B
0002C3r 1  71 rr        	adc     (sp),y
0002C5r 1  AA           	tax
0002C6r 1  68           	pla
0002C7r 1  C9 41        	cmp     #$41
0002C9r 1  8A           	txa
0002CAr 1  E9 01        	sbc     #$01
0002CCr 1  B0 22        	bcs     L052A
0002CEr 1  A2 00        	ldx     #$00
0002D0r 1  A0 09        	ldy     #$09
0002D2r 1  B1 rr        	lda     (sp),y
0002D4r 1  18           	clc
0002D5r 1  A0 0C        	ldy     #$0C
0002D7r 1  71 rr        	adc     (sp),y
0002D9r 1  90 01        	bcc     L0528
0002DBr 1  E8           	inx
0002DCr 1  C9 C9        L0528:	cmp     #$C9
0002DEr 1  8A           	txa
0002DFr 1  E9 00        	sbc     #$00
0002E1r 1  B0 0D        	bcs     L052A
0002E3r 1  A0 10        	ldy     #$10
0002E5r 1  B1 rr        	lda     (sp),y
0002E7r 1  C9 01        	cmp     #$01
0002E9r 1  D0 05        	bne     L052A
0002EBr 1  A9 00        	lda     #$00
0002EDr 1  4C rr rr     	jmp     L052C
0002F0r 1  A2 00        L052A:	ldx     #$00
0002F2r 1  8A           	txa
0002F3r 1  4C rr rr     	jmp     L03EE
0002F6r 1  A0 02        L052C:	ldy     #$02
0002F8r 1  91 rr        L0529:	sta     (sp),y
0002FAr 1  A2 00        	ldx     #$00
0002FCr 1  B1 rr        	lda     (sp),y
0002FEr 1  C9 04        	cmp     #$04
000300r 1  B0 23        	bcs     L052E
000302r 1  20 rr rr     	jsr     pusha0
000305r 1  A9 11        	lda     #$11
000307r 1  20 rr rr     	jsr     tosmula0
00030Ar 1  85 rr        	sta     ptr1
00030Cr 1  8A           	txa
00030Dr 1  18           	clc
00030Er 1  69 rr        	adc     #>(_windows)
000310r 1  85 rr        	sta     ptr1+1
000312r 1  A0 rr        	ldy     #<(_windows)
000314r 1  B1 rr        	lda     (ptr1),y
000316r 1  F0 0A        	beq     L03F5
000318r 1  A0 02        	ldy     #$02
00031Ar 1  18           	clc
00031Br 1  A9 01        	lda     #$01
00031Dr 1  71 rr        	adc     (sp),y
00031Fr 1  4C rr rr     	jmp     L0529
000322r 1  A0 02        L03F5:	ldy     #$02
000324r 1  AA           	tax
000325r 1  B1 rr        L052E:	lda     (sp),y
000327r 1  C9 04        	cmp     #$04
000329r 1  D0 04        	bne     L0530
00032Br 1  8A           	txa
00032Cr 1  4C rr rr     	jmp     L03EE
00032Fr 1  B1 rr        L0530:	lda     (sp),y
000331r 1  20 rr rr     	jsr     pusha0
000334r 1  A9 11        	lda     #$11
000336r 1  20 rr rr     	jsr     tosmula0
000339r 1  18           	clc
00033Ar 1  69 rr        	adc     #<(_windows)
00033Cr 1  A8           	tay
00033Dr 1  8A           	txa
00033Er 1  69 rr        	adc     #>(_windows)
000340r 1  AA           	tax
000341r 1  98           	tya
000342r 1  20 rr rr     	jsr     stax0sp
000345r 1  85 rr        	sta     ptr1
000347r 1  86 rr        	stx     ptr1+1
000349r 1  A9 01        	lda     #$01
00034Br 1  A0 00        	ldy     #$00
00034Dr 1  91 rr        	sta     (ptr1),y
00034Fr 1  C8           	iny
000350r 1  B1 rr        	lda     (sp),y
000352r 1  85 rr        	sta     ptr1+1
000354r 1  88           	dey
000355r 1  B1 rr        	lda     (sp),y
000357r 1  85 rr        	sta     ptr1
000359r 1  A0 11        	ldy     #$11
00035Br 1  B1 rr        	lda     (sp),y
00035Dr 1  A0 01        	ldy     #$01
00035Fr 1  91 rr        	sta     (ptr1),y
000361r 1  B1 rr        	lda     (sp),y
000363r 1  85 rr        	sta     ptr1+1
000365r 1  88           	dey
000366r 1  B1 rr        	lda     (sp),y
000368r 1  85 rr        	sta     ptr1
00036Ar 1  A0 10        	ldy     #$10
00036Cr 1  B1 rr        	lda     (sp),y
00036Er 1  A0 02        	ldy     #$02
000370r 1  91 rr        	sta     (ptr1),y
000372r 1  88           	dey
000373r 1  B1 rr        	lda     (sp),y
000375r 1  85 rr        	sta     ptr1+1
000377r 1  88           	dey
000378r 1  B1 rr        	lda     (sp),y
00037Ar 1  85 rr        	sta     ptr1
00037Cr 1  A0 0F        	ldy     #$0F
00037Er 1  B1 rr        	lda     (sp),y
000380r 1  29 0F        	and     #$0F
000382r 1  09 01        	ora     #$01
000384r 1  09 08        	ora     #$08
000386r 1  A0 03        	ldy     #$03
000388r 1  91 rr        	sta     (ptr1),y
00038Ar 1  A0 01        	ldy     #$01
00038Cr 1  B1 rr        	lda     (sp),y
00038Er 1  85 rr        	sta     ptr1+1
000390r 1  88           	dey
000391r 1  B1 rr        	lda     (sp),y
000393r 1  85 rr        	sta     ptr1
000395r 1  A0 0E        	ldy     #$0E
000397r 1  B1 rr        	lda     (sp),y
000399r 1  AA           	tax
00039Ar 1  88           	dey
00039Br 1  B1 rr        	lda     (sp),y
00039Dr 1  A0 04        	ldy     #$04
00039Fr 1  91 rr        	sta     (ptr1),y
0003A1r 1  C8           	iny
0003A2r 1  8A           	txa
0003A3r 1  91 rr        	sta     (ptr1),y
0003A5r 1  A0 01        	ldy     #$01
0003A7r 1  B1 rr        	lda     (sp),y
0003A9r 1  85 rr        	sta     ptr1+1
0003ABr 1  88           	dey
0003ACr 1  B1 rr        	lda     (sp),y
0003AEr 1  85 rr        	sta     ptr1
0003B0r 1  A0 0C        	ldy     #$0C
0003B2r 1  B1 rr        	lda     (sp),y
0003B4r 1  A0 06        	ldy     #$06
0003B6r 1  91 rr        	sta     (ptr1),y
0003B8r 1  A0 01        	ldy     #$01
0003BAr 1  B1 rr        	lda     (sp),y
0003BCr 1  85 rr        	sta     ptr1+1
0003BEr 1  88           	dey
0003BFr 1  B1 rr        	lda     (sp),y
0003C1r 1  85 rr        	sta     ptr1
0003C3r 1  A0 0B        	ldy     #$0B
0003C5r 1  B1 rr        	lda     (sp),y
0003C7r 1  AA           	tax
0003C8r 1  88           	dey
0003C9r 1  B1 rr        	lda     (sp),y
0003CBr 1  A0 07        	ldy     #$07
0003CDr 1  91 rr        	sta     (ptr1),y
0003CFr 1  C8           	iny
0003D0r 1  8A           	txa
0003D1r 1  91 rr        	sta     (ptr1),y
0003D3r 1  A0 01        	ldy     #$01
0003D5r 1  B1 rr        	lda     (sp),y
0003D7r 1  85 rr        	sta     ptr1+1
0003D9r 1  88           	dey
0003DAr 1  B1 rr        	lda     (sp),y
0003DCr 1  85 rr        	sta     ptr1
0003DEr 1  A0 09        	ldy     #$09
0003E0r 1  B1 rr        	lda     (sp),y
0003E2r 1  91 rr        	sta     (ptr1),y
0003E4r 1  A0 01        	ldy     #$01
0003E6r 1  B1 rr        	lda     (sp),y
0003E8r 1  85 rr        	sta     ptr1+1
0003EAr 1  88           	dey
0003EBr 1  B1 rr        	lda     (sp),y
0003EDr 1  85 rr        	sta     ptr1
0003EFr 1  AD rr rr     	lda     _active_count
0003F2r 1  18           	clc
0003F3r 1  69 01        	adc     #$01
0003F5r 1  A0 0A        	ldy     #$0A
0003F7r 1  91 rr        	sta     (ptr1),y
0003F9r 1  A0 01        	ldy     #$01
0003FBr 1  B1 rr        	lda     (sp),y
0003FDr 1  85 rr        	sta     ptr1+1
0003FFr 1  88           	dey
000400r 1  B1 rr        	lda     (sp),y
000402r 1  85 rr        	sta     ptr1
000404r 1  A0 08        	ldy     #$08
000406r 1  B1 rr        	lda     (sp),y
000408r 1  AA           	tax
000409r 1  88           	dey
00040Ar 1  B1 rr        	lda     (sp),y
00040Cr 1  A0 0B        	ldy     #$0B
00040Er 1  91 rr        	sta     (ptr1),y
000410r 1  C8           	iny
000411r 1  8A           	txa
000412r 1  91 rr        	sta     (ptr1),y
000414r 1  A0 01        	ldy     #$01
000416r 1  B1 rr        	lda     (sp),y
000418r 1  85 rr        	sta     ptr1+1
00041Ar 1  88           	dey
00041Br 1  B1 rr        	lda     (sp),y
00041Dr 1  85 rr        	sta     ptr1
00041Fr 1  A0 06        	ldy     #$06
000421r 1  B1 rr        	lda     (sp),y
000423r 1  AA           	tax
000424r 1  88           	dey
000425r 1  B1 rr        	lda     (sp),y
000427r 1  A0 0D        	ldy     #$0D
000429r 1  91 rr        	sta     (ptr1),y
00042Br 1  C8           	iny
00042Cr 1  8A           	txa
00042Dr 1  91 rr        	sta     (ptr1),y
00042Fr 1  A0 01        	ldy     #$01
000431r 1  B1 rr        	lda     (sp),y
000433r 1  85 rr        	sta     ptr1+1
000435r 1  88           	dey
000436r 1  B1 rr        	lda     (sp),y
000438r 1  85 rr        	sta     ptr1
00043Ar 1  A0 04        	ldy     #$04
00043Cr 1  B1 rr        	lda     (sp),y
00043Er 1  AA           	tax
00043Fr 1  88           	dey
000440r 1  B1 rr        	lda     (sp),y
000442r 1  A0 0F        	ldy     #$0F
000444r 1  91 rr        	sta     (ptr1),y
000446r 1  C8           	iny
000447r 1  8A           	txa
000448r 1  91 rr        	sta     (ptr1),y
00044Ar 1  EE rr rr     	inc     _active_count
00044Dr 1  A0 02        	ldy     #$02
00044Fr 1  B1 rr        	lda     (sp),y
000451r 1  18           	clc
000452r 1  69 01        	adc     #$01
000454r 1  8D rr rr     	sta     _focused_handle
000457r 1  A9 10        	lda     #$10
000459r 1  20 rr rr     	jsr     _increment_counter
00045Cr 1  20 rr rr     	jsr     _publish_state
00045Fr 1  A0 01        	ldy     #$01
000461r 1  B1 rr        	lda     (sp),y
000463r 1  AA           	tax
000464r 1  88           	dey
000465r 1  B1 rr        	lda     (sp),y
000467r 1  20 rr rr     	jsr     _damage_set
00046Ar 1  A9 00        	lda     #$00
00046Cr 1  20 rr rr     	jsr     _compose_damage
00046Fr 1  A2 00        	ldx     #$00
000471r 1  AD rr rr     	lda     _focused_handle
000474r 1  A0 12        L03EE:	ldy     #$12
000476r 1  4C rr rr     	jmp     addysp
000479r 1               
000479r 1               .endproc
000479r 1               
000479r 1               ; ---------------------------------------------------------------
000479r 1               ; unsigned char __near__ udeks_window_destroy (unsigned char)
000479r 1               ; ---------------------------------------------------------------
000479r 1               
000479r 1               .segment	"CODE"
000479r 1               
000479r 1               .proc	_udeks_window_destroy: near
000479r 1               
000479r 1               .segment	"CODE"
000479r 1               
000479r 1  20 rr rr     	jsr     pusha
00047Cr 1  20 rr rr     	jsr     decsp6
00047Fr 1  A0 06        	ldy     #$06
000481r 1  B1 rr        	lda     (sp),y
000483r 1  20 rr rr     	jsr     _window_by_handle
000486r 1  A0 04        	ldy     #$04
000488r 1  20 rr rr     	jsr     staxysp
00048Br 1  E0 00        	cpx     #$00
00048Dr 1  D0 09        	bne     L0432
00048Fr 1  C9 00        	cmp     #$00
000491r 1  D0 05        	bne     L0432
000493r 1  A9 01        	lda     #$01
000495r 1  4C rr rr     	jmp     incsp7
000498r 1  A0 05        L0432:	ldy     #$05
00049Ar 1  B1 rr        	lda     (sp),y
00049Cr 1  85 rr        	sta     ptr1+1
00049Er 1  88           	dey
00049Fr 1  B1 rr        	lda     (sp),y
0004A1r 1  85 rr        	sta     ptr1
0004A3r 1  A0 10        	ldy     #$10
0004A5r 1  B1 rr        	lda     (ptr1),y
0004A7r 1  AA           	tax
0004A8r 1  88           	dey
0004A9r 1  B1 rr        	lda     (ptr1),y
0004ABr 1  A0 02        	ldy     #$02
0004ADr 1  20 rr rr     	jsr     staxysp
0004B0r 1  A0 05        	ldy     #$05
0004B2r 1  B1 rr        	lda     (sp),y
0004B4r 1  85 rr        	sta     ptr1+1
0004B6r 1  88           	dey
0004B7r 1  B1 rr        	lda     (sp),y
0004B9r 1  85 rr        	sta     ptr1
0004BBr 1  A0 0A        	ldy     #$0A
0004BDr 1  B1 rr        	lda     (ptr1),y
0004BFr 1  A0 00        	ldy     #$00
0004C1r 1  91 rr        	sta     (sp),y
0004C3r 1  A0 05        	ldy     #$05
0004C5r 1  B1 rr        	lda     (sp),y
0004C7r 1  AA           	tax
0004C8r 1  88           	dey
0004C9r 1  B1 rr        	lda     (sp),y
0004CBr 1  20 rr rr     	jsr     _damage_set
0004CEr 1  A0 06        	ldy     #$06
0004D0r 1  B1 rr        	lda     (sp),y
0004D2r 1  CD rr rr     	cmp     _dragging_handle
0004D5r 1  D0 35        	bne     L043C
0004D7r 1  20 rr rr     	jsr     _udeks_vic_bitmap_reset_clip
0004DAr 1  20 rr rr     	jsr     decsp5
0004DDr 1  AD rr rr     	lda     _drag_x
0004E0r 1  A0 03        	ldy     #$03
0004E2r 1  91 rr        	sta     (sp),y
0004E4r 1  C8           	iny
0004E5r 1  AD rr rr     	lda     _drag_x+1
0004E8r 1  91 rr        	sta     (sp),y
0004EAr 1  AD rr rr     	lda     _drag_y
0004EDr 1  A0 02        	ldy     #$02
0004EFr 1  91 rr        	sta     (sp),y
0004F1r 1  AD rr rr     	lda     _drag_width
0004F4r 1  A0 00        	ldy     #$00
0004F6r 1  91 rr        	sta     (sp),y
0004F8r 1  C8           	iny
0004F9r 1  AD rr rr     	lda     _drag_width+1
0004FCr 1  91 rr        	sta     (sp),y
0004FEr 1  AD rr rr     	lda     _drag_height
000501r 1  20 rr rr     	jsr     _udeks_vic_bitmap_outline_toggle
000504r 1  A9 00        	lda     #$00
000506r 1  8D rr rr     	sta     _dragging_handle
000509r 1  8D rr rr     	sta     _drag_mode
00050Cr 1  A0 05        L043C:	ldy     #$05
00050Er 1  B1 rr        	lda     (sp),y
000510r 1  85 rr        	sta     ptr1+1
000512r 1  88           	dey
000513r 1  B1 rr        	lda     (sp),y
000515r 1  85 rr        	sta     ptr1
000517r 1  A9 00        	lda     #$00
000519r 1  A8           	tay
00051Ar 1  91 rr        	sta     (ptr1),y
00051Cr 1  CE rr rr     	dec     _active_count
00051Fr 1  C8           	iny
000520r 1  91 rr        L0532:	sta     (sp),y
000522r 1  C9 04        	cmp     #$04
000524r 1  B0 66        	bcs     L044C
000526r 1  B1 rr        	lda     (sp),y
000528r 1  20 rr rr     	jsr     pusha0
00052Br 1  A9 11        	lda     #$11
00052Dr 1  20 rr rr     	jsr     tosmula0
000530r 1  85 rr        	sta     ptr1
000532r 1  8A           	txa
000533r 1  18           	clc
000534r 1  69 rr        	adc     #>(_windows)
000536r 1  85 rr        	sta     ptr1+1
000538r 1  A0 rr        	ldy     #<(_windows)
00053Ar 1  B1 rr        	lda     (ptr1),y
00053Cr 1  F0 45        	beq     L044D
00053Er 1  A0 01        	ldy     #$01
000540r 1  B1 rr        	lda     (sp),y
000542r 1  20 rr rr     	jsr     pusha0
000545r 1  A9 11        	lda     #$11
000547r 1  20 rr rr     	jsr     tosmula0
00054Ar 1  18           	clc
00054Br 1  69 rr        	adc     #<(_windows)
00054Dr 1  85 rr        	sta     ptr1
00054Fr 1  8A           	txa
000550r 1  69 rr        	adc     #>(_windows)
000552r 1  85 rr        	sta     ptr1+1
000554r 1  A0 0A        	ldy     #$0A
000556r 1  B1 rr        	lda     (ptr1),y
000558r 1  38           	sec
000559r 1  A0 00        	ldy     #$00
00055Br 1  F1 rr        	sbc     (sp),y
00055Dr 1  85 rr        	sta     tmp1
00055Fr 1  A5 rr        	lda     tmp1
000561r 1  F0 20        	beq     L044D
000563r 1  90 1E        	bcc     L044D
000565r 1  C8           	iny
000566r 1  B1 rr        	lda     (sp),y
000568r 1  20 rr rr     	jsr     pusha0
00056Br 1  A9 11        	lda     #$11
00056Dr 1  20 rr rr     	jsr     tosmula0
000570r 1  18           	clc
000571r 1  69 rr        	adc     #<(_windows)
000573r 1  85 rr        	sta     ptr1
000575r 1  8A           	txa
000576r 1  69 rr        	adc     #>(_windows)
000578r 1  85 rr        	sta     ptr1+1
00057Ar 1  A0 0A        	ldy     #$0A
00057Cr 1  B1 rr        	lda     (ptr1),y
00057Er 1  38           	sec
00057Fr 1  E9 01        	sbc     #$01
000581r 1  91 rr        	sta     (ptr1),y
000583r 1  A0 01        L044D:	ldy     #$01
000585r 1  18           	clc
000586r 1  98           	tya
000587r 1  71 rr        	adc     (sp),y
000589r 1  4C rr rr     	jmp     L0532
00058Cr 1  20 rr rr     L044C:	jsr     _top_window
00058Fr 1  8D rr rr     	sta     _focused_handle
000592r 1  A9 00        	lda     #$00
000594r 1  20 rr rr     	jsr     _compose_damage
000597r 1  A9 12        	lda     #$12
000599r 1  20 rr rr     	jsr     _increment_counter
00059Cr 1  20 rr rr     	jsr     _publish_state
00059Fr 1  A0 02        	ldy     #$02
0005A1r 1  B1 rr        	lda     (sp),y
0005A3r 1  C8           	iny
0005A4r 1  11 rr        	ora     (sp),y
0005A6r 1  F0 22        	beq     L0462
0005A8r 1  B1 rr        	lda     (sp),y
0005AAr 1  AA           	tax
0005ABr 1  88           	dey
0005ACr 1  B1 rr        	lda     (sp),y
0005AEr 1  20 rr rr     	jsr     pushax
0005B1r 1  A0 08        	ldy     #$08
0005B3r 1  B1 rr        	lda     (sp),y
0005B5r 1  48           	pha
0005B6r 1  A0 00        	ldy     #$00
0005B8r 1  B1 rr        	lda     (sp),y
0005BAr 1  8D rr rr     	sta     jmpvec+1
0005BDr 1  C8           	iny
0005BEr 1  B1 rr        	lda     (sp),y
0005C0r 1  8D rr rr     	sta     jmpvec+2
0005C3r 1  68           	pla
0005C4r 1  20 rr rr     	jsr     jmpvec
0005C7r 1  20 rr rr     	jsr     incsp2
0005CAr 1  A2 00        L0462:	ldx     #$00
0005CCr 1  8A           	txa
0005CDr 1  4C rr rr     	jmp     incsp7
0005D0r 1               
0005D0r 1               .endproc
0005D0r 1               
0005D0r 1               ; ---------------------------------------------------------------
0005D0r 1               ; unsigned char __near__ udeks_window_repaint (unsigned char)
0005D0r 1               ; ---------------------------------------------------------------
0005D0r 1               
0005D0r 1               .segment	"CODE"
0005D0r 1               
0005D0r 1               .proc	_udeks_window_repaint: near
0005D0r 1               
0005D0r 1               .segment	"CODE"
0005D0r 1               
0005D0r 1  20 rr rr     	jsr     pusha
0005D3r 1  20 rr rr     	jsr     decsp2
0005D6r 1  A0 02        	ldy     #$02
0005D8r 1  B1 rr        	lda     (sp),y
0005DAr 1  20 rr rr     	jsr     _window_by_handle
0005DDr 1  20 rr rr     	jsr     stax0sp
0005E0r 1  E0 00        	cpx     #$00
0005E2r 1  D0 09        	bne     L046C
0005E4r 1  C9 00        	cmp     #$00
0005E6r 1  D0 05        	bne     L046C
0005E8r 1  A9 01        	lda     #$01
0005EAr 1  4C rr rr     	jmp     incsp3
0005EDr 1  AD rr rr     L046C:	lda     _dragging_handle
0005F0r 1  D0 10        	bne     L0537
0005F2r 1  A0 01        	ldy     #$01
0005F4r 1  B1 rr        	lda     (sp),y
0005F6r 1  AA           	tax
0005F7r 1  88           	dey
0005F8r 1  B1 rr        	lda     (sp),y
0005FAr 1  20 rr rr     	jsr     _damage_set
0005FDr 1  A9 00        	lda     #$00
0005FFr 1  20 rr rr     	jsr     _compose_damage
000602r 1  A2 00        L0537:	ldx     #$00
000604r 1  8A           	txa
000605r 1  4C rr rr     	jmp     incsp3
000608r 1               
000608r 1               .endproc
000608r 1               
000608r 1               ; ---------------------------------------------------------------
000608r 1               ; unsigned char __near__ udeks_window_begin_paint (unsigned char)
000608r 1               ; ---------------------------------------------------------------
000608r 1               
000608r 1               .segment	"CODE"
000608r 1               
000608r 1               .proc	_udeks_window_begin_paint: near
000608r 1               
000608r 1               .segment	"CODE"
000608r 1               
000608r 1  20 rr rr     	jsr     pusha
00060Br 1  20 rr rr     	jsr     decsp2
00060Er 1  A0 02        	ldy     #$02
000610r 1  B1 rr        	lda     (sp),y
000612r 1  20 rr rr     	jsr     _window_by_handle
000615r 1  20 rr rr     	jsr     stax0sp
000618r 1  E0 00        	cpx     #$00
00061Ar 1  D0 04        	bne     L053D
00061Cr 1  C9 00        	cmp     #$00
00061Er 1  F0 1B        	beq     L053E
000620r 1  AD rr rr     L053D:	lda     _dragging_handle
000623r 1  D0 14        	bne     L053B
000625r 1  A0 01        	ldy     #$01
000627r 1  B1 rr        	lda     (sp),y
000629r 1  85 rr        	sta     ptr1+1
00062Br 1  88           	dey
00062Cr 1  B1 rr        	lda     (sp),y
00062Er 1  85 rr        	sta     ptr1
000630r 1  A0 0A        	ldy     #$0A
000632r 1  B1 rr        	lda     (ptr1),y
000634r 1  CD rr rr     	cmp     _active_count
000637r 1  F0 07        	beq     L01E4
000639r 1  A2 00        L053B:	ldx     #$00
00063Br 1  A9 01        L053E:	lda     #$01
00063Dr 1  4C rr rr     	jmp     incsp3
000640r 1  A0 01        L01E4:	ldy     #$01
000642r 1  B1 rr        	lda     (sp),y
000644r 1  85 rr        	sta     ptr1+1
000646r 1  88           	dey
000647r 1  B1 rr        	lda     (sp),y
000649r 1  85 rr        	sta     ptr1
00064Br 1  A0 03        	ldy     #$03
00064Dr 1  B1 rr        	lda     (ptr1),y
00064Fr 1  29 7F        	and     #$7F
000651r 1  91 rr        	sta     (ptr1),y
000653r 1  20 rr rr     	jsr     decsp6
000656r 1  A0 07        	ldy     #$07
000658r 1  B1 rr        	lda     (sp),y
00065Ar 1  85 rr        	sta     ptr1+1
00065Cr 1  88           	dey
00065Dr 1  B1 rr        	lda     (sp),y
00065Fr 1  85 rr        	sta     ptr1
000661r 1  88           	dey
000662r 1  B1 rr        	lda     (ptr1),y
000664r 1  AA           	tax
000665r 1  88           	dey
000666r 1  B1 rr        	lda     (ptr1),y
000668r 1  18           	clc
000669r 1  69 03        	adc     #$03
00066Br 1  90 01        	bcc     L053C
00066Dr 1  E8           	inx
00066Er 1  91 rr        L053C:	sta     (sp),y
000670r 1  C8           	iny
000671r 1  8A           	txa
000672r 1  91 rr        	sta     (sp),y
000674r 1  A0 07        	ldy     #$07
000676r 1  B1 rr        	lda     (sp),y
000678r 1  85 rr        	sta     ptr1+1
00067Ar 1  88           	dey
00067Br 1  B1 rr        	lda     (sp),y
00067Dr 1  85 rr        	sta     ptr1
00067Fr 1  A2 00        	ldx     #$00
000681r 1  B1 rr        	lda     (ptr1),y
000683r 1  18           	clc
000684r 1  69 0D        	adc     #$0D
000686r 1  90 02        	bcc     L0539
000688r 1  E8           	inx
000689r 1  18           	clc
00068Ar 1  69 01        L0539:	adc     #$01
00068Cr 1  90 01        	bcc     L01F0
00068Er 1  E8           	inx
00068Fr 1  A0 02        L01F0:	ldy     #$02
000691r 1  91 rr        	sta     (sp),y
000693r 1  C8           	iny
000694r 1  8A           	txa
000695r 1  91 rr        	sta     (sp),y
000697r 1  A0 07        	ldy     #$07
000699r 1  B1 rr        	lda     (sp),y
00069Br 1  85 rr        	sta     ptr1+1
00069Dr 1  88           	dey
00069Er 1  B1 rr        	lda     (sp),y
0006A0r 1  85 rr        	sta     ptr1
0006A2r 1  A0 08        	ldy     #$08
0006A4r 1  B1 rr        	lda     (ptr1),y
0006A6r 1  AA           	tax
0006A7r 1  88           	dey
0006A8r 1  B1 rr        	lda     (ptr1),y
0006AAr 1  38           	sec
0006ABr 1  E9 06        	sbc     #$06
0006ADr 1  B0 01        	bcs     L01F2
0006AFr 1  CA           	dex
0006B0r 1  A0 00        L01F2:	ldy     #$00
0006B2r 1  91 rr        	sta     (sp),y
0006B4r 1  C8           	iny
0006B5r 1  8A           	txa
0006B6r 1  91 rr        	sta     (sp),y
0006B8r 1  A0 07        	ldy     #$07
0006BAr 1  B1 rr        	lda     (sp),y
0006BCr 1  85 rr        	sta     ptr1+1
0006BEr 1  88           	dey
0006BFr 1  B1 rr        	lda     (sp),y
0006C1r 1  85 rr        	sta     ptr1
0006C3r 1  A0 09        	ldy     #$09
0006C5r 1  A2 00        	ldx     #$00
0006C7r 1  B1 rr        	lda     (ptr1),y
0006C9r 1  38           	sec
0006CAr 1  E9 0D        	sbc     #$0D
0006CCr 1  B0 02        	bcs     L053A
0006CEr 1  CA           	dex
0006CFr 1  38           	sec
0006D0r 1  E9 04        L053A:	sbc     #$04
0006D2r 1  B0 01        	bcs     L01F5
0006D4r 1  CA           	dex
0006D5r 1  20 rr rr     L01F5:	jsr     _udeks_vic_bitmap_set_clip
0006D8r 1  A2 00        	ldx     #$00
0006DAr 1  8A           	txa
0006DBr 1  4C rr rr     	jmp     incsp3
0006DEr 1               
0006DEr 1               .endproc
0006DEr 1               
0006DEr 1               ; ---------------------------------------------------------------
0006DEr 1               ; void __near__ udeks_window_end_paint (void)
0006DEr 1               ; ---------------------------------------------------------------
0006DEr 1               
0006DEr 1               .segment	"CODE"
0006DEr 1               
0006DEr 1               .proc	_udeks_window_end_paint: near
0006DEr 1               
0006DEr 1               .segment	"CODE"
0006DEr 1               
0006DEr 1  20 rr rr     	jsr     _udeks_vic_bitmap_reset_clip
0006E1r 1  4C rr rr     	jmp     _udeks_vic_bitmap_commit
0006E4r 1               
0006E4r 1               .endproc
0006E4r 1               
0006E4r 1               ; ---------------------------------------------------------------
0006E4r 1               ; unsigned char __near__ __fastcall__ udeks_window_image_complete (unsigned char)
0006E4r 1               ; ---------------------------------------------------------------
0006E4r 1               
0006E4r 1               .segment	"CODE"
0006E4r 1               
0006E4r 1               .proc	_udeks_window_image_complete: near
0006E4r 1               
0006E4r 1               .segment	"CODE"
0006E4r 1               
0006E4r 1  20 rr rr     	jsr     pusha
0006E7r 1  20 rr rr     	jsr     decsp2
0006EAr 1  A0 02        	ldy     #$02
0006ECr 1  B1 rr        	lda     (sp),y
0006EEr 1  20 rr rr     	jsr     _window_by_handle
0006F1r 1  20 rr rr     	jsr     stax0sp
0006F4r 1  E0 00        	cpx     #$00
0006F6r 1  D0 04        	bne     L0541
0006F8r 1  C9 00        	cmp     #$00
0006FAr 1  F0 41        	beq     L0542
0006FCr 1  AD rr rr     L0541:	lda     _dragging_handle
0006FFr 1  D0 3A        	bne     L0540
000701r 1  A0 01        	ldy     #$01
000703r 1  B1 rr        	lda     (sp),y
000705r 1  85 rr        	sta     ptr1+1
000707r 1  88           	dey
000708r 1  B1 rr        	lda     (sp),y
00070Ar 1  85 rr        	sta     ptr1
00070Cr 1  A0 0A        	ldy     #$0A
00070Er 1  B1 rr        	lda     (ptr1),y
000710r 1  CD rr rr     	cmp     _active_count
000713r 1  D0 26        	bne     L0540
000715r 1  A0 01        	ldy     #$01
000717r 1  B1 rr        	lda     (sp),y
000719r 1  85 rr        	sta     ptr1+1
00071Br 1  88           	dey
00071Cr 1  B1 rr        	lda     (sp),y
00071Er 1  85 rr        	sta     ptr1
000720r 1  A0 03        	ldy     #$03
000722r 1  B1 rr        	lda     (ptr1),y
000724r 1  29 01        	and     #$01
000726r 1  F0 13        	beq     L0540
000728r 1  A0 01        	ldy     #$01
00072Ar 1  B1 rr        	lda     (sp),y
00072Cr 1  85 rr        	sta     ptr1+1
00072Er 1  88           	dey
00072Fr 1  B1 rr        	lda     (sp),y
000731r 1  85 rr        	sta     ptr1
000733r 1  A0 02        	ldy     #$02
000735r 1  B1 rr        	lda     (ptr1),y
000737r 1  C9 01        	cmp     #$01
000739r 1  F0 07        	beq     L01FE
00073Br 1  A2 00        L0540:	ldx     #$00
00073Dr 1  A9 01        L0542:	lda     #$01
00073Fr 1  4C rr rr     	jmp     incsp3
000742r 1  88           L01FE:	dey
000743r 1  B1 rr        	lda     (sp),y
000745r 1  85 rr        	sta     ptr1+1
000747r 1  88           	dey
000748r 1  B1 rr        	lda     (sp),y
00074Ar 1  85 rr        	sta     ptr1
00074Cr 1  A0 03        	ldy     #$03
00074Er 1  B1 rr        	lda     (ptr1),y
000750r 1  09 80        	ora     #$80
000752r 1  91 rr        	sta     (ptr1),y
000754r 1  A2 00        	ldx     #$00
000756r 1  8A           	txa
000757r 1  4C rr rr     	jmp     incsp3
00075Ar 1               
00075Ar 1               .endproc
00075Ar 1               
00075Ar 1               ; ---------------------------------------------------------------
00075Ar 1               ; unsigned char __near__ udeks_window_get_geometry (unsigned char, __near__ unsigned int *, __near__ unsigned char *, __near__ unsigned int *, __near__ unsigned char *)
00075Ar 1               ; ---------------------------------------------------------------
00075Ar 1               
00075Ar 1               .segment	"CODE"
00075Ar 1               
00075Ar 1               .proc	_udeks_window_get_geometry: near
00075Ar 1               
00075Ar 1               .segment	"CODE"
00075Ar 1               
00075Ar 1  20 rr rr     	jsr     pushax
00075Dr 1  20 rr rr     	jsr     decsp2
000760r 1  A0 0A        	ldy     #$0A
000762r 1  B1 rr        	lda     (sp),y
000764r 1  20 rr rr     	jsr     _window_by_handle
000767r 1  20 rr rr     	jsr     stax0sp
00076Ar 1  E0 00        	cpx     #$00
00076Cr 1  D0 09        	bne     L047C
00076Er 1  C9 00        	cmp     #$00
000770r 1  D0 05        	bne     L047C
000772r 1  A9 01        	lda     #$01
000774r 1  4C rr rr     	jmp     L0478
000777r 1  A0 09        L047C:	ldy     #$09
000779r 1  B1 rr        	lda     (sp),y
00077Br 1  85 rr        	sta     sreg+1
00077Dr 1  88           	dey
00077Er 1  B1 rr        	lda     (sp),y
000780r 1  85 rr        	sta     sreg
000782r 1  A0 0A        	ldy     #$0A
000784r 1  B1 rr        	lda     (sp),y
000786r 1  CD rr rr     	cmp     _dragging_handle
000789r 1  D0 09        	bne     L0482
00078Br 1  AD rr rr     	lda     _drag_x
00078Er 1  AE rr rr     	ldx     _drag_x+1
000791r 1  4C rr rr     	jmp     L0484
000794r 1  A0 01        L0482:	ldy     #$01
000796r 1  B1 rr        	lda     (sp),y
000798r 1  85 rr        	sta     ptr1+1
00079Ar 1  88           	dey
00079Br 1  B1 rr        	lda     (sp),y
00079Dr 1  85 rr        	sta     ptr1
00079Fr 1  A0 05        	ldy     #$05
0007A1r 1  B1 rr        	lda     (ptr1),y
0007A3r 1  AA           	tax
0007A4r 1  88           	dey
0007A5r 1  B1 rr        	lda     (ptr1),y
0007A7r 1  A0 00        L0484:	ldy     #$00
0007A9r 1  91 rr        	sta     (sreg),y
0007ABr 1  C8           	iny
0007ACr 1  8A           	txa
0007ADr 1  91 rr        	sta     (sreg),y
0007AFr 1  A0 07        	ldy     #$07
0007B1r 1  B1 rr        	lda     (sp),y
0007B3r 1  85 rr        	sta     sreg+1
0007B5r 1  88           	dey
0007B6r 1  B1 rr        	lda     (sp),y
0007B8r 1  85 rr        	sta     sreg
0007BAr 1  A0 0A        	ldy     #$0A
0007BCr 1  B1 rr        	lda     (sp),y
0007BEr 1  CD rr rr     	cmp     _dragging_handle
0007C1r 1  D0 06        	bne     L0488
0007C3r 1  AD rr rr     	lda     _drag_y
0007C6r 1  4C rr rr     	jmp     L054A
0007C9r 1  A0 01        L0488:	ldy     #$01
0007CBr 1  B1 rr        	lda     (sp),y
0007CDr 1  85 rr        	sta     ptr1+1
0007CFr 1  88           	dey
0007D0r 1  B1 rr        	lda     (sp),y
0007D2r 1  85 rr        	sta     ptr1
0007D4r 1  A0 06        	ldy     #$06
0007D6r 1  B1 rr        	lda     (ptr1),y
0007D8r 1  A0 00        L054A:	ldy     #$00
0007DAr 1  91 rr        	sta     (sreg),y
0007DCr 1  A0 05        	ldy     #$05
0007DEr 1  B1 rr        	lda     (sp),y
0007E0r 1  85 rr        	sta     sreg+1
0007E2r 1  88           	dey
0007E3r 1  B1 rr        	lda     (sp),y
0007E5r 1  85 rr        	sta     sreg
0007E7r 1  A0 0A        	ldy     #$0A
0007E9r 1  B1 rr        	lda     (sp),y
0007EBr 1  CD rr rr     	cmp     _dragging_handle
0007EEr 1  D0 09        	bne     L048E
0007F0r 1  AD rr rr     	lda     _drag_width
0007F3r 1  AE rr rr     	ldx     _drag_width+1
0007F6r 1  4C rr rr     	jmp     L0490
0007F9r 1  A0 01        L048E:	ldy     #$01
0007FBr 1  B1 rr        	lda     (sp),y
0007FDr 1  85 rr        	sta     ptr1+1
0007FFr 1  88           	dey
000800r 1  B1 rr        	lda     (sp),y
000802r 1  85 rr        	sta     ptr1
000804r 1  A0 08        	ldy     #$08
000806r 1  B1 rr        	lda     (ptr1),y
000808r 1  AA           	tax
000809r 1  88           	dey
00080Ar 1  B1 rr        	lda     (ptr1),y
00080Cr 1  A0 00        L0490:	ldy     #$00
00080Er 1  91 rr        	sta     (sreg),y
000810r 1  C8           	iny
000811r 1  8A           	txa
000812r 1  91 rr        	sta     (sreg),y
000814r 1  A0 03        	ldy     #$03
000816r 1  B1 rr        	lda     (sp),y
000818r 1  85 rr        	sta     sreg+1
00081Ar 1  88           	dey
00081Br 1  B1 rr        	lda     (sp),y
00081Dr 1  85 rr        	sta     sreg
00081Fr 1  A0 0A        	ldy     #$0A
000821r 1  B1 rr        	lda     (sp),y
000823r 1  CD rr rr     	cmp     _dragging_handle
000826r 1  D0 06        	bne     L0494
000828r 1  AD rr rr     	lda     _drag_height
00082Br 1  4C rr rr     	jmp     L054C
00082Er 1  A0 01        L0494:	ldy     #$01
000830r 1  B1 rr        	lda     (sp),y
000832r 1  85 rr        	sta     ptr1+1
000834r 1  88           	dey
000835r 1  B1 rr        	lda     (sp),y
000837r 1  85 rr        	sta     ptr1
000839r 1  A0 09        	ldy     #$09
00083Br 1  B1 rr        	lda     (ptr1),y
00083Dr 1  A0 00        L054C:	ldy     #$00
00083Fr 1  91 rr        	sta     (sreg),y
000841r 1  A2 00        	ldx     #$00
000843r 1  8A           	txa
000844r 1  A0 0B        L0478:	ldy     #$0B
000846r 1  4C rr rr     	jmp     addysp
000849r 1               
000849r 1               .endproc
000849r 1               
000849r 1               ; ---------------------------------------------------------------
000849r 1               ; unsigned char __near__ udeks_window_is_dragging (unsigned char)
000849r 1               ; ---------------------------------------------------------------
000849r 1               
000849r 1               .segment	"CODE"
000849r 1               
000849r 1               .proc	_udeks_window_is_dragging: near
000849r 1               
000849r 1               .segment	"CODE"
000849r 1               
000849r 1  20 rr rr     	jsr     pusha
00084Cr 1  A2 00        	ldx     #$00
00084Er 1  A1 rr        	lda     (sp,x)
000850r 1  F0 0E        	beq     L0552
000852r 1  CD rr rr     	cmp     _dragging_handle
000855r 1  F0 04        	beq     L0550
000857r 1  8A           	txa
000858r 1  4C rr rr     	jmp     incsp1
00085Br 1  A9 01        L0550:	lda     #$01
00085Dr 1  4C rr rr     	jmp     incsp1
000860r 1  4C rr rr     L0552:	jmp     incsp1
000863r 1               
000863r 1               .endproc
000863r 1               
000863r 1               ; ---------------------------------------------------------------
000863r 1               ; unsigned char __near__ udeks_window_is_focused (unsigned char)
000863r 1               ; ---------------------------------------------------------------
000863r 1               
000863r 1               .segment	"CODE"
000863r 1               
000863r 1               .proc	_udeks_window_is_focused: near
000863r 1               
000863r 1               .segment	"CODE"
000863r 1               
000863r 1  20 rr rr     	jsr     pusha
000866r 1  A2 00        	ldx     #$00
000868r 1  A1 rr        	lda     (sp,x)
00086Ar 1  F0 0E        	beq     L0558
00086Cr 1  CD rr rr     	cmp     _focused_handle
00086Fr 1  F0 04        	beq     L0556
000871r 1  8A           	txa
000872r 1  4C rr rr     	jmp     incsp1
000875r 1  A9 01        L0556:	lda     #$01
000877r 1  4C rr rr     	jmp     incsp1
00087Ar 1  4C rr rr     L0558:	jmp     incsp1
00087Dr 1               
00087Dr 1               .endproc
00087Dr 1               
00087Dr 1               ; ---------------------------------------------------------------
00087Dr 1               ; void __near__ increment_counter (unsigned char)
00087Dr 1               ; ---------------------------------------------------------------
00087Dr 1               
00087Dr 1               .segment	"CODE"
00087Dr 1               
00087Dr 1               .proc	_increment_counter: near
00087Dr 1               
00087Dr 1               .segment	"CODE"
00087Dr 1               
00087Dr 1  20 rr rr     	jsr     pusha
000880r 1  A0 00        	ldy     #$00
000882r 1  B1 rr        	lda     (sp),y
000884r 1  18           	clc
000885r 1  69 40        	adc     #$40
000887r 1  85 rr        	sta     ptr1
000889r 1  98           	tya
00088Ar 1  69 F2        	adc     #$F2
00088Cr 1  85 rr        	sta     ptr1+1
00088Er 1  A9 01        	lda     #$01
000890r 1  18           	clc
000891r 1  71 rr        	adc     (ptr1),y
000893r 1  91 rr        	sta     (ptr1),y
000895r 1  B1 rr        	lda     (sp),y
000897r 1  18           	clc
000898r 1  69 40        	adc     #$40
00089Ar 1  85 rr        	sta     ptr1
00089Cr 1  98           	tya
00089Dr 1  69 F2        	adc     #$F2
00089Fr 1  85 rr        	sta     ptr1+1
0008A1r 1  B1 rr        	lda     (ptr1),y
0008A3r 1  D0 1A        	bne     L008D
0008A5r 1  AA           	tax
0008A6r 1  B1 rr        	lda     (sp),y
0008A8r 1  18           	clc
0008A9r 1  69 01        	adc     #$01
0008ABr 1  90 02        	bcc     L0559
0008ADr 1  E8           	inx
0008AEr 1  18           	clc
0008AFr 1  69 40        L0559:	adc     #$40
0008B1r 1  85 rr        	sta     ptr1
0008B3r 1  8A           	txa
0008B4r 1  69 F2        	adc     #$F2
0008B6r 1  85 rr        	sta     ptr1+1
0008B8r 1  A9 01        	lda     #$01
0008BAr 1  18           	clc
0008BBr 1  71 rr        	adc     (ptr1),y
0008BDr 1  91 rr        	sta     (ptr1),y
0008BFr 1  4C rr rr     L008D:	jmp     incsp1
0008C2r 1               
0008C2r 1               .endproc
0008C2r 1               
0008C2r 1               ; ---------------------------------------------------------------
0008C2r 1               ; __near__ struct udeks_window * __near__ window_by_handle (unsigned char)
0008C2r 1               ; ---------------------------------------------------------------
0008C2r 1               
0008C2r 1               .segment	"CODE"
0008C2r 1               
0008C2r 1               .proc	_window_by_handle: near
0008C2r 1               
0008C2r 1               .segment	"CODE"
0008C2r 1               
0008C2r 1  20 rr rr     	jsr     pusha
0008C5r 1  A0 00        	ldy     #$00
0008C7r 1  B1 rr        	lda     (sp),y
0008C9r 1  F0 24        	beq     L055A
0008CBr 1  C9 05        	cmp     #$05
0008CDr 1  B0 20        	bcs     L055A
0008CFr 1  A2 00        	ldx     #$00
0008D1r 1  B1 rr        	lda     (sp),y
0008D3r 1  38           	sec
0008D4r 1  E9 01        	sbc     #$01
0008D6r 1  B0 01        	bcs     L009B
0008D8r 1  CA           	dex
0008D9r 1  20 rr rr     L009B:	jsr     pushax
0008DCr 1  A9 11        	lda     #$11
0008DEr 1  20 rr rr     	jsr     tosmula0
0008E1r 1  85 rr        	sta     ptr1
0008E3r 1  8A           	txa
0008E4r 1  18           	clc
0008E5r 1  69 rr        	adc     #>(_windows)
0008E7r 1  85 rr        	sta     ptr1+1
0008E9r 1  A0 rr        	ldy     #<(_windows)
0008EBr 1  B1 rr        	lda     (ptr1),y
0008EDr 1  D0 06        	bne     L0098
0008EFr 1  A2 00        L055A:	ldx     #$00
0008F1r 1  8A           	txa
0008F2r 1  4C rr rr     	jmp     incsp1
0008F5r 1  A2 00        L0098:	ldx     #$00
0008F7r 1  A1 rr        	lda     (sp,x)
0008F9r 1  38           	sec
0008FAr 1  E9 01        	sbc     #$01
0008FCr 1  B0 01        	bcs     L00A0
0008FEr 1  CA           	dex
0008FFr 1  20 rr rr     L00A0:	jsr     pushax
000902r 1  A9 11        	lda     #$11
000904r 1  20 rr rr     	jsr     tosmula0
000907r 1  18           	clc
000908r 1  69 rr        	adc     #<(_windows)
00090Ar 1  A8           	tay
00090Br 1  8A           	txa
00090Cr 1  69 rr        	adc     #>(_windows)
00090Er 1  AA           	tax
00090Fr 1  98           	tya
000910r 1  4C rr rr     	jmp     incsp1
000913r 1               
000913r 1               .endproc
000913r 1               
000913r 1               ; ---------------------------------------------------------------
000913r 1               ; void __near__ publish_state (void)
000913r 1               ; ---------------------------------------------------------------
000913r 1               
000913r 1               .segment	"CODE"
000913r 1               
000913r 1               .proc	_publish_state: near
000913r 1               
000913r 1               .segment	"CODE"
000913r 1               
000913r 1  20 rr rr     	jsr     decsp2
000916r 1  AD rr rr     	lda     _active_count
000919r 1  8D 46 F2     	sta     $F246
00091Cr 1  AD rr rr     	lda     _focused_handle
00091Fr 1  8D 47 F2     	sta     $F247
000922r 1  AD rr rr     	lda     _dragging_handle
000925r 1  8D 48 F2     	sta     $F248
000928r 1  A9 04        	lda     #$04
00092Ar 1  8D 4E F2     	sta     $F24E
00092Dr 1  A9 3F        	lda     #$3F
00092Fr 1  8D 4F F2     	sta     $F24F
000932r 1  AD rr rr     	lda     _dragging_handle
000935r 1  D0 0C        	bne     L00BB
000937r 1  8D 49 F2     	sta     $F249
00093Ar 1  8D 4A F2     	sta     $F24A
00093Dr 1  8D 4B F2     	sta     $F24B
000940r 1  4C rr rr     	jmp     L055E
000943r 1  AD rr rr     L00BB:	lda     _dragging_handle
000946r 1  20 rr rr     	jsr     _window_by_handle
000949r 1  20 rr rr     	jsr     stax0sp
00094Cr 1  E0 00        	cpx     #$00
00094Er 1  D0 04        	bne     L055C
000950r 1  C9 00        	cmp     #$00
000952r 1  F0 1E        	beq     L00A1
000954r 1  AD rr rr     L055C:	lda     _drag_x
000957r 1  8D 49 F2     	sta     $F249
00095Ar 1  AD rr rr     	lda     _drag_x+1
00095Dr 1  8D 4A F2     	sta     $F24A
000960r 1  AD rr rr     	lda     _drag_y
000963r 1  8D 4B F2     	sta     $F24B
000966r 1  AD rr rr     	lda     _drag_width
000969r 1  8D 4C F2     L055E:	sta     $F24C
00096Cr 1  AD rr rr     	lda     _previous_buttons
00096Fr 1  8D 4D F2     	sta     $F24D
000972r 1  4C rr rr     L00A1:	jmp     incsp2
000975r 1               
000975r 1               .endproc
000975r 1               
000975r 1               ; ---------------------------------------------------------------
000975r 1               ; unsigned char __near__ point_inside (unsigned int, unsigned char, __near__ const struct udeks_window *)
000975r 1               ; ---------------------------------------------------------------
000975r 1               
000975r 1               .segment	"CODE"
000975r 1               
000975r 1               .proc	_point_inside: near
000975r 1               
000975r 1               .segment	"CODE"
000975r 1               
000975r 1  20 rr rr     	jsr     pushax
000978r 1  A0 06        	ldy     #$06
00097Ar 1  20 rr rr     	jsr     pushwysp
00097Dr 1  A0 03        	ldy     #$03
00097Fr 1  B1 rr        	lda     (sp),y
000981r 1  85 rr        	sta     ptr1+1
000983r 1  88           	dey
000984r 1  B1 rr        	lda     (sp),y
000986r 1  85 rr        	sta     ptr1
000988r 1  A0 05        	ldy     #$05
00098Ar 1  B1 rr        	lda     (ptr1),y
00098Cr 1  AA           	tax
00098Dr 1  88           	dey
00098Er 1  B1 rr        	lda     (ptr1),y
000990r 1  20 rr rr     	jsr     tosicmp
000993r 1  B0 03 4C rr  	jcc     L00F8
000997r 1  rr           
000998r 1  A0 06        	ldy     #$06
00099Ar 1  20 rr rr     	jsr     pushwysp
00099Dr 1  A0 03        	ldy     #$03
00099Fr 1  B1 rr        	lda     (sp),y
0009A1r 1  85 rr        	sta     ptr1+1
0009A3r 1  88           	dey
0009A4r 1  B1 rr        	lda     (sp),y
0009A6r 1  85 rr        	sta     ptr1
0009A8r 1  A0 05        	ldy     #$05
0009AAr 1  B1 rr        	lda     (ptr1),y
0009ACr 1  AA           	tax
0009ADr 1  88           	dey
0009AEr 1  B1 rr        	lda     (ptr1),y
0009B0r 1  20 rr rr     	jsr     pushax
0009B3r 1  A0 05        	ldy     #$05
0009B5r 1  B1 rr        	lda     (sp),y
0009B7r 1  85 rr        	sta     ptr1+1
0009B9r 1  88           	dey
0009BAr 1  B1 rr        	lda     (sp),y
0009BCr 1  85 rr        	sta     ptr1
0009BEr 1  A0 08        	ldy     #$08
0009C0r 1  B1 rr        	lda     (ptr1),y
0009C2r 1  AA           	tax
0009C3r 1  88           	dey
0009C4r 1  B1 rr        	lda     (ptr1),y
0009C6r 1  20 rr rr     	jsr     tosaddax
0009C9r 1  20 rr rr     	jsr     tosicmp
0009CCr 1  B0 4B        	bcs     L00F8
0009CEr 1  A0 02        	ldy     #$02
0009D0r 1  B1 rr        	lda     (sp),y
0009D2r 1  20 rr rr     	jsr     pusha0
0009D5r 1  A0 03        	ldy     #$03
0009D7r 1  B1 rr        	lda     (sp),y
0009D9r 1  85 rr        	sta     ptr1+1
0009DBr 1  88           	dey
0009DCr 1  B1 rr        	lda     (sp),y
0009DEr 1  85 rr        	sta     ptr1
0009E0r 1  A0 06        	ldy     #$06
0009E2r 1  B1 rr        	lda     (ptr1),y
0009E4r 1  20 rr rr     	jsr     tosicmp0
0009E7r 1  90 30        	bcc     L00F8
0009E9r 1  A0 02        	ldy     #$02
0009EBr 1  B1 rr        	lda     (sp),y
0009EDr 1  20 rr rr     	jsr     pusha0
0009F0r 1  A0 03        	ldy     #$03
0009F2r 1  B1 rr        	lda     (sp),y
0009F4r 1  85 rr        	sta     ptr1+1
0009F6r 1  88           	dey
0009F7r 1  B1 rr        	lda     (sp),y
0009F9r 1  85 rr        	sta     ptr1
0009FBr 1  A0 06        	ldy     #$06
0009FDr 1  B1 rr        	lda     (ptr1),y
0009FFr 1  20 rr rr     	jsr     pusha0
000A02r 1  A0 05        	ldy     #$05
000A04r 1  B1 rr        	lda     (sp),y
000A06r 1  85 rr        	sta     ptr1+1
000A08r 1  88           	dey
000A09r 1  B1 rr        	lda     (sp),y
000A0Br 1  85 rr        	sta     ptr1
000A0Dr 1  A0 09        	ldy     #$09
000A0Fr 1  B1 rr        	lda     (ptr1),y
000A11r 1  20 rr rr     	jsr     tosadda0
000A14r 1  20 rr rr     	jsr     tosicmp0
000A17r 1  90 06        	bcc     L00F7
000A19r 1  A2 00        L00F8:	ldx     #$00
000A1Br 1  8A           	txa
000A1Cr 1  4C rr rr     	jmp     incsp5
000A1Fr 1  A9 01        L00F7:	lda     #$01
000A21r 1  A2 00        	ldx     #$00
000A23r 1  4C rr rr     	jmp     incsp5
000A26r 1               
000A26r 1               .endproc
000A26r 1               
000A26r 1               ; ---------------------------------------------------------------
000A26r 1               ; void __near__ damage_set (__near__ const struct udeks_window *)
000A26r 1               ; ---------------------------------------------------------------
000A26r 1               
000A26r 1               .segment	"CODE"
000A26r 1               
000A26r 1               .proc	_damage_set: near
000A26r 1               
000A26r 1               .segment	"CODE"
000A26r 1               
000A26r 1  20 rr rr     	jsr     pushax
000A29r 1  A0 01        	ldy     #$01
000A2Br 1  B1 rr        	lda     (sp),y
000A2Dr 1  85 rr        	sta     ptr1+1
000A2Fr 1  88           	dey
000A30r 1  B1 rr        	lda     (sp),y
000A32r 1  85 rr        	sta     ptr1
000A34r 1  A0 05        	ldy     #$05
000A36r 1  B1 rr        	lda     (ptr1),y
000A38r 1  8D rr rr     	sta     _damage_left+1
000A3Br 1  88           	dey
000A3Cr 1  B1 rr        	lda     (ptr1),y
000A3Er 1  8D rr rr     	sta     _damage_left
000A41r 1  A0 01        	ldy     #$01
000A43r 1  B1 rr        	lda     (sp),y
000A45r 1  85 rr        	sta     ptr1+1
000A47r 1  88           	dey
000A48r 1  B1 rr        	lda     (sp),y
000A4Ar 1  85 rr        	sta     ptr1
000A4Cr 1  A0 06        	ldy     #$06
000A4Er 1  B1 rr        	lda     (ptr1),y
000A50r 1  8D rr rr     	sta     _damage_top
000A53r 1  A0 01        	ldy     #$01
000A55r 1  B1 rr        	lda     (sp),y
000A57r 1  85 rr        	sta     ptr1+1
000A59r 1  88           	dey
000A5Ar 1  B1 rr        	lda     (sp),y
000A5Cr 1  85 rr        	sta     ptr1
000A5Er 1  A0 05        	ldy     #$05
000A60r 1  B1 rr        	lda     (ptr1),y
000A62r 1  AA           	tax
000A63r 1  88           	dey
000A64r 1  B1 rr        	lda     (ptr1),y
000A66r 1  20 rr rr     	jsr     pushax
000A69r 1  A0 03        	ldy     #$03
000A6Br 1  B1 rr        	lda     (sp),y
000A6Dr 1  85 rr        	sta     ptr1+1
000A6Fr 1  88           	dey
000A70r 1  B1 rr        	lda     (sp),y
000A72r 1  85 rr        	sta     ptr1
000A74r 1  A0 08        	ldy     #$08
000A76r 1  B1 rr        	lda     (ptr1),y
000A78r 1  AA           	tax
000A79r 1  88           	dey
000A7Ar 1  B1 rr        	lda     (ptr1),y
000A7Cr 1  20 rr rr     	jsr     tosaddax
000A7Fr 1  8D rr rr     	sta     _damage_right
000A82r 1  8E rr rr     	stx     _damage_right+1
000A85r 1  A0 01        	ldy     #$01
000A87r 1  B1 rr        	lda     (sp),y
000A89r 1  85 rr        	sta     ptr1+1
000A8Br 1  88           	dey
000A8Cr 1  B1 rr        	lda     (sp),y
000A8Er 1  85 rr        	sta     ptr1
000A90r 1  A0 06        	ldy     #$06
000A92r 1  B1 rr        	lda     (ptr1),y
000A94r 1  20 rr rr     	jsr     pusha0
000A97r 1  A0 03        	ldy     #$03
000A99r 1  B1 rr        	lda     (sp),y
000A9Br 1  85 rr        	sta     ptr1+1
000A9Dr 1  88           	dey
000A9Er 1  B1 rr        	lda     (sp),y
000AA0r 1  85 rr        	sta     ptr1
000AA2r 1  A0 09        	ldy     #$09
000AA4r 1  B1 rr        	lda     (ptr1),y
000AA6r 1  20 rr rr     	jsr     tosadda0
000AA9r 1  8D rr rr     	sta     _damage_bottom
000AACr 1  4C rr rr     	jmp     incsp2
000AAFr 1               
000AAFr 1               .endproc
000AAFr 1               
000AAFr 1               ; ---------------------------------------------------------------
000AAFr 1               ; void __near__ damage_add (__near__ const struct udeks_window *)
000AAFr 1               ; ---------------------------------------------------------------
000AAFr 1               
000AAFr 1               .segment	"CODE"
000AAFr 1               
000AAFr 1               .proc	_damage_add: near
000AAFr 1               
000AAFr 1               .segment	"CODE"
000AAFr 1               
000AAFr 1  20 rr rr     	jsr     pushax
000AB2r 1  20 rr rr     	jsr     decsp3
000AB5r 1  A0 04        	ldy     #$04
000AB7r 1  B1 rr        	lda     (sp),y
000AB9r 1  85 rr        	sta     ptr1+1
000ABBr 1  88           	dey
000ABCr 1  B1 rr        	lda     (sp),y
000ABEr 1  85 rr        	sta     ptr1
000AC0r 1  A0 05        	ldy     #$05
000AC2r 1  B1 rr        	lda     (ptr1),y
000AC4r 1  AA           	tax
000AC5r 1  88           	dey
000AC6r 1  B1 rr        	lda     (ptr1),y
000AC8r 1  20 rr rr     	jsr     pushax
000ACBr 1  A0 06        	ldy     #$06
000ACDr 1  B1 rr        	lda     (sp),y
000ACFr 1  85 rr        	sta     ptr1+1
000AD1r 1  88           	dey
000AD2r 1  B1 rr        	lda     (sp),y
000AD4r 1  85 rr        	sta     ptr1
000AD6r 1  A0 08        	ldy     #$08
000AD8r 1  B1 rr        	lda     (ptr1),y
000ADAr 1  AA           	tax
000ADBr 1  88           	dey
000ADCr 1  B1 rr        	lda     (ptr1),y
000ADEr 1  20 rr rr     	jsr     tosaddax
000AE1r 1  A0 01        	ldy     #$01
000AE3r 1  20 rr rr     	jsr     staxysp
000AE6r 1  A0 04        	ldy     #$04
000AE8r 1  B1 rr        	lda     (sp),y
000AEAr 1  85 rr        	sta     ptr1+1
000AECr 1  88           	dey
000AEDr 1  B1 rr        	lda     (sp),y
000AEFr 1  85 rr        	sta     ptr1
000AF1r 1  A0 06        	ldy     #$06
000AF3r 1  B1 rr        	lda     (ptr1),y
000AF5r 1  20 rr rr     	jsr     pusha0
000AF8r 1  A0 06        	ldy     #$06
000AFAr 1  B1 rr        	lda     (sp),y
000AFCr 1  85 rr        	sta     ptr1+1
000AFEr 1  88           	dey
000AFFr 1  B1 rr        	lda     (sp),y
000B01r 1  85 rr        	sta     ptr1
000B03r 1  A0 09        	ldy     #$09
000B05r 1  B1 rr        	lda     (ptr1),y
000B07r 1  20 rr rr     	jsr     tosadda0
000B0Ar 1  A0 00        	ldy     #$00
000B0Cr 1  91 rr        	sta     (sp),y
000B0Er 1  A0 04        	ldy     #$04
000B10r 1  B1 rr        	lda     (sp),y
000B12r 1  85 rr        	sta     ptr1+1
000B14r 1  88           	dey
000B15r 1  B1 rr        	lda     (sp),y
000B17r 1  85 rr        	sta     ptr1
000B19r 1  A0 05        	ldy     #$05
000B1Br 1  B1 rr        	lda     (ptr1),y
000B1Dr 1  AA           	tax
000B1Er 1  88           	dey
000B1Fr 1  B1 rr        	lda     (ptr1),y
000B21r 1  CD rr rr     	cmp     _damage_left
000B24r 1  8A           	txa
000B25r 1  ED rr rr     	sbc     _damage_left+1
000B28r 1  B0 16        	bcs     L0560
000B2Ar 1  B1 rr        	lda     (sp),y
000B2Cr 1  85 rr        	sta     ptr1+1
000B2Er 1  88           	dey
000B2Fr 1  B1 rr        	lda     (sp),y
000B31r 1  85 rr        	sta     ptr1
000B33r 1  A0 05        	ldy     #$05
000B35r 1  B1 rr        	lda     (ptr1),y
000B37r 1  8D rr rr     	sta     _damage_left+1
000B3Ar 1  88           	dey
000B3Br 1  B1 rr        	lda     (ptr1),y
000B3Dr 1  8D rr rr     	sta     _damage_left
000B40r 1  B1 rr        L0560:	lda     (sp),y
000B42r 1  85 rr        	sta     ptr1+1
000B44r 1  88           	dey
000B45r 1  B1 rr        	lda     (sp),y
000B47r 1  85 rr        	sta     ptr1
000B49r 1  A0 06        	ldy     #$06
000B4Br 1  B1 rr        	lda     (ptr1),y
000B4Dr 1  CD rr rr     	cmp     _damage_top
000B50r 1  B0 12        	bcs     L010F
000B52r 1  A0 04        	ldy     #$04
000B54r 1  B1 rr        	lda     (sp),y
000B56r 1  85 rr        	sta     ptr1+1
000B58r 1  88           	dey
000B59r 1  B1 rr        	lda     (sp),y
000B5Br 1  85 rr        	sta     ptr1
000B5Dr 1  A0 06        	ldy     #$06
000B5Fr 1  B1 rr        	lda     (ptr1),y
000B61r 1  8D rr rr     	sta     _damage_top
000B64r 1  A0 02        L010F:	ldy     #$02
000B66r 1  B1 rr        	lda     (sp),y
000B68r 1  AA           	tax
000B69r 1  88           	dey
000B6Ar 1  B1 rr        	lda     (sp),y
000B6Cr 1  38           	sec
000B6Dr 1  ED rr rr     	sbc     _damage_right
000B70r 1  85 rr        	sta     tmp1
000B72r 1  8A           	txa
000B73r 1  ED rr rr     	sbc     _damage_right+1
000B76r 1  05 rr        	ora     tmp1
000B78r 1  90 0E        	bcc     L0113
000B7Ar 1  F0 0C        	beq     L0113
000B7Cr 1  C8           	iny
000B7Dr 1  B1 rr        	lda     (sp),y
000B7Fr 1  8D rr rr     	sta     _damage_right+1
000B82r 1  88           	dey
000B83r 1  B1 rr        	lda     (sp),y
000B85r 1  8D rr rr     	sta     _damage_right
000B88r 1  88           L0113:	dey
000B89r 1  B1 rr        	lda     (sp),y
000B8Br 1  38           	sec
000B8Cr 1  ED rr rr     	sbc     _damage_bottom
000B8Fr 1  90 07        	bcc     L0117
000B91r 1  F0 05        	beq     L0117
000B93r 1  B1 rr        	lda     (sp),y
000B95r 1  8D rr rr     	sta     _damage_bottom
000B98r 1  4C rr rr     L0117:	jmp     incsp5
000B9Br 1               
000B9Br 1               .endproc
000B9Br 1               
000B9Br 1               ; ---------------------------------------------------------------
000B9Br 1               ; unsigned char __near__ set_damage_intersection (unsigned int, unsigned char, unsigned int, unsigned char)
000B9Br 1               ; ---------------------------------------------------------------
000B9Br 1               
000B9Br 1               .segment	"CODE"
000B9Br 1               
000B9Br 1               .proc	_set_damage_intersection: near
000B9Br 1               
000B9Br 1               .segment	"CODE"
000B9Br 1               
000B9Br 1  20 rr rr     	jsr     pusha
000B9Er 1  20 rr rr     	jsr     decsp6
000BA1r 1  A0 0B        	ldy     #$0B
000BA3r 1  B1 rr        	lda     (sp),y
000BA5r 1  AA           	tax
000BA6r 1  88           	dey
000BA7r 1  B1 rr        	lda     (sp),y
000BA9r 1  38           	sec
000BAAr 1  ED rr rr     	sbc     _damage_left
000BADr 1  85 rr        	sta     tmp1
000BAFr 1  8A           	txa
000BB0r 1  ED rr rr     	sbc     _damage_left+1
000BB3r 1  05 rr        	ora     tmp1
000BB5r 1  90 0C        	bcc     L011E
000BB7r 1  F0 0A        	beq     L011E
000BB9r 1  C8           	iny
000BBAr 1  B1 rr        	lda     (sp),y
000BBCr 1  AA           	tax
000BBDr 1  88           	dey
000BBEr 1  B1 rr        	lda     (sp),y
000BC0r 1  4C rr rr     	jmp     L0120
000BC3r 1  AD rr rr     L011E:	lda     _damage_left
000BC6r 1  AE rr rr     	ldx     _damage_left+1
000BC9r 1  A0 04        L0120:	ldy     #$04
000BCBr 1  20 rr rr     	jsr     staxysp
000BCEr 1  A0 09        	ldy     #$09
000BD0r 1  B1 rr        	lda     (sp),y
000BD2r 1  38           	sec
000BD3r 1  ED rr rr     	sbc     _damage_top
000BD6r 1  90 07        	bcc     L0565
000BD8r 1  F0 05        	beq     L0565
000BDAr 1  B1 rr        	lda     (sp),y
000BDCr 1  4C rr rr     	jmp     L0567
000BDFr 1  AD rr rr     L0565:	lda     _damage_top
000BE2r 1  A0 03        L0567:	ldy     #$03
000BE4r 1  91 rr        	sta     (sp),y
000BE6r 1  A0 0A        	ldy     #$0A
000BE8r 1  B1 rr        	lda     (sp),y
000BEAr 1  A0 07        	ldy     #$07
000BECr 1  18           	clc
000BEDr 1  71 rr        	adc     (sp),y
000BEFr 1  48           	pha
000BF0r 1  A0 0B        	ldy     #$0B
000BF2r 1  B1 rr        	lda     (sp),y
000BF4r 1  A0 08        	ldy     #$08
000BF6r 1  71 rr        	adc     (sp),y
000BF8r 1  AA           	tax
000BF9r 1  68           	pla
000BFAr 1  CD rr rr     	cmp     _damage_right
000BFDr 1  8A           	txa
000BFEr 1  ED rr rr     	sbc     _damage_right+1
000C01r 1  B0 17        	bcs     L012A
000C03r 1  A0 0A        	ldy     #$0A
000C05r 1  B1 rr        	lda     (sp),y
000C07r 1  A0 07        	ldy     #$07
000C09r 1  18           	clc
000C0Ar 1  71 rr        	adc     (sp),y
000C0Cr 1  48           	pha
000C0Dr 1  A0 0B        	ldy     #$0B
000C0Fr 1  B1 rr        	lda     (sp),y
000C11r 1  A0 08        	ldy     #$08
000C13r 1  71 rr        	adc     (sp),y
000C15r 1  AA           	tax
000C16r 1  68           	pla
000C17r 1  4C rr rr     	jmp     L012C
000C1Ar 1  AD rr rr     L012A:	lda     _damage_right
000C1Dr 1  AE rr rr     	ldx     _damage_right+1
000C20r 1  A0 01        L012C:	ldy     #$01
000C22r 1  20 rr rr     	jsr     staxysp
000C25r 1  A0 06        	ldy     #$06
000C27r 1  B1 rr        	lda     (sp),y
000C29r 1  18           	clc
000C2Ar 1  A0 09        	ldy     #$09
000C2Cr 1  71 rr        	adc     (sp),y
000C2Er 1  CD rr rr     	cmp     _damage_bottom
000C31r 1  B0 0C        	bcs     L0568
000C33r 1  A0 06        	ldy     #$06
000C35r 1  B1 rr        	lda     (sp),y
000C37r 1  18           	clc
000C38r 1  A0 09        	ldy     #$09
000C3Ar 1  71 rr        	adc     (sp),y
000C3Cr 1  4C rr rr     	jmp     L056A
000C3Fr 1  AD rr rr     L0568:	lda     _damage_bottom
000C42r 1  A0 00        L056A:	ldy     #$00
000C44r 1  91 rr        	sta     (sp),y
000C46r 1  A0 05        	ldy     #$05
000C48r 1  B1 rr        	lda     (sp),y
000C4Ar 1  AA           	tax
000C4Br 1  88           	dey
000C4Cr 1  B1 rr        	lda     (sp),y
000C4Er 1  A0 01        	ldy     #$01
000C50r 1  D1 rr        	cmp     (sp),y
000C52r 1  8A           	txa
000C53r 1  C8           	iny
000C54r 1  F1 rr        	sbc     (sp),y
000C56r 1  B0 09        	bcs     L056B
000C58r 1  C8           	iny
000C59r 1  B1 rr        	lda     (sp),y
000C5Br 1  A0 00        	ldy     #$00
000C5Dr 1  D1 rr        	cmp     (sp),y
000C5Fr 1  90 06        	bcc     L0136
000C61r 1  A2 00        L056B:	ldx     #$00
000C63r 1  8A           	txa
000C64r 1  4C rr rr     	jmp     L011B
000C67r 1  20 rr rr     L0136:	jsr     decsp6
000C6Ar 1  A0 0B        	ldy     #$0B
000C6Cr 1  B1 rr        	lda     (sp),y
000C6Er 1  AA           	tax
000C6Fr 1  88           	dey
000C70r 1  B1 rr        	lda     (sp),y
000C72r 1  A0 04        	ldy     #$04
000C74r 1  91 rr        	sta     (sp),y
000C76r 1  C8           	iny
000C77r 1  8A           	txa
000C78r 1  91 rr        	sta     (sp),y
000C7Ar 1  A0 09        	ldy     #$09
000C7Cr 1  B1 rr        	lda     (sp),y
000C7Er 1  A0 02        	ldy     #$02
000C80r 1  91 rr        	sta     (sp),y
000C82r 1  C8           	iny
000C83r 1  A9 00        	lda     #$00
000C85r 1  91 rr        	sta     (sp),y
000C87r 1  A0 08        	ldy     #$08
000C89r 1  B1 rr        	lda     (sp),y
000C8Br 1  AA           	tax
000C8Cr 1  88           	dey
000C8Dr 1  B1 rr        	lda     (sp),y
000C8Fr 1  38           	sec
000C90r 1  A0 0A        	ldy     #$0A
000C92r 1  F1 rr        	sbc     (sp),y
000C94r 1  48           	pha
000C95r 1  8A           	txa
000C96r 1  C8           	iny
000C97r 1  F1 rr        	sbc     (sp),y
000C99r 1  AA           	tax
000C9Ar 1  68           	pla
000C9Br 1  A0 00        	ldy     #$00
000C9Dr 1  91 rr        	sta     (sp),y
000C9Fr 1  C8           	iny
000CA0r 1  8A           	txa
000CA1r 1  91 rr        	sta     (sp),y
000CA3r 1  A0 06        	ldy     #$06
000CA5r 1  B1 rr        	lda     (sp),y
000CA7r 1  38           	sec
000CA8r 1  A0 09        	ldy     #$09
000CAAr 1  F1 rr        	sbc     (sp),y
000CACr 1  A2 00        	ldx     #$00
000CAEr 1  20 rr rr     	jsr     _udeks_vic_bitmap_set_clip
000CB1r 1  A2 00        	ldx     #$00
000CB3r 1  A9 01        	lda     #$01
000CB5r 1  A0 0C        L011B:	ldy     #$0C
000CB7r 1  4C rr rr     	jmp     addysp
000CBAr 1               
000CBAr 1               .endproc
000CBAr 1               
000CBAr 1               ; ---------------------------------------------------------------
000CBAr 1               ; void __near__ draw_glyph (int, int, __near__ const unsigned char *)
000CBAr 1               ; ---------------------------------------------------------------
000CBAr 1               
000CBAr 1               .segment	"CODE"
000CBAr 1               
000CBAr 1               .proc	_draw_glyph: near
000CBAr 1               
000CBAr 1               .segment	"CODE"
000CBAr 1               
000CBAr 1  20 rr rr     	jsr     pushax
000CBDr 1  20 rr rr     	jsr     decsp2
000CC0r 1  A9 00        	lda     #$00
000CC2r 1  A0 01        	ldy     #$01
000CC4r 1  91 rr        L056E:	sta     (sp),y
000CC6r 1  C9 05        	cmp     #$05
000CC8r 1  B0 7B        	bcs     L0142
000CCAr 1  A9 00        	lda     #$00
000CCCr 1  88           	dey
000CCDr 1  91 rr        L056D:	sta     (sp),y
000CCFr 1  C9 03        	cmp     #$03
000CD1r 1  B0 6A        	bcs     L0143
000CD3r 1  A0 03        	ldy     #$03
000CD5r 1  B1 rr        	lda     (sp),y
000CD7r 1  85 rr        	sta     ptr1+1
000CD9r 1  88           	dey
000CDAr 1  B1 rr        	lda     (sp),y
000CDCr 1  85 rr        	sta     ptr1
000CDEr 1  88           	dey
000CDFr 1  B1 rr        	lda     (sp),y
000CE1r 1  A8           	tay
000CE2r 1  B1 rr        	lda     (ptr1),y
000CE4r 1  85 rr        	sta     ptr1
000CE6r 1  A0 00        	ldy     #$00
000CE8r 1  B1 rr        	lda     (sp),y
000CEAr 1  A8           	tay
000CEBr 1  A9 04        	lda     #$04
000CEDr 1  4A           L056C:	lsr     a
000CEEr 1  88           	dey
000CEFr 1  10 FC        	bpl     L056C
000CF1r 1  2A           	rol     a
000CF2r 1  A2 00        	ldx     #$00
000CF4r 1  25 rr        	and     ptr1
000CF6r 1  48           	pha
000CF7r 1  68           	pla
000CF8r 1  F0 39        	beq     L014B
000CFAr 1  20 rr rr     	jsr     decsp4
000CFDr 1  A0 04        	ldy     #$04
000CFFr 1  B1 rr        	lda     (sp),y
000D01r 1  18           	clc
000D02r 1  A0 0A        	ldy     #$0A
000D04r 1  71 rr        	adc     (sp),y
000D06r 1  48           	pha
000D07r 1  8A           	txa
000D08r 1  C8           	iny
000D09r 1  71 rr        	adc     (sp),y
000D0Br 1  AA           	tax
000D0Cr 1  68           	pla
000D0Dr 1  A0 02        	ldy     #$02
000D0Fr 1  91 rr        	sta     (sp),y
000D11r 1  C8           	iny
000D12r 1  8A           	txa
000D13r 1  91 rr        	sta     (sp),y
000D15r 1  A0 05        	ldy     #$05
000D17r 1  B1 rr        	lda     (sp),y
000D19r 1  18           	clc
000D1Ar 1  A0 08        	ldy     #$08
000D1Cr 1  71 rr        	adc     (sp),y
000D1Er 1  48           	pha
000D1Fr 1  A9 00        	lda     #$00
000D21r 1  C8           	iny
000D22r 1  71 rr        	adc     (sp),y
000D24r 1  AA           	tax
000D25r 1  68           	pla
000D26r 1  A0 00        	ldy     #$00
000D28r 1  91 rr        	sta     (sp),y
000D2Ar 1  C8           	iny
000D2Br 1  8A           	txa
000D2Cr 1  91 rr        	sta     (sp),y
000D2Er 1  A9 00        	lda     #$00
000D30r 1  20 rr rr     	jsr     _udeks_vic_bitmap_pixel
000D33r 1  A0 00        L014B:	ldy     #$00
000D35r 1  18           	clc
000D36r 1  A9 01        	lda     #$01
000D38r 1  71 rr        	adc     (sp),y
000D3Ar 1  4C rr rr     	jmp     L056D
000D3Dr 1  C8           L0143:	iny
000D3Er 1  18           	clc
000D3Fr 1  98           	tya
000D40r 1  71 rr        	adc     (sp),y
000D42r 1  4C rr rr     	jmp     L056E
000D45r 1  4C rr rr     L0142:	jmp     incsp8
000D48r 1               
000D48r 1               .endproc
000D48r 1               
000D48r 1               ; ---------------------------------------------------------------
000D48r 1               ; void __near__ draw_title (__near__ const struct udeks_window *)
000D48r 1               ; ---------------------------------------------------------------
000D48r 1               
000D48r 1               .segment	"CODE"
000D48r 1               
000D48r 1               .proc	_draw_title: near
000D48r 1               
000D48r 1               .segment	"CODE"
000D48r 1               
000D48r 1  20 rr rr     	jsr     pushax
000D4Br 1  20 rr rr     	jsr     decsp7
000D4Er 1  A0 08        	ldy     #$08
000D50r 1  B1 rr        	lda     (sp),y
000D52r 1  85 rr        	sta     ptr1+1
000D54r 1  88           	dey
000D55r 1  B1 rr        	lda     (sp),y
000D57r 1  85 rr        	sta     ptr1
000D59r 1  A0 0C        	ldy     #$0C
000D5Br 1  B1 rr        	lda     (ptr1),y
000D5Dr 1  AA           	tax
000D5Er 1  88           	dey
000D5Fr 1  B1 rr        	lda     (ptr1),y
000D61r 1  A0 05        	ldy     #$05
000D63r 1  20 rr rr     	jsr     staxysp
000D66r 1  A0 08        	ldy     #$08
000D68r 1  B1 rr        	lda     (sp),y
000D6Ar 1  85 rr        	sta     ptr1+1
000D6Cr 1  88           	dey
000D6Dr 1  B1 rr        	lda     (sp),y
000D6Fr 1  85 rr        	sta     ptr1
000D71r 1  A0 05        	ldy     #$05
000D73r 1  B1 rr        	lda     (ptr1),y
000D75r 1  AA           	tax
000D76r 1  88           	dey
000D77r 1  B1 rr        	lda     (ptr1),y
000D79r 1  18           	clc
000D7Ar 1  69 04        	adc     #$04
000D7Cr 1  90 01        	bcc     L0160
000D7Er 1  E8           	inx
000D7Fr 1  A0 02        L0160:	ldy     #$02
000D81r 1  20 rr rr     	jsr     staxysp
000D84r 1  A0 08        	ldy     #$08
000D86r 1  B1 rr        	lda     (sp),y
000D88r 1  85 rr        	sta     ptr1+1
000D8Ar 1  88           	dey
000D8Br 1  B1 rr        	lda     (sp),y
000D8Dr 1  85 rr        	sta     ptr1
000D8Fr 1  A0 05        	ldy     #$05
000D91r 1  B1 rr        	lda     (ptr1),y
000D93r 1  AA           	tax
000D94r 1  88           	dey
000D95r 1  B1 rr        	lda     (ptr1),y
000D97r 1  20 rr rr     	jsr     pushax
000D9Ar 1  A0 0A        	ldy     #$0A
000D9Cr 1  B1 rr        	lda     (sp),y
000D9Er 1  85 rr        	sta     ptr1+1
000DA0r 1  88           	dey
000DA1r 1  B1 rr        	lda     (sp),y
000DA3r 1  85 rr        	sta     ptr1
000DA5r 1  88           	dey
000DA6r 1  B1 rr        	lda     (ptr1),y
000DA8r 1  AA           	tax
000DA9r 1  88           	dey
000DAAr 1  B1 rr        	lda     (ptr1),y
000DACr 1  20 rr rr     	jsr     tosaddax
000DAFr 1  38           	sec
000DB0r 1  E9 0E        	sbc     #$0E
000DB2r 1  B0 01        	bcs     L0164
000DB4r 1  CA           	dex
000DB5r 1  20 rr rr     L0164:	jsr     stax0sp
000DB8r 1  4C rr rr     	jmp     L0167
000DBBr 1  A0 06        L0165:	ldy     #$06
000DBDr 1  B1 rr        	lda     (sp),y
000DBFr 1  AA           	tax
000DC0r 1  88           	dey
000DC1r 1  B1 rr        	lda     (sp),y
000DC3r 1  85 rr        	sta     regsave
000DC5r 1  86 rr        	stx     regsave+1
000DC7r 1  18           	clc
000DC8r 1  69 01        	adc     #$01
000DCAr 1  90 01        	bcc     L016F
000DCCr 1  E8           	inx
000DCDr 1  20 rr rr     L016F:	jsr     staxysp
000DD0r 1  A0 00        	ldy     #$00
000DD2r 1  B1 rr        	lda     (regsave),y
000DD4r 1  A0 04        	ldy     #$04
000DD6r 1  91 rr        	sta     (sp),y
000DD8r 1  C9 61        	cmp     #$61
000DDAr 1  90 0B        	bcc     L0574
000DDCr 1  B1 rr        	lda     (sp),y
000DDEr 1  C9 7B        	cmp     #$7B
000DE0r 1  B0 05        	bcs     L0574
000DE2r 1  38           	sec
000DE3r 1  E9 20        	sbc     #$20
000DE5r 1  91 rr        	sta     (sp),y
000DE7r 1  B1 rr        L0574:	lda     (sp),y
000DE9r 1  C9 41        	cmp     #$41
000DEBr 1  90 51        	bcc     L0179
000DEDr 1  C9 5B        	cmp     #$5B
000DEFr 1  B0 4D        	bcs     L0179
000DF1r 1  20 rr rr     	jsr     decsp4
000DF4r 1  A0 07        	ldy     #$07
000DF6r 1  B1 rr        	lda     (sp),y
000DF8r 1  AA           	tax
000DF9r 1  88           	dey
000DFAr 1  B1 rr        	lda     (sp),y
000DFCr 1  A0 02        	ldy     #$02
000DFEr 1  91 rr        	sta     (sp),y
000E00r 1  C8           	iny
000E01r 1  8A           	txa
000E02r 1  91 rr        	sta     (sp),y
000E04r 1  A0 0C        	ldy     #$0C
000E06r 1  B1 rr        	lda     (sp),y
000E08r 1  85 rr        	sta     ptr1+1
000E0Ar 1  88           	dey
000E0Br 1  B1 rr        	lda     (sp),y
000E0Dr 1  85 rr        	sta     ptr1
000E0Fr 1  A0 06        	ldy     #$06
000E11r 1  A2 00        	ldx     #$00
000E13r 1  B1 rr        	lda     (ptr1),y
000E15r 1  18           	clc
000E16r 1  69 04        	adc     #$04
000E18r 1  90 01        	bcc     L0180
000E1Ar 1  E8           	inx
000E1Br 1  A0 00        L0180:	ldy     #$00
000E1Dr 1  91 rr        	sta     (sp),y
000E1Fr 1  C8           	iny
000E20r 1  8A           	txa
000E21r 1  91 rr        	sta     (sp),y
000E23r 1  A0 08        	ldy     #$08
000E25r 1  A2 00        	ldx     #$00
000E27r 1  B1 rr        	lda     (sp),y
000E29r 1  38           	sec
000E2Ar 1  E9 41        	sbc     #$41
000E2Cr 1  B0 01        	bcs     L0183
000E2Er 1  CA           	dex
000E2Fr 1  20 rr rr     L0183:	jsr     mulax5
000E32r 1  18           	clc
000E33r 1  69 rr        	adc     #<(_title_glyphs)
000E35r 1  A8           	tay
000E36r 1  8A           	txa
000E37r 1  69 rr        	adc     #>(_title_glyphs)
000E39r 1  AA           	tax
000E3Ar 1  98           	tya
000E3Br 1  20 rr rr     	jsr     _draw_glyph
000E3Er 1  A0 02        L0179:	ldy     #$02
000E40r 1  A2 00        	ldx     #$00
000E42r 1  A9 04        	lda     #$04
000E44r 1  20 rr rr     	jsr     addeqysp
000E47r 1  A0 05        L0167:	ldy     #$05
000E49r 1  B1 rr        	lda     (sp),y
000E4Br 1  C8           	iny
000E4Cr 1  11 rr        	ora     (sp),y
000E4Er 1  F0 35        	beq     L056F
000E50r 1  B1 rr        	lda     (sp),y
000E52r 1  85 rr        	sta     ptr1+1
000E54r 1  88           	dey
000E55r 1  B1 rr        	lda     (sp),y
000E57r 1  85 rr        	sta     ptr1
000E59r 1  A0 00        	ldy     #$00
000E5Br 1  B1 rr        	lda     (ptr1),y
000E5Dr 1  F0 26        	beq     L056F
000E5Fr 1  A0 03        	ldy     #$03
000E61r 1  B1 rr        	lda     (sp),y
000E63r 1  AA           	tax
000E64r 1  88           	dey
000E65r 1  B1 rr        	lda     (sp),y
000E67r 1  18           	clc
000E68r 1  69 03        	adc     #$03
000E6Ar 1  90 01        	bcc     L016B
000E6Cr 1  E8           	inx
000E6Dr 1  20 rr rr     L016B:	jsr     pushax
000E70r 1  A0 03        	ldy     #$03
000E72r 1  B1 rr        	lda     (sp),y
000E74r 1  AA           	tax
000E75r 1  88           	dey
000E76r 1  B1 rr        	lda     (sp),y
000E78r 1  20 rr rr     	jsr     tosicmp
000E7Br 1  10 03 4C rr  	jmi     L0165
000E7Fr 1  rr           
000E80r 1  D0 03 4C rr  	jeq     L0165
000E84r 1  rr           
000E85r 1  A0 09        L056F:	ldy     #$09
000E87r 1  4C rr rr     	jmp     addysp
000E8Ar 1               
000E8Ar 1               .endproc
000E8Ar 1               
000E8Ar 1               ; ---------------------------------------------------------------
000E8Ar 1               ; void __near__ draw_chrome (__near__ const struct udeks_window *)
000E8Ar 1               ; ---------------------------------------------------------------
000E8Ar 1               
000E8Ar 1               .segment	"CODE"
000E8Ar 1               
000E8Ar 1               .proc	_draw_chrome: near
000E8Ar 1               
000E8Ar 1               .segment	"CODE"
000E8Ar 1               
000E8Ar 1  20 rr rr     	jsr     pushax
000E8Dr 1  A0 0E        	ldy     #$0E
000E8Fr 1  20 rr rr     	jsr     subysp
000E92r 1  A0 0F        	ldy     #$0F
000E94r 1  B1 rr        	lda     (sp),y
000E96r 1  85 rr        	sta     ptr1+1
000E98r 1  88           	dey
000E99r 1  B1 rr        	lda     (sp),y
000E9Br 1  85 rr        	sta     ptr1
000E9Dr 1  A0 05        	ldy     #$05
000E9Fr 1  B1 rr        	lda     (ptr1),y
000EA1r 1  AA           	tax
000EA2r 1  88           	dey
000EA3r 1  B1 rr        	lda     (ptr1),y
000EA5r 1  A0 06        	ldy     #$06
000EA7r 1  91 rr        	sta     (sp),y
000EA9r 1  C8           	iny
000EAAr 1  8A           	txa
000EABr 1  91 rr        	sta     (sp),y
000EADr 1  A0 0F        	ldy     #$0F
000EAFr 1  B1 rr        	lda     (sp),y
000EB1r 1  85 rr        	sta     ptr1+1
000EB3r 1  88           	dey
000EB4r 1  B1 rr        	lda     (sp),y
000EB6r 1  85 rr        	sta     ptr1
000EB8r 1  A0 06        	ldy     #$06
000EBAr 1  B1 rr        	lda     (ptr1),y
000EBCr 1  A0 04        	ldy     #$04
000EBEr 1  91 rr        	sta     (sp),y
000EC0r 1  C8           	iny
000EC1r 1  A9 00        	lda     #$00
000EC3r 1  91 rr        	sta     (sp),y
000EC5r 1  A0 0F        	ldy     #$0F
000EC7r 1  B1 rr        	lda     (sp),y
000EC9r 1  85 rr        	sta     ptr1+1
000ECBr 1  88           	dey
000ECCr 1  B1 rr        	lda     (sp),y
000ECEr 1  85 rr        	sta     ptr1
000ED0r 1  A0 08        	ldy     #$08
000ED2r 1  B1 rr        	lda     (ptr1),y
000ED4r 1  AA           	tax
000ED5r 1  88           	dey
000ED6r 1  B1 rr        	lda     (ptr1),y
000ED8r 1  A0 02        	ldy     #$02
000EDAr 1  91 rr        	sta     (sp),y
000EDCr 1  C8           	iny
000EDDr 1  8A           	txa
000EDEr 1  91 rr        	sta     (sp),y
000EE0r 1  A0 0F        	ldy     #$0F
000EE2r 1  B1 rr        	lda     (sp),y
000EE4r 1  85 rr        	sta     ptr1+1
000EE6r 1  88           	dey
000EE7r 1  B1 rr        	lda     (sp),y
000EE9r 1  85 rr        	sta     ptr1
000EEBr 1  A0 09        	ldy     #$09
000EEDr 1  B1 rr        	lda     (ptr1),y
000EEFr 1  A0 00        	ldy     #$00
000EF1r 1  91 rr        	sta     (sp),y
000EF3r 1  C8           	iny
000EF4r 1  A9 00        	lda     #$00
000EF6r 1  91 rr        	sta     (sp),y
000EF8r 1  20 rr rr     	jsr     _udeks_vic_bitmap_rectangle
000EFBr 1  20 rr rr     	jsr     decsp8
000EFEr 1  A0 0F        	ldy     #$0F
000F00r 1  B1 rr        	lda     (sp),y
000F02r 1  85 rr        	sta     ptr1+1
000F04r 1  88           	dey
000F05r 1  B1 rr        	lda     (sp),y
000F07r 1  85 rr        	sta     ptr1
000F09r 1  A0 05        	ldy     #$05
000F0Br 1  B1 rr        	lda     (ptr1),y
000F0Dr 1  AA           	tax
000F0Er 1  88           	dey
000F0Fr 1  B1 rr        	lda     (ptr1),y
000F11r 1  18           	clc
000F12r 1  69 02        	adc     #$02
000F14r 1  90 01        	bcc     L018F
000F16r 1  E8           	inx
000F17r 1  A0 06        L018F:	ldy     #$06
000F19r 1  91 rr        	sta     (sp),y
000F1Br 1  C8           	iny
000F1Cr 1  8A           	txa
000F1Dr 1  91 rr        	sta     (sp),y
000F1Fr 1  A0 0F        	ldy     #$0F
000F21r 1  B1 rr        	lda     (sp),y
000F23r 1  85 rr        	sta     ptr1+1
000F25r 1  88           	dey
000F26r 1  B1 rr        	lda     (sp),y
000F28r 1  85 rr        	sta     ptr1
000F2Ar 1  A0 06        	ldy     #$06
000F2Cr 1  A2 00        	ldx     #$00
000F2Er 1  B1 rr        	lda     (ptr1),y
000F30r 1  18           	clc
000F31r 1  69 02        	adc     #$02
000F33r 1  90 01        	bcc     L0191
000F35r 1  E8           	inx
000F36r 1  A0 04        L0191:	ldy     #$04
000F38r 1  91 rr        	sta     (sp),y
000F3Ar 1  C8           	iny
000F3Br 1  8A           	txa
000F3Cr 1  91 rr        	sta     (sp),y
000F3Er 1  A0 0F        	ldy     #$0F
000F40r 1  B1 rr        	lda     (sp),y
000F42r 1  85 rr        	sta     ptr1+1
000F44r 1  88           	dey
000F45r 1  B1 rr        	lda     (sp),y
000F47r 1  85 rr        	sta     ptr1
000F49r 1  A0 08        	ldy     #$08
000F4Br 1  B1 rr        	lda     (ptr1),y
000F4Dr 1  AA           	tax
000F4Er 1  88           	dey
000F4Fr 1  B1 rr        	lda     (ptr1),y
000F51r 1  38           	sec
000F52r 1  E9 04        	sbc     #$04
000F54r 1  B0 01        	bcs     L0193
000F56r 1  CA           	dex
000F57r 1  A0 02        L0193:	ldy     #$02
000F59r 1  91 rr        	sta     (sp),y
000F5Br 1  C8           	iny
000F5Cr 1  8A           	txa
000F5Dr 1  91 rr        	sta     (sp),y
000F5Fr 1  A0 0F        	ldy     #$0F
000F61r 1  B1 rr        	lda     (sp),y
000F63r 1  85 rr        	sta     ptr1+1
000F65r 1  88           	dey
000F66r 1  B1 rr        	lda     (sp),y
000F68r 1  85 rr        	sta     ptr1
000F6Ar 1  A0 09        	ldy     #$09
000F6Cr 1  A2 00        	ldx     #$00
000F6Er 1  B1 rr        	lda     (ptr1),y
000F70r 1  38           	sec
000F71r 1  E9 04        	sbc     #$04
000F73r 1  B0 01        	bcs     L0195
000F75r 1  CA           	dex
000F76r 1  A0 00        L0195:	ldy     #$00
000F78r 1  91 rr        	sta     (sp),y
000F7Ar 1  C8           	iny
000F7Br 1  8A           	txa
000F7Cr 1  91 rr        	sta     (sp),y
000F7Er 1  A9 00        	lda     #$00
000F80r 1  20 rr rr     	jsr     _udeks_vic_bitmap_rectangle
000F83r 1  20 rr rr     	jsr     decsp8
000F86r 1  A0 0F        	ldy     #$0F
000F88r 1  B1 rr        	lda     (sp),y
000F8Ar 1  85 rr        	sta     ptr1+1
000F8Cr 1  88           	dey
000F8Dr 1  B1 rr        	lda     (sp),y
000F8Fr 1  85 rr        	sta     ptr1
000F91r 1  A0 05        	ldy     #$05
000F93r 1  B1 rr        	lda     (ptr1),y
000F95r 1  AA           	tax
000F96r 1  88           	dey
000F97r 1  B1 rr        	lda     (ptr1),y
000F99r 1  18           	clc
000F9Ar 1  69 02        	adc     #$02
000F9Cr 1  90 01        	bcc     L0199
000F9Er 1  E8           	inx
000F9Fr 1  A0 06        L0199:	ldy     #$06
000FA1r 1  91 rr        	sta     (sp),y
000FA3r 1  C8           	iny
000FA4r 1  8A           	txa
000FA5r 1  91 rr        	sta     (sp),y
000FA7r 1  A0 0F        	ldy     #$0F
000FA9r 1  B1 rr        	lda     (sp),y
000FABr 1  85 rr        	sta     ptr1+1
000FADr 1  88           	dey
000FAEr 1  B1 rr        	lda     (sp),y
000FB0r 1  85 rr        	sta     ptr1
000FB2r 1  A0 06        	ldy     #$06
000FB4r 1  A2 00        	ldx     #$00
000FB6r 1  B1 rr        	lda     (ptr1),y
000FB8r 1  18           	clc
000FB9r 1  69 0D        	adc     #$0D
000FBBr 1  90 01        	bcc     L019B
000FBDr 1  E8           	inx
000FBEr 1  A0 04        L019B:	ldy     #$04
000FC0r 1  91 rr        	sta     (sp),y
000FC2r 1  C8           	iny
000FC3r 1  8A           	txa
000FC4r 1  91 rr        	sta     (sp),y
000FC6r 1  A0 0F        	ldy     #$0F
000FC8r 1  B1 rr        	lda     (sp),y
000FCAr 1  85 rr        	sta     ptr1+1
000FCCr 1  88           	dey
000FCDr 1  B1 rr        	lda     (sp),y
000FCFr 1  85 rr        	sta     ptr1
000FD1r 1  A0 05        	ldy     #$05
000FD3r 1  B1 rr        	lda     (ptr1),y
000FD5r 1  AA           	tax
000FD6r 1  88           	dey
000FD7r 1  B1 rr        	lda     (ptr1),y
000FD9r 1  20 rr rr     	jsr     pushax
000FDCr 1  A0 11        	ldy     #$11
000FDEr 1  B1 rr        	lda     (sp),y
000FE0r 1  85 rr        	sta     ptr1+1
000FE2r 1  88           	dey
000FE3r 1  B1 rr        	lda     (sp),y
000FE5r 1  85 rr        	sta     ptr1
000FE7r 1  A0 08        	ldy     #$08
000FE9r 1  B1 rr        	lda     (ptr1),y
000FEBr 1  AA           	tax
000FECr 1  88           	dey
000FEDr 1  B1 rr        	lda     (ptr1),y
000FEFr 1  20 rr rr     	jsr     tosaddax
000FF2r 1  38           	sec
000FF3r 1  E9 03        	sbc     #$03
000FF5r 1  B0 01        	bcs     L019D
000FF7r 1  CA           	dex
000FF8r 1  A0 02        L019D:	ldy     #$02
000FFAr 1  91 rr        	sta     (sp),y
000FFCr 1  C8           	iny
000FFDr 1  8A           	txa
000FFEr 1  91 rr        	sta     (sp),y
001000r 1  A0 0F        	ldy     #$0F
001002r 1  B1 rr        	lda     (sp),y
001004r 1  85 rr        	sta     ptr1+1
001006r 1  88           	dey
001007r 1  B1 rr        	lda     (sp),y
001009r 1  85 rr        	sta     ptr1
00100Br 1  A0 06        	ldy     #$06
00100Dr 1  A2 00        	ldx     #$00
00100Fr 1  B1 rr        	lda     (ptr1),y
001011r 1  18           	clc
001012r 1  69 0D        	adc     #$0D
001014r 1  90 01        	bcc     L019F
001016r 1  E8           	inx
001017r 1  A0 00        L019F:	ldy     #$00
001019r 1  91 rr        	sta     (sp),y
00101Br 1  C8           	iny
00101Cr 1  8A           	txa
00101Dr 1  91 rr        	sta     (sp),y
00101Fr 1  A9 00        	lda     #$00
001021r 1  20 rr rr     	jsr     _udeks_vic_bitmap_line
001024r 1  A0 07        	ldy     #$07
001026r 1  B1 rr        	lda     (sp),y
001028r 1  AA           	tax
001029r 1  88           	dey
00102Ar 1  B1 rr        	lda     (sp),y
00102Cr 1  20 rr rr     	jsr     _draw_title
00102Fr 1  A0 07        	ldy     #$07
001031r 1  B1 rr        	lda     (sp),y
001033r 1  85 rr        	sta     ptr1+1
001035r 1  88           	dey
001036r 1  B1 rr        	lda     (sp),y
001038r 1  85 rr        	sta     ptr1
00103Ar 1  A0 03        	ldy     #$03
00103Cr 1  B1 rr        	lda     (ptr1),y
00103Er 1  29 04        	and     #$04
001040r 1  D0 03 4C rr  	jeq     L01A3
001044r 1  rr           
001045r 1  A0 07        	ldy     #$07
001047r 1  B1 rr        	lda     (sp),y
001049r 1  85 rr        	sta     ptr1+1
00104Br 1  88           	dey
00104Cr 1  B1 rr        	lda     (sp),y
00104Er 1  85 rr        	sta     ptr1
001050r 1  88           	dey
001051r 1  B1 rr        	lda     (ptr1),y
001053r 1  AA           	tax
001054r 1  88           	dey
001055r 1  B1 rr        	lda     (ptr1),y
001057r 1  20 rr rr     	jsr     pushax
00105Ar 1  A0 09        	ldy     #$09
00105Cr 1  B1 rr        	lda     (sp),y
00105Er 1  85 rr        	sta     ptr1+1
001060r 1  88           	dey
001061r 1  B1 rr        	lda     (sp),y
001063r 1  85 rr        	sta     ptr1
001065r 1  B1 rr        	lda     (ptr1),y
001067r 1  AA           	tax
001068r 1  88           	dey
001069r 1  B1 rr        	lda     (ptr1),y
00106Br 1  20 rr rr     	jsr     tosaddax
00106Er 1  38           	sec
00106Fr 1  E9 0C        	sbc     #$0C
001071r 1  B0 01        	bcs     L01AA
001073r 1  CA           	dex
001074r 1  A0 04        L01AA:	ldy     #$04
001076r 1  20 rr rr     	jsr     staxysp
001079r 1  20 rr rr     	jsr     decsp8
00107Cr 1  A0 0D        	ldy     #$0D
00107Er 1  B1 rr        	lda     (sp),y
001080r 1  AA           	tax
001081r 1  88           	dey
001082r 1  B1 rr        	lda     (sp),y
001084r 1  A0 06        	ldy     #$06
001086r 1  91 rr        	sta     (sp),y
001088r 1  C8           	iny
001089r 1  8A           	txa
00108Ar 1  91 rr        	sta     (sp),y
00108Cr 1  A0 0F        	ldy     #$0F
00108Er 1  B1 rr        	lda     (sp),y
001090r 1  85 rr        	sta     ptr1+1
001092r 1  88           	dey
001093r 1  B1 rr        	lda     (sp),y
001095r 1  85 rr        	sta     ptr1
001097r 1  A0 06        	ldy     #$06
001099r 1  A2 00        	ldx     #$00
00109Br 1  B1 rr        	lda     (ptr1),y
00109Dr 1  18           	clc
00109Er 1  69 03        	adc     #$03
0010A0r 1  90 01        	bcc     L01AE
0010A2r 1  E8           	inx
0010A3r 1  A0 04        L01AE:	ldy     #$04
0010A5r 1  91 rr        	sta     (sp),y
0010A7r 1  C8           	iny
0010A8r 1  8A           	txa
0010A9r 1  91 rr        	sta     (sp),y
0010ABr 1  A9 08        	lda     #$08
0010ADr 1  A0 02        	ldy     #$02
0010AFr 1  91 rr        	sta     (sp),y
0010B1r 1  C8           	iny
0010B2r 1  A9 00        	lda     #$00
0010B4r 1  91 rr        	sta     (sp),y
0010B6r 1  A9 08        	lda     #$08
0010B8r 1  A0 00        	ldy     #$00
0010BAr 1  91 rr        	sta     (sp),y
0010BCr 1  C8           	iny
0010BDr 1  A9 00        	lda     #$00
0010BFr 1  91 rr        	sta     (sp),y
0010C1r 1  20 rr rr     	jsr     _udeks_vic_bitmap_rectangle
0010C4r 1  20 rr rr     	jsr     decsp8
0010C7r 1  A0 0D        	ldy     #$0D
0010C9r 1  B1 rr        	lda     (sp),y
0010CBr 1  AA           	tax
0010CCr 1  88           	dey
0010CDr 1  B1 rr        	lda     (sp),y
0010CFr 1  18           	clc
0010D0r 1  69 02        	adc     #$02
0010D2r 1  90 01        	bcc     L01B4
0010D4r 1  E8           	inx
0010D5r 1  A0 06        L01B4:	ldy     #$06
0010D7r 1  91 rr        	sta     (sp),y
0010D9r 1  C8           	iny
0010DAr 1  8A           	txa
0010DBr 1  91 rr        	sta     (sp),y
0010DDr 1  A0 0F        	ldy     #$0F
0010DFr 1  B1 rr        	lda     (sp),y
0010E1r 1  85 rr        	sta     ptr1+1
0010E3r 1  88           	dey
0010E4r 1  B1 rr        	lda     (sp),y
0010E6r 1  85 rr        	sta     ptr1
0010E8r 1  A0 06        	ldy     #$06
0010EAr 1  A2 00        	ldx     #$00
0010ECr 1  B1 rr        	lda     (ptr1),y
0010EEr 1  18           	clc
0010EFr 1  69 05        	adc     #$05
0010F1r 1  90 01        	bcc     L01B6
0010F3r 1  E8           	inx
0010F4r 1  A0 04        L01B6:	ldy     #$04
0010F6r 1  91 rr        	sta     (sp),y
0010F8r 1  C8           	iny
0010F9r 1  8A           	txa
0010FAr 1  91 rr        	sta     (sp),y
0010FCr 1  A0 0D        	ldy     #$0D
0010FEr 1  B1 rr        	lda     (sp),y
001100r 1  AA           	tax
001101r 1  88           	dey
001102r 1  B1 rr        	lda     (sp),y
001104r 1  18           	clc
001105r 1  69 05        	adc     #$05
001107r 1  90 01        	bcc     L01B8
001109r 1  E8           	inx
00110Ar 1  A0 02        L01B8:	ldy     #$02
00110Cr 1  91 rr        	sta     (sp),y
00110Er 1  C8           	iny
00110Fr 1  8A           	txa
001110r 1  91 rr        	sta     (sp),y
001112r 1  A0 0F        	ldy     #$0F
001114r 1  B1 rr        	lda     (sp),y
001116r 1  85 rr        	sta     ptr1+1
001118r 1  88           	dey
001119r 1  B1 rr        	lda     (sp),y
00111Br 1  85 rr        	sta     ptr1
00111Dr 1  A0 06        	ldy     #$06
00111Fr 1  A2 00        	ldx     #$00
001121r 1  B1 rr        	lda     (ptr1),y
001123r 1  18           	clc
001124r 1  69 08        	adc     #$08
001126r 1  90 01        	bcc     L01BA
001128r 1  E8           	inx
001129r 1  A0 00        L01BA:	ldy     #$00
00112Br 1  91 rr        	sta     (sp),y
00112Dr 1  C8           	iny
00112Er 1  8A           	txa
00112Fr 1  91 rr        	sta     (sp),y
001131r 1  A9 00        	lda     #$00
001133r 1  20 rr rr     	jsr     _udeks_vic_bitmap_line
001136r 1  20 rr rr     	jsr     decsp8
001139r 1  A0 0D        	ldy     #$0D
00113Br 1  B1 rr        	lda     (sp),y
00113Dr 1  AA           	tax
00113Er 1  88           	dey
00113Fr 1  B1 rr        	lda     (sp),y
001141r 1  18           	clc
001142r 1  69 05        	adc     #$05
001144r 1  90 01        	bcc     L01BE
001146r 1  E8           	inx
001147r 1  A0 06        L01BE:	ldy     #$06
001149r 1  91 rr        	sta     (sp),y
00114Br 1  C8           	iny
00114Cr 1  8A           	txa
00114Dr 1  91 rr        	sta     (sp),y
00114Fr 1  A0 0F        	ldy     #$0F
001151r 1  B1 rr        	lda     (sp),y
001153r 1  85 rr        	sta     ptr1+1
001155r 1  88           	dey
001156r 1  B1 rr        	lda     (sp),y
001158r 1  85 rr        	sta     ptr1
00115Ar 1  A0 06        	ldy     #$06
00115Cr 1  A2 00        	ldx     #$00
00115Er 1  B1 rr        	lda     (ptr1),y
001160r 1  18           	clc
001161r 1  69 05        	adc     #$05
001163r 1  90 01        	bcc     L01C0
001165r 1  E8           	inx
001166r 1  A0 04        L01C0:	ldy     #$04
001168r 1  91 rr        	sta     (sp),y
00116Ar 1  C8           	iny
00116Br 1  8A           	txa
00116Cr 1  91 rr        	sta     (sp),y
00116Er 1  A0 0D        	ldy     #$0D
001170r 1  B1 rr        	lda     (sp),y
001172r 1  AA           	tax
001173r 1  88           	dey
001174r 1  B1 rr        	lda     (sp),y
001176r 1  18           	clc
001177r 1  69 02        	adc     #$02
001179r 1  90 01        	bcc     L01C2
00117Br 1  E8           	inx
00117Cr 1  A0 02        L01C2:	ldy     #$02
00117Er 1  91 rr        	sta     (sp),y
001180r 1  C8           	iny
001181r 1  8A           	txa
001182r 1  91 rr        	sta     (sp),y
001184r 1  A0 0F        	ldy     #$0F
001186r 1  B1 rr        	lda     (sp),y
001188r 1  85 rr        	sta     ptr1+1
00118Ar 1  88           	dey
00118Br 1  B1 rr        	lda     (sp),y
00118Dr 1  85 rr        	sta     ptr1
00118Fr 1  A0 06        	ldy     #$06
001191r 1  A2 00        	ldx     #$00
001193r 1  B1 rr        	lda     (ptr1),y
001195r 1  18           	clc
001196r 1  69 08        	adc     #$08
001198r 1  90 01        	bcc     L01C4
00119Ar 1  E8           	inx
00119Br 1  A0 00        L01C4:	ldy     #$00
00119Dr 1  91 rr        	sta     (sp),y
00119Fr 1  C8           	iny
0011A0r 1  8A           	txa
0011A1r 1  91 rr        	sta     (sp),y
0011A3r 1  A9 00        	lda     #$00
0011A5r 1  20 rr rr     	jsr     _udeks_vic_bitmap_line
0011A8r 1  A0 07        L01A3:	ldy     #$07
0011AAr 1  B1 rr        	lda     (sp),y
0011ACr 1  85 rr        	sta     ptr1+1
0011AEr 1  88           	dey
0011AFr 1  B1 rr        	lda     (sp),y
0011B1r 1  85 rr        	sta     ptr1
0011B3r 1  A0 03        	ldy     #$03
0011B5r 1  B1 rr        	lda     (ptr1),y
0011B7r 1  29 08        	and     #$08
0011B9r 1  D0 03        	bne     L057A
0011BBr 1  4C rr rr     	jmp     incsp8
0011BEr 1  A0 07        L057A:	ldy     #$07
0011C0r 1  B1 rr        	lda     (sp),y
0011C2r 1  85 rr        	sta     ptr1+1
0011C4r 1  88           	dey
0011C5r 1  B1 rr        	lda     (sp),y
0011C7r 1  85 rr        	sta     ptr1
0011C9r 1  88           	dey
0011CAr 1  B1 rr        	lda     (ptr1),y
0011CCr 1  AA           	tax
0011CDr 1  88           	dey
0011CEr 1  B1 rr        	lda     (ptr1),y
0011D0r 1  20 rr rr     	jsr     pushax
0011D3r 1  A0 09        	ldy     #$09
0011D5r 1  B1 rr        	lda     (sp),y
0011D7r 1  85 rr        	sta     ptr1+1
0011D9r 1  88           	dey
0011DAr 1  B1 rr        	lda     (sp),y
0011DCr 1  85 rr        	sta     ptr1
0011DEr 1  B1 rr        	lda     (ptr1),y
0011E0r 1  AA           	tax
0011E1r 1  88           	dey
0011E2r 1  B1 rr        	lda     (ptr1),y
0011E4r 1  20 rr rr     	jsr     tosaddax
0011E7r 1  38           	sec
0011E8r 1  E9 05        	sbc     #$05
0011EAr 1  B0 01        	bcs     L01CC
0011ECr 1  CA           	dex
0011EDr 1  A0 02        L01CC:	ldy     #$02
0011EFr 1  20 rr rr     	jsr     staxysp
0011F2r 1  A0 07        	ldy     #$07
0011F4r 1  B1 rr        	lda     (sp),y
0011F6r 1  85 rr        	sta     ptr1+1
0011F8r 1  88           	dey
0011F9r 1  B1 rr        	lda     (sp),y
0011FBr 1  85 rr        	sta     ptr1
0011FDr 1  B1 rr        	lda     (ptr1),y
0011FFr 1  20 rr rr     	jsr     pusha0
001202r 1  A0 09        	ldy     #$09
001204r 1  B1 rr        	lda     (sp),y
001206r 1  85 rr        	sta     ptr1+1
001208r 1  88           	dey
001209r 1  B1 rr        	lda     (sp),y
00120Br 1  85 rr        	sta     ptr1
00120Dr 1  C8           	iny
00120Er 1  B1 rr        	lda     (ptr1),y
001210r 1  20 rr rr     	jsr     tosadda0
001213r 1  38           	sec
001214r 1  E9 05        	sbc     #$05
001216r 1  B0 01        	bcs     L01CF
001218r 1  CA           	dex
001219r 1  20 rr rr     L01CF:	jsr     stax0sp
00121Cr 1  20 rr rr     	jsr     decsp8
00121Fr 1  A0 0B        	ldy     #$0B
001221r 1  B1 rr        	lda     (sp),y
001223r 1  AA           	tax
001224r 1  88           	dey
001225r 1  B1 rr        	lda     (sp),y
001227r 1  38           	sec
001228r 1  E9 06        	sbc     #$06
00122Ar 1  B0 01        	bcs     L01D2
00122Cr 1  CA           	dex
00122Dr 1  A0 06        L01D2:	ldy     #$06
00122Fr 1  91 rr        	sta     (sp),y
001231r 1  C8           	iny
001232r 1  8A           	txa
001233r 1  91 rr        	sta     (sp),y
001235r 1  A0 09        	ldy     #$09
001237r 1  B1 rr        	lda     (sp),y
001239r 1  AA           	tax
00123Ar 1  88           	dey
00123Br 1  B1 rr        	lda     (sp),y
00123Dr 1  A0 04        	ldy     #$04
00123Fr 1  91 rr        	sta     (sp),y
001241r 1  C8           	iny
001242r 1  8A           	txa
001243r 1  91 rr        	sta     (sp),y
001245r 1  A0 0B        	ldy     #$0B
001247r 1  B1 rr        	lda     (sp),y
001249r 1  AA           	tax
00124Ar 1  88           	dey
00124Br 1  B1 rr        	lda     (sp),y
00124Dr 1  A0 02        	ldy     #$02
00124Fr 1  91 rr        	sta     (sp),y
001251r 1  C8           	iny
001252r 1  8A           	txa
001253r 1  91 rr        	sta     (sp),y
001255r 1  A0 09        	ldy     #$09
001257r 1  B1 rr        	lda     (sp),y
001259r 1  AA           	tax
00125Ar 1  88           	dey
00125Br 1  B1 rr        	lda     (sp),y
00125Dr 1  38           	sec
00125Er 1  E9 06        	sbc     #$06
001260r 1  B0 01        	bcs     L01D6
001262r 1  CA           	dex
001263r 1  A0 00        L01D6:	ldy     #$00
001265r 1  91 rr        	sta     (sp),y
001267r 1  C8           	iny
001268r 1  8A           	txa
001269r 1  91 rr        	sta     (sp),y
00126Br 1  A9 00        	lda     #$00
00126Dr 1  20 rr rr     	jsr     _udeks_vic_bitmap_line
001270r 1  20 rr rr     	jsr     decsp8
001273r 1  A0 0B        	ldy     #$0B
001275r 1  B1 rr        	lda     (sp),y
001277r 1  AA           	tax
001278r 1  88           	dey
001279r 1  B1 rr        	lda     (sp),y
00127Br 1  38           	sec
00127Cr 1  E9 03        	sbc     #$03
00127Er 1  B0 01        	bcs     L01DA
001280r 1  CA           	dex
001281r 1  A0 06        L01DA:	ldy     #$06
001283r 1  91 rr        	sta     (sp),y
001285r 1  C8           	iny
001286r 1  8A           	txa
001287r 1  91 rr        	sta     (sp),y
001289r 1  A0 09        	ldy     #$09
00128Br 1  B1 rr        	lda     (sp),y
00128Dr 1  AA           	tax
00128Er 1  88           	dey
00128Fr 1  B1 rr        	lda     (sp),y
001291r 1  A0 04        	ldy     #$04
001293r 1  91 rr        	sta     (sp),y
001295r 1  C8           	iny
001296r 1  8A           	txa
001297r 1  91 rr        	sta     (sp),y
001299r 1  A0 0B        	ldy     #$0B
00129Br 1  B1 rr        	lda     (sp),y
00129Dr 1  AA           	tax
00129Er 1  88           	dey
00129Fr 1  B1 rr        	lda     (sp),y
0012A1r 1  A0 02        	ldy     #$02
0012A3r 1  91 rr        	sta     (sp),y
0012A5r 1  C8           	iny
0012A6r 1  8A           	txa
0012A7r 1  91 rr        	sta     (sp),y
0012A9r 1  A0 09        	ldy     #$09
0012ABr 1  B1 rr        	lda     (sp),y
0012ADr 1  AA           	tax
0012AEr 1  88           	dey
0012AFr 1  B1 rr        	lda     (sp),y
0012B1r 1  38           	sec
0012B2r 1  E9 03        	sbc     #$03
0012B4r 1  B0 01        	bcs     L01DE
0012B6r 1  CA           	dex
0012B7r 1  A0 00        L01DE:	ldy     #$00
0012B9r 1  91 rr        	sta     (sp),y
0012BBr 1  C8           	iny
0012BCr 1  8A           	txa
0012BDr 1  91 rr        	sta     (sp),y
0012BFr 1  A9 00        	lda     #$00
0012C1r 1  20 rr rr     	jsr     _udeks_vic_bitmap_line
0012C4r 1  4C rr rr     	jmp     incsp8
0012C7r 1               
0012C7r 1               .endproc
0012C7r 1               
0012C7r 1               ; ---------------------------------------------------------------
0012C7r 1               ; unsigned char __near__ paint_window_damage (unsigned char)
0012C7r 1               ; ---------------------------------------------------------------
0012C7r 1               
0012C7r 1               .segment	"CODE"
0012C7r 1               
0012C7r 1               .proc	_paint_window_damage: near
0012C7r 1               
0012C7r 1               .segment	"CODE"
0012C7r 1               
0012C7r 1  20 rr rr     	jsr     pusha
0012CAr 1  20 rr rr     	jsr     decsp2
0012CDr 1  A0 02        	ldy     #$02
0012CFr 1  B1 rr        	lda     (sp),y
0012D1r 1  20 rr rr     	jsr     _window_by_handle
0012D4r 1  20 rr rr     	jsr     stax0sp
0012D7r 1  E0 00        	cpx     #$00
0012D9r 1  D0 04        	bne     L057E
0012DBr 1  C9 00        	cmp     #$00
0012DDr 1  F0 14        	beq     L0580
0012DFr 1  A0 01        L057E:	ldy     #$01
0012E1r 1  B1 rr        	lda     (sp),y
0012E3r 1  85 rr        	sta     ptr1+1
0012E5r 1  88           	dey
0012E6r 1  B1 rr        	lda     (sp),y
0012E8r 1  85 rr        	sta     ptr1
0012EAr 1  A0 03        	ldy     #$03
0012ECr 1  B1 rr        	lda     (ptr1),y
0012EEr 1  29 01        	and     #$01
0012F0r 1  D0 04        	bne     L020C
0012F2r 1  AA           	tax
0012F3r 1  4C rr rr     L0580:	jmp     incsp3
0012F6r 1  20 rr rr     L020C:	jsr     decsp5
0012F9r 1  A0 06        	ldy     #$06
0012FBr 1  B1 rr        	lda     (sp),y
0012FDr 1  85 rr        	sta     ptr1+1
0012FFr 1  88           	dey
001300r 1  B1 rr        	lda     (sp),y
001302r 1  85 rr        	sta     ptr1
001304r 1  B1 rr        	lda     (ptr1),y
001306r 1  AA           	tax
001307r 1  88           	dey
001308r 1  B1 rr        	lda     (ptr1),y
00130Ar 1  88           	dey
00130Br 1  91 rr        	sta     (sp),y
00130Dr 1  C8           	iny
00130Er 1  8A           	txa
00130Fr 1  91 rr        	sta     (sp),y
001311r 1  A0 06        	ldy     #$06
001313r 1  B1 rr        	lda     (sp),y
001315r 1  85 rr        	sta     ptr1+1
001317r 1  88           	dey
001318r 1  B1 rr        	lda     (sp),y
00131Ar 1  85 rr        	sta     ptr1
00131Cr 1  C8           	iny
00131Dr 1  B1 rr        	lda     (ptr1),y
00131Fr 1  A0 02        	ldy     #$02
001321r 1  91 rr        	sta     (sp),y
001323r 1  A0 06        	ldy     #$06
001325r 1  B1 rr        	lda     (sp),y
001327r 1  85 rr        	sta     ptr1+1
001329r 1  88           	dey
00132Ar 1  B1 rr        	lda     (sp),y
00132Cr 1  85 rr        	sta     ptr1
00132Er 1  A0 08        	ldy     #$08
001330r 1  B1 rr        	lda     (ptr1),y
001332r 1  AA           	tax
001333r 1  88           	dey
001334r 1  B1 rr        	lda     (ptr1),y
001336r 1  A0 00        	ldy     #$00
001338r 1  91 rr        	sta     (sp),y
00133Ar 1  C8           	iny
00133Br 1  8A           	txa
00133Cr 1  91 rr        	sta     (sp),y
00133Er 1  A0 06        	ldy     #$06
001340r 1  B1 rr        	lda     (sp),y
001342r 1  85 rr        	sta     ptr1+1
001344r 1  88           	dey
001345r 1  B1 rr        	lda     (sp),y
001347r 1  85 rr        	sta     ptr1
001349r 1  A0 09        	ldy     #$09
00134Br 1  B1 rr        	lda     (ptr1),y
00134Dr 1  20 rr rr     	jsr     _set_damage_intersection
001350r 1  C9 00        	cmp     #$00
001352r 1  D0 04        	bne     L0213
001354r 1  AA           	tax
001355r 1  4C rr rr     	jmp     incsp3
001358r 1  A0 01        L0213:	ldy     #$01
00135Ar 1  B1 rr        	lda     (sp),y
00135Cr 1  85 rr        	sta     ptr1+1
00135Er 1  88           	dey
00135Fr 1  B1 rr        	lda     (sp),y
001361r 1  85 rr        	sta     ptr1
001363r 1  A0 03        	ldy     #$03
001365r 1  B1 rr        	lda     (ptr1),y
001367r 1  29 7F        	and     #$7F
001369r 1  91 rr        	sta     (ptr1),y
00136Br 1  20 rr rr     	jsr     decsp8
00136Er 1  A0 09        	ldy     #$09
001370r 1  B1 rr        	lda     (sp),y
001372r 1  85 rr        	sta     ptr1+1
001374r 1  88           	dey
001375r 1  B1 rr        	lda     (sp),y
001377r 1  85 rr        	sta     ptr1
001379r 1  A0 05        	ldy     #$05
00137Br 1  B1 rr        	lda     (ptr1),y
00137Dr 1  AA           	tax
00137Er 1  88           	dey
00137Fr 1  B1 rr        	lda     (ptr1),y
001381r 1  A0 06        	ldy     #$06
001383r 1  91 rr        	sta     (sp),y
001385r 1  C8           	iny
001386r 1  8A           	txa
001387r 1  91 rr        	sta     (sp),y
001389r 1  A0 09        	ldy     #$09
00138Br 1  B1 rr        	lda     (sp),y
00138Dr 1  85 rr        	sta     ptr1+1
00138Fr 1  88           	dey
001390r 1  B1 rr        	lda     (sp),y
001392r 1  85 rr        	sta     ptr1
001394r 1  A0 06        	ldy     #$06
001396r 1  B1 rr        	lda     (ptr1),y
001398r 1  A0 04        	ldy     #$04
00139Ar 1  91 rr        	sta     (sp),y
00139Cr 1  C8           	iny
00139Dr 1  A9 00        	lda     #$00
00139Fr 1  91 rr        	sta     (sp),y
0013A1r 1  A0 09        	ldy     #$09
0013A3r 1  B1 rr        	lda     (sp),y
0013A5r 1  85 rr        	sta     ptr1+1
0013A7r 1  88           	dey
0013A8r 1  B1 rr        	lda     (sp),y
0013AAr 1  85 rr        	sta     ptr1
0013ACr 1  B1 rr        	lda     (ptr1),y
0013AEr 1  AA           	tax
0013AFr 1  88           	dey
0013B0r 1  B1 rr        	lda     (ptr1),y
0013B2r 1  A0 02        	ldy     #$02
0013B4r 1  91 rr        	sta     (sp),y
0013B6r 1  C8           	iny
0013B7r 1  8A           	txa
0013B8r 1  91 rr        	sta     (sp),y
0013BAr 1  A0 09        	ldy     #$09
0013BCr 1  B1 rr        	lda     (sp),y
0013BEr 1  85 rr        	sta     ptr1+1
0013C0r 1  88           	dey
0013C1r 1  B1 rr        	lda     (sp),y
0013C3r 1  85 rr        	sta     ptr1
0013C5r 1  C8           	iny
0013C6r 1  B1 rr        	lda     (ptr1),y
0013C8r 1  A0 00        	ldy     #$00
0013CAr 1  91 rr        	sta     (sp),y
0013CCr 1  C8           	iny
0013CDr 1  A9 00        	lda     #$00
0013CFr 1  91 rr        	sta     (sp),y
0013D1r 1  A9 07        	lda     #$07
0013D3r 1  20 rr rr     	jsr     _udeks_vic_bitmap_fill
0013D6r 1  A0 01        	ldy     #$01
0013D8r 1  B1 rr        	lda     (sp),y
0013DAr 1  AA           	tax
0013DBr 1  88           	dey
0013DCr 1  B1 rr        	lda     (sp),y
0013DEr 1  20 rr rr     	jsr     _draw_chrome
0013E1r 1  A0 01        	ldy     #$01
0013E3r 1  B1 rr        	lda     (sp),y
0013E5r 1  85 rr        	sta     ptr1+1
0013E7r 1  88           	dey
0013E8r 1  B1 rr        	lda     (sp),y
0013EAr 1  85 rr        	sta     ptr1
0013ECr 1  A0 0E        	ldy     #$0E
0013EEr 1  B1 rr        	lda     (ptr1),y
0013F0r 1  AA           	tax
0013F1r 1  88           	dey
0013F2r 1  B1 rr        	lda     (ptr1),y
0013F4r 1  E0 00        	cpx     #$00
0013F6r 1  D0 07        	bne     L057F
0013F8r 1  C9 00        	cmp     #$00
0013FAr 1  D0 03 4C rr  	jeq     L0224
0013FEr 1  rr           
0013FFr 1  20 rr rr     L057F:	jsr     decsp5
001402r 1  A0 06        	ldy     #$06
001404r 1  B1 rr        	lda     (sp),y
001406r 1  85 rr        	sta     ptr1+1
001408r 1  88           	dey
001409r 1  B1 rr        	lda     (sp),y
00140Br 1  85 rr        	sta     ptr1
00140Dr 1  B1 rr        	lda     (ptr1),y
00140Fr 1  AA           	tax
001410r 1  88           	dey
001411r 1  B1 rr        	lda     (ptr1),y
001413r 1  18           	clc
001414r 1  69 03        	adc     #$03
001416r 1  90 01        	bcc     L0229
001418r 1  E8           	inx
001419r 1  88           L0229:	dey
00141Ar 1  91 rr        	sta     (sp),y
00141Cr 1  C8           	iny
00141Dr 1  8A           	txa
00141Er 1  91 rr        	sta     (sp),y
001420r 1  A0 06        	ldy     #$06
001422r 1  B1 rr        	lda     (sp),y
001424r 1  85 rr        	sta     ptr1+1
001426r 1  88           	dey
001427r 1  B1 rr        	lda     (sp),y
001429r 1  85 rr        	sta     ptr1
00142Br 1  C8           	iny
00142Cr 1  B1 rr        	lda     (ptr1),y
00142Er 1  18           	clc
00142Fr 1  69 0D        	adc     #$0D
001431r 1  90 01        	bcc     L057B
001433r 1  18           	clc
001434r 1  69 01        L057B:	adc     #$01
001436r 1  A0 02        	ldy     #$02
001438r 1  91 rr        	sta     (sp),y
00143Ar 1  A0 06        	ldy     #$06
00143Cr 1  B1 rr        	lda     (sp),y
00143Er 1  85 rr        	sta     ptr1+1
001440r 1  88           	dey
001441r 1  B1 rr        	lda     (sp),y
001443r 1  85 rr        	sta     ptr1
001445r 1  A0 08        	ldy     #$08
001447r 1  B1 rr        	lda     (ptr1),y
001449r 1  AA           	tax
00144Ar 1  88           	dey
00144Br 1  B1 rr        	lda     (ptr1),y
00144Dr 1  38           	sec
00144Er 1  E9 06        	sbc     #$06
001450r 1  B0 01        	bcs     L022F
001452r 1  CA           	dex
001453r 1  A0 00        L022F:	ldy     #$00
001455r 1  91 rr        	sta     (sp),y
001457r 1  C8           	iny
001458r 1  8A           	txa
001459r 1  91 rr        	sta     (sp),y
00145Br 1  A0 06        	ldy     #$06
00145Dr 1  B1 rr        	lda     (sp),y
00145Fr 1  85 rr        	sta     ptr1+1
001461r 1  88           	dey
001462r 1  B1 rr        	lda     (sp),y
001464r 1  85 rr        	sta     ptr1
001466r 1  A0 09        	ldy     #$09
001468r 1  B1 rr        	lda     (ptr1),y
00146Ar 1  38           	sec
00146Br 1  E9 0D        	sbc     #$0D
00146Dr 1  B0 01        	bcs     L057C
00146Fr 1  38           	sec
001470r 1  E9 04        L057C:	sbc     #$04
001472r 1  20 rr rr     	jsr     _set_damage_intersection
001475r 1  C9 00        	cmp     #$00
001477r 1  F0 2F        	beq     L0224
001479r 1  A0 01        	ldy     #$01
00147Br 1  B1 rr        	lda     (sp),y
00147Dr 1  85 rr        	sta     ptr1+1
00147Fr 1  88           	dey
001480r 1  B1 rr        	lda     (sp),y
001482r 1  85 rr        	sta     ptr1
001484r 1  A0 0E        	ldy     #$0E
001486r 1  B1 rr        	lda     (ptr1),y
001488r 1  AA           	tax
001489r 1  88           	dey
00148Ar 1  B1 rr        	lda     (ptr1),y
00148Cr 1  20 rr rr     	jsr     pushax
00148Fr 1  A0 04        	ldy     #$04
001491r 1  B1 rr        	lda     (sp),y
001493r 1  48           	pha
001494r 1  A0 00        	ldy     #$00
001496r 1  B1 rr        	lda     (sp),y
001498r 1  8D rr rr     	sta     jmpvec+1
00149Br 1  C8           	iny
00149Cr 1  B1 rr        	lda     (sp),y
00149Er 1  8D rr rr     	sta     jmpvec+2
0014A1r 1  68           	pla
0014A2r 1  20 rr rr     	jsr     jmpvec
0014A5r 1  20 rr rr     	jsr     incsp2
0014A8r 1  A9 14        L0224:	lda     #$14
0014AAr 1  20 rr rr     	jsr     _increment_counter
0014ADr 1  A2 00        	ldx     #$00
0014AFr 1  A9 01        	lda     #$01
0014B1r 1  4C rr rr     	jmp     incsp3
0014B4r 1               
0014B4r 1               .endproc
0014B4r 1               
0014B4r 1               ; ---------------------------------------------------------------
0014B4r 1               ; void __near__ compose_damage (unsigned char)
0014B4r 1               ; ---------------------------------------------------------------
0014B4r 1               
0014B4r 1               .segment	"CODE"
0014B4r 1               
0014B4r 1               .proc	_compose_damage: near
0014B4r 1               
0014B4r 1               .segment	"CODE"
0014B4r 1               
0014B4r 1  20 rr rr     	jsr     pusha
0014B7r 1  20 rr rr     	jsr     decsp2
0014BAr 1  A9 02        	lda     #$02
0014BCr 1  20 rr rr     	jsr     _udeks_vic_pointer_busy_begin
0014BFr 1  20 rr rr     	jsr     decsp6
0014C2r 1  AD rr rr     	lda     _damage_left
0014C5r 1  A0 04        	ldy     #$04
0014C7r 1  91 rr        	sta     (sp),y
0014C9r 1  C8           	iny
0014CAr 1  AD rr rr     	lda     _damage_left+1
0014CDr 1  91 rr        	sta     (sp),y
0014CFr 1  AD rr rr     	lda     _damage_top
0014D2r 1  A0 02        	ldy     #$02
0014D4r 1  91 rr        	sta     (sp),y
0014D6r 1  C8           	iny
0014D7r 1  A9 00        	lda     #$00
0014D9r 1  91 rr        	sta     (sp),y
0014DBr 1  AD rr rr     	lda     _damage_right
0014DEr 1  38           	sec
0014DFr 1  ED rr rr     	sbc     _damage_left
0014E2r 1  48           	pha
0014E3r 1  AD rr rr     	lda     _damage_right+1
0014E6r 1  ED rr rr     	sbc     _damage_left+1
0014E9r 1  AA           	tax
0014EAr 1  68           	pla
0014EBr 1  A0 00        	ldy     #$00
0014EDr 1  91 rr        	sta     (sp),y
0014EFr 1  C8           	iny
0014F0r 1  8A           	txa
0014F1r 1  91 rr        	sta     (sp),y
0014F3r 1  A2 00        	ldx     #$00
0014F5r 1  AD rr rr     	lda     _damage_bottom
0014F8r 1  38           	sec
0014F9r 1  ED rr rr     	sbc     _damage_top
0014FCr 1  20 rr rr     	jsr     _udeks_vic_bitmap_set_clip
0014FFr 1  20 rr rr     	jsr     decsp8
001502r 1  AD rr rr     	lda     _damage_left
001505r 1  A0 06        	ldy     #$06
001507r 1  91 rr        	sta     (sp),y
001509r 1  C8           	iny
00150Ar 1  AD rr rr     	lda     _damage_left+1
00150Dr 1  91 rr        	sta     (sp),y
00150Fr 1  AD rr rr     	lda     _damage_top
001512r 1  A0 04        	ldy     #$04
001514r 1  91 rr        	sta     (sp),y
001516r 1  C8           	iny
001517r 1  A9 00        	lda     #$00
001519r 1  91 rr        	sta     (sp),y
00151Br 1  AD rr rr     	lda     _damage_right
00151Er 1  38           	sec
00151Fr 1  ED rr rr     	sbc     _damage_left
001522r 1  48           	pha
001523r 1  AD rr rr     	lda     _damage_right+1
001526r 1  ED rr rr     	sbc     _damage_left+1
001529r 1  AA           	tax
00152Ar 1  68           	pla
00152Br 1  A0 02        	ldy     #$02
00152Dr 1  91 rr        	sta     (sp),y
00152Fr 1  C8           	iny
001530r 1  8A           	txa
001531r 1  91 rr        	sta     (sp),y
001533r 1  AD rr rr     	lda     _damage_bottom
001536r 1  38           	sec
001537r 1  ED rr rr     	sbc     _damage_top
00153Ar 1  A0 00        	ldy     #$00
00153Cr 1  91 rr        	sta     (sp),y
00153Er 1  C8           	iny
00153Fr 1  A9 00        	lda     #$00
001541r 1  91 rr        	sta     (sp),y
001543r 1  A9 07        	lda     #$07
001545r 1  20 rr rr     	jsr     _udeks_vic_bitmap_fill
001548r 1  A9 01        	lda     #$01
00154Ar 1  A8           	tay
00154Br 1  91 rr        L0584:	sta     (sp),y
00154Dr 1  38           	sec
00154Er 1  ED rr rr     	sbc     _active_count
001551r 1  90 02        	bcc     L0585
001553r 1  D0 6D        	bne     L024B
001555r 1  A9 00        L0585:	lda     #$00
001557r 1  88           	dey
001558r 1  91 rr        L0583:	sta     (sp),y
00155Ar 1  C9 04        	cmp     #$04
00155Cr 1  B0 5B        	bcs     L024C
00155Er 1  B1 rr        	lda     (sp),y
001560r 1  20 rr rr     	jsr     pusha0
001563r 1  A9 11        	lda     #$11
001565r 1  20 rr rr     	jsr     tosmula0
001568r 1  85 rr        	sta     ptr1
00156Ar 1  8A           	txa
00156Br 1  18           	clc
00156Cr 1  69 rr        	adc     #>(_windows)
00156Er 1  85 rr        	sta     ptr1+1
001570r 1  A0 rr        	ldy     #<(_windows)
001572r 1  B1 rr        	lda     (ptr1),y
001574r 1  F0 39        	beq     L0254
001576r 1  A2 00        	ldx     #$00
001578r 1  A1 rr        	lda     (sp,x)
00157Ar 1  20 rr rr     	jsr     pusha0
00157Dr 1  A9 11        	lda     #$11
00157Fr 1  20 rr rr     	jsr     tosmula0
001582r 1  18           	clc
001583r 1  69 rr        	adc     #<(_windows)
001585r 1  85 rr        	sta     ptr1
001587r 1  8A           	txa
001588r 1  69 rr        	adc     #>(_windows)
00158Ar 1  85 rr        	sta     ptr1+1
00158Cr 1  A0 0A        	ldy     #$0A
00158Er 1  B1 rr        	lda     (ptr1),y
001590r 1  A0 01        	ldy     #$01
001592r 1  D1 rr        	cmp     (sp),y
001594r 1  D0 19        	bne     L0254
001596r 1  88           	dey
001597r 1  B1 rr        	lda     (sp),y
001599r 1  18           	clc
00159Ar 1  69 01        	adc     #$01
00159Cr 1  A0 02        	ldy     #$02
00159Er 1  D1 rr        	cmp     (sp),y
0015A0r 1  F0 17        	beq     L024C
0015A2r 1  A0 00        	ldy     #$00
0015A4r 1  B1 rr        	lda     (sp),y
0015A6r 1  18           	clc
0015A7r 1  69 01        	adc     #$01
0015A9r 1  20 rr rr     	jsr     _paint_window_damage
0015ACr 1  4C rr rr     	jmp     L024C
0015AFr 1  A0 00        L0254:	ldy     #$00
0015B1r 1  18           	clc
0015B2r 1  A9 01        	lda     #$01
0015B4r 1  71 rr        	adc     (sp),y
0015B6r 1  4C rr rr     	jmp     L0583
0015B9r 1  A0 01        L024C:	ldy     #$01
0015BBr 1  18           	clc
0015BCr 1  98           	tya
0015BDr 1  71 rr        	adc     (sp),y
0015BFr 1  4C rr rr     	jmp     L0584
0015C2r 1  20 rr rr     L024B:	jsr     _udeks_vic_bitmap_reset_clip
0015C5r 1  20 rr rr     	jsr     _udeks_vic_bitmap_commit
0015C8r 1  A9 02        	lda     #$02
0015CAr 1  20 rr rr     	jsr     _udeks_vic_pointer_busy_end
0015CDr 1  A9 1E        	lda     #$1E
0015CFr 1  20 rr rr     	jsr     _increment_counter
0015D2r 1  4C rr rr     	jmp     incsp3
0015D5r 1               
0015D5r 1               .endproc
0015D5r 1               
0015D5r 1               ; ---------------------------------------------------------------
0015D5r 1               ; unsigned char __near__ top_window (void)
0015D5r 1               ; ---------------------------------------------------------------
0015D5r 1               
0015D5r 1               .segment	"CODE"
0015D5r 1               
0015D5r 1               .proc	_top_window: near
0015D5r 1               
0015D5r 1               .segment	"CODE"
0015D5r 1               
0015D5r 1  20 rr rr     	jsr     decsp1
0015D8r 1  A9 00        	lda     #$00
0015DAr 1  A8           	tay
0015DBr 1  91 rr        L058C:	sta     (sp),y
0015DDr 1  A2 00        	ldx     #$00
0015DFr 1  B1 rr        	lda     (sp),y
0015E1r 1  C9 04        	cmp     #$04
0015E3r 1  B0 4B        	bcs     L0590
0015E5r 1  20 rr rr     	jsr     pusha0
0015E8r 1  A9 11        	lda     #$11
0015EAr 1  20 rr rr     	jsr     tosmula0
0015EDr 1  85 rr        	sta     ptr1
0015EFr 1  8A           	txa
0015F0r 1  18           	clc
0015F1r 1  69 rr        	adc     #>(_windows)
0015F3r 1  85 rr        	sta     ptr1+1
0015F5r 1  A0 rr        	ldy     #<(_windows)
0015F7r 1  B1 rr        	lda     (ptr1),y
0015F9r 1  F0 2B        	beq     L0271
0015FBr 1  A2 00        	ldx     #$00
0015FDr 1  A1 rr        	lda     (sp,x)
0015FFr 1  20 rr rr     	jsr     pusha0
001602r 1  A9 11        	lda     #$11
001604r 1  20 rr rr     	jsr     tosmula0
001607r 1  18           	clc
001608r 1  69 rr        	adc     #<(_windows)
00160Ar 1  85 rr        	sta     ptr1
00160Cr 1  8A           	txa
00160Dr 1  69 rr        	adc     #>(_windows)
00160Fr 1  85 rr        	sta     ptr1+1
001611r 1  A0 0A        	ldy     #$0A
001613r 1  B1 rr        	lda     (ptr1),y
001615r 1  CD rr rr     	cmp     _active_count
001618r 1  D0 0C        	bne     L0271
00161Ar 1  A0 00        	ldy     #$00
00161Cr 1  B1 rr        	lda     (sp),y
00161Er 1  18           	clc
00161Fr 1  69 01        	adc     #$01
001621r 1  A2 00        	ldx     #$00
001623r 1  4C rr rr     	jmp     incsp1
001626r 1  A0 00        L0271:	ldy     #$00
001628r 1  18           	clc
001629r 1  A9 01        	lda     #$01
00162Br 1  71 rr        	adc     (sp),y
00162Dr 1  4C rr rr     	jmp     L058C
001630r 1  8A           L0590:	txa
001631r 1  4C rr rr     	jmp     incsp1
001634r 1               
001634r 1               .endproc
001634r 1               
001634r 1               ; ---------------------------------------------------------------
001634r 1               ; unsigned char __near__ raise_window (unsigned char)
001634r 1               ; ---------------------------------------------------------------
001634r 1               
001634r 1               .segment	"CODE"
001634r 1               
001634r 1               .proc	_raise_window: near
001634r 1               
001634r 1               .segment	"CODE"
001634r 1               
001634r 1  20 rr rr     	jsr     pusha
001637r 1  20 rr rr     	jsr     decsp4
00163Ar 1  A0 04        	ldy     #$04
00163Cr 1  B1 rr        	lda     (sp),y
00163Er 1  20 rr rr     	jsr     _window_by_handle
001641r 1  20 rr rr     	jsr     stax0sp
001644r 1  E0 00        	cpx     #$00
001646r 1  D0 04        	bne     L0597
001648r 1  C9 00        	cmp     #$00
00164Ar 1  F0 17        	beq     L0599
00164Cr 1  A0 01        L0597:	ldy     #$01
00164Er 1  B1 rr        	lda     (sp),y
001650r 1  85 rr        	sta     ptr1+1
001652r 1  88           	dey
001653r 1  B1 rr        	lda     (sp),y
001655r 1  85 rr        	sta     ptr1
001657r 1  A0 0A        	ldy     #$0A
001659r 1  B1 rr        	lda     (ptr1),y
00165Br 1  CD rr rr     	cmp     _active_count
00165Er 1  D0 06        	bne     L0285
001660r 1  A2 00        	ldx     #$00
001662r 1  8A           	txa
001663r 1  4C rr rr     L0599:	jmp     incsp5
001666r 1  A0 01        L0285:	ldy     #$01
001668r 1  B1 rr        	lda     (sp),y
00166Ar 1  85 rr        	sta     ptr1+1
00166Cr 1  88           	dey
00166Dr 1  B1 rr        	lda     (sp),y
00166Fr 1  85 rr        	sta     ptr1
001671r 1  A0 0A        	ldy     #$0A
001673r 1  B1 rr        	lda     (ptr1),y
001675r 1  A0 02        	ldy     #$02
001677r 1  91 rr        	sta     (sp),y
001679r 1  A9 00        	lda     #$00
00167Br 1  C8           	iny
00167Cr 1  91 rr        L0592:	sta     (sp),y
00167Er 1  C9 04        	cmp     #$04
001680r 1  B0 67        	bcs     L028D
001682r 1  B1 rr        	lda     (sp),y
001684r 1  20 rr rr     	jsr     pusha0
001687r 1  A9 11        	lda     #$11
001689r 1  20 rr rr     	jsr     tosmula0
00168Cr 1  85 rr        	sta     ptr1
00168Er 1  8A           	txa
00168Fr 1  18           	clc
001690r 1  69 rr        	adc     #>(_windows)
001692r 1  85 rr        	sta     ptr1+1
001694r 1  A0 rr        	ldy     #<(_windows)
001696r 1  B1 rr        	lda     (ptr1),y
001698r 1  F0 45        	beq     L028E
00169Ar 1  A0 03        	ldy     #$03
00169Cr 1  B1 rr        	lda     (sp),y
00169Er 1  20 rr rr     	jsr     pusha0
0016A1r 1  A9 11        	lda     #$11
0016A3r 1  20 rr rr     	jsr     tosmula0
0016A6r 1  18           	clc
0016A7r 1  69 rr        	adc     #<(_windows)
0016A9r 1  85 rr        	sta     ptr1
0016ABr 1  8A           	txa
0016ACr 1  69 rr        	adc     #>(_windows)
0016AEr 1  85 rr        	sta     ptr1+1
0016B0r 1  A0 0A        	ldy     #$0A
0016B2r 1  B1 rr        	lda     (ptr1),y
0016B4r 1  38           	sec
0016B5r 1  A0 02        	ldy     #$02
0016B7r 1  F1 rr        	sbc     (sp),y
0016B9r 1  85 rr        	sta     tmp1
0016BBr 1  A5 rr        	lda     tmp1
0016BDr 1  F0 20        	beq     L028E
0016BFr 1  90 1E        	bcc     L028E
0016C1r 1  C8           	iny
0016C2r 1  B1 rr        	lda     (sp),y
0016C4r 1  20 rr rr     	jsr     pusha0
0016C7r 1  A9 11        	lda     #$11
0016C9r 1  20 rr rr     	jsr     tosmula0
0016CCr 1  18           	clc
0016CDr 1  69 rr        	adc     #<(_windows)
0016CFr 1  85 rr        	sta     ptr1
0016D1r 1  8A           	txa
0016D2r 1  69 rr        	adc     #>(_windows)
0016D4r 1  85 rr        	sta     ptr1+1
0016D6r 1  A0 0A        	ldy     #$0A
0016D8r 1  B1 rr        	lda     (ptr1),y
0016DAr 1  38           	sec
0016DBr 1  E9 01        	sbc     #$01
0016DDr 1  91 rr        	sta     (ptr1),y
0016DFr 1  A0 03        L028E:	ldy     #$03
0016E1r 1  18           	clc
0016E2r 1  A9 01        	lda     #$01
0016E4r 1  71 rr        	adc     (sp),y
0016E6r 1  4C rr rr     	jmp     L0592
0016E9r 1  A0 01        L028D:	ldy     #$01
0016EBr 1  B1 rr        	lda     (sp),y
0016EDr 1  85 rr        	sta     ptr1+1
0016EFr 1  88           	dey
0016F0r 1  B1 rr        	lda     (sp),y
0016F2r 1  85 rr        	sta     ptr1
0016F4r 1  AD rr rr     	lda     _active_count
0016F7r 1  A0 0A        	ldy     #$0A
0016F9r 1  91 rr        	sta     (ptr1),y
0016FBr 1  A2 00        	ldx     #$00
0016FDr 1  A9 01        	lda     #$01
0016FFr 1  4C rr rr     	jmp     incsp5
001702r 1               
001702r 1               .endproc
001702r 1               
001702r 1               ; ---------------------------------------------------------------
001702r 1               ; unsigned char __near__ top_window_at (unsigned int, unsigned char)
001702r 1               ; ---------------------------------------------------------------
001702r 1               
001702r 1               .segment	"CODE"
001702r 1               
001702r 1               .proc	_top_window_at: near
001702r 1               
001702r 1               .segment	"CODE"
001702r 1               
001702r 1  20 rr rr     	jsr     pusha
001705r 1  20 rr rr     	jsr     decsp3
001708r 1  A9 00        	lda     #$00
00170Ar 1  A0 01        	ldy     #$01
00170Cr 1  91 rr        	sta     (sp),y
00170Er 1  88           	dey
00170Fr 1  91 rr        	sta     (sp),y
001711r 1  A0 02        	ldy     #$02
001713r 1  91 rr        L059A:	sta     (sp),y
001715r 1  C9 04        	cmp     #$04
001717r 1  90 03 4C rr  	jcs     L02A5
00171Br 1  rr           
00171Cr 1  B1 rr        	lda     (sp),y
00171Er 1  20 rr rr     	jsr     pusha0
001721r 1  A9 11        	lda     #$11
001723r 1  20 rr rr     	jsr     tosmula0
001726r 1  85 rr        	sta     ptr1
001728r 1  8A           	txa
001729r 1  18           	clc
00172Ar 1  69 rr        	adc     #>(_windows)
00172Cr 1  85 rr        	sta     ptr1+1
00172Er 1  A0 rr        	ldy     #<(_windows)
001730r 1  B1 rr        	lda     (ptr1),y
001732r 1  D0 03 4C rr  	jeq     L02A6
001736r 1  rr           
001737r 1  A0 02        	ldy     #$02
001739r 1  B1 rr        	lda     (sp),y
00173Br 1  20 rr rr     	jsr     pusha0
00173Er 1  A9 11        	lda     #$11
001740r 1  20 rr rr     	jsr     tosmula0
001743r 1  18           	clc
001744r 1  69 rr        	adc     #<(_windows)
001746r 1  85 rr        	sta     ptr1
001748r 1  8A           	txa
001749r 1  69 rr        	adc     #>(_windows)
00174Br 1  85 rr        	sta     ptr1+1
00174Dr 1  A0 03        	ldy     #$03
00174Fr 1  B1 rr        	lda     (ptr1),y
001751r 1  29 01        	and     #$01
001753r 1  D0 03 4C rr  	jeq     L02A6
001757r 1  rr           
001758r 1  20 rr rr     	jsr     decsp3
00175Br 1  A0 08        	ldy     #$08
00175Dr 1  B1 rr        	lda     (sp),y
00175Fr 1  AA           	tax
001760r 1  88           	dey
001761r 1  B1 rr        	lda     (sp),y
001763r 1  A0 01        	ldy     #$01
001765r 1  91 rr        	sta     (sp),y
001767r 1  C8           	iny
001768r 1  8A           	txa
001769r 1  91 rr        	sta     (sp),y
00176Br 1  A0 06        	ldy     #$06
00176Dr 1  B1 rr        	lda     (sp),y
00176Fr 1  A0 00        	ldy     #$00
001771r 1  91 rr        	sta     (sp),y
001773r 1  A0 05        	ldy     #$05
001775r 1  B1 rr        	lda     (sp),y
001777r 1  20 rr rr     	jsr     pusha0
00177Ar 1  A9 11        	lda     #$11
00177Cr 1  20 rr rr     	jsr     tosmula0
00177Fr 1  18           	clc
001780r 1  69 rr        	adc     #<(_windows)
001782r 1  A8           	tay
001783r 1  8A           	txa
001784r 1  69 rr        	adc     #>(_windows)
001786r 1  AA           	tax
001787r 1  98           	tya
001788r 1  20 rr rr     	jsr     _point_inside
00178Br 1  C9 00        	cmp     #$00
00178Dr 1  F0 4C        	beq     L02A6
00178Fr 1  A0 01        	ldy     #$01
001791r 1  B1 rr        	lda     (sp),y
001793r 1  F0 1F        	beq     L059F
001795r 1  C8           	iny
001796r 1  B1 rr        	lda     (sp),y
001798r 1  20 rr rr     	jsr     pusha0
00179Br 1  A9 11        	lda     #$11
00179Dr 1  20 rr rr     	jsr     tosmula0
0017A0r 1  18           	clc
0017A1r 1  69 rr        	adc     #<(_windows)
0017A3r 1  85 rr        	sta     ptr1
0017A5r 1  8A           	txa
0017A6r 1  69 rr        	adc     #>(_windows)
0017A8r 1  85 rr        	sta     ptr1+1
0017AAr 1  A0 0A        	ldy     #$0A
0017ACr 1  B1 rr        	lda     (ptr1),y
0017AEr 1  A0 00        	ldy     #$00
0017B0r 1  D1 rr        	cmp     (sp),y
0017B2r 1  90 27        	bcc     L02A6
0017B4r 1  A0 02        L059F:	ldy     #$02
0017B6r 1  B1 rr        	lda     (sp),y
0017B8r 1  18           	clc
0017B9r 1  69 01        	adc     #$01
0017BBr 1  88           	dey
0017BCr 1  91 rr        	sta     (sp),y
0017BEr 1  C8           	iny
0017BFr 1  B1 rr        	lda     (sp),y
0017C1r 1  20 rr rr     	jsr     pusha0
0017C4r 1  A9 11        	lda     #$11
0017C6r 1  20 rr rr     	jsr     tosmula0
0017C9r 1  18           	clc
0017CAr 1  69 rr        	adc     #<(_windows)
0017CCr 1  85 rr        	sta     ptr1
0017CEr 1  8A           	txa
0017CFr 1  69 rr        	adc     #>(_windows)
0017D1r 1  85 rr        	sta     ptr1+1
0017D3r 1  A0 0A        	ldy     #$0A
0017D5r 1  B1 rr        	lda     (ptr1),y
0017D7r 1  A0 00        	ldy     #$00
0017D9r 1  91 rr        	sta     (sp),y
0017DBr 1  A0 02        L02A6:	ldy     #$02
0017DDr 1  18           	clc
0017DEr 1  A9 01        	lda     #$01
0017E0r 1  71 rr        	adc     (sp),y
0017E2r 1  4C rr rr     	jmp     L059A
0017E5r 1  88           L02A5:	dey
0017E6r 1  A2 00        	ldx     #$00
0017E8r 1  B1 rr        	lda     (sp),y
0017EAr 1  4C rr rr     	jmp     incsp6
0017EDr 1               
0017EDr 1               .endproc
0017EDr 1               
0017EDr 1               ; ---------------------------------------------------------------
0017EDr 1               ; unsigned char __near__ close_hit (unsigned int, unsigned char, __near__ const struct udeks_window *)
0017EDr 1               ; ---------------------------------------------------------------
0017EDr 1               
0017EDr 1               .segment	"CODE"
0017EDr 1               
0017EDr 1               .proc	_close_hit: near
0017EDr 1               
0017EDr 1               .segment	"CODE"
0017EDr 1               
0017EDr 1  20 rr rr     	jsr     pushax
0017F0r 1  20 rr rr     	jsr     decsp2
0017F3r 1  A0 03        	ldy     #$03
0017F5r 1  B1 rr        	lda     (sp),y
0017F7r 1  85 rr        	sta     ptr1+1
0017F9r 1  88           	dey
0017FAr 1  B1 rr        	lda     (sp),y
0017FCr 1  85 rr        	sta     ptr1
0017FEr 1  C8           	iny
0017FFr 1  B1 rr        	lda     (ptr1),y
001801r 1  29 04        	and     #$04
001803r 1  D0 04        	bne     L05A0
001805r 1  AA           	tax
001806r 1  4C rr rr     	jmp     incsp7
001809r 1  B1 rr        L05A0:	lda     (sp),y
00180Br 1  85 rr        	sta     ptr1+1
00180Dr 1  88           	dey
00180Er 1  B1 rr        	lda     (sp),y
001810r 1  85 rr        	sta     ptr1
001812r 1  A0 05        	ldy     #$05
001814r 1  B1 rr        	lda     (ptr1),y
001816r 1  AA           	tax
001817r 1  88           	dey
001818r 1  B1 rr        	lda     (ptr1),y
00181Ar 1  20 rr rr     	jsr     pushax
00181Dr 1  A0 05        	ldy     #$05
00181Fr 1  B1 rr        	lda     (sp),y
001821r 1  85 rr        	sta     ptr1+1
001823r 1  88           	dey
001824r 1  B1 rr        	lda     (sp),y
001826r 1  85 rr        	sta     ptr1
001828r 1  A0 08        	ldy     #$08
00182Ar 1  B1 rr        	lda     (ptr1),y
00182Cr 1  AA           	tax
00182Dr 1  88           	dey
00182Er 1  B1 rr        	lda     (ptr1),y
001830r 1  20 rr rr     	jsr     tosaddax
001833r 1  38           	sec
001834r 1  E9 0C        	sbc     #$0C
001836r 1  B0 01        	bcs     L02CB
001838r 1  CA           	dex
001839r 1  20 rr rr     L02CB:	jsr     stax0sp
00183Cr 1  A0 06        	ldy     #$06
00183Er 1  B1 rr        	lda     (sp),y
001840r 1  AA           	tax
001841r 1  88           	dey
001842r 1  B1 rr        	lda     (sp),y
001844r 1  A0 00        	ldy     #$00
001846r 1  D1 rr        	cmp     (sp),y
001848r 1  8A           	txa
001849r 1  C8           	iny
00184Ar 1  F1 rr        	sbc     (sp),y
00184Cr 1  A9 00        	lda     #$00
00184Er 1  AA           	tax
00184Fr 1  90 66        	bcc     L02C3
001851r 1  A0 08        	ldy     #$08
001853r 1  20 rr rr     	jsr     pushwysp
001856r 1  A0 03        	ldy     #$03
001858r 1  B1 rr        	lda     (sp),y
00185Ar 1  AA           	tax
00185Br 1  88           	dey
00185Cr 1  B1 rr        	lda     (sp),y
00185Er 1  18           	clc
00185Fr 1  69 08        	adc     #$08
001861r 1  90 01        	bcc     L02CE
001863r 1  E8           	inx
001864r 1  20 rr rr     L02CE:	jsr     tosicmp
001867r 1  B0 44        	bcs     L02CD
001869r 1  A0 04        	ldy     #$04
00186Br 1  B1 rr        	lda     (sp),y
00186Dr 1  20 rr rr     	jsr     pusha0
001870r 1  A0 05        	ldy     #$05
001872r 1  B1 rr        	lda     (sp),y
001874r 1  85 rr        	sta     ptr1+1
001876r 1  88           	dey
001877r 1  B1 rr        	lda     (sp),y
001879r 1  85 rr        	sta     ptr1
00187Br 1  A0 06        	ldy     #$06
00187Dr 1  B1 rr        	lda     (ptr1),y
00187Fr 1  18           	clc
001880r 1  69 03        	adc     #$03
001882r 1  90 02        	bcc     L02CF
001884r 1  A2 01        	ldx     #$01
001886r 1  20 rr rr     L02CF:	jsr     tosicmp
001889r 1  90 22        	bcc     L02CD
00188Br 1  A0 04        	ldy     #$04
00188Dr 1  B1 rr        	lda     (sp),y
00188Fr 1  20 rr rr     	jsr     pusha0
001892r 1  A0 05        	ldy     #$05
001894r 1  B1 rr        	lda     (sp),y
001896r 1  85 rr        	sta     ptr1+1
001898r 1  88           	dey
001899r 1  B1 rr        	lda     (sp),y
00189Br 1  85 rr        	sta     ptr1
00189Dr 1  A0 06        	ldy     #$06
00189Fr 1  B1 rr        	lda     (ptr1),y
0018A1r 1  18           	clc
0018A2r 1  69 0B        	adc     #$0B
0018A4r 1  90 02        	bcc     L02D0
0018A6r 1  A2 01        	ldx     #$01
0018A8r 1  20 rr rr     L02D0:	jsr     tosicmp
0018ABr 1  90 06        	bcc     L02CC
0018ADr 1  A2 00        L02CD:	ldx     #$00
0018AFr 1  8A           	txa
0018B0r 1  4C rr rr     	jmp     incsp7
0018B3r 1  A9 01        L02CC:	lda     #$01
0018B5r 1  A2 00        	ldx     #$00
0018B7r 1  4C rr rr     L02C3:	jmp     incsp7
0018BAr 1               
0018BAr 1               .endproc
0018BAr 1               
0018BAr 1               ; ---------------------------------------------------------------
0018BAr 1               ; unsigned char __near__ title_hit (unsigned int, unsigned char, __near__ const struct udeks_window *)
0018BAr 1               ; ---------------------------------------------------------------
0018BAr 1               
0018BAr 1               .segment	"CODE"
0018BAr 1               
0018BAr 1               .proc	_title_hit: near
0018BAr 1               
0018BAr 1               .segment	"CODE"
0018BAr 1               
0018BAr 1  20 rr rr     	jsr     pushax
0018BDr 1  A0 01        	ldy     #$01
0018BFr 1  B1 rr        	lda     (sp),y
0018C1r 1  85 rr        	sta     ptr1+1
0018C3r 1  88           	dey
0018C4r 1  B1 rr        	lda     (sp),y
0018C6r 1  85 rr        	sta     ptr1
0018C8r 1  A0 03        	ldy     #$03
0018CAr 1  B1 rr        	lda     (ptr1),y
0018CCr 1  A2 00        	ldx     #$00
0018CEr 1  29 02        	and     #$02
0018D0r 1  D0 03        	bne     L05A6
0018D2r 1  4C rr rr     	jmp     incsp5
0018D5r 1  A0 06        L05A6:	ldy     #$06
0018D7r 1  20 rr rr     	jsr     pushwysp
0018DAr 1  A0 03        	ldy     #$03
0018DCr 1  B1 rr        	lda     (sp),y
0018DEr 1  85 rr        	sta     ptr1+1
0018E0r 1  88           	dey
0018E1r 1  B1 rr        	lda     (sp),y
0018E3r 1  85 rr        	sta     ptr1
0018E5r 1  A0 05        	ldy     #$05
0018E7r 1  B1 rr        	lda     (ptr1),y
0018E9r 1  AA           	tax
0018EAr 1  88           	dey
0018EBr 1  B1 rr        	lda     (ptr1),y
0018EDr 1  20 rr rr     	jsr     tosicmp
0018F0r 1  90 73        	bcc     L02D6
0018F2r 1  A0 06        	ldy     #$06
0018F4r 1  20 rr rr     	jsr     pushwysp
0018F7r 1  A0 03        	ldy     #$03
0018F9r 1  B1 rr        	lda     (sp),y
0018FBr 1  85 rr        	sta     ptr1+1
0018FDr 1  88           	dey
0018FEr 1  B1 rr        	lda     (sp),y
001900r 1  85 rr        	sta     ptr1
001902r 1  A0 05        	ldy     #$05
001904r 1  B1 rr        	lda     (ptr1),y
001906r 1  AA           	tax
001907r 1  88           	dey
001908r 1  B1 rr        	lda     (ptr1),y
00190Ar 1  20 rr rr     	jsr     pushax
00190Dr 1  A0 05        	ldy     #$05
00190Fr 1  B1 rr        	lda     (sp),y
001911r 1  85 rr        	sta     ptr1+1
001913r 1  88           	dey
001914r 1  B1 rr        	lda     (sp),y
001916r 1  85 rr        	sta     ptr1
001918r 1  A0 08        	ldy     #$08
00191Ar 1  B1 rr        	lda     (ptr1),y
00191Cr 1  AA           	tax
00191Dr 1  88           	dey
00191Er 1  B1 rr        	lda     (ptr1),y
001920r 1  20 rr rr     	jsr     tosaddax
001923r 1  20 rr rr     	jsr     tosicmp
001926r 1  B0 3D        	bcs     L02D6
001928r 1  A0 02        	ldy     #$02
00192Ar 1  B1 rr        	lda     (sp),y
00192Cr 1  20 rr rr     	jsr     pusha0
00192Fr 1  A0 03        	ldy     #$03
001931r 1  B1 rr        	lda     (sp),y
001933r 1  85 rr        	sta     ptr1+1
001935r 1  88           	dey
001936r 1  B1 rr        	lda     (sp),y
001938r 1  85 rr        	sta     ptr1
00193Ar 1  A0 06        	ldy     #$06
00193Cr 1  B1 rr        	lda     (ptr1),y
00193Er 1  20 rr rr     	jsr     tosicmp0
001941r 1  90 22        	bcc     L02D6
001943r 1  A0 02        	ldy     #$02
001945r 1  B1 rr        	lda     (sp),y
001947r 1  20 rr rr     	jsr     pusha0
00194Ar 1  A0 03        	ldy     #$03
00194Cr 1  B1 rr        	lda     (sp),y
00194Er 1  85 rr        	sta     ptr1+1
001950r 1  88           	dey
001951r 1  B1 rr        	lda     (sp),y
001953r 1  85 rr        	sta     ptr1
001955r 1  A0 06        	ldy     #$06
001957r 1  B1 rr        	lda     (ptr1),y
001959r 1  18           	clc
00195Ar 1  69 0D        	adc     #$0D
00195Cr 1  90 02        	bcc     L02D7
00195Er 1  A2 01        	ldx     #$01
001960r 1  20 rr rr     L02D7:	jsr     tosicmp
001963r 1  90 06        	bcc     L02D3
001965r 1  A2 00        L02D6:	ldx     #$00
001967r 1  8A           	txa
001968r 1  4C rr rr     	jmp     incsp5
00196Br 1  A9 01        L02D3:	lda     #$01
00196Dr 1  A2 00        	ldx     #$00
00196Fr 1  4C rr rr     	jmp     incsp5
001972r 1               
001972r 1               .endproc
001972r 1               
001972r 1               ; ---------------------------------------------------------------
001972r 1               ; unsigned char __near__ resize_hit (unsigned int, unsigned char, __near__ const struct udeks_window *)
001972r 1               ; ---------------------------------------------------------------
001972r 1               
001972r 1               .segment	"CODE"
001972r 1               
001972r 1               .proc	_resize_hit: near
001972r 1               
001972r 1               .segment	"CODE"
001972r 1               
001972r 1  20 rr rr     	jsr     pushax
001975r 1  A0 01        	ldy     #$01
001977r 1  B1 rr        	lda     (sp),y
001979r 1  85 rr        	sta     ptr1+1
00197Br 1  88           	dey
00197Cr 1  B1 rr        	lda     (sp),y
00197Er 1  85 rr        	sta     ptr1
001980r 1  A0 03        	ldy     #$03
001982r 1  B1 rr        	lda     (ptr1),y
001984r 1  A2 00        	ldx     #$00
001986r 1  29 08        	and     #$08
001988r 1  F0 7C        	beq     L05A9
00198Ar 1  A0 06        	ldy     #$06
00198Cr 1  20 rr rr     	jsr     pushwysp
00198Fr 1  A0 03        	ldy     #$03
001991r 1  B1 rr        	lda     (sp),y
001993r 1  85 rr        	sta     ptr1+1
001995r 1  88           	dey
001996r 1  B1 rr        	lda     (sp),y
001998r 1  85 rr        	sta     ptr1
00199Ar 1  A0 05        	ldy     #$05
00199Cr 1  B1 rr        	lda     (ptr1),y
00199Er 1  AA           	tax
00199Fr 1  88           	dey
0019A0r 1  B1 rr        	lda     (ptr1),y
0019A2r 1  20 rr rr     	jsr     pushax
0019A5r 1  A0 05        	ldy     #$05
0019A7r 1  B1 rr        	lda     (sp),y
0019A9r 1  85 rr        	sta     ptr1+1
0019ABr 1  88           	dey
0019ACr 1  B1 rr        	lda     (sp),y
0019AEr 1  85 rr        	sta     ptr1
0019B0r 1  A0 08        	ldy     #$08
0019B2r 1  B1 rr        	lda     (ptr1),y
0019B4r 1  AA           	tax
0019B5r 1  88           	dey
0019B6r 1  B1 rr        	lda     (ptr1),y
0019B8r 1  20 rr rr     	jsr     tosaddax
0019BBr 1  38           	sec
0019BCr 1  E9 0A        	sbc     #$0A
0019BEr 1  B0 01        	bcs     L02DE
0019C0r 1  CA           	dex
0019C1r 1  20 rr rr     L02DE:	jsr     tosicmp
0019C4r 1  90 36        	bcc     L02DD
0019C6r 1  A0 02        	ldy     #$02
0019C8r 1  B1 rr        	lda     (sp),y
0019CAr 1  20 rr rr     	jsr     pusha0
0019CDr 1  A0 03        	ldy     #$03
0019CFr 1  B1 rr        	lda     (sp),y
0019D1r 1  85 rr        	sta     ptr1+1
0019D3r 1  88           	dey
0019D4r 1  B1 rr        	lda     (sp),y
0019D6r 1  85 rr        	sta     ptr1
0019D8r 1  A0 06        	ldy     #$06
0019DAr 1  B1 rr        	lda     (ptr1),y
0019DCr 1  20 rr rr     	jsr     pusha0
0019DFr 1  A0 05        	ldy     #$05
0019E1r 1  B1 rr        	lda     (sp),y
0019E3r 1  85 rr        	sta     ptr1+1
0019E5r 1  88           	dey
0019E6r 1  B1 rr        	lda     (sp),y
0019E8r 1  85 rr        	sta     ptr1
0019EAr 1  A0 09        	ldy     #$09
0019ECr 1  B1 rr        	lda     (ptr1),y
0019EEr 1  20 rr rr     	jsr     tosadda0
0019F1r 1  38           	sec
0019F2r 1  E9 0A        	sbc     #$0A
0019F4r 1  B0 01        	bcs     L02DF
0019F6r 1  CA           	dex
0019F7r 1  20 rr rr     L02DF:	jsr     tosicmp
0019FAr 1  B0 06        	bcs     L02DA
0019FCr 1  A2 00        L02DD:	ldx     #$00
0019FEr 1  8A           	txa
0019FFr 1  4C rr rr     	jmp     incsp5
001A02r 1  A9 01        L02DA:	lda     #$01
001A04r 1  A2 00        	ldx     #$00
001A06r 1  4C rr rr     L05A9:	jmp     incsp5
001A09r 1               
001A09r 1               .endproc
001A09r 1               
001A09r 1               ; ---------------------------------------------------------------
001A09r 1               ; void __near__ begin_drag (unsigned char, unsigned int, unsigned char, unsigned char)
001A09r 1               ; ---------------------------------------------------------------
001A09r 1               
001A09r 1               .segment	"CODE"
001A09r 1               
001A09r 1               .proc	_begin_drag: near
001A09r 1               
001A09r 1               .segment	"CODE"
001A09r 1               
001A09r 1  20 rr rr     	jsr     pusha
001A0Cr 1  20 rr rr     	jsr     decsp2
001A0Fr 1  A0 06        	ldy     #$06
001A11r 1  B1 rr        	lda     (sp),y
001A13r 1  20 rr rr     	jsr     _window_by_handle
001A16r 1  20 rr rr     	jsr     stax0sp
001A19r 1  E0 00        	cpx     #$00
001A1Br 1  D0 07        	bne     L05AA
001A1Dr 1  C9 00        	cmp     #$00
001A1Fr 1  D0 03        	bne     L05AA
001A21r 1  4C rr rr     	jmp     incsp7
001A24r 1  A0 06        L05AA:	ldy     #$06
001A26r 1  B1 rr        	lda     (sp),y
001A28r 1  8D rr rr     	sta     _dragging_handle
001A2Br 1  A0 02        	ldy     #$02
001A2Dr 1  B1 rr        	lda     (sp),y
001A2Fr 1  8D rr rr     	sta     _drag_mode
001A32r 1  A0 07        	ldy     #$07
001A34r 1  20 rr rr     	jsr     pushwysp
001A37r 1  A0 03        	ldy     #$03
001A39r 1  B1 rr        	lda     (sp),y
001A3Br 1  85 rr        	sta     ptr1+1
001A3Dr 1  88           	dey
001A3Er 1  B1 rr        	lda     (sp),y
001A40r 1  85 rr        	sta     ptr1
001A42r 1  A0 05        	ldy     #$05
001A44r 1  B1 rr        	lda     (ptr1),y
001A46r 1  AA           	tax
001A47r 1  88           	dey
001A48r 1  B1 rr        	lda     (ptr1),y
001A4Ar 1  20 rr rr     	jsr     tossubax
001A4Dr 1  8D rr rr     	sta     _drag_pointer_x
001A50r 1  8E rr rr     	stx     _drag_pointer_x+1
001A53r 1  A0 03        	ldy     #$03
001A55r 1  B1 rr        	lda     (sp),y
001A57r 1  20 rr rr     	jsr     pusha0
001A5Ar 1  A0 03        	ldy     #$03
001A5Cr 1  B1 rr        	lda     (sp),y
001A5Er 1  85 rr        	sta     ptr1+1
001A60r 1  88           	dey
001A61r 1  B1 rr        	lda     (sp),y
001A63r 1  85 rr        	sta     ptr1
001A65r 1  A0 06        	ldy     #$06
001A67r 1  B1 rr        	lda     (ptr1),y
001A69r 1  20 rr rr     	jsr     tossuba0
001A6Cr 1  8D rr rr     	sta     _drag_pointer_y
001A6Fr 1  A0 01        	ldy     #$01
001A71r 1  B1 rr        	lda     (sp),y
001A73r 1  85 rr        	sta     ptr1+1
001A75r 1  88           	dey
001A76r 1  B1 rr        	lda     (sp),y
001A78r 1  85 rr        	sta     ptr1
001A7Ar 1  A0 05        	ldy     #$05
001A7Cr 1  B1 rr        	lda     (ptr1),y
001A7Er 1  8D rr rr     	sta     _drag_x+1
001A81r 1  88           	dey
001A82r 1  B1 rr        	lda     (ptr1),y
001A84r 1  8D rr rr     	sta     _drag_x
001A87r 1  A0 01        	ldy     #$01
001A89r 1  B1 rr        	lda     (sp),y
001A8Br 1  85 rr        	sta     ptr1+1
001A8Dr 1  88           	dey
001A8Er 1  B1 rr        	lda     (sp),y
001A90r 1  85 rr        	sta     ptr1
001A92r 1  A0 06        	ldy     #$06
001A94r 1  B1 rr        	lda     (ptr1),y
001A96r 1  8D rr rr     	sta     _drag_y
001A99r 1  A0 01        	ldy     #$01
001A9Br 1  B1 rr        	lda     (sp),y
001A9Dr 1  85 rr        	sta     ptr1+1
001A9Fr 1  88           	dey
001AA0r 1  B1 rr        	lda     (sp),y
001AA2r 1  85 rr        	sta     ptr1
001AA4r 1  A0 08        	ldy     #$08
001AA6r 1  B1 rr        	lda     (ptr1),y
001AA8r 1  8D rr rr     	sta     _drag_width+1
001AABr 1  88           	dey
001AACr 1  B1 rr        	lda     (ptr1),y
001AAEr 1  8D rr rr     	sta     _drag_width
001AB1r 1  A0 01        	ldy     #$01
001AB3r 1  B1 rr        	lda     (sp),y
001AB5r 1  85 rr        	sta     ptr1+1
001AB7r 1  88           	dey
001AB8r 1  B1 rr        	lda     (sp),y
001ABAr 1  85 rr        	sta     ptr1
001ABCr 1  A0 09        	ldy     #$09
001ABEr 1  B1 rr        	lda     (ptr1),y
001AC0r 1  8D rr rr     	sta     _drag_height
001AC3r 1  A0 01        	ldy     #$01
001AC5r 1  B1 rr        	lda     (sp),y
001AC7r 1  AA           	tax
001AC8r 1  88           	dey
001AC9r 1  B1 rr        	lda     (sp),y
001ACBr 1  20 rr rr     	jsr     _damage_set
001ACEr 1  A0 06        	ldy     #$06
001AD0r 1  B1 rr        	lda     (sp),y
001AD2r 1  20 rr rr     	jsr     _compose_damage
001AD5r 1  20 rr rr     	jsr     decsp5
001AD8r 1  AD rr rr     	lda     _drag_x
001ADBr 1  A0 03        	ldy     #$03
001ADDr 1  91 rr        	sta     (sp),y
001ADFr 1  C8           	iny
001AE0r 1  AD rr rr     	lda     _drag_x+1
001AE3r 1  91 rr        	sta     (sp),y
001AE5r 1  AD rr rr     	lda     _drag_y
001AE8r 1  A0 02        	ldy     #$02
001AEAr 1  91 rr        	sta     (sp),y
001AECr 1  A0 06        	ldy     #$06
001AEEr 1  B1 rr        	lda     (sp),y
001AF0r 1  85 rr        	sta     ptr1+1
001AF2r 1  88           	dey
001AF3r 1  B1 rr        	lda     (sp),y
001AF5r 1  85 rr        	sta     ptr1
001AF7r 1  A0 08        	ldy     #$08
001AF9r 1  B1 rr        	lda     (ptr1),y
001AFBr 1  AA           	tax
001AFCr 1  88           	dey
001AFDr 1  B1 rr        	lda     (ptr1),y
001AFFr 1  A0 00        	ldy     #$00
001B01r 1  91 rr        	sta     (sp),y
001B03r 1  C8           	iny
001B04r 1  8A           	txa
001B05r 1  91 rr        	sta     (sp),y
001B07r 1  A0 06        	ldy     #$06
001B09r 1  B1 rr        	lda     (sp),y
001B0Br 1  85 rr        	sta     ptr1+1
001B0Dr 1  88           	dey
001B0Er 1  B1 rr        	lda     (sp),y
001B10r 1  85 rr        	sta     ptr1
001B12r 1  A0 09        	ldy     #$09
001B14r 1  B1 rr        	lda     (ptr1),y
001B16r 1  20 rr rr     	jsr     _udeks_vic_bitmap_outline_toggle
001B19r 1  A9 18        	lda     #$18
001B1Br 1  20 rr rr     	jsr     _increment_counter
001B1Er 1  4C rr rr     	jmp     incsp7
001B21r 1               
001B21r 1               .endproc
001B21r 1               
001B21r 1               ; ---------------------------------------------------------------
001B21r 1               ; void __near__ move_drag (unsigned int, unsigned char)
001B21r 1               ; ---------------------------------------------------------------
001B21r 1               
001B21r 1               .segment	"CODE"
001B21r 1               
001B21r 1               .proc	_move_drag: near
001B21r 1               
001B21r 1               .segment	"CODE"
001B21r 1               
001B21r 1  20 rr rr     	jsr     pusha
001B24r 1  20 rr rr     	jsr     decsp5
001B27r 1  AD rr rr     	lda     _dragging_handle
001B2Ar 1  20 rr rr     	jsr     _window_by_handle
001B2Dr 1  A0 03        	ldy     #$03
001B2Fr 1  20 rr rr     	jsr     staxysp
001B32r 1  E0 00        	cpx     #$00
001B34r 1  D0 0A        	bne     L0308
001B36r 1  C9 00        	cmp     #$00
001B38r 1  D0 06        	bne     L0308
001B3Ar 1  8D rr rr     	sta     _dragging_handle
001B3Dr 1  4C rr rr     	jmp     incsp8
001B40r 1  A0 07        L0308:	ldy     #$07
001B42r 1  B1 rr        	lda     (sp),y
001B44r 1  AA           	tax
001B45r 1  88           	dey
001B46r 1  B1 rr        	lda     (sp),y
001B48r 1  38           	sec
001B49r 1  ED rr rr     	sbc     _drag_pointer_x
001B4Cr 1  85 rr        	sta     tmp1
001B4Er 1  8A           	txa
001B4Fr 1  ED rr rr     	sbc     _drag_pointer_x+1
001B52r 1  05 rr        	ora     tmp1
001B54r 1  90 17        	bcc     L030F
001B56r 1  F0 15        	beq     L030F
001B58r 1  C8           	iny
001B59r 1  B1 rr        	lda     (sp),y
001B5Br 1  AA           	tax
001B5Cr 1  88           	dey
001B5Dr 1  B1 rr        	lda     (sp),y
001B5Fr 1  38           	sec
001B60r 1  ED rr rr     	sbc     _drag_pointer_x
001B63r 1  48           	pha
001B64r 1  8A           	txa
001B65r 1  ED rr rr     	sbc     _drag_pointer_x+1
001B68r 1  AA           	tax
001B69r 1  68           	pla
001B6Ar 1  4C rr rr     	jmp     L0311
001B6Dr 1  A2 00        L030F:	ldx     #$00
001B6Fr 1  8A           	txa
001B70r 1  A0 01        L0311:	ldy     #$01
001B72r 1  20 rr rr     	jsr     staxysp
001B75r 1  A0 05        	ldy     #$05
001B77r 1  B1 rr        	lda     (sp),y
001B79r 1  38           	sec
001B7Ar 1  ED rr rr     	sbc     _drag_pointer_y
001B7Dr 1  90 0B        	bcc     L05AD
001B7Fr 1  F0 09        	beq     L05AD
001B81r 1  B1 rr        	lda     (sp),y
001B83r 1  38           	sec
001B84r 1  ED rr rr     	sbc     _drag_pointer_y
001B87r 1  4C rr rr     	jmp     L05AE
001B8Ar 1  A9 00        L05AD:	lda     #$00
001B8Cr 1  A0 00        L05AE:	ldy     #$00
001B8Er 1  91 rr        	sta     (sp),y
001B90r 1  A0 04        	ldy     #$04
001B92r 1  20 rr rr     	jsr     pushwysp
001B95r 1  A2 01        	ldx     #$01
001B97r 1  A9 40        	lda     #$40
001B99r 1  20 rr rr     	jsr     pushax
001B9Cr 1  A0 08        	ldy     #$08
001B9Er 1  B1 rr        	lda     (sp),y
001BA0r 1  85 rr        	sta     ptr1+1
001BA2r 1  88           	dey
001BA3r 1  B1 rr        	lda     (sp),y
001BA5r 1  85 rr        	sta     ptr1
001BA7r 1  C8           	iny
001BA8r 1  B1 rr        	lda     (ptr1),y
001BAAr 1  AA           	tax
001BABr 1  88           	dey
001BACr 1  B1 rr        	lda     (ptr1),y
001BAEr 1  20 rr rr     	jsr     tossubax
001BB1r 1  20 rr rr     	jsr     tosicmp
001BB4r 1  90 24        	bcc     L031A
001BB6r 1  F0 22        	beq     L031A
001BB8r 1  A2 01        	ldx     #$01
001BBAr 1  A9 40        	lda     #$40
001BBCr 1  20 rr rr     	jsr     pushax
001BBFr 1  A0 06        	ldy     #$06
001BC1r 1  B1 rr        	lda     (sp),y
001BC3r 1  85 rr        	sta     ptr1+1
001BC5r 1  88           	dey
001BC6r 1  B1 rr        	lda     (sp),y
001BC8r 1  85 rr        	sta     ptr1
001BCAr 1  A0 08        	ldy     #$08
001BCCr 1  B1 rr        	lda     (ptr1),y
001BCEr 1  AA           	tax
001BCFr 1  88           	dey
001BD0r 1  B1 rr        	lda     (ptr1),y
001BD2r 1  20 rr rr     	jsr     tossubax
001BD5r 1  A0 01        	ldy     #$01
001BD7r 1  20 rr rr     	jsr     staxysp
001BDAr 1  A2 00        L031A:	ldx     #$00
001BDCr 1  A1 rr        	lda     (sp,x)
001BDEr 1  20 rr rr     	jsr     pusha0
001BE1r 1  A9 C8        	lda     #$C8
001BE3r 1  20 rr rr     	jsr     pusha0
001BE6r 1  A0 08        	ldy     #$08
001BE8r 1  B1 rr        	lda     (sp),y
001BEAr 1  85 rr        	sta     ptr1+1
001BECr 1  88           	dey
001BEDr 1  B1 rr        	lda     (sp),y
001BEFr 1  85 rr        	sta     ptr1
001BF1r 1  A0 09        	ldy     #$09
001BF3r 1  B1 rr        	lda     (ptr1),y
001BF5r 1  20 rr rr     	jsr     tossuba0
001BF8r 1  20 rr rr     	jsr     tosicmp
001BFBr 1  90 1D        	bcc     L031E
001BFDr 1  F0 1B        	beq     L031E
001BFFr 1  A9 C8        	lda     #$C8
001C01r 1  20 rr rr     	jsr     pusha0
001C04r 1  A0 06        	ldy     #$06
001C06r 1  B1 rr        	lda     (sp),y
001C08r 1  85 rr        	sta     ptr1+1
001C0Ar 1  88           	dey
001C0Br 1  B1 rr        	lda     (sp),y
001C0Dr 1  85 rr        	sta     ptr1
001C0Fr 1  A0 09        	ldy     #$09
001C11r 1  B1 rr        	lda     (ptr1),y
001C13r 1  20 rr rr     	jsr     tossuba0
001C16r 1  A0 00        	ldy     #$00
001C18r 1  91 rr        	sta     (sp),y
001C1Ar 1  A0 02        L031E:	ldy     #$02
001C1Cr 1  B1 rr        	lda     (sp),y
001C1Er 1  AA           	tax
001C1Fr 1  88           	dey
001C20r 1  B1 rr        	lda     (sp),y
001C22r 1  EC rr rr     	cpx     _drag_x+1
001C25r 1  D0 0D        	bne     L0322
001C27r 1  CD rr rr     	cmp     _drag_x
001C2Ar 1  D0 08        	bne     L0322
001C2Cr 1  88           	dey
001C2Dr 1  B1 rr        	lda     (sp),y
001C2Fr 1  CD rr rr     	cmp     _drag_y
001C32r 1  F0 77        	beq     L0304
001C34r 1  20 rr rr     L0322:	jsr     _udeks_vic_bitmap_reset_clip
001C37r 1  20 rr rr     	jsr     decsp8
001C3Ar 1  AD rr rr     	lda     _drag_x
001C3Dr 1  A0 06        	ldy     #$06
001C3Fr 1  91 rr        	sta     (sp),y
001C41r 1  C8           	iny
001C42r 1  AD rr rr     	lda     _drag_x+1
001C45r 1  91 rr        	sta     (sp),y
001C47r 1  AD rr rr     	lda     _drag_y
001C4Ar 1  A0 05        	ldy     #$05
001C4Cr 1  91 rr        	sta     (sp),y
001C4Er 1  A0 0A        	ldy     #$0A
001C50r 1  B1 rr        	lda     (sp),y
001C52r 1  AA           	tax
001C53r 1  88           	dey
001C54r 1  B1 rr        	lda     (sp),y
001C56r 1  A0 03        	ldy     #$03
001C58r 1  91 rr        	sta     (sp),y
001C5Ar 1  C8           	iny
001C5Br 1  8A           	txa
001C5Cr 1  91 rr        	sta     (sp),y
001C5Er 1  A0 08        	ldy     #$08
001C60r 1  B1 rr        	lda     (sp),y
001C62r 1  A0 02        	ldy     #$02
001C64r 1  91 rr        	sta     (sp),y
001C66r 1  A0 0C        	ldy     #$0C
001C68r 1  B1 rr        	lda     (sp),y
001C6Ar 1  85 rr        	sta     ptr1+1
001C6Cr 1  88           	dey
001C6Dr 1  B1 rr        	lda     (sp),y
001C6Fr 1  85 rr        	sta     ptr1
001C71r 1  A0 08        	ldy     #$08
001C73r 1  B1 rr        	lda     (ptr1),y
001C75r 1  AA           	tax
001C76r 1  88           	dey
001C77r 1  B1 rr        	lda     (ptr1),y
001C79r 1  A0 00        	ldy     #$00
001C7Br 1  91 rr        	sta     (sp),y
001C7Dr 1  C8           	iny
001C7Er 1  8A           	txa
001C7Fr 1  91 rr        	sta     (sp),y
001C81r 1  A0 0C        	ldy     #$0C
001C83r 1  B1 rr        	lda     (sp),y
001C85r 1  85 rr        	sta     ptr1+1
001C87r 1  88           	dey
001C88r 1  B1 rr        	lda     (sp),y
001C8Ar 1  85 rr        	sta     ptr1
001C8Cr 1  A0 09        	ldy     #$09
001C8Er 1  B1 rr        	lda     (ptr1),y
001C90r 1  20 rr rr     	jsr     _udeks_vic_bitmap_outline_move
001C93r 1  A0 02        	ldy     #$02
001C95r 1  B1 rr        	lda     (sp),y
001C97r 1  8D rr rr     	sta     _drag_x+1
001C9Ar 1  88           	dey
001C9Br 1  B1 rr        	lda     (sp),y
001C9Dr 1  8D rr rr     	sta     _drag_x
001CA0r 1  88           	dey
001CA1r 1  B1 rr        	lda     (sp),y
001CA3r 1  8D rr rr     	sta     _drag_y
001CA6r 1  A9 16        	lda     #$16
001CA8r 1  20 rr rr     	jsr     _increment_counter
001CABr 1  4C rr rr     L0304:	jmp     incsp8
001CAEr 1               
001CAEr 1               .endproc
001CAEr 1               
001CAEr 1               ; ---------------------------------------------------------------
001CAEr 1               ; void __near__ resize_drag (unsigned int, unsigned char)
001CAEr 1               ; ---------------------------------------------------------------
001CAEr 1               
001CAEr 1               .segment	"CODE"
001CAEr 1               
001CAEr 1               .proc	_resize_drag: near
001CAEr 1               
001CAEr 1               .segment	"CODE"
001CAEr 1               
001CAEr 1  20 rr rr     	jsr     pusha
001CB1r 1  20 rr rr     	jsr     decsp3
001CB4r 1  A0 05        	ldy     #$05
001CB6r 1  B1 rr        	lda     (sp),y
001CB8r 1  AA           	tax
001CB9r 1  88           	dey
001CBAr 1  B1 rr        	lda     (sp),y
001CBCr 1  38           	sec
001CBDr 1  ED rr rr     	sbc     _drag_x
001CC0r 1  85 rr        	sta     tmp1
001CC2r 1  8A           	txa
001CC3r 1  ED rr rr     	sbc     _drag_x+1
001CC6r 1  05 rr        	ora     tmp1
001CC8r 1  90 1D        	bcc     L0337
001CCAr 1  F0 1B        	beq     L0337
001CCCr 1  C8           	iny
001CCDr 1  B1 rr        	lda     (sp),y
001CCFr 1  AA           	tax
001CD0r 1  88           	dey
001CD1r 1  B1 rr        	lda     (sp),y
001CD3r 1  38           	sec
001CD4r 1  ED rr rr     	sbc     _drag_x
001CD7r 1  48           	pha
001CD8r 1  8A           	txa
001CD9r 1  ED rr rr     	sbc     _drag_x+1
001CDCr 1  AA           	tax
001CDDr 1  68           	pla
001CDEr 1  18           	clc
001CDFr 1  69 01        	adc     #$01
001CE1r 1  90 08        	bcc     L033A
001CE3r 1  E8           	inx
001CE4r 1  4C rr rr     	jmp     L033A
001CE7r 1  A2 00        L0337:	ldx     #$00
001CE9r 1  A9 30        	lda     #$30
001CEBr 1  A0 01        L033A:	ldy     #$01
001CEDr 1  20 rr rr     	jsr     staxysp
001CF0r 1  A0 03        	ldy     #$03
001CF2r 1  B1 rr        	lda     (sp),y
001CF4r 1  38           	sec
001CF5r 1  ED rr rr     	sbc     _drag_y
001CF8r 1  90 0E        	bcc     L05B2
001CFAr 1  F0 0C        	beq     L05B2
001CFCr 1  B1 rr        	lda     (sp),y
001CFEr 1  38           	sec
001CFFr 1  ED rr rr     	sbc     _drag_y
001D02r 1  18           	clc
001D03r 1  69 01        	adc     #$01
001D05r 1  4C rr rr     	jmp     L05B3
001D08r 1  A9 30        L05B2:	lda     #$30
001D0Ar 1  A0 00        L05B3:	ldy     #$00
001D0Cr 1  91 rr        	sta     (sp),y
001D0Er 1  A0 02        	ldy     #$02
001D10r 1  B1 rr        	lda     (sp),y
001D12r 1  C9 00        	cmp     #$00
001D14r 1  D0 05        	bne     L0346
001D16r 1  88           	dey
001D17r 1  B1 rr        	lda     (sp),y
001D19r 1  C9 30        	cmp     #$30
001D1Br 1  B0 0B        L0346:	bcs     L0344
001D1Dr 1  A0 01        	ldy     #$01
001D1Fr 1  A9 30        	lda     #$30
001D21r 1  91 rr        	sta     (sp),y
001D23r 1  A9 00        	lda     #$00
001D25r 1  C8           	iny
001D26r 1  91 rr        	sta     (sp),y
001D28r 1  A0 00        L0344:	ldy     #$00
001D2Ar 1  B1 rr        	lda     (sp),y
001D2Cr 1  C9 30        	cmp     #$30
001D2Er 1  B0 04        	bcs     L0349
001D30r 1  A9 30        	lda     #$30
001D32r 1  91 rr        	sta     (sp),y
001D34r 1  A0 04        L0349:	ldy     #$04
001D36r 1  20 rr rr     	jsr     pushwysp
001D39r 1  A9 40        	lda     #$40
001D3Br 1  38           	sec
001D3Cr 1  ED rr rr     	sbc     _drag_x
001D3Fr 1  48           	pha
001D40r 1  A9 01        	lda     #$01
001D42r 1  ED rr rr     	sbc     _drag_x+1
001D45r 1  AA           	tax
001D46r 1  68           	pla
001D47r 1  20 rr rr     	jsr     tosicmp
001D4Ar 1  90 15        	bcc     L034D
001D4Cr 1  F0 13        	beq     L034D
001D4Er 1  A9 40        	lda     #$40
001D50r 1  38           	sec
001D51r 1  ED rr rr     	sbc     _drag_x
001D54r 1  48           	pha
001D55r 1  A9 01        	lda     #$01
001D57r 1  ED rr rr     	sbc     _drag_x+1
001D5Ar 1  AA           	tax
001D5Br 1  68           	pla
001D5Cr 1  A0 01        	ldy     #$01
001D5Er 1  20 rr rr     	jsr     staxysp
001D61r 1  A2 00        L034D:	ldx     #$00
001D63r 1  A1 rr        	lda     (sp,x)
001D65r 1  20 rr rr     	jsr     pusha0
001D68r 1  A9 C8        	lda     #$C8
001D6Ar 1  38           	sec
001D6Br 1  ED rr rr     	sbc     _drag_y
001D6Er 1  20 rr rr     	jsr     tosicmp0
001D71r 1  90 0C        	bcc     L0351
001D73r 1  F0 0A        	beq     L0351
001D75r 1  A9 C8        	lda     #$C8
001D77r 1  38           	sec
001D78r 1  ED rr rr     	sbc     _drag_y
001D7Br 1  A0 00        	ldy     #$00
001D7Dr 1  91 rr        	sta     (sp),y
001D7Fr 1  A0 02        L0351:	ldy     #$02
001D81r 1  B1 rr        	lda     (sp),y
001D83r 1  AA           	tax
001D84r 1  88           	dey
001D85r 1  B1 rr        	lda     (sp),y
001D87r 1  EC rr rr     	cpx     _drag_width+1
001D8Ar 1  D0 0D        	bne     L0356
001D8Cr 1  CD rr rr     	cmp     _drag_width
001D8Fr 1  D0 08        	bne     L0356
001D91r 1  88           	dey
001D92r 1  B1 rr        	lda     (sp),y
001D94r 1  CD rr rr     	cmp     _drag_height
001D97r 1  F0 73        	beq     L0334
001D99r 1  20 rr rr     L0356:	jsr     _udeks_vic_bitmap_reset_clip
001D9Cr 1  20 rr rr     	jsr     decsp5
001D9Fr 1  AD rr rr     	lda     _drag_x
001DA2r 1  A0 03        	ldy     #$03
001DA4r 1  91 rr        	sta     (sp),y
001DA6r 1  C8           	iny
001DA7r 1  AD rr rr     	lda     _drag_x+1
001DAAr 1  91 rr        	sta     (sp),y
001DACr 1  AD rr rr     	lda     _drag_y
001DAFr 1  A0 02        	ldy     #$02
001DB1r 1  91 rr        	sta     (sp),y
001DB3r 1  AD rr rr     	lda     _drag_width
001DB6r 1  A0 00        	ldy     #$00
001DB8r 1  91 rr        	sta     (sp),y
001DBAr 1  C8           	iny
001DBBr 1  AD rr rr     	lda     _drag_width+1
001DBEr 1  91 rr        	sta     (sp),y
001DC0r 1  AD rr rr     	lda     _drag_height
001DC3r 1  20 rr rr     	jsr     _udeks_vic_bitmap_outline_toggle
001DC6r 1  20 rr rr     	jsr     decsp5
001DC9r 1  AD rr rr     	lda     _drag_x
001DCCr 1  A0 03        	ldy     #$03
001DCEr 1  91 rr        	sta     (sp),y
001DD0r 1  C8           	iny
001DD1r 1  AD rr rr     	lda     _drag_x+1
001DD4r 1  91 rr        	sta     (sp),y
001DD6r 1  AD rr rr     	lda     _drag_y
001DD9r 1  A0 02        	ldy     #$02
001DDBr 1  91 rr        	sta     (sp),y
001DDDr 1  A0 07        	ldy     #$07
001DDFr 1  B1 rr        	lda     (sp),y
001DE1r 1  AA           	tax
001DE2r 1  88           	dey
001DE3r 1  B1 rr        	lda     (sp),y
001DE5r 1  A0 00        	ldy     #$00
001DE7r 1  91 rr        	sta     (sp),y
001DE9r 1  C8           	iny
001DEAr 1  8A           	txa
001DEBr 1  91 rr        	sta     (sp),y
001DEDr 1  A0 05        	ldy     #$05
001DEFr 1  B1 rr        	lda     (sp),y
001DF1r 1  20 rr rr     	jsr     _udeks_vic_bitmap_outline_toggle
001DF4r 1  A0 02        	ldy     #$02
001DF6r 1  B1 rr        	lda     (sp),y
001DF8r 1  8D rr rr     	sta     _drag_width+1
001DFBr 1  88           	dey
001DFCr 1  B1 rr        	lda     (sp),y
001DFEr 1  8D rr rr     	sta     _drag_width
001E01r 1  88           	dey
001E02r 1  B1 rr        	lda     (sp),y
001E04r 1  8D rr rr     	sta     _drag_height
001E07r 1  A9 16        	lda     #$16
001E09r 1  20 rr rr     	jsr     _increment_counter
001E0Cr 1  4C rr rr     L0334:	jmp     incsp6
001E0Fr 1               
001E0Fr 1               .endproc
001E0Fr 1               
001E0Fr 1               ; ---------------------------------------------------------------
001E0Fr 1               ; void __near__ finish_drag (void)
001E0Fr 1               ; ---------------------------------------------------------------
001E0Fr 1               
001E0Fr 1               .segment	"CODE"
001E0Fr 1               
001E0Fr 1               .proc	_finish_drag: near
001E0Fr 1               
001E0Fr 1               .segment	"CODE"
001E0Fr 1               
001E0Fr 1  20 rr rr     	jsr     decsp3
001E12r 1  AD rr rr     	lda     _dragging_handle
001E15r 1  A0 00        	ldy     #$00
001E17r 1  91 rr        	sta     (sp),y
001E19r 1  20 rr rr     	jsr     _window_by_handle
001E1Cr 1  A0 01        	ldy     #$01
001E1Er 1  20 rr rr     	jsr     staxysp
001E21r 1  E0 00        	cpx     #$00
001E23r 1  D0 0A        	bne     L0371
001E25r 1  C9 00        	cmp     #$00
001E27r 1  D0 06        	bne     L0371
001E29r 1  8D rr rr     	sta     _dragging_handle
001E2Cr 1  4C rr rr     	jmp     incsp3
001E2Fr 1  20 rr rr     L0371:	jsr     _udeks_vic_bitmap_reset_clip
001E32r 1  20 rr rr     	jsr     decsp5
001E35r 1  AD rr rr     	lda     _drag_x
001E38r 1  A0 03        	ldy     #$03
001E3Ar 1  91 rr        	sta     (sp),y
001E3Cr 1  C8           	iny
001E3Dr 1  AD rr rr     	lda     _drag_x+1
001E40r 1  91 rr        	sta     (sp),y
001E42r 1  AD rr rr     	lda     _drag_y
001E45r 1  A0 02        	ldy     #$02
001E47r 1  91 rr        	sta     (sp),y
001E49r 1  AD rr rr     	lda     _drag_width
001E4Cr 1  A0 00        	ldy     #$00
001E4Er 1  91 rr        	sta     (sp),y
001E50r 1  C8           	iny
001E51r 1  AD rr rr     	lda     _drag_width+1
001E54r 1  91 rr        	sta     (sp),y
001E56r 1  AD rr rr     	lda     _drag_height
001E59r 1  20 rr rr     	jsr     _udeks_vic_bitmap_outline_toggle
001E5Cr 1  A0 02        	ldy     #$02
001E5Er 1  B1 rr        	lda     (sp),y
001E60r 1  AA           	tax
001E61r 1  88           	dey
001E62r 1  B1 rr        	lda     (sp),y
001E64r 1  20 rr rr     	jsr     _damage_set
001E67r 1  A0 02        	ldy     #$02
001E69r 1  B1 rr        	lda     (sp),y
001E6Br 1  85 rr        	sta     ptr1+1
001E6Dr 1  88           	dey
001E6Er 1  B1 rr        	lda     (sp),y
001E70r 1  85 rr        	sta     ptr1
001E72r 1  AD rr rr     	lda     _drag_x
001E75r 1  A0 04        	ldy     #$04
001E77r 1  91 rr        	sta     (ptr1),y
001E79r 1  C8           	iny
001E7Ar 1  AD rr rr     	lda     _drag_x+1
001E7Dr 1  91 rr        	sta     (ptr1),y
001E7Fr 1  A0 02        	ldy     #$02
001E81r 1  B1 rr        	lda     (sp),y
001E83r 1  85 rr        	sta     ptr1+1
001E85r 1  88           	dey
001E86r 1  B1 rr        	lda     (sp),y
001E88r 1  85 rr        	sta     ptr1
001E8Ar 1  AD rr rr     	lda     _drag_y
001E8Dr 1  A0 06        	ldy     #$06
001E8Fr 1  91 rr        	sta     (ptr1),y
001E91r 1  A0 02        	ldy     #$02
001E93r 1  B1 rr        	lda     (sp),y
001E95r 1  85 rr        	sta     ptr1+1
001E97r 1  88           	dey
001E98r 1  B1 rr        	lda     (sp),y
001E9Ar 1  85 rr        	sta     ptr1
001E9Cr 1  AD rr rr     	lda     _drag_width
001E9Fr 1  A0 07        	ldy     #$07
001EA1r 1  91 rr        	sta     (ptr1),y
001EA3r 1  C8           	iny
001EA4r 1  AD rr rr     	lda     _drag_width+1
001EA7r 1  91 rr        	sta     (ptr1),y
001EA9r 1  A0 02        	ldy     #$02
001EABr 1  B1 rr        	lda     (sp),y
001EADr 1  85 rr        	sta     ptr1+1
001EAFr 1  88           	dey
001EB0r 1  B1 rr        	lda     (sp),y
001EB2r 1  85 rr        	sta     ptr1
001EB4r 1  AD rr rr     	lda     _drag_height
001EB7r 1  A0 09        	ldy     #$09
001EB9r 1  91 rr        	sta     (ptr1),y
001EBBr 1  A0 02        	ldy     #$02
001EBDr 1  B1 rr        	lda     (sp),y
001EBFr 1  AA           	tax
001EC0r 1  88           	dey
001EC1r 1  B1 rr        	lda     (sp),y
001EC3r 1  20 rr rr     	jsr     _damage_add
001EC6r 1  A9 00        	lda     #$00
001EC8r 1  8D rr rr     	sta     _dragging_handle
001ECBr 1  8D rr rr     	sta     _drag_mode
001ECEr 1  20 rr rr     	jsr     _compose_damage
001ED1r 1  20 rr rr     	jsr     _udeks_pointer_resynchronize
001ED4r 1  A9 1A        	lda     #$1A
001ED6r 1  20 rr rr     	jsr     _increment_counter
001ED9r 1  4C rr rr     	jmp     incsp3
001EDCr 1               
001EDCr 1               .endproc
001EDCr 1               
001EDCr 1               
