ca65 V2.18 - Fedora 2.19-15.fc44
Main file   : /var/home/salvogendut/Dev/UDEKS/build/window-manager-budget/chrome.s
Current file: /var/home/salvogendut/Dev/UDEKS/build/window-manager-budget/chrome.s

000000r 1               ;
000000r 1               ; File generated by cc65 v 2.18 - Fedora 2.19-15.fc44
000000r 1               ;
000000r 1               	.fopt		compiler,"cc65 v 2.18 - Fedora 2.19-15.fc44"
000000r 1               	.setcpu		"6502"
000000r 1               	.smart		on
000000r 1               	.autoimport	on
000000r 1               	.case		on
000000r 1               	.debuginfo	off
000000r 1               	.importzp	sp, sreg, regsave, regbank
000000r 1               	.importzp	tmp1, tmp2, tmp3, tmp4, ptr1, ptr2, ptr3, ptr4
000000r 1               	.macpack	longbranch
000000r 2               .macro  jeq     Target
000000r 2                       .if     .match(Target, 0)
000000r 2                       bne     *+5
000000r 2                       jmp     Target
000000r 2                       .elseif .def(Target) .and .const((*-2)-(Target)) .and ((*+2)-(Target) <= 127)
000000r 2                               beq     Target
000000r 2                       .else
000000r 2                               bne     *+5
000000r 2                               jmp     Target
000000r 2                       .endif
000000r 2               .endmacro
000000r 2               .macro  jne     Target
000000r 2                       .if     .match(Target, 0)
000000r 2                               beq     *+5
000000r 2                               jmp     Target
000000r 2                       .elseif .def(Target) .and .const((*-2)-(Target)) .and ((*+2)-(Target) <= 127)
000000r 2                               bne     Target
000000r 2                       .else
000000r 2                               beq     *+5
000000r 2                               jmp     Target
000000r 2                       .endif
000000r 2               .endmacro
000000r 2               .macro  jmi     Target
000000r 2                       .if     .match(Target, 0)
000000r 2                               bpl     *+5
000000r 2                               jmp     Target
000000r 2                       .elseif .def(Target) .and .const((*-2)-(Target)) .and ((*+2)-(Target) <= 127)
000000r 2                               bmi     Target
000000r 2                       .else
000000r 2                               bpl     *+5
000000r 2                               jmp     Target
000000r 2                       .endif
000000r 2               .endmacro
000000r 2               .macro  jpl     Target
000000r 2                       .if     .match(Target, 0)
000000r 2                               bmi     *+5
000000r 2                               jmp     Target
000000r 2                       .elseif .def(Target) .and .const((*-2)-(Target)) .and ((*+2)-(Target) <= 127)
000000r 2                               bpl     Target
000000r 2                       .else
000000r 2                               bmi     *+5
000000r 2                               jmp     Target
000000r 2                       .endif
000000r 2               .endmacro
000000r 2               .macro  jcs     Target
000000r 2                       .if     .match(Target, 0)
000000r 2                               bcc     *+5
000000r 2                               jmp     Target
000000r 2                       .elseif .def(Target) .and .const((*-2)-(Target)) .and ((*+2)-(Target) <= 127)
000000r 2                               bcs     Target
000000r 2                       .else
000000r 2                               bcc     *+5
000000r 2                               jmp     Target
000000r 2                       .endif
000000r 2               .endmacro
000000r 2               .macro  jcc     Target
000000r 2                       .if     .match(Target, 0)
000000r 2                               bcs     *+5
000000r 2                               jmp     Target
000000r 2                       .elseif .def(Target) .and .const((*-2)-(Target)) .and ((*+2)-(Target) <= 127)
000000r 2                               bcc     Target
000000r 2                       .else
000000r 2                               bcs     *+5
000000r 2                               jmp     Target
000000r 2                       .endif
000000r 2               .endmacro
000000r 2               .macro  jvs     Target
000000r 2                       .if     .match(Target, 0)
000000r 2                               bvc     *+5
000000r 2                               jmp     Target
000000r 2                       .elseif .def(Target) .and .const((*-2)-(Target)) .and ((*+2)-(Target) <= 127)
000000r 2                               bvs     Target
000000r 2                       .else
000000r 2                               bvc     *+5
000000r 2                               jmp     Target
000000r 2                       .endif
000000r 2               .endmacro
000000r 2               .macro  jvc     Target
000000r 2                       .if     .match(Target, 0)
000000r 2                               bvs     *+5
000000r 2                               jmp     Target
000000r 2                       .elseif .def(Target) .and .const((*-2)-(Target)) .and ((*+2)-(Target) <= 127)
000000r 2                               bvc     Target
000000r 2                       .else
000000r 2                               bvs     *+5
000000r 2                               jmp     Target
000000r 2                       .endif
000000r 2               .endmacro
000000r 2               
000000r 1               	.import		_udeks_pointer_resynchronize
000000r 1               	.import		_udeks_pointer_x
000000r 1               	.import		_udeks_pointer_y
000000r 1               	.import		_udeks_pointer_buttons
000000r 1               	.import		_udeks_vic_graphics_is_active
000000r 1               	.import		_udeks_vic_pointer_busy_begin
000000r 1               	.import		_udeks_vic_pointer_busy_end
000000r 1               	.import		_udeks_vic_bitmap_pixel
000000r 1               	.import		_udeks_vic_bitmap_line
000000r 1               	.import		_udeks_vic_bitmap_rectangle
000000r 1               	.import		_udeks_vic_bitmap_fill
000000r 1               	.import		_udeks_vic_bitmap_set_clip
000000r 1               	.import		_udeks_vic_bitmap_reset_clip
000000r 1               	.import		_udeks_vic_bitmap_outline_toggle
000000r 1               	.import		_udeks_vic_bitmap_outline_move
000000r 1               	.import		_udeks_vic_bitmap_commit
000000r 1               	.export		_udeks_window_manager_start
000000r 1               	.export		_udeks_window_manager_poll
000000r 1               	.export		_udeks_window_manager_stop
000000r 1               	.export		_udeks_window_manager_reset
000000r 1               	.export		_udeks_window_create
000000r 1               	.export		_udeks_window_destroy
000000r 1               	.export		_udeks_window_repaint
000000r 1               	.export		_udeks_window_begin_paint
000000r 1               	.export		_udeks_window_end_paint
000000r 1               	.export		_udeks_window_image_complete
000000r 1               	.export		_udeks_window_get_geometry
000000r 1               	.export		_udeks_window_is_dragging
000000r 1               	.export		_udeks_window_is_focused
000000r 1               
000000r 1               .segment	"RODATA"
000000r 1               
000000r 1               _title_glyphs:
000000r 1  02           	.byte	$02
000001r 1  05           	.byte	$05
000002r 1  07           	.byte	$07
000003r 1  05           	.byte	$05
000004r 1  05           	.byte	$05
000005r 1  06           	.byte	$06
000006r 1  05           	.byte	$05
000007r 1  06           	.byte	$06
000008r 1  05           	.byte	$05
000009r 1  06           	.byte	$06
00000Ar 1  03           	.byte	$03
00000Br 1  04           	.byte	$04
00000Cr 1  04           	.byte	$04
00000Dr 1  04           	.byte	$04
00000Er 1  03           	.byte	$03
00000Fr 1  06           	.byte	$06
000010r 1  05           	.byte	$05
000011r 1  05           	.byte	$05
000012r 1  05           	.byte	$05
000013r 1  06           	.byte	$06
000014r 1  07           	.byte	$07
000015r 1  04           	.byte	$04
000016r 1  06           	.byte	$06
000017r 1  04           	.byte	$04
000018r 1  07           	.byte	$07
000019r 1  07           	.byte	$07
00001Ar 1  04           	.byte	$04
00001Br 1  06           	.byte	$06
00001Cr 1  04           	.byte	$04
00001Dr 1  04           	.byte	$04
00001Er 1  03           	.byte	$03
00001Fr 1  04           	.byte	$04
000020r 1  05           	.byte	$05
000021r 1  05           	.byte	$05
000022r 1  03           	.byte	$03
000023r 1  05           	.byte	$05
000024r 1  05           	.byte	$05
000025r 1  07           	.byte	$07
000026r 1  05           	.byte	$05
000027r 1  05           	.byte	$05
000028r 1  07           	.byte	$07
000029r 1  02           	.byte	$02
00002Ar 1  02           	.byte	$02
00002Br 1  02           	.byte	$02
00002Cr 1  07           	.byte	$07
00002Dr 1  01           	.byte	$01
00002Er 1  01           	.byte	$01
00002Fr 1  01           	.byte	$01
000030r 1  05           	.byte	$05
000031r 1  02           	.byte	$02
000032r 1  05           	.byte	$05
000033r 1  05           	.byte	$05
000034r 1  06           	.byte	$06
000035r 1  05           	.byte	$05
000036r 1  05           	.byte	$05
000037r 1  04           	.byte	$04
000038r 1  04           	.byte	$04
000039r 1  04           	.byte	$04
00003Ar 1  04           	.byte	$04
00003Br 1  07           	.byte	$07
00003Cr 1  05           	.byte	$05
00003Dr 1  07           	.byte	$07
00003Er 1  07           	.byte	$07
00003Fr 1  05           	.byte	$05
000040r 1  05           	.byte	$05
000041r 1  05           	.byte	$05
000042r 1  07           	.byte	$07
000043r 1  07           	.byte	$07
000044r 1  07           	.byte	$07
000045r 1  05           	.byte	$05
000046r 1  02           	.byte	$02
000047r 1  05           	.byte	$05
000048r 1  05           	.byte	$05
000049r 1  05           	.byte	$05
00004Ar 1  02           	.byte	$02
00004Br 1  06           	.byte	$06
00004Cr 1  05           	.byte	$05
00004Dr 1  06           	.byte	$06
00004Er 1  04           	.byte	$04
00004Fr 1  04           	.byte	$04
000050r 1  02           	.byte	$02
000051r 1  05           	.byte	$05
000052r 1  05           	.byte	$05
000053r 1  03           	.byte	$03
000054r 1  01           	.byte	$01
000055r 1  06           	.byte	$06
000056r 1  05           	.byte	$05
000057r 1  06           	.byte	$06
000058r 1  05           	.byte	$05
000059r 1  05           	.byte	$05
00005Ar 1  03           	.byte	$03
00005Br 1  04           	.byte	$04
00005Cr 1  02           	.byte	$02
00005Dr 1  01           	.byte	$01
00005Er 1  06           	.byte	$06
00005Fr 1  07           	.byte	$07
000060r 1  02           	.byte	$02
000061r 1  02           	.byte	$02
000062r 1  02           	.byte	$02
000063r 1  02           	.byte	$02
000064r 1  05           	.byte	$05
000065r 1  05           	.byte	$05
000066r 1  05           	.byte	$05
000067r 1  05           	.byte	$05
000068r 1  07           	.byte	$07
000069r 1  05           	.byte	$05
00006Ar 1  05           	.byte	$05
00006Br 1  05           	.byte	$05
00006Cr 1  05           	.byte	$05
00006Dr 1  02           	.byte	$02
00006Er 1  05           	.byte	$05
00006Fr 1  05           	.byte	$05
000070r 1  07           	.byte	$07
000071r 1  07           	.byte	$07
000072r 1  05           	.byte	$05
000073r 1  05           	.byte	$05
000074r 1  05           	.byte	$05
000075r 1  02           	.byte	$02
000076r 1  05           	.byte	$05
000077r 1  05           	.byte	$05
000078r 1  05           	.byte	$05
000079r 1  05           	.byte	$05
00007Ar 1  02           	.byte	$02
00007Br 1  02           	.byte	$02
00007Cr 1  02           	.byte	$02
00007Dr 1  07           	.byte	$07
00007Er 1  01           	.byte	$01
00007Fr 1  02           	.byte	$02
000080r 1  04           	.byte	$04
000081r 1  07           	.byte	$07
000082r 1               
000082r 1               .segment	"BSS"
000000r 1               
000000r 1               .segment	"HIGHBSS"
000000r 1               _windows:
000000r 1  00 00 00 00  	.res	68,$00
000004r 1  00 00 00 00  
000008r 1  00 00 00 00  
000044r 1               _active_count:
000044r 1  00           	.res	1,$00
000045r 1               _focused_handle:
000045r 1  00           	.res	1,$00
000046r 1               _dragging_handle:
000046r 1  00           	.res	1,$00
000047r 1               _previous_buttons:
000047r 1  00           	.res	1,$00
000048r 1               _drag_pointer_x:
000048r 1  00 00        	.res	2,$00
00004Ar 1               _drag_pointer_y:
00004Ar 1  00           	.res	1,$00
00004Br 1               _drag_x:
00004Br 1  00 00        	.res	2,$00
00004Dr 1               _drag_y:
00004Dr 1  00           	.res	1,$00
00004Er 1               _drag_width:
00004Er 1  00 00        	.res	2,$00
000050r 1               _drag_height:
000050r 1  00           	.res	1,$00
000051r 1               _drag_mode:
000051r 1  00           	.res	1,$00
000052r 1               _damage_left:
000052r 1  00 00        	.res	2,$00
000054r 1               _damage_top:
000054r 1  00           	.res	1,$00
000055r 1               _damage_right:
000055r 1  00 00        	.res	2,$00
000057r 1               _damage_bottom:
000057r 1  00           	.res	1,$00
000058r 1               
000058r 1               ; ---------------------------------------------------------------
000058r 1               ; unsigned char __near__ udeks_window_manager_start (void)
000058r 1               ; ---------------------------------------------------------------
000058r 1               
000058r 1               .segment	"CODE"
000000r 1               
000000r 1               .proc	_udeks_window_manager_start: near
000000r 1               
000000r 1               .segment	"CODE"
000000r 1               
000000r 1  20 rr rr     	jsr     decsp1
000003r 1  A9 00        	lda     #$00
000005r 1  A8           	tay
000006r 1  91 rr        L0513:	sta     (sp),y
000008r 1  C9 20        	cmp     #$20
00000Ar 1  B0 19        	bcs     L0515
00000Cr 1  B1 rr        	lda     (sp),y
00000Er 1  18           	clc
00000Fr 1  69 40        	adc     #$40
000011r 1  85 rr        	sta     ptr1
000013r 1  A9 00        	lda     #$00
000015r 1  69 F2        	adc     #$F2
000017r 1  85 rr        	sta     ptr1+1
000019r 1  A9 00        	lda     #$00
00001Br 1  91 rr        	sta     (ptr1),y
00001Dr 1  18           	clc
00001Er 1  A9 01        	lda     #$01
000020r 1  71 rr        	adc     (sp),y
000022r 1  4C rr rr     	jmp     L0513
000025r 1  A9 57        L0515:	lda     #$57
000027r 1  8D 40 F2     	sta     $F240
00002Ar 1  A9 4D        	lda     #$4D
00002Cr 1  8D 41 F2     	sta     $F241
00002Fr 1  A9 47        	lda     #$47
000031r 1  8D 42 F2     	sta     $F242
000034r 1  A9 52        	lda     #$52
000036r 1  8D 43 F2     	sta     $F243
000039r 1  A9 01        	lda     #$01
00003Br 1  8D 44 F2     	sta     $F244
00003Er 1  A9 02        	lda     #$02
000040r 1  8D 45 F2     	sta     $F245
000043r 1  A9 00        	lda     #$00
000045r 1  91 rr        L0514:	sta     (sp),y
000047r 1  C9 04        	cmp     #$04
000049r 1  B0 21        	bcs     L0516
00004Br 1  B1 rr        	lda     (sp),y
00004Dr 1  20 rr rr     	jsr     pusha0
000050r 1  A9 11        	lda     #$11
000052r 1  20 rr rr     	jsr     tosmula0
000055r 1  18           	clc
000056r 1  69 rr        	adc     #<(_windows)
000058r 1  85 rr        	sta     ptr1
00005Ar 1  8A           	txa
00005Br 1  69 rr        	adc     #>(_windows)
00005Dr 1  85 rr        	sta     ptr1+1
00005Fr 1  A9 00        	lda     #$00
000061r 1  A8           	tay
000062r 1  91 rr        	sta     (ptr1),y
000064r 1  18           	clc
000065r 1  A9 01        	lda     #$01
000067r 1  71 rr        	adc     (sp),y
000069r 1  4C rr rr     	jmp     L0514
00006Cr 1  A9 00        L0516:	lda     #$00
00006Er 1  8D rr rr     	sta     _active_count
000071r 1  8D rr rr     	sta     _focused_handle
000074r 1  8D rr rr     	sta     _dragging_handle
000077r 1  8D rr rr     	sta     _drag_mode
00007Ar 1  8D rr rr     	sta     _previous_buttons
00007Dr 1  20 rr rr     	jsr     _publish_state
000080r 1  A2 00        	ldx     #$00
000082r 1  8A           	txa
000083r 1  4C rr rr     	jmp     incsp1
000086r 1               
000086r 1               .endproc
000086r 1               
000086r 1               ; ---------------------------------------------------------------
000086r 1               ; unsigned char __near__ udeks_window_manager_poll (void)
000086r 1               ; ---------------------------------------------------------------
000086r 1               
000086r 1               .segment	"CODE"
000086r 1               
000086r 1               .proc	_udeks_window_manager_poll: near
000086r 1               
000086r 1               .segment	"CODE"
000086r 1               
000086r 1  A0 09        	ldy     #$09
000088r 1  20 rr rr     	jsr     subysp
00008Br 1  20 rr rr     	jsr     _udeks_vic_graphics_is_active
00008Er 1  C9 00        	cmp     #$00
000090r 1  D0 04        	bne     L04AE
000092r 1  AA           	tax
000093r 1  4C rr rr     	jmp     L0526
000096r 1  20 rr rr     L04AE:	jsr     _udeks_pointer_x
000099r 1  38           	sec
00009Ar 1  E9 0C        	sbc     #$0C
00009Cr 1  B0 01        	bcs     L04B3
00009Er 1  CA           	dex
00009Fr 1  A0 07        L04B3:	ldy     #$07
0000A1r 1  20 rr rr     	jsr     staxysp
0000A4r 1  20 rr rr     	jsr     _udeks_pointer_y
0000A7r 1  38           	sec
0000A8r 1  E9 28        	sbc     #$28
0000AAr 1  A0 06        	ldy     #$06
0000ACr 1  91 rr        	sta     (sp),y
0000AEr 1  20 rr rr     	jsr     _udeks_pointer_buttons
0000B1r 1  A0 05        	ldy     #$05
0000B3r 1  91 rr        	sta     (sp),y
0000B5r 1  29 05        	and     #$05
0000B7r 1  88           	dey
0000B8r 1  91 rr        	sta     (sp),y
0000BAr 1  B1 rr        	lda     (sp),y
0000BCr 1  D0 03 4C rr  	jeq     L051C
0000C0r 1  rr           
0000C1r 1  AD rr rr     	lda     _previous_buttons
0000C4r 1  F0 03 4C rr  	jne     L051C
0000C8r 1  rr           
0000C9r 1  A0 0A        	ldy     #$0A
0000CBr 1  20 rr rr     	jsr     pushwysp
0000CEr 1  A0 08        	ldy     #$08
0000D0r 1  B1 rr        	lda     (sp),y
0000D2r 1  20 rr rr     	jsr     _top_window_at
0000D5r 1  A0 03        	ldy     #$03
0000D7r 1  91 rr        	sta     (sp),y
0000D9r 1  20 rr rr     	jsr     _window_by_handle
0000DCr 1  20 rr rr     	jsr     stax0sp
0000DFr 1  E0 00        	cpx     #$00
0000E1r 1  D0 07        	bne     L0527
0000E3r 1  C9 00        	cmp     #$00
0000E5r 1  D0 03 4C rr  	jeq     L04C8
0000E9r 1  rr           
0000EAr 1  A0 03        L0527:	ldy     #$03
0000ECr 1  B1 rr        	lda     (sp),y
0000EEr 1  8D rr rr     	sta     _focused_handle
0000F1r 1  B1 rr        	lda     (sp),y
0000F3r 1  20 rr rr     	jsr     _raise_window
0000F6r 1  A0 02        	ldy     #$02
0000F8r 1  91 rr        	sta     (sp),y
0000FAr 1  20 rr rr     	jsr     decsp3
0000FDr 1  A0 0B        	ldy     #$0B
0000FFr 1  B1 rr        	lda     (sp),y
000101r 1  AA           	tax
000102r 1  88           	dey
000103r 1  B1 rr        	lda     (sp),y
000105r 1  A0 01        	ldy     #$01
000107r 1  91 rr        	sta     (sp),y
000109r 1  C8           	iny
00010Ar 1  8A           	txa
00010Br 1  91 rr        	sta     (sp),y
00010Dr 1  A0 09        	ldy     #$09
00010Fr 1  B1 rr        	lda     (sp),y
000111r 1  A0 00        	ldy     #$00
000113r 1  91 rr        	sta     (sp),y
000115r 1  A0 04        	ldy     #$04
000117r 1  B1 rr        	lda     (sp),y
000119r 1  AA           	tax
00011Ar 1  88           	dey
00011Br 1  B1 rr        	lda     (sp),y
00011Dr 1  20 rr rr     	jsr     _close_hit
000120r 1  C9 00        	cmp     #$00
000122r 1  F0 15        	beq     L04D0
000124r 1  A9 1C        	lda     #$1C
000126r 1  20 rr rr     	jsr     _increment_counter
000129r 1  A0 04        	ldy     #$04
00012Br 1  B1 rr        	lda     (sp),y
00012Dr 1  8D rr rr     	sta     _previous_buttons
000130r 1  88           	dey
000131r 1  B1 rr        	lda     (sp),y
000133r 1  20 rr rr     	jsr     _udeks_window_destroy
000136r 1  4C rr rr     	jmp     L0529
000139r 1  20 rr rr     L04D0:	jsr     decsp3
00013Cr 1  A0 0B        	ldy     #$0B
00013Er 1  B1 rr        	lda     (sp),y
000140r 1  AA           	tax
000141r 1  88           	dey
000142r 1  B1 rr        	lda     (sp),y
000144r 1  A0 01        	ldy     #$01
000146r 1  91 rr        	sta     (sp),y
000148r 1  C8           	iny
000149r 1  8A           	txa
00014Ar 1  91 rr        	sta     (sp),y
00014Cr 1  A0 09        	ldy     #$09
00014Er 1  B1 rr        	lda     (sp),y
000150r 1  A0 00        	ldy     #$00
000152r 1  91 rr        	sta     (sp),y
000154r 1  A0 04        	ldy     #$04
000156r 1  B1 rr        	lda     (sp),y
000158r 1  AA           	tax
000159r 1  88           	dey
00015Ar 1  B1 rr        	lda     (sp),y
00015Cr 1  20 rr rr     	jsr     _resize_hit
00015Fr 1  C9 00        	cmp     #$00
000161r 1  F0 2B        	beq     L04DD
000163r 1  20 rr rr     	jsr     decsp4
000166r 1  A0 07        	ldy     #$07
000168r 1  B1 rr        	lda     (sp),y
00016Ar 1  A0 03        	ldy     #$03
00016Cr 1  91 rr        	sta     (sp),y
00016Er 1  A0 0C        	ldy     #$0C
000170r 1  B1 rr        	lda     (sp),y
000172r 1  AA           	tax
000173r 1  88           	dey
000174r 1  B1 rr        	lda     (sp),y
000176r 1  A0 01        	ldy     #$01
000178r 1  91 rr        	sta     (sp),y
00017Ar 1  C8           	iny
00017Br 1  8A           	txa
00017Cr 1  91 rr        	sta     (sp),y
00017Er 1  A0 0A        	ldy     #$0A
000180r 1  B1 rr        	lda     (sp),y
000182r 1  A0 00        	ldy     #$00
000184r 1  91 rr        	sta     (sp),y
000186r 1  A9 02        	lda     #$02
000188r 1  20 rr rr     	jsr     _begin_drag
00018Br 1  4C rr rr     	jmp     L04F9
00018Er 1  20 rr rr     L04DD:	jsr     decsp3
000191r 1  A0 0B        	ldy     #$0B
000193r 1  B1 rr        	lda     (sp),y
000195r 1  AA           	tax
000196r 1  88           	dey
000197r 1  B1 rr        	lda     (sp),y
000199r 1  A0 01        	ldy     #$01
00019Br 1  91 rr        	sta     (sp),y
00019Dr 1  C8           	iny
00019Er 1  8A           	txa
00019Fr 1  91 rr        	sta     (sp),y
0001A1r 1  A0 09        	ldy     #$09
0001A3r 1  B1 rr        	lda     (sp),y
0001A5r 1  A0 00        	ldy     #$00
0001A7r 1  91 rr        	sta     (sp),y
0001A9r 1  A0 04        	ldy     #$04
0001ABr 1  B1 rr        	lda     (sp),y
0001ADr 1  AA           	tax
0001AEr 1  88           	dey
0001AFr 1  B1 rr        	lda     (sp),y
0001B1r 1  20 rr rr     	jsr     _title_hit
0001B4r 1  C9 00        	cmp     #$00
0001B6r 1  F0 2B        	beq     L04E8
0001B8r 1  20 rr rr     	jsr     decsp4
0001BBr 1  A0 07        	ldy     #$07
0001BDr 1  B1 rr        	lda     (sp),y
0001BFr 1  A0 03        	ldy     #$03
0001C1r 1  91 rr        	sta     (sp),y
0001C3r 1  A0 0C        	ldy     #$0C
0001C5r 1  B1 rr        	lda     (sp),y
0001C7r 1  AA           	tax
0001C8r 1  88           	dey
0001C9r 1  B1 rr        	lda     (sp),y
0001CBr 1  A0 01        	ldy     #$01
0001CDr 1  91 rr        	sta     (sp),y
0001CFr 1  C8           	iny
0001D0r 1  8A           	txa
0001D1r 1  91 rr        	sta     (sp),y
0001D3r 1  A0 0A        	ldy     #$0A
0001D5r 1  B1 rr        	lda     (sp),y
0001D7r 1  A0 00        	ldy     #$00
0001D9r 1  91 rr        	sta     (sp),y
0001DBr 1  A9 01        	lda     #$01
0001DDr 1  20 rr rr     	jsr     _begin_drag
0001E0r 1  4C rr rr     	jmp     L04F9
0001E3r 1  A0 02        L04E8:	ldy     #$02
0001E5r 1  B1 rr        	lda     (sp),y
0001E7r 1  F0 15        	beq     L04F9
0001E9r 1  88           	dey
0001EAr 1  B1 rr        	lda     (sp),y
0001ECr 1  AA           	tax
0001EDr 1  88           	dey
0001EEr 1  B1 rr        	lda     (sp),y
0001F0r 1  20 rr rr     	jsr     _damage_set
0001F3r 1  A9 00        	lda     #$00
0001F5r 1  20 rr rr     	jsr     _compose_damage
0001F8r 1  4C rr rr     	jmp     L04F9
0001FBr 1  8D rr rr     L04C8:	sta     _focused_handle
0001FEr 1  A0 04        L04F9:	ldy     #$04
000200r 1  B1 rr        L051C:	lda     (sp),y
000202r 1  D0 0B        	bne     L0520
000204r 1  AD rr rr     	lda     _dragging_handle
000207r 1  F0 06        	beq     L0520
000209r 1  20 rr rr     	jsr     _finish_drag
00020Cr 1  4C rr rr     	jmp     L050B
00020Fr 1  B1 rr        L0520:	lda     (sp),y
000211r 1  F0 29        	beq     L0525
000213r 1  AD rr rr     	lda     _dragging_handle
000216r 1  F0 24        	beq     L0525
000218r 1  AD rr rr     	lda     _drag_mode
00021Br 1  C9 02        	cmp     #$02
00021Dr 1  D0 0F        	bne     L0506
00021Fr 1  A0 0A        	ldy     #$0A
000221r 1  20 rr rr     	jsr     pushwysp
000224r 1  A0 08        	ldy     #$08
000226r 1  B1 rr        	lda     (sp),y
000228r 1  20 rr rr     	jsr     _resize_drag
00022Br 1  4C rr rr     	jmp     L050B
00022Er 1  A0 0A        L0506:	ldy     #$0A
000230r 1  20 rr rr     	jsr     pushwysp
000233r 1  A0 08        	ldy     #$08
000235r 1  B1 rr        	lda     (sp),y
000237r 1  20 rr rr     	jsr     _move_drag
00023Ar 1  A0 04        L050B:	ldy     #$04
00023Cr 1  B1 rr        L0525:	lda     (sp),y
00023Er 1  8D rr rr     	sta     _previous_buttons
000241r 1  20 rr rr     L0529:	jsr     _publish_state
000244r 1  A2 00        	ldx     #$00
000246r 1  8A           	txa
000247r 1  A0 09        L0526:	ldy     #$09
000249r 1  4C rr rr     	jmp     addysp
00024Cr 1               
00024Cr 1               .endproc
00024Cr 1               
00024Cr 1               ; ---------------------------------------------------------------
00024Cr 1               ; unsigned char __near__ udeks_window_manager_stop (void)
00024Cr 1               ; ---------------------------------------------------------------
00024Cr 1               
00024Cr 1               .segment	"CODE"
00024Cr 1               
00024Cr 1               .proc	_udeks_window_manager_stop: near
00024Cr 1               
00024Cr 1               .segment	"CODE"
00024Cr 1               
00024Cr 1  20 rr rr     	jsr     _udeks_window_manager_reset
00024Fr 1  A2 00        	ldx     #$00
000251r 1  8A           	txa
000252r 1  60           	rts
000253r 1               
000253r 1               .endproc
000253r 1               
000253r 1               ; ---------------------------------------------------------------
000253r 1               ; void __near__ udeks_window_manager_reset (void)
000253r 1               ; ---------------------------------------------------------------
000253r 1               
000253r 1               .segment	"CODE"
000253r 1               
000253r 1               .proc	_udeks_window_manager_reset: near
000253r 1               
000253r 1               .segment	"CODE"
000253r 1               
000253r 1  20 rr rr     	jsr     decsp1
000256r 1  A9 00        	lda     #$00
000258r 1  A8           	tay
000259r 1  91 rr        L052A:	sta     (sp),y
00025Br 1  C9 04        	cmp     #$04
00025Dr 1  B0 21        	bcs     L052B
00025Fr 1  B1 rr        	lda     (sp),y
000261r 1  20 rr rr     	jsr     pusha0
000264r 1  A9 11        	lda     #$11
000266r 1  20 rr rr     	jsr     tosmula0
000269r 1  18           	clc
00026Ar 1  69 rr        	adc     #<(_windows)
00026Cr 1  85 rr        	sta     ptr1
00026Er 1  8A           	txa
00026Fr 1  69 rr        	adc     #>(_windows)
000271r 1  85 rr        	sta     ptr1+1
000273r 1  A9 00        	lda     #$00
000275r 1  A8           	tay
000276r 1  91 rr        	sta     (ptr1),y
000278r 1  18           	clc
000279r 1  A9 01        	lda     #$01
00027Br 1  71 rr        	adc     (sp),y
00027Dr 1  4C rr rr     	jmp     L052A
000280r 1  98           L052B:	tya
000281r 1  8D rr rr     	sta     _active_count
000284r 1  8D rr rr     	sta     _focused_handle
000287r 1  8D rr rr     	sta     _dragging_handle
00028Ar 1  8D rr rr     	sta     _drag_mode
00028Dr 1  8D rr rr     	sta     _previous_buttons
000290r 1  20 rr rr     	jsr     _publish_state
000293r 1  4C rr rr     	jmp     incsp1
000296r 1               
000296r 1               .endproc
000296r 1               
000296r 1               ; ---------------------------------------------------------------
000296r 1               ; unsigned char __near__ udeks_window_create (unsigned char, unsigned char, unsigned char, unsigned int, unsigned char, unsigned int, unsigned char, __near__ const unsigned char *, __near__ __near__ function returning void *, __near__ __near__ function returning void *)
000296r 1               ; ---------------------------------------------------------------
000296r 1               
000296r 1               .segment	"CODE"
000296r 1               
000296r 1               .proc	_udeks_window_create: near
000296r 1               
000296r 1               .segment	"CODE"
000296r 1               
000296r 1  20 rr rr     	jsr     pushax
000299r 1  20 rr rr     	jsr     decsp3
00029Cr 1  A0 0B        	ldy     #$0B
00029Er 1  B1 rr        	lda     (sp),y
0002A0r 1  C9 00        	cmp     #$00
0002A2r 1  D0 05        	bne     L03F5
0002A4r 1  88           	dey
0002A5r 1  B1 rr        	lda     (sp),y
0002A7r 1  C9 10        	cmp     #$10
0002A9r 1  90 45        L03F5:	bcc     L052E
0002ABr 1  A0 09        	ldy     #$09
0002ADr 1  B1 rr        	lda     (sp),y
0002AFr 1  C9 12        	cmp     #$12
0002B1r 1  90 3D        	bcc     L052E
0002B3r 1  A0 0D        	ldy     #$0D
0002B5r 1  B1 rr        	lda     (sp),y
0002B7r 1  A0 0A        	ldy     #$0A
0002B9r 1  18           	clc
0002BAr 1  71 rr        	adc     (sp),y
0002BCr 1  48           	pha
0002BDr 1  A0 0E        	ldy     #$0E
0002BFr 1  B1 rr        	lda     (sp),y
0002C1r 1  A0 0B        	ldy     #$0B
0002C3r 1  71 rr        	adc     (sp),y
0002C5r 1  AA           	tax
0002C6r 1  68           	pla
0002C7r 1  C9 41        	cmp     #$41
0002C9r 1  8A           	txa
0002CAr 1  E9 01        	sbc     #$01
0002CCr 1  B0 22        	bcs     L052E
0002CEr 1  A2 00        	ldx     #$00
0002D0r 1  A0 09        	ldy     #$09
0002D2r 1  B1 rr        	lda     (sp),y
0002D4r 1  18           	clc
0002D5r 1  A0 0C        	ldy     #$0C
0002D7r 1  71 rr        	adc     (sp),y
0002D9r 1  90 01        	bcc     L052C
0002DBr 1  E8           	inx
0002DCr 1  C9 C9        L052C:	cmp     #$C9
0002DEr 1  8A           	txa
0002DFr 1  E9 00        	sbc     #$00
0002E1r 1  B0 0D        	bcs     L052E
0002E3r 1  A0 10        	ldy     #$10
0002E5r 1  B1 rr        	lda     (sp),y
0002E7r 1  C9 01        	cmp     #$01
0002E9r 1  D0 05        	bne     L052E
0002EBr 1  A9 00        	lda     #$00
0002EDr 1  4C rr rr     	jmp     L0530
0002F0r 1  A2 00        L052E:	ldx     #$00
0002F2r 1  8A           	txa
0002F3r 1  4C rr rr     	jmp     L03F2
0002F6r 1  A0 02        L0530:	ldy     #$02
0002F8r 1  91 rr        L052D:	sta     (sp),y
0002FAr 1  A2 00        	ldx     #$00
0002FCr 1  B1 rr        	lda     (sp),y
0002FEr 1  C9 04        	cmp     #$04
000300r 1  B0 23        	bcs     L0532
000302r 1  20 rr rr     	jsr     pusha0
000305r 1  A9 11        	lda     #$11
000307r 1  20 rr rr     	jsr     tosmula0
00030Ar 1  85 rr        	sta     ptr1
00030Cr 1  8A           	txa
00030Dr 1  18           	clc
00030Er 1  69 rr        	adc     #>(_windows)
000310r 1  85 rr        	sta     ptr1+1
000312r 1  A0 rr        	ldy     #<(_windows)
000314r 1  B1 rr        	lda     (ptr1),y
000316r 1  F0 0A        	beq     L03F9
000318r 1  A0 02        	ldy     #$02
00031Ar 1  18           	clc
00031Br 1  A9 01        	lda     #$01
00031Dr 1  71 rr        	adc     (sp),y
00031Fr 1  4C rr rr     	jmp     L052D
000322r 1  A0 02        L03F9:	ldy     #$02
000324r 1  AA           	tax
000325r 1  B1 rr        L0532:	lda     (sp),y
000327r 1  C9 04        	cmp     #$04
000329r 1  D0 04        	bne     L0534
00032Br 1  8A           	txa
00032Cr 1  4C rr rr     	jmp     L03F2
00032Fr 1  B1 rr        L0534:	lda     (sp),y
000331r 1  20 rr rr     	jsr     pusha0
000334r 1  A9 11        	lda     #$11
000336r 1  20 rr rr     	jsr     tosmula0
000339r 1  18           	clc
00033Ar 1  69 rr        	adc     #<(_windows)
00033Cr 1  A8           	tay
00033Dr 1  8A           	txa
00033Er 1  69 rr        	adc     #>(_windows)
000340r 1  AA           	tax
000341r 1  98           	tya
000342r 1  20 rr rr     	jsr     stax0sp
000345r 1  85 rr        	sta     ptr1
000347r 1  86 rr        	stx     ptr1+1
000349r 1  A9 01        	lda     #$01
00034Br 1  A0 00        	ldy     #$00
00034Dr 1  91 rr        	sta     (ptr1),y
00034Fr 1  C8           	iny
000350r 1  B1 rr        	lda     (sp),y
000352r 1  85 rr        	sta     ptr1+1
000354r 1  88           	dey
000355r 1  B1 rr        	lda     (sp),y
000357r 1  85 rr        	sta     ptr1
000359r 1  A0 11        	ldy     #$11
00035Br 1  B1 rr        	lda     (sp),y
00035Dr 1  A0 01        	ldy     #$01
00035Fr 1  91 rr        	sta     (ptr1),y
000361r 1  B1 rr        	lda     (sp),y
000363r 1  85 rr        	sta     ptr1+1
000365r 1  88           	dey
000366r 1  B1 rr        	lda     (sp),y
000368r 1  85 rr        	sta     ptr1
00036Ar 1  A0 10        	ldy     #$10
00036Cr 1  B1 rr        	lda     (sp),y
00036Er 1  A0 02        	ldy     #$02
000370r 1  91 rr        	sta     (ptr1),y
000372r 1  88           	dey
000373r 1  B1 rr        	lda     (sp),y
000375r 1  85 rr        	sta     ptr1+1
000377r 1  88           	dey
000378r 1  B1 rr        	lda     (sp),y
00037Ar 1  85 rr        	sta     ptr1
00037Cr 1  A0 0F        	ldy     #$0F
00037Er 1  B1 rr        	lda     (sp),y
000380r 1  29 0F        	and     #$0F
000382r 1  09 01        	ora     #$01
000384r 1  09 08        	ora     #$08
000386r 1  A0 03        	ldy     #$03
000388r 1  91 rr        	sta     (ptr1),y
00038Ar 1  A0 01        	ldy     #$01
00038Cr 1  B1 rr        	lda     (sp),y
00038Er 1  85 rr        	sta     ptr1+1
000390r 1  88           	dey
000391r 1  B1 rr        	lda     (sp),y
000393r 1  85 rr        	sta     ptr1
000395r 1  A0 0E        	ldy     #$0E
000397r 1  B1 rr        	lda     (sp),y
000399r 1  AA           	tax
00039Ar 1  88           	dey
00039Br 1  B1 rr        	lda     (sp),y
00039Dr 1  A0 04        	ldy     #$04
00039Fr 1  91 rr        	sta     (ptr1),y
0003A1r 1  C8           	iny
0003A2r 1  8A           	txa
0003A3r 1  91 rr        	sta     (ptr1),y
0003A5r 1  A0 01        	ldy     #$01
0003A7r 1  B1 rr        	lda     (sp),y
0003A9r 1  85 rr        	sta     ptr1+1
0003ABr 1  88           	dey
0003ACr 1  B1 rr        	lda     (sp),y
0003AEr 1  85 rr        	sta     ptr1
0003B0r 1  A0 0C        	ldy     #$0C
0003B2r 1  B1 rr        	lda     (sp),y
0003B4r 1  A0 06        	ldy     #$06
0003B6r 1  91 rr        	sta     (ptr1),y
0003B8r 1  A0 01        	ldy     #$01
0003BAr 1  B1 rr        	lda     (sp),y
0003BCr 1  85 rr        	sta     ptr1+1
0003BEr 1  88           	dey
0003BFr 1  B1 rr        	lda     (sp),y
0003C1r 1  85 rr        	sta     ptr1
0003C3r 1  A0 0B        	ldy     #$0B
0003C5r 1  B1 rr        	lda     (sp),y
0003C7r 1  AA           	tax
0003C8r 1  88           	dey
0003C9r 1  B1 rr        	lda     (sp),y
0003CBr 1  A0 07        	ldy     #$07
0003CDr 1  91 rr        	sta     (ptr1),y
0003CFr 1  C8           	iny
0003D0r 1  8A           	txa
0003D1r 1  91 rr        	sta     (ptr1),y
0003D3r 1  A0 01        	ldy     #$01
0003D5r 1  B1 rr        	lda     (sp),y
0003D7r 1  85 rr        	sta     ptr1+1
0003D9r 1  88           	dey
0003DAr 1  B1 rr        	lda     (sp),y
0003DCr 1  85 rr        	sta     ptr1
0003DEr 1  A0 09        	ldy     #$09
0003E0r 1  B1 rr        	lda     (sp),y
0003E2r 1  91 rr        	sta     (ptr1),y
0003E4r 1  A0 01        	ldy     #$01
0003E6r 1  B1 rr        	lda     (sp),y
0003E8r 1  85 rr        	sta     ptr1+1
0003EAr 1  88           	dey
0003EBr 1  B1 rr        	lda     (sp),y
0003EDr 1  85 rr        	sta     ptr1
0003EFr 1  AD rr rr     	lda     _active_count
0003F2r 1  18           	clc
0003F3r 1  69 01        	adc     #$01
0003F5r 1  A0 0A        	ldy     #$0A
0003F7r 1  91 rr        	sta     (ptr1),y
0003F9r 1  A0 01        	ldy     #$01
0003FBr 1  B1 rr        	lda     (sp),y
0003FDr 1  85 rr        	sta     ptr1+1
0003FFr 1  88           	dey
000400r 1  B1 rr        	lda     (sp),y
000402r 1  85 rr        	sta     ptr1
000404r 1  A0 08        	ldy     #$08
000406r 1  B1 rr        	lda     (sp),y
000408r 1  AA           	tax
000409r 1  88           	dey
00040Ar 1  B1 rr        	lda     (sp),y
00040Cr 1  A0 0B        	ldy     #$0B
00040Er 1  91 rr        	sta     (ptr1),y
000410r 1  C8           	iny
000411r 1  8A           	txa
000412r 1  91 rr        	sta     (ptr1),y
000414r 1  A0 01        	ldy     #$01
000416r 1  B1 rr        	lda     (sp),y
000418r 1  85 rr        	sta     ptr1+1
00041Ar 1  88           	dey
00041Br 1  B1 rr        	lda     (sp),y
00041Dr 1  85 rr        	sta     ptr1
00041Fr 1  A0 06        	ldy     #$06
000421r 1  B1 rr        	lda     (sp),y
000423r 1  AA           	tax
000424r 1  88           	dey
000425r 1  B1 rr        	lda     (sp),y
000427r 1  A0 0D        	ldy     #$0D
000429r 1  91 rr        	sta     (ptr1),y
00042Br 1  C8           	iny
00042Cr 1  8A           	txa
00042Dr 1  91 rr        	sta     (ptr1),y
00042Fr 1  A0 01        	ldy     #$01
000431r 1  B1 rr        	lda     (sp),y
000433r 1  85 rr        	sta     ptr1+1
000435r 1  88           	dey
000436r 1  B1 rr        	lda     (sp),y
000438r 1  85 rr        	sta     ptr1
00043Ar 1  A0 04        	ldy     #$04
00043Cr 1  B1 rr        	lda     (sp),y
00043Er 1  AA           	tax
00043Fr 1  88           	dey
000440r 1  B1 rr        	lda     (sp),y
000442r 1  A0 0F        	ldy     #$0F
000444r 1  91 rr        	sta     (ptr1),y
000446r 1  C8           	iny
000447r 1  8A           	txa
000448r 1  91 rr        	sta     (ptr1),y
00044Ar 1  EE rr rr     	inc     _active_count
00044Dr 1  A0 02        	ldy     #$02
00044Fr 1  B1 rr        	lda     (sp),y
000451r 1  18           	clc
000452r 1  69 01        	adc     #$01
000454r 1  8D rr rr     	sta     _focused_handle
000457r 1  A9 10        	lda     #$10
000459r 1  20 rr rr     	jsr     _increment_counter
00045Cr 1  20 rr rr     	jsr     _publish_state
00045Fr 1  A0 01        	ldy     #$01
000461r 1  B1 rr        	lda     (sp),y
000463r 1  AA           	tax
000464r 1  88           	dey
000465r 1  B1 rr        	lda     (sp),y
000467r 1  20 rr rr     	jsr     _damage_set
00046Ar 1  A9 00        	lda     #$00
00046Cr 1  20 rr rr     	jsr     _compose_damage
00046Fr 1  A2 00        	ldx     #$00
000471r 1  AD rr rr     	lda     _focused_handle
000474r 1  A0 12        L03F2:	ldy     #$12
000476r 1  4C rr rr     	jmp     addysp
000479r 1               
000479r 1               .endproc
000479r 1               
000479r 1               ; ---------------------------------------------------------------
000479r 1               ; unsigned char __near__ udeks_window_destroy (unsigned char)
000479r 1               ; ---------------------------------------------------------------
000479r 1               
000479r 1               .segment	"CODE"
000479r 1               
000479r 1               .proc	_udeks_window_destroy: near
000479r 1               
000479r 1               .segment	"CODE"
000479r 1               
000479r 1  20 rr rr     	jsr     pusha
00047Cr 1  20 rr rr     	jsr     decsp6
00047Fr 1  A0 06        	ldy     #$06
000481r 1  B1 rr        	lda     (sp),y
000483r 1  20 rr rr     	jsr     _window_by_handle
000486r 1  A0 04        	ldy     #$04
000488r 1  20 rr rr     	jsr     staxysp
00048Br 1  E0 00        	cpx     #$00
00048Dr 1  D0 09        	bne     L0436
00048Fr 1  C9 00        	cmp     #$00
000491r 1  D0 05        	bne     L0436
000493r 1  A9 01        	lda     #$01
000495r 1  4C rr rr     	jmp     incsp7
000498r 1  A0 05        L0436:	ldy     #$05
00049Ar 1  B1 rr        	lda     (sp),y
00049Cr 1  85 rr        	sta     ptr1+1
00049Er 1  88           	dey
00049Fr 1  B1 rr        	lda     (sp),y
0004A1r 1  85 rr        	sta     ptr1
0004A3r 1  A0 10        	ldy     #$10
0004A5r 1  B1 rr        	lda     (ptr1),y
0004A7r 1  AA           	tax
0004A8r 1  88           	dey
0004A9r 1  B1 rr        	lda     (ptr1),y
0004ABr 1  A0 02        	ldy     #$02
0004ADr 1  20 rr rr     	jsr     staxysp
0004B0r 1  A0 05        	ldy     #$05
0004B2r 1  B1 rr        	lda     (sp),y
0004B4r 1  85 rr        	sta     ptr1+1
0004B6r 1  88           	dey
0004B7r 1  B1 rr        	lda     (sp),y
0004B9r 1  85 rr        	sta     ptr1
0004BBr 1  A0 0A        	ldy     #$0A
0004BDr 1  B1 rr        	lda     (ptr1),y
0004BFr 1  A0 00        	ldy     #$00
0004C1r 1  91 rr        	sta     (sp),y
0004C3r 1  A0 05        	ldy     #$05
0004C5r 1  B1 rr        	lda     (sp),y
0004C7r 1  AA           	tax
0004C8r 1  88           	dey
0004C9r 1  B1 rr        	lda     (sp),y
0004CBr 1  20 rr rr     	jsr     _damage_set
0004CEr 1  A0 06        	ldy     #$06
0004D0r 1  B1 rr        	lda     (sp),y
0004D2r 1  CD rr rr     	cmp     _dragging_handle
0004D5r 1  D0 35        	bne     L0440
0004D7r 1  20 rr rr     	jsr     _udeks_vic_bitmap_reset_clip
0004DAr 1  20 rr rr     	jsr     decsp5
0004DDr 1  AD rr rr     	lda     _drag_x
0004E0r 1  A0 03        	ldy     #$03
0004E2r 1  91 rr        	sta     (sp),y
0004E4r 1  C8           	iny
0004E5r 1  AD rr rr     	lda     _drag_x+1
0004E8r 1  91 rr        	sta     (sp),y
0004EAr 1  AD rr rr     	lda     _drag_y
0004EDr 1  A0 02        	ldy     #$02
0004EFr 1  91 rr        	sta     (sp),y
0004F1r 1  AD rr rr     	lda     _drag_width
0004F4r 1  A0 00        	ldy     #$00
0004F6r 1  91 rr        	sta     (sp),y
0004F8r 1  C8           	iny
0004F9r 1  AD rr rr     	lda     _drag_width+1
0004FCr 1  91 rr        	sta     (sp),y
0004FEr 1  AD rr rr     	lda     _drag_height
000501r 1  20 rr rr     	jsr     _udeks_vic_bitmap_outline_toggle
000504r 1  A9 00        	lda     #$00
000506r 1  8D rr rr     	sta     _dragging_handle
000509r 1  8D rr rr     	sta     _drag_mode
00050Cr 1  A0 05        L0440:	ldy     #$05
00050Er 1  B1 rr        	lda     (sp),y
000510r 1  85 rr        	sta     ptr1+1
000512r 1  88           	dey
000513r 1  B1 rr        	lda     (sp),y
000515r 1  85 rr        	sta     ptr1
000517r 1  A9 00        	lda     #$00
000519r 1  A8           	tay
00051Ar 1  91 rr        	sta     (ptr1),y
00051Cr 1  CE rr rr     	dec     _active_count
00051Fr 1  C8           	iny
000520r 1  91 rr        L0536:	sta     (sp),y
000522r 1  C9 04        	cmp     #$04
000524r 1  B0 66        	bcs     L0450
000526r 1  B1 rr        	lda     (sp),y
000528r 1  20 rr rr     	jsr     pusha0
00052Br 1  A9 11        	lda     #$11
00052Dr 1  20 rr rr     	jsr     tosmula0
000530r 1  85 rr        	sta     ptr1
000532r 1  8A           	txa
000533r 1  18           	clc
000534r 1  69 rr        	adc     #>(_windows)
000536r 1  85 rr        	sta     ptr1+1
000538r 1  A0 rr        	ldy     #<(_windows)
00053Ar 1  B1 rr        	lda     (ptr1),y
00053Cr 1  F0 45        	beq     L0451
00053Er 1  A0 01        	ldy     #$01
000540r 1  B1 rr        	lda     (sp),y
000542r 1  20 rr rr     	jsr     pusha0
000545r 1  A9 11        	lda     #$11
000547r 1  20 rr rr     	jsr     tosmula0
00054Ar 1  18           	clc
00054Br 1  69 rr        	adc     #<(_windows)
00054Dr 1  85 rr        	sta     ptr1
00054Fr 1  8A           	txa
000550r 1  69 rr        	adc     #>(_windows)
000552r 1  85 rr        	sta     ptr1+1
000554r 1  A0 0A        	ldy     #$0A
000556r 1  B1 rr        	lda     (ptr1),y
000558r 1  38           	sec
000559r 1  A0 00        	ldy     #$00
00055Br 1  F1 rr        	sbc     (sp),y
00055Dr 1  85 rr        	sta     tmp1
00055Fr 1  A5 rr        	lda     tmp1
000561r 1  F0 20        	beq     L0451
000563r 1  90 1E        	bcc     L0451
000565r 1  C8           	iny
000566r 1  B1 rr        	lda     (sp),y
000568r 1  20 rr rr     	jsr     pusha0
00056Br 1  A9 11        	lda     #$11
00056Dr 1  20 rr rr     	jsr     tosmula0
000570r 1  18           	clc
000571r 1  69 rr        	adc     #<(_windows)
000573r 1  85 rr        	sta     ptr1
000575r 1  8A           	txa
000576r 1  69 rr        	adc     #>(_windows)
000578r 1  85 rr        	sta     ptr1+1
00057Ar 1  A0 0A        	ldy     #$0A
00057Cr 1  B1 rr        	lda     (ptr1),y
00057Er 1  38           	sec
00057Fr 1  E9 01        	sbc     #$01
000581r 1  91 rr        	sta     (ptr1),y
000583r 1  A0 01        L0451:	ldy     #$01
000585r 1  18           	clc
000586r 1  98           	tya
000587r 1  71 rr        	adc     (sp),y
000589r 1  4C rr rr     	jmp     L0536
00058Cr 1  20 rr rr     L0450:	jsr     _top_window
00058Fr 1  8D rr rr     	sta     _focused_handle
000592r 1  A9 00        	lda     #$00
000594r 1  20 rr rr     	jsr     _compose_damage
000597r 1  A9 12        	lda     #$12
000599r 1  20 rr rr     	jsr     _increment_counter
00059Cr 1  20 rr rr     	jsr     _publish_state
00059Fr 1  A0 02        	ldy     #$02
0005A1r 1  B1 rr        	lda     (sp),y
0005A3r 1  C8           	iny
0005A4r 1  11 rr        	ora     (sp),y
0005A6r 1  F0 22        	beq     L0466
0005A8r 1  B1 rr        	lda     (sp),y
0005AAr 1  AA           	tax
0005ABr 1  88           	dey
0005ACr 1  B1 rr        	lda     (sp),y
0005AEr 1  20 rr rr     	jsr     pushax
0005B1r 1  A0 08        	ldy     #$08
0005B3r 1  B1 rr        	lda     (sp),y
0005B5r 1  48           	pha
0005B6r 1  A0 00        	ldy     #$00
0005B8r 1  B1 rr        	lda     (sp),y
0005BAr 1  8D rr rr     	sta     jmpvec+1
0005BDr 1  C8           	iny
0005BEr 1  B1 rr        	lda     (sp),y
0005C0r 1  8D rr rr     	sta     jmpvec+2
0005C3r 1  68           	pla
0005C4r 1  20 rr rr     	jsr     jmpvec
0005C7r 1  20 rr rr     	jsr     incsp2
0005CAr 1  A2 00        L0466:	ldx     #$00
0005CCr 1  8A           	txa
0005CDr 1  4C rr rr     	jmp     incsp7
0005D0r 1               
0005D0r 1               .endproc
0005D0r 1               
0005D0r 1               ; ---------------------------------------------------------------
0005D0r 1               ; unsigned char __near__ udeks_window_repaint (unsigned char)
0005D0r 1               ; ---------------------------------------------------------------
0005D0r 1               
0005D0r 1               .segment	"CODE"
0005D0r 1               
0005D0r 1               .proc	_udeks_window_repaint: near
0005D0r 1               
0005D0r 1               .segment	"CODE"
0005D0r 1               
0005D0r 1  20 rr rr     	jsr     pusha
0005D3r 1  20 rr rr     	jsr     decsp2
0005D6r 1  A0 02        	ldy     #$02
0005D8r 1  B1 rr        	lda     (sp),y
0005DAr 1  20 rr rr     	jsr     _window_by_handle
0005DDr 1  20 rr rr     	jsr     stax0sp
0005E0r 1  E0 00        	cpx     #$00
0005E2r 1  D0 09        	bne     L0470
0005E4r 1  C9 00        	cmp     #$00
0005E6r 1  D0 05        	bne     L0470
0005E8r 1  A9 01        	lda     #$01
0005EAr 1  4C rr rr     	jmp     incsp3
0005EDr 1  AD rr rr     L0470:	lda     _dragging_handle
0005F0r 1  D0 10        	bne     L053B
0005F2r 1  A0 01        	ldy     #$01
0005F4r 1  B1 rr        	lda     (sp),y
0005F6r 1  AA           	tax
0005F7r 1  88           	dey
0005F8r 1  B1 rr        	lda     (sp),y
0005FAr 1  20 rr rr     	jsr     _damage_set
0005FDr 1  A9 00        	lda     #$00
0005FFr 1  20 rr rr     	jsr     _compose_damage
000602r 1  A2 00        L053B:	ldx     #$00
000604r 1  8A           	txa
000605r 1  4C rr rr     	jmp     incsp3
000608r 1               
000608r 1               .endproc
000608r 1               
000608r 1               ; ---------------------------------------------------------------
000608r 1               ; unsigned char __near__ udeks_window_begin_paint (unsigned char)
000608r 1               ; ---------------------------------------------------------------
000608r 1               
000608r 1               .segment	"CODE"
000608r 1               
000608r 1               .proc	_udeks_window_begin_paint: near
000608r 1               
000608r 1               .segment	"CODE"
000608r 1               
000608r 1  20 rr rr     	jsr     pusha
00060Br 1  20 rr rr     	jsr     decsp2
00060Er 1  A0 02        	ldy     #$02
000610r 1  B1 rr        	lda     (sp),y
000612r 1  20 rr rr     	jsr     _window_by_handle
000615r 1  20 rr rr     	jsr     stax0sp
000618r 1  E0 00        	cpx     #$00
00061Ar 1  D0 04        	bne     L0541
00061Cr 1  C9 00        	cmp     #$00
00061Er 1  F0 1B        	beq     L0542
000620r 1  AD rr rr     L0541:	lda     _dragging_handle
000623r 1  D0 14        	bne     L053F
000625r 1  A0 01        	ldy     #$01
000627r 1  B1 rr        	lda     (sp),y
000629r 1  85 rr        	sta     ptr1+1
00062Br 1  88           	dey
00062Cr 1  B1 rr        	lda     (sp),y
00062Er 1  85 rr        	sta     ptr1
000630r 1  A0 0A        	ldy     #$0A
000632r 1  B1 rr        	lda     (ptr1),y
000634r 1  CD rr rr     	cmp     _active_count
000637r 1  F0 07        	beq     L01E8
000639r 1  A2 00        L053F:	ldx     #$00
00063Br 1  A9 01        L0542:	lda     #$01
00063Dr 1  4C rr rr     	jmp     incsp3
000640r 1  A0 01        L01E8:	ldy     #$01
000642r 1  B1 rr        	lda     (sp),y
000644r 1  85 rr        	sta     ptr1+1
000646r 1  88           	dey
000647r 1  B1 rr        	lda     (sp),y
000649r 1  85 rr        	sta     ptr1
00064Br 1  A0 03        	ldy     #$03
00064Dr 1  B1 rr        	lda     (ptr1),y
00064Fr 1  29 7F        	and     #$7F
000651r 1  91 rr        	sta     (ptr1),y
000653r 1  20 rr rr     	jsr     decsp6
000656r 1  A0 07        	ldy     #$07
000658r 1  B1 rr        	lda     (sp),y
00065Ar 1  85 rr        	sta     ptr1+1
00065Cr 1  88           	dey
00065Dr 1  B1 rr        	lda     (sp),y
00065Fr 1  85 rr        	sta     ptr1
000661r 1  88           	dey
000662r 1  B1 rr        	lda     (ptr1),y
000664r 1  AA           	tax
000665r 1  88           	dey
000666r 1  B1 rr        	lda     (ptr1),y
000668r 1  18           	clc
000669r 1  69 03        	adc     #$03
00066Br 1  90 01        	bcc     L0540
00066Dr 1  E8           	inx
00066Er 1  91 rr        L0540:	sta     (sp),y
000670r 1  C8           	iny
000671r 1  8A           	txa
000672r 1  91 rr        	sta     (sp),y
000674r 1  A0 07        	ldy     #$07
000676r 1  B1 rr        	lda     (sp),y
000678r 1  85 rr        	sta     ptr1+1
00067Ar 1  88           	dey
00067Br 1  B1 rr        	lda     (sp),y
00067Dr 1  85 rr        	sta     ptr1
00067Fr 1  A2 00        	ldx     #$00
000681r 1  B1 rr        	lda     (ptr1),y
000683r 1  18           	clc
000684r 1  69 0D        	adc     #$0D
000686r 1  90 02        	bcc     L053D
000688r 1  E8           	inx
000689r 1  18           	clc
00068Ar 1  69 01        L053D:	adc     #$01
00068Cr 1  90 01        	bcc     L01F4
00068Er 1  E8           	inx
00068Fr 1  A0 02        L01F4:	ldy     #$02
000691r 1  91 rr        	sta     (sp),y
000693r 1  C8           	iny
000694r 1  8A           	txa
000695r 1  91 rr        	sta     (sp),y
000697r 1  A0 07        	ldy     #$07
000699r 1  B1 rr        	lda     (sp),y
00069Br 1  85 rr        	sta     ptr1+1
00069Dr 1  88           	dey
00069Er 1  B1 rr        	lda     (sp),y
0006A0r 1  85 rr        	sta     ptr1
0006A2r 1  A0 08        	ldy     #$08
0006A4r 1  B1 rr        	lda     (ptr1),y
0006A6r 1  AA           	tax
0006A7r 1  88           	dey
0006A8r 1  B1 rr        	lda     (ptr1),y
0006AAr 1  38           	sec
0006ABr 1  E9 06        	sbc     #$06
0006ADr 1  B0 01        	bcs     L01F6
0006AFr 1  CA           	dex
0006B0r 1  A0 00        L01F6:	ldy     #$00
0006B2r 1  91 rr        	sta     (sp),y
0006B4r 1  C8           	iny
0006B5r 1  8A           	txa
0006B6r 1  91 rr        	sta     (sp),y
0006B8r 1  A0 07        	ldy     #$07
0006BAr 1  B1 rr        	lda     (sp),y
0006BCr 1  85 rr        	sta     ptr1+1
0006BEr 1  88           	dey
0006BFr 1  B1 rr        	lda     (sp),y
0006C1r 1  85 rr        	sta     ptr1
0006C3r 1  A0 09        	ldy     #$09
0006C5r 1  A2 00        	ldx     #$00
0006C7r 1  B1 rr        	lda     (ptr1),y
0006C9r 1  38           	sec
0006CAr 1  E9 0D        	sbc     #$0D
0006CCr 1  B0 02        	bcs     L053E
0006CEr 1  CA           	dex
0006CFr 1  38           	sec
0006D0r 1  E9 04        L053E:	sbc     #$04
0006D2r 1  B0 01        	bcs     L01F9
0006D4r 1  CA           	dex
0006D5r 1  20 rr rr     L01F9:	jsr     _udeks_vic_bitmap_set_clip
0006D8r 1  A2 00        	ldx     #$00
0006DAr 1  8A           	txa
0006DBr 1  4C rr rr     	jmp     incsp3
0006DEr 1               
0006DEr 1               .endproc
0006DEr 1               
0006DEr 1               ; ---------------------------------------------------------------
0006DEr 1               ; void __near__ udeks_window_end_paint (void)
0006DEr 1               ; ---------------------------------------------------------------
0006DEr 1               
0006DEr 1               .segment	"CODE"
0006DEr 1               
0006DEr 1               .proc	_udeks_window_end_paint: near
0006DEr 1               
0006DEr 1               .segment	"CODE"
0006DEr 1               
0006DEr 1  20 rr rr     	jsr     _udeks_vic_bitmap_reset_clip
0006E1r 1  4C rr rr     	jmp     _udeks_vic_bitmap_commit
0006E4r 1               
0006E4r 1               .endproc
0006E4r 1               
0006E4r 1               ; ---------------------------------------------------------------
0006E4r 1               ; unsigned char __near__ __fastcall__ udeks_window_image_complete (unsigned char)
0006E4r 1               ; ---------------------------------------------------------------
0006E4r 1               
0006E4r 1               .segment	"CODE"
0006E4r 1               
0006E4r 1               .proc	_udeks_window_image_complete: near
0006E4r 1               
0006E4r 1               .segment	"CODE"
0006E4r 1               
0006E4r 1  20 rr rr     	jsr     pusha
0006E7r 1  20 rr rr     	jsr     decsp2
0006EAr 1  A0 02        	ldy     #$02
0006ECr 1  B1 rr        	lda     (sp),y
0006EEr 1  20 rr rr     	jsr     _window_by_handle
0006F1r 1  20 rr rr     	jsr     stax0sp
0006F4r 1  E0 00        	cpx     #$00
0006F6r 1  D0 04        	bne     L0545
0006F8r 1  C9 00        	cmp     #$00
0006FAr 1  F0 41        	beq     L0546
0006FCr 1  AD rr rr     L0545:	lda     _dragging_handle
0006FFr 1  D0 3A        	bne     L0544
000701r 1  A0 01        	ldy     #$01
000703r 1  B1 rr        	lda     (sp),y
000705r 1  85 rr        	sta     ptr1+1
000707r 1  88           	dey
000708r 1  B1 rr        	lda     (sp),y
00070Ar 1  85 rr        	sta     ptr1
00070Cr 1  A0 0A        	ldy     #$0A
00070Er 1  B1 rr        	lda     (ptr1),y
000710r 1  CD rr rr     	cmp     _active_count
000713r 1  D0 26        	bne     L0544
000715r 1  A0 01        	ldy     #$01
000717r 1  B1 rr        	lda     (sp),y
000719r 1  85 rr        	sta     ptr1+1
00071Br 1  88           	dey
00071Cr 1  B1 rr        	lda     (sp),y
00071Er 1  85 rr        	sta     ptr1
000720r 1  A0 03        	ldy     #$03
000722r 1  B1 rr        	lda     (ptr1),y
000724r 1  29 01        	and     #$01
000726r 1  F0 13        	beq     L0544
000728r 1  A0 01        	ldy     #$01
00072Ar 1  B1 rr        	lda     (sp),y
00072Cr 1  85 rr        	sta     ptr1+1
00072Er 1  88           	dey
00072Fr 1  B1 rr        	lda     (sp),y
000731r 1  85 rr        	sta     ptr1
000733r 1  A0 02        	ldy     #$02
000735r 1  B1 rr        	lda     (ptr1),y
000737r 1  C9 01        	cmp     #$01
000739r 1  F0 07        	beq     L0202
00073Br 1  A2 00        L0544:	ldx     #$00
00073Dr 1  A9 01        L0546:	lda     #$01
00073Fr 1  4C rr rr     	jmp     incsp3
000742r 1  88           L0202:	dey
000743r 1  B1 rr        	lda     (sp),y
000745r 1  85 rr        	sta     ptr1+1
000747r 1  88           	dey
000748r 1  B1 rr        	lda     (sp),y
00074Ar 1  85 rr        	sta     ptr1
00074Cr 1  A0 03        	ldy     #$03
00074Er 1  B1 rr        	lda     (ptr1),y
000750r 1  09 80        	ora     #$80
000752r 1  91 rr        	sta     (ptr1),y
000754r 1  A2 00        	ldx     #$00
000756r 1  8A           	txa
000757r 1  4C rr rr     	jmp     incsp3
00075Ar 1               
00075Ar 1               .endproc
00075Ar 1               
00075Ar 1               ; ---------------------------------------------------------------
00075Ar 1               ; unsigned char __near__ udeks_window_get_geometry (unsigned char, __near__ unsigned int *, __near__ unsigned char *, __near__ unsigned int *, __near__ unsigned char *)
00075Ar 1               ; ---------------------------------------------------------------
00075Ar 1               
00075Ar 1               .segment	"CODE"
00075Ar 1               
00075Ar 1               .proc	_udeks_window_get_geometry: near
00075Ar 1               
00075Ar 1               .segment	"CODE"
00075Ar 1               
00075Ar 1  20 rr rr     	jsr     pushax
00075Dr 1  20 rr rr     	jsr     decsp2
000760r 1  A0 0A        	ldy     #$0A
000762r 1  B1 rr        	lda     (sp),y
000764r 1  20 rr rr     	jsr     _window_by_handle
000767r 1  20 rr rr     	jsr     stax0sp
00076Ar 1  E0 00        	cpx     #$00
00076Cr 1  D0 09        	bne     L0480
00076Er 1  C9 00        	cmp     #$00
000770r 1  D0 05        	bne     L0480
000772r 1  A9 01        	lda     #$01
000774r 1  4C rr rr     	jmp     L047C
000777r 1  A0 09        L0480:	ldy     #$09
000779r 1  B1 rr        	lda     (sp),y
00077Br 1  85 rr        	sta     sreg+1
00077Dr 1  88           	dey
00077Er 1  B1 rr        	lda     (sp),y
000780r 1  85 rr        	sta     sreg
000782r 1  A0 0A        	ldy     #$0A
000784r 1  B1 rr        	lda     (sp),y
000786r 1  CD rr rr     	cmp     _dragging_handle
000789r 1  D0 09        	bne     L0486
00078Br 1  AD rr rr     	lda     _drag_x
00078Er 1  AE rr rr     	ldx     _drag_x+1
000791r 1  4C rr rr     	jmp     L0488
000794r 1  A0 01        L0486:	ldy     #$01
000796r 1  B1 rr        	lda     (sp),y
000798r 1  85 rr        	sta     ptr1+1
00079Ar 1  88           	dey
00079Br 1  B1 rr        	lda     (sp),y
00079Dr 1  85 rr        	sta     ptr1
00079Fr 1  A0 05        	ldy     #$05
0007A1r 1  B1 rr        	lda     (ptr1),y
0007A3r 1  AA           	tax
0007A4r 1  88           	dey
0007A5r 1  B1 rr        	lda     (ptr1),y
0007A7r 1  A0 00        L0488:	ldy     #$00
0007A9r 1  91 rr        	sta     (sreg),y
0007ABr 1  C8           	iny
0007ACr 1  8A           	txa
0007ADr 1  91 rr        	sta     (sreg),y
0007AFr 1  A0 07        	ldy     #$07
0007B1r 1  B1 rr        	lda     (sp),y
0007B3r 1  85 rr        	sta     sreg+1
0007B5r 1  88           	dey
0007B6r 1  B1 rr        	lda     (sp),y
0007B8r 1  85 rr        	sta     sreg
0007BAr 1  A0 0A        	ldy     #$0A
0007BCr 1  B1 rr        	lda     (sp),y
0007BEr 1  CD rr rr     	cmp     _dragging_handle
0007C1r 1  D0 06        	bne     L048C
0007C3r 1  AD rr rr     	lda     _drag_y
0007C6r 1  4C rr rr     	jmp     L054E
0007C9r 1  A0 01        L048C:	ldy     #$01
0007CBr 1  B1 rr        	lda     (sp),y
0007CDr 1  85 rr        	sta     ptr1+1
0007CFr 1  88           	dey
0007D0r 1  B1 rr        	lda     (sp),y
0007D2r 1  85 rr        	sta     ptr1
0007D4r 1  A0 06        	ldy     #$06
0007D6r 1  B1 rr        	lda     (ptr1),y
0007D8r 1  A0 00        L054E:	ldy     #$00
0007DAr 1  91 rr        	sta     (sreg),y
0007DCr 1  A0 05        	ldy     #$05
0007DEr 1  B1 rr        	lda     (sp),y
0007E0r 1  85 rr        	sta     sreg+1
0007E2r 1  88           	dey
0007E3r 1  B1 rr        	lda     (sp),y
0007E5r 1  85 rr        	sta     sreg
0007E7r 1  A0 0A        	ldy     #$0A
0007E9r 1  B1 rr        	lda     (sp),y
0007EBr 1  CD rr rr     	cmp     _dragging_handle
0007EEr 1  D0 09        	bne     L0492
0007F0r 1  AD rr rr     	lda     _drag_width
0007F3r 1  AE rr rr     	ldx     _drag_width+1
0007F6r 1  4C rr rr     	jmp     L0494
0007F9r 1  A0 01        L0492:	ldy     #$01
0007FBr 1  B1 rr        	lda     (sp),y
0007FDr 1  85 rr        	sta     ptr1+1
0007FFr 1  88           	dey
000800r 1  B1 rr        	lda     (sp),y
000802r 1  85 rr        	sta     ptr1
000804r 1  A0 08        	ldy     #$08
000806r 1  B1 rr        	lda     (ptr1),y
000808r 1  AA           	tax
000809r 1  88           	dey
00080Ar 1  B1 rr        	lda     (ptr1),y
00080Cr 1  A0 00        L0494:	ldy     #$00
00080Er 1  91 rr        	sta     (sreg),y
000810r 1  C8           	iny
000811r 1  8A           	txa
000812r 1  91 rr        	sta     (sreg),y
000814r 1  A0 03        	ldy     #$03
000816r 1  B1 rr        	lda     (sp),y
000818r 1  85 rr        	sta     sreg+1
00081Ar 1  88           	dey
00081Br 1  B1 rr        	lda     (sp),y
00081Dr 1  85 rr        	sta     sreg
00081Fr 1  A0 0A        	ldy     #$0A
000821r 1  B1 rr        	lda     (sp),y
000823r 1  CD rr rr     	cmp     _dragging_handle
000826r 1  D0 06        	bne     L0498
000828r 1  AD rr rr     	lda     _drag_height
00082Br 1  4C rr rr     	jmp     L0550
00082Er 1  A0 01        L0498:	ldy     #$01
000830r 1  B1 rr        	lda     (sp),y
000832r 1  85 rr        	sta     ptr1+1
000834r 1  88           	dey
000835r 1  B1 rr        	lda     (sp),y
000837r 1  85 rr        	sta     ptr1
000839r 1  A0 09        	ldy     #$09
00083Br 1  B1 rr        	lda     (ptr1),y
00083Dr 1  A0 00        L0550:	ldy     #$00
00083Fr 1  91 rr        	sta     (sreg),y
000841r 1  A2 00        	ldx     #$00
000843r 1  8A           	txa
000844r 1  A0 0B        L047C:	ldy     #$0B
000846r 1  4C rr rr     	jmp     addysp
000849r 1               
000849r 1               .endproc
000849r 1               
000849r 1               ; ---------------------------------------------------------------
000849r 1               ; unsigned char __near__ udeks_window_is_dragging (unsigned char)
000849r 1               ; ---------------------------------------------------------------
000849r 1               
000849r 1               .segment	"CODE"
000849r 1               
000849r 1               .proc	_udeks_window_is_dragging: near
000849r 1               
000849r 1               .segment	"CODE"
000849r 1               
000849r 1  20 rr rr     	jsr     pusha
00084Cr 1  A2 00        	ldx     #$00
00084Er 1  A1 rr        	lda     (sp,x)
000850r 1  F0 0E        	beq     L0556
000852r 1  CD rr rr     	cmp     _dragging_handle
000855r 1  F0 04        	beq     L0554
000857r 1  8A           	txa
000858r 1  4C rr rr     	jmp     incsp1
00085Br 1  A9 01        L0554:	lda     #$01
00085Dr 1  4C rr rr     	jmp     incsp1
000860r 1  4C rr rr     L0556:	jmp     incsp1
000863r 1               
000863r 1               .endproc
000863r 1               
000863r 1               ; ---------------------------------------------------------------
000863r 1               ; unsigned char __near__ udeks_window_is_focused (unsigned char)
000863r 1               ; ---------------------------------------------------------------
000863r 1               
000863r 1               .segment	"CODE"
000863r 1               
000863r 1               .proc	_udeks_window_is_focused: near
000863r 1               
000863r 1               .segment	"CODE"
000863r 1               
000863r 1  20 rr rr     	jsr     pusha
000866r 1  A2 00        	ldx     #$00
000868r 1  A1 rr        	lda     (sp,x)
00086Ar 1  F0 0E        	beq     L055C
00086Cr 1  CD rr rr     	cmp     _focused_handle
00086Fr 1  F0 04        	beq     L055A
000871r 1  8A           	txa
000872r 1  4C rr rr     	jmp     incsp1
000875r 1  A9 01        L055A:	lda     #$01
000877r 1  4C rr rr     	jmp     incsp1
00087Ar 1  4C rr rr     L055C:	jmp     incsp1
00087Dr 1               
00087Dr 1               .endproc
00087Dr 1               
00087Dr 1               ; ---------------------------------------------------------------
00087Dr 1               ; void __near__ increment_counter (unsigned char)
00087Dr 1               ; ---------------------------------------------------------------
00087Dr 1               
00087Dr 1               .segment	"CODE"
00087Dr 1               
00087Dr 1               .proc	_increment_counter: near
00087Dr 1               
00087Dr 1               .segment	"CODE"
00087Dr 1               
00087Dr 1  20 rr rr     	jsr     pusha
000880r 1  A0 00        	ldy     #$00
000882r 1  B1 rr        	lda     (sp),y
000884r 1  18           	clc
000885r 1  69 40        	adc     #$40
000887r 1  85 rr        	sta     ptr1
000889r 1  98           	tya
00088Ar 1  69 F2        	adc     #$F2
00088Cr 1  85 rr        	sta     ptr1+1
00088Er 1  A9 01        	lda     #$01
000890r 1  18           	clc
000891r 1  71 rr        	adc     (ptr1),y
000893r 1  91 rr        	sta     (ptr1),y
000895r 1  B1 rr        	lda     (sp),y
000897r 1  18           	clc
000898r 1  69 40        	adc     #$40
00089Ar 1  85 rr        	sta     ptr1
00089Cr 1  98           	tya
00089Dr 1  69 F2        	adc     #$F2
00089Fr 1  85 rr        	sta     ptr1+1
0008A1r 1  B1 rr        	lda     (ptr1),y
0008A3r 1  D0 1A        	bne     L008D
0008A5r 1  AA           	tax
0008A6r 1  B1 rr        	lda     (sp),y
0008A8r 1  18           	clc
0008A9r 1  69 01        	adc     #$01
0008ABr 1  90 02        	bcc     L055D
0008ADr 1  E8           	inx
0008AEr 1  18           	clc
0008AFr 1  69 40        L055D:	adc     #$40
0008B1r 1  85 rr        	sta     ptr1
0008B3r 1  8A           	txa
0008B4r 1  69 F2        	adc     #$F2
0008B6r 1  85 rr        	sta     ptr1+1
0008B8r 1  A9 01        	lda     #$01
0008BAr 1  18           	clc
0008BBr 1  71 rr        	adc     (ptr1),y
0008BDr 1  91 rr        	sta     (ptr1),y
0008BFr 1  4C rr rr     L008D:	jmp     incsp1
0008C2r 1               
0008C2r 1               .endproc
0008C2r 1               
0008C2r 1               ; ---------------------------------------------------------------
0008C2r 1               ; __near__ struct udeks_window * __near__ window_by_handle (unsigned char)
0008C2r 1               ; ---------------------------------------------------------------
0008C2r 1               
0008C2r 1               .segment	"CODE"
0008C2r 1               
0008C2r 1               .proc	_window_by_handle: near
0008C2r 1               
0008C2r 1               .segment	"CODE"
0008C2r 1               
0008C2r 1  20 rr rr     	jsr     pusha
0008C5r 1  A0 00        	ldy     #$00
0008C7r 1  B1 rr        	lda     (sp),y
0008C9r 1  F0 24        	beq     L055E
0008CBr 1  C9 05        	cmp     #$05
0008CDr 1  B0 20        	bcs     L055E
0008CFr 1  A2 00        	ldx     #$00
0008D1r 1  B1 rr        	lda     (sp),y
0008D3r 1  38           	sec
0008D4r 1  E9 01        	sbc     #$01
0008D6r 1  B0 01        	bcs     L009B
0008D8r 1  CA           	dex
0008D9r 1  20 rr rr     L009B:	jsr     pushax
0008DCr 1  A9 11        	lda     #$11
0008DEr 1  20 rr rr     	jsr     tosmula0
0008E1r 1  85 rr        	sta     ptr1
0008E3r 1  8A           	txa
0008E4r 1  18           	clc
0008E5r 1  69 rr        	adc     #>(_windows)
0008E7r 1  85 rr        	sta     ptr1+1
0008E9r 1  A0 rr        	ldy     #<(_windows)
0008EBr 1  B1 rr        	lda     (ptr1),y
0008EDr 1  D0 06        	bne     L0098
0008EFr 1  A2 00        L055E:	ldx     #$00
0008F1r 1  8A           	txa
0008F2r 1  4C rr rr     	jmp     incsp1
0008F5r 1  A2 00        L0098:	ldx     #$00
0008F7r 1  A1 rr        	lda     (sp,x)
0008F9r 1  38           	sec
0008FAr 1  E9 01        	sbc     #$01
0008FCr 1  B0 01        	bcs     L00A0
0008FEr 1  CA           	dex
0008FFr 1  20 rr rr     L00A0:	jsr     pushax
000902r 1  A9 11        	lda     #$11
000904r 1  20 rr rr     	jsr     tosmula0
000907r 1  18           	clc
000908r 1  69 rr        	adc     #<(_windows)
00090Ar 1  A8           	tay
00090Br 1  8A           	txa
00090Cr 1  69 rr        	adc     #>(_windows)
00090Er 1  AA           	tax
00090Fr 1  98           	tya
000910r 1  4C rr rr     	jmp     incsp1
000913r 1               
000913r 1               .endproc
000913r 1               
000913r 1               ; ---------------------------------------------------------------
000913r 1               ; void __near__ publish_state (void)
000913r 1               ; ---------------------------------------------------------------
000913r 1               
000913r 1               .segment	"CODE"
000913r 1               
000913r 1               .proc	_publish_state: near
000913r 1               
000913r 1               .segment	"CODE"
000913r 1               
000913r 1  20 rr rr     	jsr     decsp2
000916r 1  AD rr rr     	lda     _active_count
000919r 1  8D 46 F2     	sta     $F246
00091Cr 1  AD rr rr     	lda     _focused_handle
00091Fr 1  8D 47 F2     	sta     $F247
000922r 1  AD rr rr     	lda     _dragging_handle
000925r 1  8D 48 F2     	sta     $F248
000928r 1  A9 04        	lda     #$04
00092Ar 1  8D 4E F2     	sta     $F24E
00092Dr 1  A9 3F        	lda     #$3F
00092Fr 1  8D 4F F2     	sta     $F24F
000932r 1  AD rr rr     	lda     _dragging_handle
000935r 1  D0 0C        	bne     L00BB
000937r 1  8D 49 F2     	sta     $F249
00093Ar 1  8D 4A F2     	sta     $F24A
00093Dr 1  8D 4B F2     	sta     $F24B
000940r 1  4C rr rr     	jmp     L0562
000943r 1  AD rr rr     L00BB:	lda     _dragging_handle
000946r 1  20 rr rr     	jsr     _window_by_handle
000949r 1  20 rr rr     	jsr     stax0sp
00094Cr 1  E0 00        	cpx     #$00
00094Er 1  D0 04        	bne     L0560
000950r 1  C9 00        	cmp     #$00
000952r 1  F0 1E        	beq     L00A1
000954r 1  AD rr rr     L0560:	lda     _drag_x
000957r 1  8D 49 F2     	sta     $F249
00095Ar 1  AD rr rr     	lda     _drag_x+1
00095Dr 1  8D 4A F2     	sta     $F24A
000960r 1  AD rr rr     	lda     _drag_y
000963r 1  8D 4B F2     	sta     $F24B
000966r 1  AD rr rr     	lda     _drag_width
000969r 1  8D 4C F2     L0562:	sta     $F24C
00096Cr 1  AD rr rr     	lda     _previous_buttons
00096Fr 1  8D 4D F2     	sta     $F24D
000972r 1  4C rr rr     L00A1:	jmp     incsp2
000975r 1               
000975r 1               .endproc
000975r 1               
000975r 1               ; ---------------------------------------------------------------
000975r 1               ; unsigned char __near__ point_inside (unsigned int, unsigned char, __near__ const struct udeks_window *)
000975r 1               ; ---------------------------------------------------------------
000975r 1               
000975r 1               .segment	"CODE"
000975r 1               
000975r 1               .proc	_point_inside: near
000975r 1               
000975r 1               .segment	"CODE"
000975r 1               
000975r 1  20 rr rr     	jsr     pushax
000978r 1  A0 06        	ldy     #$06
00097Ar 1  20 rr rr     	jsr     pushwysp
00097Dr 1  A0 03        	ldy     #$03
00097Fr 1  B1 rr        	lda     (sp),y
000981r 1  85 rr        	sta     ptr1+1
000983r 1  88           	dey
000984r 1  B1 rr        	lda     (sp),y
000986r 1  85 rr        	sta     ptr1
000988r 1  A0 05        	ldy     #$05
00098Ar 1  B1 rr        	lda     (ptr1),y
00098Cr 1  AA           	tax
00098Dr 1  88           	dey
00098Er 1  B1 rr        	lda     (ptr1),y
000990r 1  20 rr rr     	jsr     tosicmp
000993r 1  B0 03 4C rr  	jcc     L00F8
000997r 1  rr           
000998r 1  A0 06        	ldy     #$06
00099Ar 1  20 rr rr     	jsr     pushwysp
00099Dr 1  A0 03        	ldy     #$03
00099Fr 1  B1 rr        	lda     (sp),y
0009A1r 1  85 rr        	sta     ptr1+1
0009A3r 1  88           	dey
0009A4r 1  B1 rr        	lda     (sp),y
0009A6r 1  85 rr        	sta     ptr1
0009A8r 1  A0 05        	ldy     #$05
0009AAr 1  B1 rr        	lda     (ptr1),y
0009ACr 1  AA           	tax
0009ADr 1  88           	dey
0009AEr 1  B1 rr        	lda     (ptr1),y
0009B0r 1  20 rr rr     	jsr     pushax
0009B3r 1  A0 05        	ldy     #$05
0009B5r 1  B1 rr        	lda     (sp),y
0009B7r 1  85 rr        	sta     ptr1+1
0009B9r 1  88           	dey
0009BAr 1  B1 rr        	lda     (sp),y
0009BCr 1  85 rr        	sta     ptr1
0009BEr 1  A0 08        	ldy     #$08
0009C0r 1  B1 rr        	lda     (ptr1),y
0009C2r 1  AA           	tax
0009C3r 1  88           	dey
0009C4r 1  B1 rr        	lda     (ptr1),y
0009C6r 1  20 rr rr     	jsr     tosaddax
0009C9r 1  20 rr rr     	jsr     tosicmp
0009CCr 1  B0 4B        	bcs     L00F8
0009CEr 1  A0 02        	ldy     #$02
0009D0r 1  B1 rr        	lda     (sp),y
0009D2r 1  20 rr rr     	jsr     pusha0
0009D5r 1  A0 03        	ldy     #$03
0009D7r 1  B1 rr        	lda     (sp),y
0009D9r 1  85 rr        	sta     ptr1+1
0009DBr 1  88           	dey
0009DCr 1  B1 rr        	lda     (sp),y
0009DEr 1  85 rr        	sta     ptr1
0009E0r 1  A0 06        	ldy     #$06
0009E2r 1  B1 rr        	lda     (ptr1),y
0009E4r 1  20 rr rr     	jsr     tosicmp0
0009E7r 1  90 30        	bcc     L00F8
0009E9r 1  A0 02        	ldy     #$02
0009EBr 1  B1 rr        	lda     (sp),y
0009EDr 1  20 rr rr     	jsr     pusha0
0009F0r 1  A0 03        	ldy     #$03
0009F2r 1  B1 rr        	lda     (sp),y
0009F4r 1  85 rr        	sta     ptr1+1
0009F6r 1  88           	dey
0009F7r 1  B1 rr        	lda     (sp),y
0009F9r 1  85 rr        	sta     ptr1
0009FBr 1  A0 06        	ldy     #$06
0009FDr 1  B1 rr        	lda     (ptr1),y
0009FFr 1  20 rr rr     	jsr     pusha0
000A02r 1  A0 05        	ldy     #$05
000A04r 1  B1 rr        	lda     (sp),y
000A06r 1  85 rr        	sta     ptr1+1
000A08r 1  88           	dey
000A09r 1  B1 rr        	lda     (sp),y
000A0Br 1  85 rr        	sta     ptr1
000A0Dr 1  A0 09        	ldy     #$09
000A0Fr 1  B1 rr        	lda     (ptr1),y
000A11r 1  20 rr rr     	jsr     tosadda0
000A14r 1  20 rr rr     	jsr     tosicmp0
000A17r 1  90 06        	bcc     L00F7
000A19r 1  A2 00        L00F8:	ldx     #$00
000A1Br 1  8A           	txa
000A1Cr 1  4C rr rr     	jmp     incsp5
000A1Fr 1  A9 01        L00F7:	lda     #$01
000A21r 1  A2 00        	ldx     #$00
000A23r 1  4C rr rr     	jmp     incsp5
000A26r 1               
000A26r 1               .endproc
000A26r 1               
000A26r 1               ; ---------------------------------------------------------------
000A26r 1               ; void __near__ damage_set (__near__ const struct udeks_window *)
000A26r 1               ; ---------------------------------------------------------------
000A26r 1               
000A26r 1               .segment	"CODE"
000A26r 1               
000A26r 1               .proc	_damage_set: near
000A26r 1               
000A26r 1               .segment	"CODE"
000A26r 1               
000A26r 1  20 rr rr     	jsr     pushax
000A29r 1  A0 01        	ldy     #$01
000A2Br 1  B1 rr        	lda     (sp),y
000A2Dr 1  85 rr        	sta     ptr1+1
000A2Fr 1  88           	dey
000A30r 1  B1 rr        	lda     (sp),y
000A32r 1  85 rr        	sta     ptr1
000A34r 1  A0 05        	ldy     #$05
000A36r 1  B1 rr        	lda     (ptr1),y
000A38r 1  8D rr rr     	sta     _damage_left+1
000A3Br 1  88           	dey
000A3Cr 1  B1 rr        	lda     (ptr1),y
000A3Er 1  8D rr rr     	sta     _damage_left
000A41r 1  A0 01        	ldy     #$01
000A43r 1  B1 rr        	lda     (sp),y
000A45r 1  85 rr        	sta     ptr1+1
000A47r 1  88           	dey
000A48r 1  B1 rr        	lda     (sp),y
000A4Ar 1  85 rr        	sta     ptr1
000A4Cr 1  A0 06        	ldy     #$06
000A4Er 1  B1 rr        	lda     (ptr1),y
000A50r 1  8D rr rr     	sta     _damage_top
000A53r 1  A0 01        	ldy     #$01
000A55r 1  B1 rr        	lda     (sp),y
000A57r 1  85 rr        	sta     ptr1+1
000A59r 1  88           	dey
000A5Ar 1  B1 rr        	lda     (sp),y
000A5Cr 1  85 rr        	sta     ptr1
000A5Er 1  A0 05        	ldy     #$05
000A60r 1  B1 rr        	lda     (ptr1),y
000A62r 1  AA           	tax
000A63r 1  88           	dey
000A64r 1  B1 rr        	lda     (ptr1),y
000A66r 1  20 rr rr     	jsr     pushax
000A69r 1  A0 03        	ldy     #$03
000A6Br 1  B1 rr        	lda     (sp),y
000A6Dr 1  85 rr        	sta     ptr1+1
000A6Fr 1  88           	dey
000A70r 1  B1 rr        	lda     (sp),y
000A72r 1  85 rr        	sta     ptr1
000A74r 1  A0 08        	ldy     #$08
000A76r 1  B1 rr        	lda     (ptr1),y
000A78r 1  AA           	tax
000A79r 1  88           	dey
000A7Ar 1  B1 rr        	lda     (ptr1),y
000A7Cr 1  20 rr rr     	jsr     tosaddax
000A7Fr 1  8D rr rr     	sta     _damage_right
000A82r 1  8E rr rr     	stx     _damage_right+1
000A85r 1  A0 01        	ldy     #$01
000A87r 1  B1 rr        	lda     (sp),y
000A89r 1  85 rr        	sta     ptr1+1
000A8Br 1  88           	dey
000A8Cr 1  B1 rr        	lda     (sp),y
000A8Er 1  85 rr        	sta     ptr1
000A90r 1  A0 06        	ldy     #$06
000A92r 1  B1 rr        	lda     (ptr1),y
000A94r 1  20 rr rr     	jsr     pusha0
000A97r 1  A0 03        	ldy     #$03
000A99r 1  B1 rr        	lda     (sp),y
000A9Br 1  85 rr        	sta     ptr1+1
000A9Dr 1  88           	dey
000A9Er 1  B1 rr        	lda     (sp),y
000AA0r 1  85 rr        	sta     ptr1
000AA2r 1  A0 09        	ldy     #$09
000AA4r 1  B1 rr        	lda     (ptr1),y
000AA6r 1  20 rr rr     	jsr     tosadda0
000AA9r 1  8D rr rr     	sta     _damage_bottom
000AACr 1  4C rr rr     	jmp     incsp2
000AAFr 1               
000AAFr 1               .endproc
000AAFr 1               
000AAFr 1               ; ---------------------------------------------------------------
000AAFr 1               ; void __near__ damage_add (__near__ const struct udeks_window *)
000AAFr 1               ; ---------------------------------------------------------------
000AAFr 1               
000AAFr 1               .segment	"CODE"
000AAFr 1               
000AAFr 1               .proc	_damage_add: near
000AAFr 1               
000AAFr 1               .segment	"CODE"
000AAFr 1               
000AAFr 1  20 rr rr     	jsr     pushax
000AB2r 1  20 rr rr     	jsr     decsp3
000AB5r 1  A0 04        	ldy     #$04
000AB7r 1  B1 rr        	lda     (sp),y
000AB9r 1  85 rr        	sta     ptr1+1
000ABBr 1  88           	dey
000ABCr 1  B1 rr        	lda     (sp),y
000ABEr 1  85 rr        	sta     ptr1
000AC0r 1  A0 05        	ldy     #$05
000AC2r 1  B1 rr        	lda     (ptr1),y
000AC4r 1  AA           	tax
000AC5r 1  88           	dey
000AC6r 1  B1 rr        	lda     (ptr1),y
000AC8r 1  20 rr rr     	jsr     pushax
000ACBr 1  A0 06        	ldy     #$06
000ACDr 1  B1 rr        	lda     (sp),y
000ACFr 1  85 rr        	sta     ptr1+1
000AD1r 1  88           	dey
000AD2r 1  B1 rr        	lda     (sp),y
000AD4r 1  85 rr        	sta     ptr1
000AD6r 1  A0 08        	ldy     #$08
000AD8r 1  B1 rr        	lda     (ptr1),y
000ADAr 1  AA           	tax
000ADBr 1  88           	dey
000ADCr 1  B1 rr        	lda     (ptr1),y
000ADEr 1  20 rr rr     	jsr     tosaddax
000AE1r 1  A0 01        	ldy     #$01
000AE3r 1  20 rr rr     	jsr     staxysp
000AE6r 1  A0 04        	ldy     #$04
000AE8r 1  B1 rr        	lda     (sp),y
000AEAr 1  85 rr        	sta     ptr1+1
000AECr 1  88           	dey
000AEDr 1  B1 rr        	lda     (sp),y
000AEFr 1  85 rr        	sta     ptr1
000AF1r 1  A0 06        	ldy     #$06
000AF3r 1  B1 rr        	lda     (ptr1),y
000AF5r 1  20 rr rr     	jsr     pusha0
000AF8r 1  A0 06        	ldy     #$06
000AFAr 1  B1 rr        	lda     (sp),y
000AFCr 1  85 rr        	sta     ptr1+1
000AFEr 1  88           	dey
000AFFr 1  B1 rr        	lda     (sp),y
000B01r 1  85 rr        	sta     ptr1
000B03r 1  A0 09        	ldy     #$09
000B05r 1  B1 rr        	lda     (ptr1),y
000B07r 1  20 rr rr     	jsr     tosadda0
000B0Ar 1  A0 00        	ldy     #$00
000B0Cr 1  91 rr        	sta     (sp),y
000B0Er 1  A0 04        	ldy     #$04
000B10r 1  B1 rr        	lda     (sp),y
000B12r 1  85 rr        	sta     ptr1+1
000B14r 1  88           	dey
000B15r 1  B1 rr        	lda     (sp),y
000B17r 1  85 rr        	sta     ptr1
000B19r 1  A0 05        	ldy     #$05
000B1Br 1  B1 rr        	lda     (ptr1),y
000B1Dr 1  AA           	tax
000B1Er 1  88           	dey
000B1Fr 1  B1 rr        	lda     (ptr1),y
000B21r 1  CD rr rr     	cmp     _damage_left
000B24r 1  8A           	txa
000B25r 1  ED rr rr     	sbc     _damage_left+1
000B28r 1  B0 16        	bcs     L0564
000B2Ar 1  B1 rr        	lda     (sp),y
000B2Cr 1  85 rr        	sta     ptr1+1
000B2Er 1  88           	dey
000B2Fr 1  B1 rr        	lda     (sp),y
000B31r 1  85 rr        	sta     ptr1
000B33r 1  A0 05        	ldy     #$05
000B35r 1  B1 rr        	lda     (ptr1),y
000B37r 1  8D rr rr     	sta     _damage_left+1
000B3Ar 1  88           	dey
000B3Br 1  B1 rr        	lda     (ptr1),y
000B3Dr 1  8D rr rr     	sta     _damage_left
000B40r 1  B1 rr        L0564:	lda     (sp),y
000B42r 1  85 rr        	sta     ptr1+1
000B44r 1  88           	dey
000B45r 1  B1 rr        	lda     (sp),y
000B47r 1  85 rr        	sta     ptr1
000B49r 1  A0 06        	ldy     #$06
000B4Br 1  B1 rr        	lda     (ptr1),y
000B4Dr 1  CD rr rr     	cmp     _damage_top
000B50r 1  B0 12        	bcs     L010F
000B52r 1  A0 04        	ldy     #$04
000B54r 1  B1 rr        	lda     (sp),y
000B56r 1  85 rr        	sta     ptr1+1
000B58r 1  88           	dey
000B59r 1  B1 rr        	lda     (sp),y
000B5Br 1  85 rr        	sta     ptr1
000B5Dr 1  A0 06        	ldy     #$06
000B5Fr 1  B1 rr        	lda     (ptr1),y
000B61r 1  8D rr rr     	sta     _damage_top
000B64r 1  A0 02        L010F:	ldy     #$02
000B66r 1  B1 rr        	lda     (sp),y
000B68r 1  AA           	tax
000B69r 1  88           	dey
000B6Ar 1  B1 rr        	lda     (sp),y
000B6Cr 1  38           	sec
000B6Dr 1  ED rr rr     	sbc     _damage_right
000B70r 1  85 rr        	sta     tmp1
000B72r 1  8A           	txa
000B73r 1  ED rr rr     	sbc     _damage_right+1
000B76r 1  05 rr        	ora     tmp1
000B78r 1  90 0E        	bcc     L0113
000B7Ar 1  F0 0C        	beq     L0113
000B7Cr 1  C8           	iny
000B7Dr 1  B1 rr        	lda     (sp),y
000B7Fr 1  8D rr rr     	sta     _damage_right+1
000B82r 1  88           	dey
000B83r 1  B1 rr        	lda     (sp),y
000B85r 1  8D rr rr     	sta     _damage_right
000B88r 1  88           L0113:	dey
000B89r 1  B1 rr        	lda     (sp),y
000B8Br 1  38           	sec
000B8Cr 1  ED rr rr     	sbc     _damage_bottom
000B8Fr 1  90 07        	bcc     L0117
000B91r 1  F0 05        	beq     L0117
000B93r 1  B1 rr        	lda     (sp),y
000B95r 1  8D rr rr     	sta     _damage_bottom
000B98r 1  4C rr rr     L0117:	jmp     incsp5
000B9Br 1               
000B9Br 1               .endproc
000B9Br 1               
000B9Br 1               ; ---------------------------------------------------------------
000B9Br 1               ; unsigned char __near__ set_damage_intersection (unsigned int, unsigned char, unsigned int, unsigned char)
000B9Br 1               ; ---------------------------------------------------------------
000B9Br 1               
000B9Br 1               .segment	"CODE"
000B9Br 1               
000B9Br 1               .proc	_set_damage_intersection: near
000B9Br 1               
000B9Br 1               .segment	"CODE"
000B9Br 1               
000B9Br 1  20 rr rr     	jsr     pusha
000B9Er 1  20 rr rr     	jsr     decsp6
000BA1r 1  A0 0B        	ldy     #$0B
000BA3r 1  B1 rr        	lda     (sp),y
000BA5r 1  AA           	tax
000BA6r 1  88           	dey
000BA7r 1  B1 rr        	lda     (sp),y
000BA9r 1  38           	sec
000BAAr 1  ED rr rr     	sbc     _damage_left
000BADr 1  85 rr        	sta     tmp1
000BAFr 1  8A           	txa
000BB0r 1  ED rr rr     	sbc     _damage_left+1
000BB3r 1  05 rr        	ora     tmp1
000BB5r 1  90 0C        	bcc     L011E
000BB7r 1  F0 0A        	beq     L011E
000BB9r 1  C8           	iny
000BBAr 1  B1 rr        	lda     (sp),y
000BBCr 1  AA           	tax
000BBDr 1  88           	dey
000BBEr 1  B1 rr        	lda     (sp),y
000BC0r 1  4C rr rr     	jmp     L0120
000BC3r 1  AD rr rr     L011E:	lda     _damage_left
000BC6r 1  AE rr rr     	ldx     _damage_left+1
000BC9r 1  A0 04        L0120:	ldy     #$04
000BCBr 1  20 rr rr     	jsr     staxysp
000BCEr 1  A0 09        	ldy     #$09
000BD0r 1  B1 rr        	lda     (sp),y
000BD2r 1  38           	sec
000BD3r 1  ED rr rr     	sbc     _damage_top
000BD6r 1  90 07        	bcc     L0569
000BD8r 1  F0 05        	beq     L0569
000BDAr 1  B1 rr        	lda     (sp),y
000BDCr 1  4C rr rr     	jmp     L056B
000BDFr 1  AD rr rr     L0569:	lda     _damage_top
000BE2r 1  A0 03        L056B:	ldy     #$03
000BE4r 1  91 rr        	sta     (sp),y
000BE6r 1  A0 0A        	ldy     #$0A
000BE8r 1  B1 rr        	lda     (sp),y
000BEAr 1  A0 07        	ldy     #$07
000BECr 1  18           	clc
000BEDr 1  71 rr        	adc     (sp),y
000BEFr 1  48           	pha
000BF0r 1  A0 0B        	ldy     #$0B
000BF2r 1  B1 rr        	lda     (sp),y
000BF4r 1  A0 08        	ldy     #$08
000BF6r 1  71 rr        	adc     (sp),y
000BF8r 1  AA           	tax
000BF9r 1  68           	pla
000BFAr 1  CD rr rr     	cmp     _damage_right
000BFDr 1  8A           	txa
000BFEr 1  ED rr rr     	sbc     _damage_right+1
000C01r 1  B0 17        	bcs     L012A
000C03r 1  A0 0A        	ldy     #$0A
000C05r 1  B1 rr        	lda     (sp),y
000C07r 1  A0 07        	ldy     #$07
000C09r 1  18           	clc
000C0Ar 1  71 rr        	adc     (sp),y
000C0Cr 1  48           	pha
000C0Dr 1  A0 0B        	ldy     #$0B
000C0Fr 1  B1 rr        	lda     (sp),y
000C11r 1  A0 08        	ldy     #$08
000C13r 1  71 rr        	adc     (sp),y
000C15r 1  AA           	tax
000C16r 1  68           	pla
000C17r 1  4C rr rr     	jmp     L012C
000C1Ar 1  AD rr rr     L012A:	lda     _damage_right
000C1Dr 1  AE rr rr     	ldx     _damage_right+1
000C20r 1  A0 01        L012C:	ldy     #$01
000C22r 1  20 rr rr     	jsr     staxysp
000C25r 1  A0 06        	ldy     #$06
000C27r 1  B1 rr        	lda     (sp),y
000C29r 1  18           	clc
000C2Ar 1  A0 09        	ldy     #$09
000C2Cr 1  71 rr        	adc     (sp),y
000C2Er 1  CD rr rr     	cmp     _damage_bottom
000C31r 1  B0 0C        	bcs     L056C
000C33r 1  A0 06        	ldy     #$06
000C35r 1  B1 rr        	lda     (sp),y
000C37r 1  18           	clc
000C38r 1  A0 09        	ldy     #$09
000C3Ar 1  71 rr        	adc     (sp),y
000C3Cr 1  4C rr rr     	jmp     L056E
000C3Fr 1  AD rr rr     L056C:	lda     _damage_bottom
000C42r 1  A0 00        L056E:	ldy     #$00
000C44r 1  91 rr        	sta     (sp),y
000C46r 1  A0 05        	ldy     #$05
000C48r 1  B1 rr        	lda     (sp),y
000C4Ar 1  AA           	tax
000C4Br 1  88           	dey
000C4Cr 1  B1 rr        	lda     (sp),y
000C4Er 1  A0 01        	ldy     #$01
000C50r 1  D1 rr        	cmp     (sp),y
000C52r 1  8A           	txa
000C53r 1  C8           	iny
000C54r 1  F1 rr        	sbc     (sp),y
000C56r 1  B0 09        	bcs     L056F
000C58r 1  C8           	iny
000C59r 1  B1 rr        	lda     (sp),y
000C5Br 1  A0 00        	ldy     #$00
000C5Dr 1  D1 rr        	cmp     (sp),y
000C5Fr 1  90 06        	bcc     L0136
000C61r 1  A2 00        L056F:	ldx     #$00
000C63r 1  8A           	txa
000C64r 1  4C rr rr     	jmp     L011B
000C67r 1  20 rr rr     L0136:	jsr     decsp6
000C6Ar 1  A0 0B        	ldy     #$0B
000C6Cr 1  B1 rr        	lda     (sp),y
000C6Er 1  AA           	tax
000C6Fr 1  88           	dey
000C70r 1  B1 rr        	lda     (sp),y
000C72r 1  A0 04        	ldy     #$04
000C74r 1  91 rr        	sta     (sp),y
000C76r 1  C8           	iny
000C77r 1  8A           	txa
000C78r 1  91 rr        	sta     (sp),y
000C7Ar 1  A0 09        	ldy     #$09
000C7Cr 1  B1 rr        	lda     (sp),y
000C7Er 1  A0 02        	ldy     #$02
000C80r 1  91 rr        	sta     (sp),y
000C82r 1  C8           	iny
000C83r 1  A9 00        	lda     #$00
000C85r 1  91 rr        	sta     (sp),y
000C87r 1  A0 08        	ldy     #$08
000C89r 1  B1 rr        	lda     (sp),y
000C8Br 1  AA           	tax
000C8Cr 1  88           	dey
000C8Dr 1  B1 rr        	lda     (sp),y
000C8Fr 1  38           	sec
000C90r 1  A0 0A        	ldy     #$0A
000C92r 1  F1 rr        	sbc     (sp),y
000C94r 1  48           	pha
000C95r 1  8A           	txa
000C96r 1  C8           	iny
000C97r 1  F1 rr        	sbc     (sp),y
000C99r 1  AA           	tax
000C9Ar 1  68           	pla
000C9Br 1  A0 00        	ldy     #$00
000C9Dr 1  91 rr        	sta     (sp),y
000C9Fr 1  C8           	iny
000CA0r 1  8A           	txa
000CA1r 1  91 rr        	sta     (sp),y
000CA3r 1  A0 06        	ldy     #$06
000CA5r 1  B1 rr        	lda     (sp),y
000CA7r 1  38           	sec
000CA8r 1  A0 09        	ldy     #$09
000CAAr 1  F1 rr        	sbc     (sp),y
000CACr 1  A2 00        	ldx     #$00
000CAEr 1  20 rr rr     	jsr     _udeks_vic_bitmap_set_clip
000CB1r 1  A2 00        	ldx     #$00
000CB3r 1  A9 01        	lda     #$01
000CB5r 1  A0 0C        L011B:	ldy     #$0C
000CB7r 1  4C rr rr     	jmp     addysp
000CBAr 1               
000CBAr 1               .endproc
000CBAr 1               
000CBAr 1               ; ---------------------------------------------------------------
000CBAr 1               ; void __near__ draw_glyph (int, int, __near__ const unsigned char *)
000CBAr 1               ; ---------------------------------------------------------------
000CBAr 1               
000CBAr 1               .segment	"CODE"
000CBAr 1               
000CBAr 1               .proc	_draw_glyph: near
000CBAr 1               
000CBAr 1               .segment	"CODE"
000CBAr 1               
000CBAr 1  20 rr rr     	jsr     pushax
000CBDr 1  20 rr rr     	jsr     decsp2
000CC0r 1  A9 00        	lda     #$00
000CC2r 1  A0 01        	ldy     #$01
000CC4r 1  91 rr        L0572:	sta     (sp),y
000CC6r 1  C9 05        	cmp     #$05
000CC8r 1  B0 7B        	bcs     L0142
000CCAr 1  A9 00        	lda     #$00
000CCCr 1  88           	dey
000CCDr 1  91 rr        L0571:	sta     (sp),y
000CCFr 1  C9 03        	cmp     #$03
000CD1r 1  B0 6A        	bcs     L0143
000CD3r 1  A0 03        	ldy     #$03
000CD5r 1  B1 rr        	lda     (sp),y
000CD7r 1  85 rr        	sta     ptr1+1
000CD9r 1  88           	dey
000CDAr 1  B1 rr        	lda     (sp),y
000CDCr 1  85 rr        	sta     ptr1
000CDEr 1  88           	dey
000CDFr 1  B1 rr        	lda     (sp),y
000CE1r 1  A8           	tay
000CE2r 1  B1 rr        	lda     (ptr1),y
000CE4r 1  85 rr        	sta     ptr1
000CE6r 1  A0 00        	ldy     #$00
000CE8r 1  B1 rr        	lda     (sp),y
000CEAr 1  A8           	tay
000CEBr 1  A9 04        	lda     #$04
000CEDr 1  4A           L0570:	lsr     a
000CEEr 1  88           	dey
000CEFr 1  10 FC        	bpl     L0570
000CF1r 1  2A           	rol     a
000CF2r 1  A2 00        	ldx     #$00
000CF4r 1  25 rr        	and     ptr1
000CF6r 1  48           	pha
000CF7r 1  68           	pla
000CF8r 1  F0 39        	beq     L014B
000CFAr 1  20 rr rr     	jsr     decsp4
000CFDr 1  A0 04        	ldy     #$04
000CFFr 1  B1 rr        	lda     (sp),y
000D01r 1  18           	clc
000D02r 1  A0 0A        	ldy     #$0A
000D04r 1  71 rr        	adc     (sp),y
000D06r 1  48           	pha
000D07r 1  8A           	txa
000D08r 1  C8           	iny
000D09r 1  71 rr        	adc     (sp),y
000D0Br 1  AA           	tax
000D0Cr 1  68           	pla
000D0Dr 1  A0 02        	ldy     #$02
000D0Fr 1  91 rr        	sta     (sp),y
000D11r 1  C8           	iny
000D12r 1  8A           	txa
000D13r 1  91 rr        	sta     (sp),y
000D15r 1  A0 05        	ldy     #$05
000D17r 1  B1 rr        	lda     (sp),y
000D19r 1  18           	clc
000D1Ar 1  A0 08        	ldy     #$08
000D1Cr 1  71 rr        	adc     (sp),y
000D1Er 1  48           	pha
000D1Fr 1  A9 00        	lda     #$00
000D21r 1  C8           	iny
000D22r 1  71 rr        	adc     (sp),y
000D24r 1  AA           	tax
000D25r 1  68           	pla
000D26r 1  A0 00        	ldy     #$00
000D28r 1  91 rr        	sta     (sp),y
000D2Ar 1  C8           	iny
000D2Br 1  8A           	txa
000D2Cr 1  91 rr        	sta     (sp),y
000D2Er 1  A9 00        	lda     #$00
000D30r 1  20 rr rr     	jsr     _udeks_vic_bitmap_pixel
000D33r 1  A0 00        L014B:	ldy     #$00
000D35r 1  18           	clc
000D36r 1  A9 01        	lda     #$01
000D38r 1  71 rr        	adc     (sp),y
000D3Ar 1  4C rr rr     	jmp     L0571
000D3Dr 1  C8           L0143:	iny
000D3Er 1  18           	clc
000D3Fr 1  98           	tya
000D40r 1  71 rr        	adc     (sp),y
000D42r 1  4C rr rr     	jmp     L0572
000D45r 1  4C rr rr     L0142:	jmp     incsp8
000D48r 1               
000D48r 1               .endproc
000D48r 1               
000D48r 1               ; ---------------------------------------------------------------
000D48r 1               ; void __near__ draw_title (__near__ const struct udeks_window *)
000D48r 1               ; ---------------------------------------------------------------
000D48r 1               
000D48r 1               .segment	"CODE"
000D48r 1               
000D48r 1               .proc	_draw_title: near
000D48r 1               
000D48r 1               .segment	"CODE"
000D48r 1               
000D48r 1  20 rr rr     	jsr     pushax
000D4Br 1  20 rr rr     	jsr     decsp7
000D4Er 1  A0 08        	ldy     #$08
000D50r 1  B1 rr        	lda     (sp),y
000D52r 1  85 rr        	sta     ptr1+1
000D54r 1  88           	dey
000D55r 1  B1 rr        	lda     (sp),y
000D57r 1  85 rr        	sta     ptr1
000D59r 1  A0 0C        	ldy     #$0C
000D5Br 1  B1 rr        	lda     (ptr1),y
000D5Dr 1  AA           	tax
000D5Er 1  88           	dey
000D5Fr 1  B1 rr        	lda     (ptr1),y
000D61r 1  A0 05        	ldy     #$05
000D63r 1  20 rr rr     	jsr     staxysp
000D66r 1  A0 08        	ldy     #$08
000D68r 1  B1 rr        	lda     (sp),y
000D6Ar 1  85 rr        	sta     ptr1+1
000D6Cr 1  88           	dey
000D6Dr 1  B1 rr        	lda     (sp),y
000D6Fr 1  85 rr        	sta     ptr1
000D71r 1  A0 05        	ldy     #$05
000D73r 1  B1 rr        	lda     (ptr1),y
000D75r 1  AA           	tax
000D76r 1  88           	dey
000D77r 1  B1 rr        	lda     (ptr1),y
000D79r 1  18           	clc
000D7Ar 1  69 04        	adc     #$04
000D7Cr 1  90 01        	bcc     L0160
000D7Er 1  E8           	inx
000D7Fr 1  A0 02        L0160:	ldy     #$02
000D81r 1  20 rr rr     	jsr     staxysp
000D84r 1  A0 08        	ldy     #$08
000D86r 1  B1 rr        	lda     (sp),y
000D88r 1  85 rr        	sta     ptr1+1
000D8Ar 1  88           	dey
000D8Br 1  B1 rr        	lda     (sp),y
000D8Dr 1  85 rr        	sta     ptr1
000D8Fr 1  A0 05        	ldy     #$05
000D91r 1  B1 rr        	lda     (ptr1),y
000D93r 1  AA           	tax
000D94r 1  88           	dey
000D95r 1  B1 rr        	lda     (ptr1),y
000D97r 1  20 rr rr     	jsr     pushax
000D9Ar 1  A0 0A        	ldy     #$0A
000D9Cr 1  B1 rr        	lda     (sp),y
000D9Er 1  85 rr        	sta     ptr1+1
000DA0r 1  88           	dey
000DA1r 1  B1 rr        	lda     (sp),y
000DA3r 1  85 rr        	sta     ptr1
000DA5r 1  88           	dey
000DA6r 1  B1 rr        	lda     (ptr1),y
000DA8r 1  AA           	tax
000DA9r 1  88           	dey
000DAAr 1  B1 rr        	lda     (ptr1),y
000DACr 1  20 rr rr     	jsr     tosaddax
000DAFr 1  38           	sec
000DB0r 1  E9 0E        	sbc     #$0E
000DB2r 1  B0 01        	bcs     L0164
000DB4r 1  CA           	dex
000DB5r 1  20 rr rr     L0164:	jsr     stax0sp
000DB8r 1  4C rr rr     	jmp     L0167
000DBBr 1  A0 06        L0165:	ldy     #$06
000DBDr 1  B1 rr        	lda     (sp),y
000DBFr 1  AA           	tax
000DC0r 1  88           	dey
000DC1r 1  B1 rr        	lda     (sp),y
000DC3r 1  85 rr        	sta     regsave
000DC5r 1  86 rr        	stx     regsave+1
000DC7r 1  18           	clc
000DC8r 1  69 01        	adc     #$01
000DCAr 1  90 01        	bcc     L016F
000DCCr 1  E8           	inx
000DCDr 1  20 rr rr     L016F:	jsr     staxysp
000DD0r 1  A0 00        	ldy     #$00
000DD2r 1  B1 rr        	lda     (regsave),y
000DD4r 1  A0 04        	ldy     #$04
000DD6r 1  91 rr        	sta     (sp),y
000DD8r 1  C9 61        	cmp     #$61
000DDAr 1  90 0B        	bcc     L0578
000DDCr 1  B1 rr        	lda     (sp),y
000DDEr 1  C9 7B        	cmp     #$7B
000DE0r 1  B0 05        	bcs     L0578
000DE2r 1  38           	sec
000DE3r 1  E9 20        	sbc     #$20
000DE5r 1  91 rr        	sta     (sp),y
000DE7r 1  B1 rr        L0578:	lda     (sp),y
000DE9r 1  C9 41        	cmp     #$41
000DEBr 1  90 51        	bcc     L0179
000DEDr 1  C9 5B        	cmp     #$5B
000DEFr 1  B0 4D        	bcs     L0179
000DF1r 1  20 rr rr     	jsr     decsp4
000DF4r 1  A0 07        	ldy     #$07
000DF6r 1  B1 rr        	lda     (sp),y
000DF8r 1  AA           	tax
000DF9r 1  88           	dey
000DFAr 1  B1 rr        	lda     (sp),y
000DFCr 1  A0 02        	ldy     #$02
000DFEr 1  91 rr        	sta     (sp),y
000E00r 1  C8           	iny
000E01r 1  8A           	txa
000E02r 1  91 rr        	sta     (sp),y
000E04r 1  A0 0C        	ldy     #$0C
000E06r 1  B1 rr        	lda     (sp),y
000E08r 1  85 rr        	sta     ptr1+1
000E0Ar 1  88           	dey
000E0Br 1  B1 rr        	lda     (sp),y
000E0Dr 1  85 rr        	sta     ptr1
000E0Fr 1  A0 06        	ldy     #$06
000E11r 1  A2 00        	ldx     #$00
000E13r 1  B1 rr        	lda     (ptr1),y
000E15r 1  18           	clc
000E16r 1  69 04        	adc     #$04
000E18r 1  90 01        	bcc     L0180
000E1Ar 1  E8           	inx
000E1Br 1  A0 00        L0180:	ldy     #$00
000E1Dr 1  91 rr        	sta     (sp),y
000E1Fr 1  C8           	iny
000E20r 1  8A           	txa
000E21r 1  91 rr        	sta     (sp),y
000E23r 1  A0 08        	ldy     #$08
000E25r 1  A2 00        	ldx     #$00
000E27r 1  B1 rr        	lda     (sp),y
000E29r 1  38           	sec
000E2Ar 1  E9 41        	sbc     #$41
000E2Cr 1  B0 01        	bcs     L0183
000E2Er 1  CA           	dex
000E2Fr 1  20 rr rr     L0183:	jsr     mulax5
000E32r 1  18           	clc
000E33r 1  69 rr        	adc     #<(_title_glyphs)
000E35r 1  A8           	tay
000E36r 1  8A           	txa
000E37r 1  69 rr        	adc     #>(_title_glyphs)
000E39r 1  AA           	tax
000E3Ar 1  98           	tya
000E3Br 1  20 rr rr     	jsr     _draw_glyph
000E3Er 1  A0 02        L0179:	ldy     #$02
000E40r 1  A2 00        	ldx     #$00
000E42r 1  A9 04        	lda     #$04
000E44r 1  20 rr rr     	jsr     addeqysp
000E47r 1  A0 05        L0167:	ldy     #$05
000E49r 1  B1 rr        	lda     (sp),y
000E4Br 1  C8           	iny
000E4Cr 1  11 rr        	ora     (sp),y
000E4Er 1  F0 35        	beq     L0573
000E50r 1  B1 rr        	lda     (sp),y
000E52r 1  85 rr        	sta     ptr1+1
000E54r 1  88           	dey
000E55r 1  B1 rr        	lda     (sp),y
000E57r 1  85 rr        	sta     ptr1
000E59r 1  A0 00        	ldy     #$00
000E5Br 1  B1 rr        	lda     (ptr1),y
000E5Dr 1  F0 26        	beq     L0573
000E5Fr 1  A0 03        	ldy     #$03
000E61r 1  B1 rr        	lda     (sp),y
000E63r 1  AA           	tax
000E64r 1  88           	dey
000E65r 1  B1 rr        	lda     (sp),y
000E67r 1  18           	clc
000E68r 1  69 03        	adc     #$03
000E6Ar 1  90 01        	bcc     L016B
000E6Cr 1  E8           	inx
000E6Dr 1  20 rr rr     L016B:	jsr     pushax
000E70r 1  A0 03        	ldy     #$03
000E72r 1  B1 rr        	lda     (sp),y
000E74r 1  AA           	tax
000E75r 1  88           	dey
000E76r 1  B1 rr        	lda     (sp),y
000E78r 1  20 rr rr     	jsr     tosicmp
000E7Br 1  10 03 4C rr  	jmi     L0165
000E7Fr 1  rr           
000E80r 1  D0 03 4C rr  	jeq     L0165
000E84r 1  rr           
000E85r 1  A0 09        L0573:	ldy     #$09
000E87r 1  4C rr rr     	jmp     addysp
000E8Ar 1               
000E8Ar 1               .endproc
000E8Ar 1               
000E8Ar 1               ; ---------------------------------------------------------------
000E8Ar 1               ; void __near__ draw_chrome (__near__ const struct udeks_window *)
000E8Ar 1               ; ---------------------------------------------------------------
000E8Ar 1               
000E8Ar 1               .segment	"CODE"
000E8Ar 1               
000E8Ar 1               .proc	_draw_chrome: near
000E8Ar 1               
000E8Ar 1               .segment	"CODE"
000E8Ar 1               
000E8Ar 1  20 rr rr     	jsr     pushax
000E8Dr 1  20 rr rr     	jsr     decsp6
000E90r 1  A0 07        	ldy     #$07
000E92r 1  B1 rr        	lda     (sp),y
000E94r 1  85 rr        	sta     ptr1+1
000E96r 1  88           	dey
000E97r 1  B1 rr        	lda     (sp),y
000E99r 1  85 rr        	sta     ptr1
000E9Br 1  88           	dey
000E9Cr 1  B1 rr        	lda     (ptr1),y
000E9Er 1  AA           	tax
000E9Fr 1  88           	dey
000EA0r 1  B1 rr        	lda     (ptr1),y
000EA2r 1  20 rr rr     	jsr     pushax
000EA5r 1  A0 09        	ldy     #$09
000EA7r 1  B1 rr        	lda     (sp),y
000EA9r 1  85 rr        	sta     ptr1+1
000EABr 1  88           	dey
000EACr 1  B1 rr        	lda     (sp),y
000EAEr 1  85 rr        	sta     ptr1
000EB0r 1  A0 06        	ldy     #$06
000EB2r 1  B1 rr        	lda     (ptr1),y
000EB4r 1  20 rr rr     	jsr     pusha0
000EB7r 1  A0 0B        	ldy     #$0B
000EB9r 1  B1 rr        	lda     (sp),y
000EBBr 1  85 rr        	sta     ptr1+1
000EBDr 1  88           	dey
000EBEr 1  B1 rr        	lda     (sp),y
000EC0r 1  85 rr        	sta     ptr1
000EC2r 1  A0 08        	ldy     #$08
000EC4r 1  B1 rr        	lda     (ptr1),y
000EC6r 1  AA           	tax
000EC7r 1  88           	dey
000EC8r 1  B1 rr        	lda     (ptr1),y
000ECAr 1  20 rr rr     	jsr     pushax
000ECDr 1  A0 0D        	ldy     #$0D
000ECFr 1  B1 rr        	lda     (sp),y
000ED1r 1  85 rr        	sta     ptr1+1
000ED3r 1  88           	dey
000ED4r 1  B1 rr        	lda     (sp),y
000ED6r 1  85 rr        	sta     ptr1
000ED8r 1  A0 09        	ldy     #$09
000EDAr 1  B1 rr        	lda     (ptr1),y
000EDCr 1  20 rr rr     	jsr     pusha0
000EDFr 1  20 rr rr     	jsr     decsp8
000EE2r 1  A0 0F        	ldy     #$0F
000EE4r 1  B1 rr        	lda     (sp),y
000EE6r 1  AA           	tax
000EE7r 1  88           	dey
000EE8r 1  B1 rr        	lda     (sp),y
000EEAr 1  A0 06        	ldy     #$06
000EECr 1  91 rr        	sta     (sp),y
000EEEr 1  C8           	iny
000EEFr 1  8A           	txa
000EF0r 1  91 rr        	sta     (sp),y
000EF2r 1  A0 0D        	ldy     #$0D
000EF4r 1  B1 rr        	lda     (sp),y
000EF6r 1  AA           	tax
000EF7r 1  88           	dey
000EF8r 1  B1 rr        	lda     (sp),y
000EFAr 1  A0 04        	ldy     #$04
000EFCr 1  91 rr        	sta     (sp),y
000EFEr 1  C8           	iny
000EFFr 1  8A           	txa
000F00r 1  91 rr        	sta     (sp),y
000F02r 1  A0 0B        	ldy     #$0B
000F04r 1  B1 rr        	lda     (sp),y
000F06r 1  AA           	tax
000F07r 1  88           	dey
000F08r 1  B1 rr        	lda     (sp),y
000F0Ar 1  A0 02        	ldy     #$02
000F0Cr 1  91 rr        	sta     (sp),y
000F0Er 1  C8           	iny
000F0Fr 1  8A           	txa
000F10r 1  91 rr        	sta     (sp),y
000F12r 1  A0 09        	ldy     #$09
000F14r 1  B1 rr        	lda     (sp),y
000F16r 1  AA           	tax
000F17r 1  88           	dey
000F18r 1  B1 rr        	lda     (sp),y
000F1Ar 1  A0 00        	ldy     #$00
000F1Cr 1  91 rr        	sta     (sp),y
000F1Er 1  C8           	iny
000F1Fr 1  8A           	txa
000F20r 1  91 rr        	sta     (sp),y
000F22r 1  A9 00        	lda     #$00
000F24r 1  20 rr rr     	jsr     _udeks_vic_bitmap_rectangle
000F27r 1  20 rr rr     	jsr     decsp8
000F2Ar 1  A0 0F        	ldy     #$0F
000F2Cr 1  B1 rr        	lda     (sp),y
000F2Er 1  AA           	tax
000F2Fr 1  88           	dey
000F30r 1  B1 rr        	lda     (sp),y
000F32r 1  18           	clc
000F33r 1  69 02        	adc     #$02
000F35r 1  90 01        	bcc     L0193
000F37r 1  E8           	inx
000F38r 1  A0 06        L0193:	ldy     #$06
000F3Ar 1  91 rr        	sta     (sp),y
000F3Cr 1  C8           	iny
000F3Dr 1  8A           	txa
000F3Er 1  91 rr        	sta     (sp),y
000F40r 1  A0 0D        	ldy     #$0D
000F42r 1  B1 rr        	lda     (sp),y
000F44r 1  AA           	tax
000F45r 1  88           	dey
000F46r 1  B1 rr        	lda     (sp),y
000F48r 1  18           	clc
000F49r 1  69 02        	adc     #$02
000F4Br 1  90 01        	bcc     L0195
000F4Dr 1  E8           	inx
000F4Er 1  A0 04        L0195:	ldy     #$04
000F50r 1  91 rr        	sta     (sp),y
000F52r 1  C8           	iny
000F53r 1  8A           	txa
000F54r 1  91 rr        	sta     (sp),y
000F56r 1  A0 0B        	ldy     #$0B
000F58r 1  B1 rr        	lda     (sp),y
000F5Ar 1  AA           	tax
000F5Br 1  88           	dey
000F5Cr 1  B1 rr        	lda     (sp),y
000F5Er 1  38           	sec
000F5Fr 1  E9 04        	sbc     #$04
000F61r 1  B0 01        	bcs     L0197
000F63r 1  CA           	dex
000F64r 1  A0 02        L0197:	ldy     #$02
000F66r 1  91 rr        	sta     (sp),y
000F68r 1  C8           	iny
000F69r 1  8A           	txa
000F6Ar 1  91 rr        	sta     (sp),y
000F6Cr 1  A0 09        	ldy     #$09
000F6Er 1  B1 rr        	lda     (sp),y
000F70r 1  AA           	tax
000F71r 1  88           	dey
000F72r 1  B1 rr        	lda     (sp),y
000F74r 1  38           	sec
000F75r 1  E9 04        	sbc     #$04
000F77r 1  B0 01        	bcs     L0199
000F79r 1  CA           	dex
000F7Ar 1  A0 00        L0199:	ldy     #$00
000F7Cr 1  91 rr        	sta     (sp),y
000F7Er 1  C8           	iny
000F7Fr 1  8A           	txa
000F80r 1  91 rr        	sta     (sp),y
000F82r 1  A9 00        	lda     #$00
000F84r 1  20 rr rr     	jsr     _udeks_vic_bitmap_rectangle
000F87r 1  20 rr rr     	jsr     decsp8
000F8Ar 1  A0 0F        	ldy     #$0F
000F8Cr 1  B1 rr        	lda     (sp),y
000F8Er 1  AA           	tax
000F8Fr 1  88           	dey
000F90r 1  B1 rr        	lda     (sp),y
000F92r 1  18           	clc
000F93r 1  69 02        	adc     #$02
000F95r 1  90 01        	bcc     L019D
000F97r 1  E8           	inx
000F98r 1  A0 06        L019D:	ldy     #$06
000F9Ar 1  91 rr        	sta     (sp),y
000F9Cr 1  C8           	iny
000F9Dr 1  8A           	txa
000F9Er 1  91 rr        	sta     (sp),y
000FA0r 1  A0 0D        	ldy     #$0D
000FA2r 1  B1 rr        	lda     (sp),y
000FA4r 1  AA           	tax
000FA5r 1  88           	dey
000FA6r 1  B1 rr        	lda     (sp),y
000FA8r 1  18           	clc
000FA9r 1  69 0D        	adc     #$0D
000FABr 1  90 01        	bcc     L019F
000FADr 1  E8           	inx
000FAEr 1  A0 04        L019F:	ldy     #$04
000FB0r 1  91 rr        	sta     (sp),y
000FB2r 1  C8           	iny
000FB3r 1  8A           	txa
000FB4r 1  91 rr        	sta     (sp),y
000FB6r 1  A0 0E        	ldy     #$0E
000FB8r 1  B1 rr        	lda     (sp),y
000FBAr 1  A0 0A        	ldy     #$0A
000FBCr 1  18           	clc
000FBDr 1  71 rr        	adc     (sp),y
000FBFr 1  48           	pha
000FC0r 1  A0 0F        	ldy     #$0F
000FC2r 1  B1 rr        	lda     (sp),y
000FC4r 1  A0 0B        	ldy     #$0B
000FC6r 1  71 rr        	adc     (sp),y
000FC8r 1  AA           	tax
000FC9r 1  68           	pla
000FCAr 1  38           	sec
000FCBr 1  E9 03        	sbc     #$03
000FCDr 1  B0 01        	bcs     L01A1
000FCFr 1  CA           	dex
000FD0r 1  A0 02        L01A1:	ldy     #$02
000FD2r 1  91 rr        	sta     (sp),y
000FD4r 1  C8           	iny
000FD5r 1  8A           	txa
000FD6r 1  91 rr        	sta     (sp),y
000FD8r 1  A0 0D        	ldy     #$0D
000FDAr 1  B1 rr        	lda     (sp),y
000FDCr 1  AA           	tax
000FDDr 1  88           	dey
000FDEr 1  B1 rr        	lda     (sp),y
000FE0r 1  18           	clc
000FE1r 1  69 0D        	adc     #$0D
000FE3r 1  90 01        	bcc     L01A3
000FE5r 1  E8           	inx
000FE6r 1  A0 00        L01A3:	ldy     #$00
000FE8r 1  91 rr        	sta     (sp),y
000FEAr 1  C8           	iny
000FEBr 1  8A           	txa
000FECr 1  91 rr        	sta     (sp),y
000FEEr 1  A9 00        	lda     #$00
000FF0r 1  20 rr rr     	jsr     _udeks_vic_bitmap_line
000FF3r 1  A0 0F        	ldy     #$0F
000FF5r 1  B1 rr        	lda     (sp),y
000FF7r 1  AA           	tax
000FF8r 1  88           	dey
000FF9r 1  B1 rr        	lda     (sp),y
000FFBr 1  20 rr rr     	jsr     _draw_title
000FFEr 1  A0 0F        	ldy     #$0F
001000r 1  B1 rr        	lda     (sp),y
001002r 1  85 rr        	sta     ptr1+1
001004r 1  88           	dey
001005r 1  B1 rr        	lda     (sp),y
001007r 1  85 rr        	sta     ptr1
001009r 1  A0 03        	ldy     #$03
00100Br 1  B1 rr        	lda     (ptr1),y
00100Dr 1  29 04        	and     #$04
00100Fr 1  D0 03 4C rr  	jeq     L01A7
001013r 1  rr           
001014r 1  A0 06        	ldy     #$06
001016r 1  B1 rr        	lda     (sp),y
001018r 1  A0 02        	ldy     #$02
00101Ar 1  18           	clc
00101Br 1  71 rr        	adc     (sp),y
00101Dr 1  48           	pha
00101Er 1  A0 07        	ldy     #$07
001020r 1  B1 rr        	lda     (sp),y
001022r 1  A0 03        	ldy     #$03
001024r 1  71 rr        	adc     (sp),y
001026r 1  AA           	tax
001027r 1  68           	pla
001028r 1  38           	sec
001029r 1  E9 0C        	sbc     #$0C
00102Br 1  B0 01        	bcs     L01AE
00102Dr 1  CA           	dex
00102Er 1  A0 0C        L01AE:	ldy     #$0C
001030r 1  20 rr rr     	jsr     staxysp
001033r 1  20 rr rr     	jsr     decsp8
001036r 1  A0 15        	ldy     #$15
001038r 1  B1 rr        	lda     (sp),y
00103Ar 1  AA           	tax
00103Br 1  88           	dey
00103Cr 1  B1 rr        	lda     (sp),y
00103Er 1  A0 06        	ldy     #$06
001040r 1  91 rr        	sta     (sp),y
001042r 1  C8           	iny
001043r 1  8A           	txa
001044r 1  91 rr        	sta     (sp),y
001046r 1  A0 0D        	ldy     #$0D
001048r 1  B1 rr        	lda     (sp),y
00104Ar 1  AA           	tax
00104Br 1  88           	dey
00104Cr 1  B1 rr        	lda     (sp),y
00104Er 1  18           	clc
00104Fr 1  69 03        	adc     #$03
001051r 1  90 01        	bcc     L01B2
001053r 1  E8           	inx
001054r 1  A0 04        L01B2:	ldy     #$04
001056r 1  91 rr        	sta     (sp),y
001058r 1  C8           	iny
001059r 1  8A           	txa
00105Ar 1  91 rr        	sta     (sp),y
00105Cr 1  A9 08        	lda     #$08
00105Er 1  A0 02        	ldy     #$02
001060r 1  91 rr        	sta     (sp),y
001062r 1  C8           	iny
001063r 1  A9 00        	lda     #$00
001065r 1  91 rr        	sta     (sp),y
001067r 1  A9 08        	lda     #$08
001069r 1  A0 00        	ldy     #$00
00106Br 1  91 rr        	sta     (sp),y
00106Dr 1  C8           	iny
00106Er 1  A9 00        	lda     #$00
001070r 1  91 rr        	sta     (sp),y
001072r 1  20 rr rr     	jsr     _udeks_vic_bitmap_rectangle
001075r 1  20 rr rr     	jsr     decsp8
001078r 1  A0 15        	ldy     #$15
00107Ar 1  B1 rr        	lda     (sp),y
00107Cr 1  AA           	tax
00107Dr 1  88           	dey
00107Er 1  B1 rr        	lda     (sp),y
001080r 1  18           	clc
001081r 1  69 02        	adc     #$02
001083r 1  90 01        	bcc     L01B8
001085r 1  E8           	inx
001086r 1  A0 06        L01B8:	ldy     #$06
001088r 1  91 rr        	sta     (sp),y
00108Ar 1  C8           	iny
00108Br 1  8A           	txa
00108Cr 1  91 rr        	sta     (sp),y
00108Er 1  A0 0D        	ldy     #$0D
001090r 1  B1 rr        	lda     (sp),y
001092r 1  AA           	tax
001093r 1  88           	dey
001094r 1  B1 rr        	lda     (sp),y
001096r 1  18           	clc
001097r 1  69 05        	adc     #$05
001099r 1  90 01        	bcc     L01BA
00109Br 1  E8           	inx
00109Cr 1  A0 04        L01BA:	ldy     #$04
00109Er 1  91 rr        	sta     (sp),y
0010A0r 1  C8           	iny
0010A1r 1  8A           	txa
0010A2r 1  91 rr        	sta     (sp),y
0010A4r 1  A0 15        	ldy     #$15
0010A6r 1  B1 rr        	lda     (sp),y
0010A8r 1  AA           	tax
0010A9r 1  88           	dey
0010AAr 1  B1 rr        	lda     (sp),y
0010ACr 1  18           	clc
0010ADr 1  69 05        	adc     #$05
0010AFr 1  90 01        	bcc     L01BC
0010B1r 1  E8           	inx
0010B2r 1  A0 02        L01BC:	ldy     #$02
0010B4r 1  91 rr        	sta     (sp),y
0010B6r 1  C8           	iny
0010B7r 1  8A           	txa
0010B8r 1  91 rr        	sta     (sp),y
0010BAr 1  A0 0D        	ldy     #$0D
0010BCr 1  B1 rr        	lda     (sp),y
0010BEr 1  AA           	tax
0010BFr 1  88           	dey
0010C0r 1  B1 rr        	lda     (sp),y
0010C2r 1  18           	clc
0010C3r 1  69 08        	adc     #$08
0010C5r 1  90 01        	bcc     L01BE
0010C7r 1  E8           	inx
0010C8r 1  A0 00        L01BE:	ldy     #$00
0010CAr 1  91 rr        	sta     (sp),y
0010CCr 1  C8           	iny
0010CDr 1  8A           	txa
0010CEr 1  91 rr        	sta     (sp),y
0010D0r 1  A9 00        	lda     #$00
0010D2r 1  20 rr rr     	jsr     _udeks_vic_bitmap_line
0010D5r 1  20 rr rr     	jsr     decsp8
0010D8r 1  A0 15        	ldy     #$15
0010DAr 1  B1 rr        	lda     (sp),y
0010DCr 1  AA           	tax
0010DDr 1  88           	dey
0010DEr 1  B1 rr        	lda     (sp),y
0010E0r 1  18           	clc
0010E1r 1  69 05        	adc     #$05
0010E3r 1  90 01        	bcc     L01C2
0010E5r 1  E8           	inx
0010E6r 1  A0 06        L01C2:	ldy     #$06
0010E8r 1  91 rr        	sta     (sp),y
0010EAr 1  C8           	iny
0010EBr 1  8A           	txa
0010ECr 1  91 rr        	sta     (sp),y
0010EEr 1  A0 0D        	ldy     #$0D
0010F0r 1  B1 rr        	lda     (sp),y
0010F2r 1  AA           	tax
0010F3r 1  88           	dey
0010F4r 1  B1 rr        	lda     (sp),y
0010F6r 1  18           	clc
0010F7r 1  69 05        	adc     #$05
0010F9r 1  90 01        	bcc     L01C4
0010FBr 1  E8           	inx
0010FCr 1  A0 04        L01C4:	ldy     #$04
0010FEr 1  91 rr        	sta     (sp),y
001100r 1  C8           	iny
001101r 1  8A           	txa
001102r 1  91 rr        	sta     (sp),y
001104r 1  A0 15        	ldy     #$15
001106r 1  B1 rr        	lda     (sp),y
001108r 1  AA           	tax
001109r 1  88           	dey
00110Ar 1  B1 rr        	lda     (sp),y
00110Cr 1  18           	clc
00110Dr 1  69 02        	adc     #$02
00110Fr 1  90 01        	bcc     L01C6
001111r 1  E8           	inx
001112r 1  A0 02        L01C6:	ldy     #$02
001114r 1  91 rr        	sta     (sp),y
001116r 1  C8           	iny
001117r 1  8A           	txa
001118r 1  91 rr        	sta     (sp),y
00111Ar 1  A0 0D        	ldy     #$0D
00111Cr 1  B1 rr        	lda     (sp),y
00111Er 1  AA           	tax
00111Fr 1  88           	dey
001120r 1  B1 rr        	lda     (sp),y
001122r 1  18           	clc
001123r 1  69 08        	adc     #$08
001125r 1  90 01        	bcc     L01C8
001127r 1  E8           	inx
001128r 1  A0 00        L01C8:	ldy     #$00
00112Ar 1  91 rr        	sta     (sp),y
00112Cr 1  C8           	iny
00112Dr 1  8A           	txa
00112Er 1  91 rr        	sta     (sp),y
001130r 1  A9 00        	lda     #$00
001132r 1  20 rr rr     	jsr     _udeks_vic_bitmap_line
001135r 1  A0 0F        L01A7:	ldy     #$0F
001137r 1  B1 rr        	lda     (sp),y
001139r 1  85 rr        	sta     ptr1+1
00113Br 1  88           	dey
00113Cr 1  B1 rr        	lda     (sp),y
00113Er 1  85 rr        	sta     ptr1
001140r 1  A0 03        	ldy     #$03
001142r 1  B1 rr        	lda     (ptr1),y
001144r 1  29 08        	and     #$08
001146r 1  D0 03 4C rr  	jeq     L0186
00114Ar 1  rr           
00114Br 1  A0 06        	ldy     #$06
00114Dr 1  B1 rr        	lda     (sp),y
00114Fr 1  A0 02        	ldy     #$02
001151r 1  18           	clc
001152r 1  71 rr        	adc     (sp),y
001154r 1  48           	pha
001155r 1  A0 07        	ldy     #$07
001157r 1  B1 rr        	lda     (sp),y
001159r 1  A0 03        	ldy     #$03
00115Br 1  71 rr        	adc     (sp),y
00115Dr 1  AA           	tax
00115Er 1  68           	pla
00115Fr 1  38           	sec
001160r 1  E9 05        	sbc     #$05
001162r 1  B0 01        	bcs     L01D0
001164r 1  CA           	dex
001165r 1  A0 0A        L01D0:	ldy     #$0A
001167r 1  20 rr rr     	jsr     staxysp
00116Ar 1  A0 04        	ldy     #$04
00116Cr 1  B1 rr        	lda     (sp),y
00116Er 1  A0 00        	ldy     #$00
001170r 1  18           	clc
001171r 1  71 rr        	adc     (sp),y
001173r 1  48           	pha
001174r 1  A0 05        	ldy     #$05
001176r 1  B1 rr        	lda     (sp),y
001178r 1  A0 01        	ldy     #$01
00117Ar 1  71 rr        	adc     (sp),y
00117Cr 1  AA           	tax
00117Dr 1  68           	pla
00117Er 1  38           	sec
00117Fr 1  E9 05        	sbc     #$05
001181r 1  B0 01        	bcs     L01D3
001183r 1  CA           	dex
001184r 1  A0 08        L01D3:	ldy     #$08
001186r 1  20 rr rr     	jsr     staxysp
001189r 1  20 rr rr     	jsr     decsp8
00118Cr 1  A0 13        	ldy     #$13
00118Er 1  B1 rr        	lda     (sp),y
001190r 1  AA           	tax
001191r 1  88           	dey
001192r 1  B1 rr        	lda     (sp),y
001194r 1  38           	sec
001195r 1  E9 06        	sbc     #$06
001197r 1  B0 01        	bcs     L01D6
001199r 1  CA           	dex
00119Ar 1  A0 06        L01D6:	ldy     #$06
00119Cr 1  91 rr        	sta     (sp),y
00119Er 1  C8           	iny
00119Fr 1  8A           	txa
0011A0r 1  91 rr        	sta     (sp),y
0011A2r 1  A0 11        	ldy     #$11
0011A4r 1  B1 rr        	lda     (sp),y
0011A6r 1  AA           	tax
0011A7r 1  88           	dey
0011A8r 1  B1 rr        	lda     (sp),y
0011AAr 1  A0 04        	ldy     #$04
0011ACr 1  91 rr        	sta     (sp),y
0011AEr 1  C8           	iny
0011AFr 1  8A           	txa
0011B0r 1  91 rr        	sta     (sp),y
0011B2r 1  A0 13        	ldy     #$13
0011B4r 1  B1 rr        	lda     (sp),y
0011B6r 1  AA           	tax
0011B7r 1  88           	dey
0011B8r 1  B1 rr        	lda     (sp),y
0011BAr 1  A0 02        	ldy     #$02
0011BCr 1  91 rr        	sta     (sp),y
0011BEr 1  C8           	iny
0011BFr 1  8A           	txa
0011C0r 1  91 rr        	sta     (sp),y
0011C2r 1  A0 11        	ldy     #$11
0011C4r 1  B1 rr        	lda     (sp),y
0011C6r 1  AA           	tax
0011C7r 1  88           	dey
0011C8r 1  B1 rr        	lda     (sp),y
0011CAr 1  38           	sec
0011CBr 1  E9 06        	sbc     #$06
0011CDr 1  B0 01        	bcs     L01DA
0011CFr 1  CA           	dex
0011D0r 1  A0 00        L01DA:	ldy     #$00
0011D2r 1  91 rr        	sta     (sp),y
0011D4r 1  C8           	iny
0011D5r 1  8A           	txa
0011D6r 1  91 rr        	sta     (sp),y
0011D8r 1  A9 00        	lda     #$00
0011DAr 1  20 rr rr     	jsr     _udeks_vic_bitmap_line
0011DDr 1  20 rr rr     	jsr     decsp8
0011E0r 1  A0 13        	ldy     #$13
0011E2r 1  B1 rr        	lda     (sp),y
0011E4r 1  AA           	tax
0011E5r 1  88           	dey
0011E6r 1  B1 rr        	lda     (sp),y
0011E8r 1  38           	sec
0011E9r 1  E9 03        	sbc     #$03
0011EBr 1  B0 01        	bcs     L01DE
0011EDr 1  CA           	dex
0011EEr 1  A0 06        L01DE:	ldy     #$06
0011F0r 1  91 rr        	sta     (sp),y
0011F2r 1  C8           	iny
0011F3r 1  8A           	txa
0011F4r 1  91 rr        	sta     (sp),y
0011F6r 1  A0 11        	ldy     #$11
0011F8r 1  B1 rr        	lda     (sp),y
0011FAr 1  AA           	tax
0011FBr 1  88           	dey
0011FCr 1  B1 rr        	lda     (sp),y
0011FEr 1  A0 04        	ldy     #$04
001200r 1  91 rr        	sta     (sp),y
001202r 1  C8           	iny
001203r 1  8A           	txa
001204r 1  91 rr        	sta     (sp),y
001206r 1  A0 13        	ldy     #$13
001208r 1  B1 rr        	lda     (sp),y
00120Ar 1  AA           	tax
00120Br 1  88           	dey
00120Cr 1  B1 rr        	lda     (sp),y
00120Er 1  A0 02        	ldy     #$02
001210r 1  91 rr        	sta     (sp),y
001212r 1  C8           	iny
001213r 1  8A           	txa
001214r 1  91 rr        	sta     (sp),y
001216r 1  A0 11        	ldy     #$11
001218r 1  B1 rr        	lda     (sp),y
00121Ar 1  AA           	tax
00121Br 1  88           	dey
00121Cr 1  B1 rr        	lda     (sp),y
00121Er 1  38           	sec
00121Fr 1  E9 03        	sbc     #$03
001221r 1  B0 01        	bcs     L01E2
001223r 1  CA           	dex
001224r 1  A0 00        L01E2:	ldy     #$00
001226r 1  91 rr        	sta     (sp),y
001228r 1  C8           	iny
001229r 1  8A           	txa
00122Ar 1  91 rr        	sta     (sp),y
00122Cr 1  A9 00        	lda     #$00
00122Er 1  20 rr rr     	jsr     _udeks_vic_bitmap_line
001231r 1  A0 10        L0186:	ldy     #$10
001233r 1  4C rr rr     	jmp     addysp
001236r 1               
001236r 1               .endproc
001236r 1               
001236r 1               ; ---------------------------------------------------------------
001236r 1               ; unsigned char __near__ paint_window_damage (unsigned char)
001236r 1               ; ---------------------------------------------------------------
001236r 1               
001236r 1               .segment	"CODE"
001236r 1               
001236r 1               .proc	_paint_window_damage: near
001236r 1               
001236r 1               .segment	"CODE"
001236r 1               
001236r 1  20 rr rr     	jsr     pusha
001239r 1  20 rr rr     	jsr     decsp2
00123Cr 1  A0 02        	ldy     #$02
00123Er 1  B1 rr        	lda     (sp),y
001240r 1  20 rr rr     	jsr     _window_by_handle
001243r 1  20 rr rr     	jsr     stax0sp
001246r 1  E0 00        	cpx     #$00
001248r 1  D0 04        	bne     L0581
00124Ar 1  C9 00        	cmp     #$00
00124Cr 1  F0 14        	beq     L0583
00124Er 1  A0 01        L0581:	ldy     #$01
001250r 1  B1 rr        	lda     (sp),y
001252r 1  85 rr        	sta     ptr1+1
001254r 1  88           	dey
001255r 1  B1 rr        	lda     (sp),y
001257r 1  85 rr        	sta     ptr1
001259r 1  A0 03        	ldy     #$03
00125Br 1  B1 rr        	lda     (ptr1),y
00125Dr 1  29 01        	and     #$01
00125Fr 1  D0 04        	bne     L0210
001261r 1  AA           	tax
001262r 1  4C rr rr     L0583:	jmp     incsp3
001265r 1  20 rr rr     L0210:	jsr     decsp5
001268r 1  A0 06        	ldy     #$06
00126Ar 1  B1 rr        	lda     (sp),y
00126Cr 1  85 rr        	sta     ptr1+1
00126Er 1  88           	dey
00126Fr 1  B1 rr        	lda     (sp),y
001271r 1  85 rr        	sta     ptr1
001273r 1  B1 rr        	lda     (ptr1),y
001275r 1  AA           	tax
001276r 1  88           	dey
001277r 1  B1 rr        	lda     (ptr1),y
001279r 1  88           	dey
00127Ar 1  91 rr        	sta     (sp),y
00127Cr 1  C8           	iny
00127Dr 1  8A           	txa
00127Er 1  91 rr        	sta     (sp),y
001280r 1  A0 06        	ldy     #$06
001282r 1  B1 rr        	lda     (sp),y
001284r 1  85 rr        	sta     ptr1+1
001286r 1  88           	dey
001287r 1  B1 rr        	lda     (sp),y
001289r 1  85 rr        	sta     ptr1
00128Br 1  C8           	iny
00128Cr 1  B1 rr        	lda     (ptr1),y
00128Er 1  A0 02        	ldy     #$02
001290r 1  91 rr        	sta     (sp),y
001292r 1  A0 06        	ldy     #$06
001294r 1  B1 rr        	lda     (sp),y
001296r 1  85 rr        	sta     ptr1+1
001298r 1  88           	dey
001299r 1  B1 rr        	lda     (sp),y
00129Br 1  85 rr        	sta     ptr1
00129Dr 1  A0 08        	ldy     #$08
00129Fr 1  B1 rr        	lda     (ptr1),y
0012A1r 1  AA           	tax
0012A2r 1  88           	dey
0012A3r 1  B1 rr        	lda     (ptr1),y
0012A5r 1  A0 00        	ldy     #$00
0012A7r 1  91 rr        	sta     (sp),y
0012A9r 1  C8           	iny
0012AAr 1  8A           	txa
0012ABr 1  91 rr        	sta     (sp),y
0012ADr 1  A0 06        	ldy     #$06
0012AFr 1  B1 rr        	lda     (sp),y
0012B1r 1  85 rr        	sta     ptr1+1
0012B3r 1  88           	dey
0012B4r 1  B1 rr        	lda     (sp),y
0012B6r 1  85 rr        	sta     ptr1
0012B8r 1  A0 09        	ldy     #$09
0012BAr 1  B1 rr        	lda     (ptr1),y
0012BCr 1  20 rr rr     	jsr     _set_damage_intersection
0012BFr 1  C9 00        	cmp     #$00
0012C1r 1  D0 04        	bne     L0217
0012C3r 1  AA           	tax
0012C4r 1  4C rr rr     	jmp     incsp3
0012C7r 1  A0 01        L0217:	ldy     #$01
0012C9r 1  B1 rr        	lda     (sp),y
0012CBr 1  85 rr        	sta     ptr1+1
0012CDr 1  88           	dey
0012CEr 1  B1 rr        	lda     (sp),y
0012D0r 1  85 rr        	sta     ptr1
0012D2r 1  A0 03        	ldy     #$03
0012D4r 1  B1 rr        	lda     (ptr1),y
0012D6r 1  29 7F        	and     #$7F
0012D8r 1  91 rr        	sta     (ptr1),y
0012DAr 1  20 rr rr     	jsr     decsp8
0012DDr 1  A0 09        	ldy     #$09
0012DFr 1  B1 rr        	lda     (sp),y
0012E1r 1  85 rr        	sta     ptr1+1
0012E3r 1  88           	dey
0012E4r 1  B1 rr        	lda     (sp),y
0012E6r 1  85 rr        	sta     ptr1
0012E8r 1  A0 05        	ldy     #$05
0012EAr 1  B1 rr        	lda     (ptr1),y
0012ECr 1  AA           	tax
0012EDr 1  88           	dey
0012EEr 1  B1 rr        	lda     (ptr1),y
0012F0r 1  A0 06        	ldy     #$06
0012F2r 1  91 rr        	sta     (sp),y
0012F4r 1  C8           	iny
0012F5r 1  8A           	txa
0012F6r 1  91 rr        	sta     (sp),y
0012F8r 1  A0 09        	ldy     #$09
0012FAr 1  B1 rr        	lda     (sp),y
0012FCr 1  85 rr        	sta     ptr1+1
0012FEr 1  88           	dey
0012FFr 1  B1 rr        	lda     (sp),y
001301r 1  85 rr        	sta     ptr1
001303r 1  A0 06        	ldy     #$06
001305r 1  B1 rr        	lda     (ptr1),y
001307r 1  A0 04        	ldy     #$04
001309r 1  91 rr        	sta     (sp),y
00130Br 1  C8           	iny
00130Cr 1  A9 00        	lda     #$00
00130Er 1  91 rr        	sta     (sp),y
001310r 1  A0 09        	ldy     #$09
001312r 1  B1 rr        	lda     (sp),y
001314r 1  85 rr        	sta     ptr1+1
001316r 1  88           	dey
001317r 1  B1 rr        	lda     (sp),y
001319r 1  85 rr        	sta     ptr1
00131Br 1  B1 rr        	lda     (ptr1),y
00131Dr 1  AA           	tax
00131Er 1  88           	dey
00131Fr 1  B1 rr        	lda     (ptr1),y
001321r 1  A0 02        	ldy     #$02
001323r 1  91 rr        	sta     (sp),y
001325r 1  C8           	iny
001326r 1  8A           	txa
001327r 1  91 rr        	sta     (sp),y
001329r 1  A0 09        	ldy     #$09
00132Br 1  B1 rr        	lda     (sp),y
00132Dr 1  85 rr        	sta     ptr1+1
00132Fr 1  88           	dey
001330r 1  B1 rr        	lda     (sp),y
001332r 1  85 rr        	sta     ptr1
001334r 1  C8           	iny
001335r 1  B1 rr        	lda     (ptr1),y
001337r 1  A0 00        	ldy     #$00
001339r 1  91 rr        	sta     (sp),y
00133Br 1  C8           	iny
00133Cr 1  A9 00        	lda     #$00
00133Er 1  91 rr        	sta     (sp),y
001340r 1  A9 07        	lda     #$07
001342r 1  20 rr rr     	jsr     _udeks_vic_bitmap_fill
001345r 1  A0 01        	ldy     #$01
001347r 1  B1 rr        	lda     (sp),y
001349r 1  AA           	tax
00134Ar 1  88           	dey
00134Br 1  B1 rr        	lda     (sp),y
00134Dr 1  20 rr rr     	jsr     _draw_chrome
001350r 1  A0 01        	ldy     #$01
001352r 1  B1 rr        	lda     (sp),y
001354r 1  85 rr        	sta     ptr1+1
001356r 1  88           	dey
001357r 1  B1 rr        	lda     (sp),y
001359r 1  85 rr        	sta     ptr1
00135Br 1  A0 0E        	ldy     #$0E
00135Dr 1  B1 rr        	lda     (ptr1),y
00135Fr 1  AA           	tax
001360r 1  88           	dey
001361r 1  B1 rr        	lda     (ptr1),y
001363r 1  E0 00        	cpx     #$00
001365r 1  D0 07        	bne     L0582
001367r 1  C9 00        	cmp     #$00
001369r 1  D0 03 4C rr  	jeq     L0228
00136Dr 1  rr           
00136Er 1  20 rr rr     L0582:	jsr     decsp5
001371r 1  A0 06        	ldy     #$06
001373r 1  B1 rr        	lda     (sp),y
001375r 1  85 rr        	sta     ptr1+1
001377r 1  88           	dey
001378r 1  B1 rr        	lda     (sp),y
00137Ar 1  85 rr        	sta     ptr1
00137Cr 1  B1 rr        	lda     (ptr1),y
00137Er 1  AA           	tax
00137Fr 1  88           	dey
001380r 1  B1 rr        	lda     (ptr1),y
001382r 1  18           	clc
001383r 1  69 03        	adc     #$03
001385r 1  90 01        	bcc     L022D
001387r 1  E8           	inx
001388r 1  88           L022D:	dey
001389r 1  91 rr        	sta     (sp),y
00138Br 1  C8           	iny
00138Cr 1  8A           	txa
00138Dr 1  91 rr        	sta     (sp),y
00138Fr 1  A0 06        	ldy     #$06
001391r 1  B1 rr        	lda     (sp),y
001393r 1  85 rr        	sta     ptr1+1
001395r 1  88           	dey
001396r 1  B1 rr        	lda     (sp),y
001398r 1  85 rr        	sta     ptr1
00139Ar 1  C8           	iny
00139Br 1  B1 rr        	lda     (ptr1),y
00139Dr 1  18           	clc
00139Er 1  69 0D        	adc     #$0D
0013A0r 1  90 01        	bcc     L057E
0013A2r 1  18           	clc
0013A3r 1  69 01        L057E:	adc     #$01
0013A5r 1  A0 02        	ldy     #$02
0013A7r 1  91 rr        	sta     (sp),y
0013A9r 1  A0 06        	ldy     #$06
0013ABr 1  B1 rr        	lda     (sp),y
0013ADr 1  85 rr        	sta     ptr1+1
0013AFr 1  88           	dey
0013B0r 1  B1 rr        	lda     (sp),y
0013B2r 1  85 rr        	sta     ptr1
0013B4r 1  A0 08        	ldy     #$08
0013B6r 1  B1 rr        	lda     (ptr1),y
0013B8r 1  AA           	tax
0013B9r 1  88           	dey
0013BAr 1  B1 rr        	lda     (ptr1),y
0013BCr 1  38           	sec
0013BDr 1  E9 06        	sbc     #$06
0013BFr 1  B0 01        	bcs     L0233
0013C1r 1  CA           	dex
0013C2r 1  A0 00        L0233:	ldy     #$00
0013C4r 1  91 rr        	sta     (sp),y
0013C6r 1  C8           	iny
0013C7r 1  8A           	txa
0013C8r 1  91 rr        	sta     (sp),y
0013CAr 1  A0 06        	ldy     #$06
0013CCr 1  B1 rr        	lda     (sp),y
0013CEr 1  85 rr        	sta     ptr1+1
0013D0r 1  88           	dey
0013D1r 1  B1 rr        	lda     (sp),y
0013D3r 1  85 rr        	sta     ptr1
0013D5r 1  A0 09        	ldy     #$09
0013D7r 1  B1 rr        	lda     (ptr1),y
0013D9r 1  38           	sec
0013DAr 1  E9 0D        	sbc     #$0D
0013DCr 1  B0 01        	bcs     L057F
0013DEr 1  38           	sec
0013DFr 1  E9 04        L057F:	sbc     #$04
0013E1r 1  20 rr rr     	jsr     _set_damage_intersection
0013E4r 1  C9 00        	cmp     #$00
0013E6r 1  F0 2F        	beq     L0228
0013E8r 1  A0 01        	ldy     #$01
0013EAr 1  B1 rr        	lda     (sp),y
0013ECr 1  85 rr        	sta     ptr1+1
0013EEr 1  88           	dey
0013EFr 1  B1 rr        	lda     (sp),y
0013F1r 1  85 rr        	sta     ptr1
0013F3r 1  A0 0E        	ldy     #$0E
0013F5r 1  B1 rr        	lda     (ptr1),y
0013F7r 1  AA           	tax
0013F8r 1  88           	dey
0013F9r 1  B1 rr        	lda     (ptr1),y
0013FBr 1  20 rr rr     	jsr     pushax
0013FEr 1  A0 04        	ldy     #$04
001400r 1  B1 rr        	lda     (sp),y
001402r 1  48           	pha
001403r 1  A0 00        	ldy     #$00
001405r 1  B1 rr        	lda     (sp),y
001407r 1  8D rr rr     	sta     jmpvec+1
00140Ar 1  C8           	iny
00140Br 1  B1 rr        	lda     (sp),y
00140Dr 1  8D rr rr     	sta     jmpvec+2
001410r 1  68           	pla
001411r 1  20 rr rr     	jsr     jmpvec
001414r 1  20 rr rr     	jsr     incsp2
001417r 1  A9 14        L0228:	lda     #$14
001419r 1  20 rr rr     	jsr     _increment_counter
00141Cr 1  A2 00        	ldx     #$00
00141Er 1  A9 01        	lda     #$01
001420r 1  4C rr rr     	jmp     incsp3
001423r 1               
001423r 1               .endproc
001423r 1               
001423r 1               ; ---------------------------------------------------------------
001423r 1               ; void __near__ compose_damage (unsigned char)
001423r 1               ; ---------------------------------------------------------------
001423r 1               
001423r 1               .segment	"CODE"
001423r 1               
001423r 1               .proc	_compose_damage: near
001423r 1               
001423r 1               .segment	"CODE"
001423r 1               
001423r 1  20 rr rr     	jsr     pusha
001426r 1  20 rr rr     	jsr     decsp2
001429r 1  A9 02        	lda     #$02
00142Br 1  20 rr rr     	jsr     _udeks_vic_pointer_busy_begin
00142Er 1  20 rr rr     	jsr     decsp6
001431r 1  AD rr rr     	lda     _damage_left
001434r 1  A0 04        	ldy     #$04
001436r 1  91 rr        	sta     (sp),y
001438r 1  C8           	iny
001439r 1  AD rr rr     	lda     _damage_left+1
00143Cr 1  91 rr        	sta     (sp),y
00143Er 1  AD rr rr     	lda     _damage_top
001441r 1  A0 02        	ldy     #$02
001443r 1  91 rr        	sta     (sp),y
001445r 1  C8           	iny
001446r 1  A9 00        	lda     #$00
001448r 1  91 rr        	sta     (sp),y
00144Ar 1  AD rr rr     	lda     _damage_right
00144Dr 1  38           	sec
00144Er 1  ED rr rr     	sbc     _damage_left
001451r 1  48           	pha
001452r 1  AD rr rr     	lda     _damage_right+1
001455r 1  ED rr rr     	sbc     _damage_left+1
001458r 1  AA           	tax
001459r 1  68           	pla
00145Ar 1  A0 00        	ldy     #$00
00145Cr 1  91 rr        	sta     (sp),y
00145Er 1  C8           	iny
00145Fr 1  8A           	txa
001460r 1  91 rr        	sta     (sp),y
001462r 1  A2 00        	ldx     #$00
001464r 1  AD rr rr     	lda     _damage_bottom
001467r 1  38           	sec
001468r 1  ED rr rr     	sbc     _damage_top
00146Br 1  20 rr rr     	jsr     _udeks_vic_bitmap_set_clip
00146Er 1  20 rr rr     	jsr     decsp8
001471r 1  AD rr rr     	lda     _damage_left
001474r 1  A0 06        	ldy     #$06
001476r 1  91 rr        	sta     (sp),y
001478r 1  C8           	iny
001479r 1  AD rr rr     	lda     _damage_left+1
00147Cr 1  91 rr        	sta     (sp),y
00147Er 1  AD rr rr     	lda     _damage_top
001481r 1  A0 04        	ldy     #$04
001483r 1  91 rr        	sta     (sp),y
001485r 1  C8           	iny
001486r 1  A9 00        	lda     #$00
001488r 1  91 rr        	sta     (sp),y
00148Ar 1  AD rr rr     	lda     _damage_right
00148Dr 1  38           	sec
00148Er 1  ED rr rr     	sbc     _damage_left
001491r 1  48           	pha
001492r 1  AD rr rr     	lda     _damage_right+1
001495r 1  ED rr rr     	sbc     _damage_left+1
001498r 1  AA           	tax
001499r 1  68           	pla
00149Ar 1  A0 02        	ldy     #$02
00149Cr 1  91 rr        	sta     (sp),y
00149Er 1  C8           	iny
00149Fr 1  8A           	txa
0014A0r 1  91 rr        	sta     (sp),y
0014A2r 1  AD rr rr     	lda     _damage_bottom
0014A5r 1  38           	sec
0014A6r 1  ED rr rr     	sbc     _damage_top
0014A9r 1  A0 00        	ldy     #$00
0014ABr 1  91 rr        	sta     (sp),y
0014ADr 1  C8           	iny
0014AEr 1  A9 00        	lda     #$00
0014B0r 1  91 rr        	sta     (sp),y
0014B2r 1  A9 07        	lda     #$07
0014B4r 1  20 rr rr     	jsr     _udeks_vic_bitmap_fill
0014B7r 1  A9 01        	lda     #$01
0014B9r 1  A8           	tay
0014BAr 1  91 rr        L0587:	sta     (sp),y
0014BCr 1  38           	sec
0014BDr 1  ED rr rr     	sbc     _active_count
0014C0r 1  90 02        	bcc     L0588
0014C2r 1  D0 6D        	bne     L024F
0014C4r 1  A9 00        L0588:	lda     #$00
0014C6r 1  88           	dey
0014C7r 1  91 rr        L0586:	sta     (sp),y
0014C9r 1  C9 04        	cmp     #$04
0014CBr 1  B0 5B        	bcs     L0250
0014CDr 1  B1 rr        	lda     (sp),y
0014CFr 1  20 rr rr     	jsr     pusha0
0014D2r 1  A9 11        	lda     #$11
0014D4r 1  20 rr rr     	jsr     tosmula0
0014D7r 1  85 rr        	sta     ptr1
0014D9r 1  8A           	txa
0014DAr 1  18           	clc
0014DBr 1  69 rr        	adc     #>(_windows)
0014DDr 1  85 rr        	sta     ptr1+1
0014DFr 1  A0 rr        	ldy     #<(_windows)
0014E1r 1  B1 rr        	lda     (ptr1),y
0014E3r 1  F0 39        	beq     L0258
0014E5r 1  A2 00        	ldx     #$00
0014E7r 1  A1 rr        	lda     (sp,x)
0014E9r 1  20 rr rr     	jsr     pusha0
0014ECr 1  A9 11        	lda     #$11
0014EEr 1  20 rr rr     	jsr     tosmula0
0014F1r 1  18           	clc
0014F2r 1  69 rr        	adc     #<(_windows)
0014F4r 1  85 rr        	sta     ptr1
0014F6r 1  8A           	txa
0014F7r 1  69 rr        	adc     #>(_windows)
0014F9r 1  85 rr        	sta     ptr1+1
0014FBr 1  A0 0A        	ldy     #$0A
0014FDr 1  B1 rr        	lda     (ptr1),y
0014FFr 1  A0 01        	ldy     #$01
001501r 1  D1 rr        	cmp     (sp),y
001503r 1  D0 19        	bne     L0258
001505r 1  88           	dey
001506r 1  B1 rr        	lda     (sp),y
001508r 1  18           	clc
001509r 1  69 01        	adc     #$01
00150Br 1  A0 02        	ldy     #$02
00150Dr 1  D1 rr        	cmp     (sp),y
00150Fr 1  F0 17        	beq     L0250
001511r 1  A0 00        	ldy     #$00
001513r 1  B1 rr        	lda     (sp),y
001515r 1  18           	clc
001516r 1  69 01        	adc     #$01
001518r 1  20 rr rr     	jsr     _paint_window_damage
00151Br 1  4C rr rr     	jmp     L0250
00151Er 1  A0 00        L0258:	ldy     #$00
001520r 1  18           	clc
001521r 1  A9 01        	lda     #$01
001523r 1  71 rr        	adc     (sp),y
001525r 1  4C rr rr     	jmp     L0586
001528r 1  A0 01        L0250:	ldy     #$01
00152Ar 1  18           	clc
00152Br 1  98           	tya
00152Cr 1  71 rr        	adc     (sp),y
00152Er 1  4C rr rr     	jmp     L0587
001531r 1  20 rr rr     L024F:	jsr     _udeks_vic_bitmap_reset_clip
001534r 1  20 rr rr     	jsr     _udeks_vic_bitmap_commit
001537r 1  A9 02        	lda     #$02
001539r 1  20 rr rr     	jsr     _udeks_vic_pointer_busy_end
00153Cr 1  A9 1E        	lda     #$1E
00153Er 1  20 rr rr     	jsr     _increment_counter
001541r 1  4C rr rr     	jmp     incsp3
001544r 1               
001544r 1               .endproc
001544r 1               
001544r 1               ; ---------------------------------------------------------------
001544r 1               ; unsigned char __near__ top_window (void)
001544r 1               ; ---------------------------------------------------------------
001544r 1               
001544r 1               .segment	"CODE"
001544r 1               
001544r 1               .proc	_top_window: near
001544r 1               
001544r 1               .segment	"CODE"
001544r 1               
001544r 1  20 rr rr     	jsr     decsp1
001547r 1  A9 00        	lda     #$00
001549r 1  A8           	tay
00154Ar 1  91 rr        L058F:	sta     (sp),y
00154Cr 1  A2 00        	ldx     #$00
00154Er 1  B1 rr        	lda     (sp),y
001550r 1  C9 04        	cmp     #$04
001552r 1  B0 4B        	bcs     L0593
001554r 1  20 rr rr     	jsr     pusha0
001557r 1  A9 11        	lda     #$11
001559r 1  20 rr rr     	jsr     tosmula0
00155Cr 1  85 rr        	sta     ptr1
00155Er 1  8A           	txa
00155Fr 1  18           	clc
001560r 1  69 rr        	adc     #>(_windows)
001562r 1  85 rr        	sta     ptr1+1
001564r 1  A0 rr        	ldy     #<(_windows)
001566r 1  B1 rr        	lda     (ptr1),y
001568r 1  F0 2B        	beq     L0275
00156Ar 1  A2 00        	ldx     #$00
00156Cr 1  A1 rr        	lda     (sp,x)
00156Er 1  20 rr rr     	jsr     pusha0
001571r 1  A9 11        	lda     #$11
001573r 1  20 rr rr     	jsr     tosmula0
001576r 1  18           	clc
001577r 1  69 rr        	adc     #<(_windows)
001579r 1  85 rr        	sta     ptr1
00157Br 1  8A           	txa
00157Cr 1  69 rr        	adc     #>(_windows)
00157Er 1  85 rr        	sta     ptr1+1
001580r 1  A0 0A        	ldy     #$0A
001582r 1  B1 rr        	lda     (ptr1),y
001584r 1  CD rr rr     	cmp     _active_count
001587r 1  D0 0C        	bne     L0275
001589r 1  A0 00        	ldy     #$00
00158Br 1  B1 rr        	lda     (sp),y
00158Dr 1  18           	clc
00158Er 1  69 01        	adc     #$01
001590r 1  A2 00        	ldx     #$00
001592r 1  4C rr rr     	jmp     incsp1
001595r 1  A0 00        L0275:	ldy     #$00
001597r 1  18           	clc
001598r 1  A9 01        	lda     #$01
00159Ar 1  71 rr        	adc     (sp),y
00159Cr 1  4C rr rr     	jmp     L058F
00159Fr 1  8A           L0593:	txa
0015A0r 1  4C rr rr     	jmp     incsp1
0015A3r 1               
0015A3r 1               .endproc
0015A3r 1               
0015A3r 1               ; ---------------------------------------------------------------
0015A3r 1               ; unsigned char __near__ raise_window (unsigned char)
0015A3r 1               ; ---------------------------------------------------------------
0015A3r 1               
0015A3r 1               .segment	"CODE"
0015A3r 1               
0015A3r 1               .proc	_raise_window: near
0015A3r 1               
0015A3r 1               .segment	"CODE"
0015A3r 1               
0015A3r 1  20 rr rr     	jsr     pusha
0015A6r 1  20 rr rr     	jsr     decsp4
0015A9r 1  A0 04        	ldy     #$04
0015ABr 1  B1 rr        	lda     (sp),y
0015ADr 1  20 rr rr     	jsr     _window_by_handle
0015B0r 1  20 rr rr     	jsr     stax0sp
0015B3r 1  E0 00        	cpx     #$00
0015B5r 1  D0 04        	bne     L059A
0015B7r 1  C9 00        	cmp     #$00
0015B9r 1  F0 17        	beq     L059C
0015BBr 1  A0 01        L059A:	ldy     #$01
0015BDr 1  B1 rr        	lda     (sp),y
0015BFr 1  85 rr        	sta     ptr1+1
0015C1r 1  88           	dey
0015C2r 1  B1 rr        	lda     (sp),y
0015C4r 1  85 rr        	sta     ptr1
0015C6r 1  A0 0A        	ldy     #$0A
0015C8r 1  B1 rr        	lda     (ptr1),y
0015CAr 1  CD rr rr     	cmp     _active_count
0015CDr 1  D0 06        	bne     L0289
0015CFr 1  A2 00        	ldx     #$00
0015D1r 1  8A           	txa
0015D2r 1  4C rr rr     L059C:	jmp     incsp5
0015D5r 1  A0 01        L0289:	ldy     #$01
0015D7r 1  B1 rr        	lda     (sp),y
0015D9r 1  85 rr        	sta     ptr1+1
0015DBr 1  88           	dey
0015DCr 1  B1 rr        	lda     (sp),y
0015DEr 1  85 rr        	sta     ptr1
0015E0r 1  A0 0A        	ldy     #$0A
0015E2r 1  B1 rr        	lda     (ptr1),y
0015E4r 1  A0 02        	ldy     #$02
0015E6r 1  91 rr        	sta     (sp),y
0015E8r 1  A9 00        	lda     #$00
0015EAr 1  C8           	iny
0015EBr 1  91 rr        L0595:	sta     (sp),y
0015EDr 1  C9 04        	cmp     #$04
0015EFr 1  B0 67        	bcs     L0291
0015F1r 1  B1 rr        	lda     (sp),y
0015F3r 1  20 rr rr     	jsr     pusha0
0015F6r 1  A9 11        	lda     #$11
0015F8r 1  20 rr rr     	jsr     tosmula0
0015FBr 1  85 rr        	sta     ptr1
0015FDr 1  8A           	txa
0015FEr 1  18           	clc
0015FFr 1  69 rr        	adc     #>(_windows)
001601r 1  85 rr        	sta     ptr1+1
001603r 1  A0 rr        	ldy     #<(_windows)
001605r 1  B1 rr        	lda     (ptr1),y
001607r 1  F0 45        	beq     L0292
001609r 1  A0 03        	ldy     #$03
00160Br 1  B1 rr        	lda     (sp),y
00160Dr 1  20 rr rr     	jsr     pusha0
001610r 1  A9 11        	lda     #$11
001612r 1  20 rr rr     	jsr     tosmula0
001615r 1  18           	clc
001616r 1  69 rr        	adc     #<(_windows)
001618r 1  85 rr        	sta     ptr1
00161Ar 1  8A           	txa
00161Br 1  69 rr        	adc     #>(_windows)
00161Dr 1  85 rr        	sta     ptr1+1
00161Fr 1  A0 0A        	ldy     #$0A
001621r 1  B1 rr        	lda     (ptr1),y
001623r 1  38           	sec
001624r 1  A0 02        	ldy     #$02
001626r 1  F1 rr        	sbc     (sp),y
001628r 1  85 rr        	sta     tmp1
00162Ar 1  A5 rr        	lda     tmp1
00162Cr 1  F0 20        	beq     L0292
00162Er 1  90 1E        	bcc     L0292
001630r 1  C8           	iny
001631r 1  B1 rr        	lda     (sp),y
001633r 1  20 rr rr     	jsr     pusha0
001636r 1  A9 11        	lda     #$11
001638r 1  20 rr rr     	jsr     tosmula0
00163Br 1  18           	clc
00163Cr 1  69 rr        	adc     #<(_windows)
00163Er 1  85 rr        	sta     ptr1
001640r 1  8A           	txa
001641r 1  69 rr        	adc     #>(_windows)
001643r 1  85 rr        	sta     ptr1+1
001645r 1  A0 0A        	ldy     #$0A
001647r 1  B1 rr        	lda     (ptr1),y
001649r 1  38           	sec
00164Ar 1  E9 01        	sbc     #$01
00164Cr 1  91 rr        	sta     (ptr1),y
00164Er 1  A0 03        L0292:	ldy     #$03
001650r 1  18           	clc
001651r 1  A9 01        	lda     #$01
001653r 1  71 rr        	adc     (sp),y
001655r 1  4C rr rr     	jmp     L0595
001658r 1  A0 01        L0291:	ldy     #$01
00165Ar 1  B1 rr        	lda     (sp),y
00165Cr 1  85 rr        	sta     ptr1+1
00165Er 1  88           	dey
00165Fr 1  B1 rr        	lda     (sp),y
001661r 1  85 rr        	sta     ptr1
001663r 1  AD rr rr     	lda     _active_count
001666r 1  A0 0A        	ldy     #$0A
001668r 1  91 rr        	sta     (ptr1),y
00166Ar 1  A2 00        	ldx     #$00
00166Cr 1  A9 01        	lda     #$01
00166Er 1  4C rr rr     	jmp     incsp5
001671r 1               
001671r 1               .endproc
001671r 1               
001671r 1               ; ---------------------------------------------------------------
001671r 1               ; unsigned char __near__ top_window_at (unsigned int, unsigned char)
001671r 1               ; ---------------------------------------------------------------
001671r 1               
001671r 1               .segment	"CODE"
001671r 1               
001671r 1               .proc	_top_window_at: near
001671r 1               
001671r 1               .segment	"CODE"
001671r 1               
001671r 1  20 rr rr     	jsr     pusha
001674r 1  20 rr rr     	jsr     decsp3
001677r 1  A9 00        	lda     #$00
001679r 1  A0 01        	ldy     #$01
00167Br 1  91 rr        	sta     (sp),y
00167Dr 1  88           	dey
00167Er 1  91 rr        	sta     (sp),y
001680r 1  A0 02        	ldy     #$02
001682r 1  91 rr        L059D:	sta     (sp),y
001684r 1  C9 04        	cmp     #$04
001686r 1  90 03 4C rr  	jcs     L02A9
00168Ar 1  rr           
00168Br 1  B1 rr        	lda     (sp),y
00168Dr 1  20 rr rr     	jsr     pusha0
001690r 1  A9 11        	lda     #$11
001692r 1  20 rr rr     	jsr     tosmula0
001695r 1  85 rr        	sta     ptr1
001697r 1  8A           	txa
001698r 1  18           	clc
001699r 1  69 rr        	adc     #>(_windows)
00169Br 1  85 rr        	sta     ptr1+1
00169Dr 1  A0 rr        	ldy     #<(_windows)
00169Fr 1  B1 rr        	lda     (ptr1),y
0016A1r 1  D0 03 4C rr  	jeq     L02AA
0016A5r 1  rr           
0016A6r 1  A0 02        	ldy     #$02
0016A8r 1  B1 rr        	lda     (sp),y
0016AAr 1  20 rr rr     	jsr     pusha0
0016ADr 1  A9 11        	lda     #$11
0016AFr 1  20 rr rr     	jsr     tosmula0
0016B2r 1  18           	clc
0016B3r 1  69 rr        	adc     #<(_windows)
0016B5r 1  85 rr        	sta     ptr1
0016B7r 1  8A           	txa
0016B8r 1  69 rr        	adc     #>(_windows)
0016BAr 1  85 rr        	sta     ptr1+1
0016BCr 1  A0 03        	ldy     #$03
0016BEr 1  B1 rr        	lda     (ptr1),y
0016C0r 1  29 01        	and     #$01
0016C2r 1  D0 03 4C rr  	jeq     L02AA
0016C6r 1  rr           
0016C7r 1  20 rr rr     	jsr     decsp3
0016CAr 1  A0 08        	ldy     #$08
0016CCr 1  B1 rr        	lda     (sp),y
0016CEr 1  AA           	tax
0016CFr 1  88           	dey
0016D0r 1  B1 rr        	lda     (sp),y
0016D2r 1  A0 01        	ldy     #$01
0016D4r 1  91 rr        	sta     (sp),y
0016D6r 1  C8           	iny
0016D7r 1  8A           	txa
0016D8r 1  91 rr        	sta     (sp),y
0016DAr 1  A0 06        	ldy     #$06
0016DCr 1  B1 rr        	lda     (sp),y
0016DEr 1  A0 00        	ldy     #$00
0016E0r 1  91 rr        	sta     (sp),y
0016E2r 1  A0 05        	ldy     #$05
0016E4r 1  B1 rr        	lda     (sp),y
0016E6r 1  20 rr rr     	jsr     pusha0
0016E9r 1  A9 11        	lda     #$11
0016EBr 1  20 rr rr     	jsr     tosmula0
0016EEr 1  18           	clc
0016EFr 1  69 rr        	adc     #<(_windows)
0016F1r 1  A8           	tay
0016F2r 1  8A           	txa
0016F3r 1  69 rr        	adc     #>(_windows)
0016F5r 1  AA           	tax
0016F6r 1  98           	tya
0016F7r 1  20 rr rr     	jsr     _point_inside
0016FAr 1  C9 00        	cmp     #$00
0016FCr 1  F0 4C        	beq     L02AA
0016FEr 1  A0 01        	ldy     #$01
001700r 1  B1 rr        	lda     (sp),y
001702r 1  F0 1F        	beq     L05A2
001704r 1  C8           	iny
001705r 1  B1 rr        	lda     (sp),y
001707r 1  20 rr rr     	jsr     pusha0
00170Ar 1  A9 11        	lda     #$11
00170Cr 1  20 rr rr     	jsr     tosmula0
00170Fr 1  18           	clc
001710r 1  69 rr        	adc     #<(_windows)
001712r 1  85 rr        	sta     ptr1
001714r 1  8A           	txa
001715r 1  69 rr        	adc     #>(_windows)
001717r 1  85 rr        	sta     ptr1+1
001719r 1  A0 0A        	ldy     #$0A
00171Br 1  B1 rr        	lda     (ptr1),y
00171Dr 1  A0 00        	ldy     #$00
00171Fr 1  D1 rr        	cmp     (sp),y
001721r 1  90 27        	bcc     L02AA
001723r 1  A0 02        L05A2:	ldy     #$02
001725r 1  B1 rr        	lda     (sp),y
001727r 1  18           	clc
001728r 1  69 01        	adc     #$01
00172Ar 1  88           	dey
00172Br 1  91 rr        	sta     (sp),y
00172Dr 1  C8           	iny
00172Er 1  B1 rr        	lda     (sp),y
001730r 1  20 rr rr     	jsr     pusha0
001733r 1  A9 11        	lda     #$11
001735r 1  20 rr rr     	jsr     tosmula0
001738r 1  18           	clc
001739r 1  69 rr        	adc     #<(_windows)
00173Br 1  85 rr        	sta     ptr1
00173Dr 1  8A           	txa
00173Er 1  69 rr        	adc     #>(_windows)
001740r 1  85 rr        	sta     ptr1+1
001742r 1  A0 0A        	ldy     #$0A
001744r 1  B1 rr        	lda     (ptr1),y
001746r 1  A0 00        	ldy     #$00
001748r 1  91 rr        	sta     (sp),y
00174Ar 1  A0 02        L02AA:	ldy     #$02
00174Cr 1  18           	clc
00174Dr 1  A9 01        	lda     #$01
00174Fr 1  71 rr        	adc     (sp),y
001751r 1  4C rr rr     	jmp     L059D
001754r 1  88           L02A9:	dey
001755r 1  A2 00        	ldx     #$00
001757r 1  B1 rr        	lda     (sp),y
001759r 1  4C rr rr     	jmp     incsp6
00175Cr 1               
00175Cr 1               .endproc
00175Cr 1               
00175Cr 1               ; ---------------------------------------------------------------
00175Cr 1               ; unsigned char __near__ close_hit (unsigned int, unsigned char, __near__ const struct udeks_window *)
00175Cr 1               ; ---------------------------------------------------------------
00175Cr 1               
00175Cr 1               .segment	"CODE"
00175Cr 1               
00175Cr 1               .proc	_close_hit: near
00175Cr 1               
00175Cr 1               .segment	"CODE"
00175Cr 1               
00175Cr 1  20 rr rr     	jsr     pushax
00175Fr 1  20 rr rr     	jsr     decsp2
001762r 1  A0 03        	ldy     #$03
001764r 1  B1 rr        	lda     (sp),y
001766r 1  85 rr        	sta     ptr1+1
001768r 1  88           	dey
001769r 1  B1 rr        	lda     (sp),y
00176Br 1  85 rr        	sta     ptr1
00176Dr 1  C8           	iny
00176Er 1  B1 rr        	lda     (ptr1),y
001770r 1  29 04        	and     #$04
001772r 1  D0 04        	bne     L05A3
001774r 1  AA           	tax
001775r 1  4C rr rr     	jmp     incsp7
001778r 1  B1 rr        L05A3:	lda     (sp),y
00177Ar 1  85 rr        	sta     ptr1+1
00177Cr 1  88           	dey
00177Dr 1  B1 rr        	lda     (sp),y
00177Fr 1  85 rr        	sta     ptr1
001781r 1  A0 05        	ldy     #$05
001783r 1  B1 rr        	lda     (ptr1),y
001785r 1  AA           	tax
001786r 1  88           	dey
001787r 1  B1 rr        	lda     (ptr1),y
001789r 1  20 rr rr     	jsr     pushax
00178Cr 1  A0 05        	ldy     #$05
00178Er 1  B1 rr        	lda     (sp),y
001790r 1  85 rr        	sta     ptr1+1
001792r 1  88           	dey
001793r 1  B1 rr        	lda     (sp),y
001795r 1  85 rr        	sta     ptr1
001797r 1  A0 08        	ldy     #$08
001799r 1  B1 rr        	lda     (ptr1),y
00179Br 1  AA           	tax
00179Cr 1  88           	dey
00179Dr 1  B1 rr        	lda     (ptr1),y
00179Fr 1  20 rr rr     	jsr     tosaddax
0017A2r 1  38           	sec
0017A3r 1  E9 0C        	sbc     #$0C
0017A5r 1  B0 01        	bcs     L02CF
0017A7r 1  CA           	dex
0017A8r 1  20 rr rr     L02CF:	jsr     stax0sp
0017ABr 1  A0 06        	ldy     #$06
0017ADr 1  B1 rr        	lda     (sp),y
0017AFr 1  AA           	tax
0017B0r 1  88           	dey
0017B1r 1  B1 rr        	lda     (sp),y
0017B3r 1  A0 00        	ldy     #$00
0017B5r 1  D1 rr        	cmp     (sp),y
0017B7r 1  8A           	txa
0017B8r 1  C8           	iny
0017B9r 1  F1 rr        	sbc     (sp),y
0017BBr 1  A9 00        	lda     #$00
0017BDr 1  AA           	tax
0017BEr 1  90 66        	bcc     L02C7
0017C0r 1  A0 08        	ldy     #$08
0017C2r 1  20 rr rr     	jsr     pushwysp
0017C5r 1  A0 03        	ldy     #$03
0017C7r 1  B1 rr        	lda     (sp),y
0017C9r 1  AA           	tax
0017CAr 1  88           	dey
0017CBr 1  B1 rr        	lda     (sp),y
0017CDr 1  18           	clc
0017CEr 1  69 08        	adc     #$08
0017D0r 1  90 01        	bcc     L02D2
0017D2r 1  E8           	inx
0017D3r 1  20 rr rr     L02D2:	jsr     tosicmp
0017D6r 1  B0 44        	bcs     L02D1
0017D8r 1  A0 04        	ldy     #$04
0017DAr 1  B1 rr        	lda     (sp),y
0017DCr 1  20 rr rr     	jsr     pusha0
0017DFr 1  A0 05        	ldy     #$05
0017E1r 1  B1 rr        	lda     (sp),y
0017E3r 1  85 rr        	sta     ptr1+1
0017E5r 1  88           	dey
0017E6r 1  B1 rr        	lda     (sp),y
0017E8r 1  85 rr        	sta     ptr1
0017EAr 1  A0 06        	ldy     #$06
0017ECr 1  B1 rr        	lda     (ptr1),y
0017EEr 1  18           	clc
0017EFr 1  69 03        	adc     #$03
0017F1r 1  90 02        	bcc     L02D3
0017F3r 1  A2 01        	ldx     #$01
0017F5r 1  20 rr rr     L02D3:	jsr     tosicmp
0017F8r 1  90 22        	bcc     L02D1
0017FAr 1  A0 04        	ldy     #$04
0017FCr 1  B1 rr        	lda     (sp),y
0017FEr 1  20 rr rr     	jsr     pusha0
001801r 1  A0 05        	ldy     #$05
001803r 1  B1 rr        	lda     (sp),y
001805r 1  85 rr        	sta     ptr1+1
001807r 1  88           	dey
001808r 1  B1 rr        	lda     (sp),y
00180Ar 1  85 rr        	sta     ptr1
00180Cr 1  A0 06        	ldy     #$06
00180Er 1  B1 rr        	lda     (ptr1),y
001810r 1  18           	clc
001811r 1  69 0B        	adc     #$0B
001813r 1  90 02        	bcc     L02D4
001815r 1  A2 01        	ldx     #$01
001817r 1  20 rr rr     L02D4:	jsr     tosicmp
00181Ar 1  90 06        	bcc     L02D0
00181Cr 1  A2 00        L02D1:	ldx     #$00
00181Er 1  8A           	txa
00181Fr 1  4C rr rr     	jmp     incsp7
001822r 1  A9 01        L02D0:	lda     #$01
001824r 1  A2 00        	ldx     #$00
001826r 1  4C rr rr     L02C7:	jmp     incsp7
001829r 1               
001829r 1               .endproc
001829r 1               
001829r 1               ; ---------------------------------------------------------------
001829r 1               ; unsigned char __near__ title_hit (unsigned int, unsigned char, __near__ const struct udeks_window *)
001829r 1               ; ---------------------------------------------------------------
001829r 1               
001829r 1               .segment	"CODE"
001829r 1               
001829r 1               .proc	_title_hit: near
001829r 1               
001829r 1               .segment	"CODE"
001829r 1               
001829r 1  20 rr rr     	jsr     pushax
00182Cr 1  A0 01        	ldy     #$01
00182Er 1  B1 rr        	lda     (sp),y
001830r 1  85 rr        	sta     ptr1+1
001832r 1  88           	dey
001833r 1  B1 rr        	lda     (sp),y
001835r 1  85 rr        	sta     ptr1
001837r 1  A0 03        	ldy     #$03
001839r 1  B1 rr        	lda     (ptr1),y
00183Br 1  A2 00        	ldx     #$00
00183Dr 1  29 02        	and     #$02
00183Fr 1  D0 03        	bne     L05A9
001841r 1  4C rr rr     	jmp     incsp5
001844r 1  A0 06        L05A9:	ldy     #$06
001846r 1  20 rr rr     	jsr     pushwysp
001849r 1  A0 03        	ldy     #$03
00184Br 1  B1 rr        	lda     (sp),y
00184Dr 1  85 rr        	sta     ptr1+1
00184Fr 1  88           	dey
001850r 1  B1 rr        	lda     (sp),y
001852r 1  85 rr        	sta     ptr1
001854r 1  A0 05        	ldy     #$05
001856r 1  B1 rr        	lda     (ptr1),y
001858r 1  AA           	tax
001859r 1  88           	dey
00185Ar 1  B1 rr        	lda     (ptr1),y
00185Cr 1  20 rr rr     	jsr     tosicmp
00185Fr 1  90 73        	bcc     L02DA
001861r 1  A0 06        	ldy     #$06
001863r 1  20 rr rr     	jsr     pushwysp
001866r 1  A0 03        	ldy     #$03
001868r 1  B1 rr        	lda     (sp),y
00186Ar 1  85 rr        	sta     ptr1+1
00186Cr 1  88           	dey
00186Dr 1  B1 rr        	lda     (sp),y
00186Fr 1  85 rr        	sta     ptr1
001871r 1  A0 05        	ldy     #$05
001873r 1  B1 rr        	lda     (ptr1),y
001875r 1  AA           	tax
001876r 1  88           	dey
001877r 1  B1 rr        	lda     (ptr1),y
001879r 1  20 rr rr     	jsr     pushax
00187Cr 1  A0 05        	ldy     #$05
00187Er 1  B1 rr        	lda     (sp),y
001880r 1  85 rr        	sta     ptr1+1
001882r 1  88           	dey
001883r 1  B1 rr        	lda     (sp),y
001885r 1  85 rr        	sta     ptr1
001887r 1  A0 08        	ldy     #$08
001889r 1  B1 rr        	lda     (ptr1),y
00188Br 1  AA           	tax
00188Cr 1  88           	dey
00188Dr 1  B1 rr        	lda     (ptr1),y
00188Fr 1  20 rr rr     	jsr     tosaddax
001892r 1  20 rr rr     	jsr     tosicmp
001895r 1  B0 3D        	bcs     L02DA
001897r 1  A0 02        	ldy     #$02
001899r 1  B1 rr        	lda     (sp),y
00189Br 1  20 rr rr     	jsr     pusha0
00189Er 1  A0 03        	ldy     #$03
0018A0r 1  B1 rr        	lda     (sp),y
0018A2r 1  85 rr        	sta     ptr1+1
0018A4r 1  88           	dey
0018A5r 1  B1 rr        	lda     (sp),y
0018A7r 1  85 rr        	sta     ptr1
0018A9r 1  A0 06        	ldy     #$06
0018ABr 1  B1 rr        	lda     (ptr1),y
0018ADr 1  20 rr rr     	jsr     tosicmp0
0018B0r 1  90 22        	bcc     L02DA
0018B2r 1  A0 02        	ldy     #$02
0018B4r 1  B1 rr        	lda     (sp),y
0018B6r 1  20 rr rr     	jsr     pusha0
0018B9r 1  A0 03        	ldy     #$03
0018BBr 1  B1 rr        	lda     (sp),y
0018BDr 1  85 rr        	sta     ptr1+1
0018BFr 1  88           	dey
0018C0r 1  B1 rr        	lda     (sp),y
0018C2r 1  85 rr        	sta     ptr1
0018C4r 1  A0 06        	ldy     #$06
0018C6r 1  B1 rr        	lda     (ptr1),y
0018C8r 1  18           	clc
0018C9r 1  69 0D        	adc     #$0D
0018CBr 1  90 02        	bcc     L02DB
0018CDr 1  A2 01        	ldx     #$01
0018CFr 1  20 rr rr     L02DB:	jsr     tosicmp
0018D2r 1  90 06        	bcc     L02D7
0018D4r 1  A2 00        L02DA:	ldx     #$00
0018D6r 1  8A           	txa
0018D7r 1  4C rr rr     	jmp     incsp5
0018DAr 1  A9 01        L02D7:	lda     #$01
0018DCr 1  A2 00        	ldx     #$00
0018DEr 1  4C rr rr     	jmp     incsp5
0018E1r 1               
0018E1r 1               .endproc
0018E1r 1               
0018E1r 1               ; ---------------------------------------------------------------
0018E1r 1               ; unsigned char __near__ resize_hit (unsigned int, unsigned char, __near__ const struct udeks_window *)
0018E1r 1               ; ---------------------------------------------------------------
0018E1r 1               
0018E1r 1               .segment	"CODE"
0018E1r 1               
0018E1r 1               .proc	_resize_hit: near
0018E1r 1               
0018E1r 1               .segment	"CODE"
0018E1r 1               
0018E1r 1  20 rr rr     	jsr     pushax
0018E4r 1  A0 01        	ldy     #$01
0018E6r 1  B1 rr        	lda     (sp),y
0018E8r 1  85 rr        	sta     ptr1+1
0018EAr 1  88           	dey
0018EBr 1  B1 rr        	lda     (sp),y
0018EDr 1  85 rr        	sta     ptr1
0018EFr 1  A0 03        	ldy     #$03
0018F1r 1  B1 rr        	lda     (ptr1),y
0018F3r 1  A2 00        	ldx     #$00
0018F5r 1  29 08        	and     #$08
0018F7r 1  F0 7C        	beq     L05AC
0018F9r 1  A0 06        	ldy     #$06
0018FBr 1  20 rr rr     	jsr     pushwysp
0018FEr 1  A0 03        	ldy     #$03
001900r 1  B1 rr        	lda     (sp),y
001902r 1  85 rr        	sta     ptr1+1
001904r 1  88           	dey
001905r 1  B1 rr        	lda     (sp),y
001907r 1  85 rr        	sta     ptr1
001909r 1  A0 05        	ldy     #$05
00190Br 1  B1 rr        	lda     (ptr1),y
00190Dr 1  AA           	tax
00190Er 1  88           	dey
00190Fr 1  B1 rr        	lda     (ptr1),y
001911r 1  20 rr rr     	jsr     pushax
001914r 1  A0 05        	ldy     #$05
001916r 1  B1 rr        	lda     (sp),y
001918r 1  85 rr        	sta     ptr1+1
00191Ar 1  88           	dey
00191Br 1  B1 rr        	lda     (sp),y
00191Dr 1  85 rr        	sta     ptr1
00191Fr 1  A0 08        	ldy     #$08
001921r 1  B1 rr        	lda     (ptr1),y
001923r 1  AA           	tax
001924r 1  88           	dey
001925r 1  B1 rr        	lda     (ptr1),y
001927r 1  20 rr rr     	jsr     tosaddax
00192Ar 1  38           	sec
00192Br 1  E9 0A        	sbc     #$0A
00192Dr 1  B0 01        	bcs     L02E2
00192Fr 1  CA           	dex
001930r 1  20 rr rr     L02E2:	jsr     tosicmp
001933r 1  90 36        	bcc     L02E1
001935r 1  A0 02        	ldy     #$02
001937r 1  B1 rr        	lda     (sp),y
001939r 1  20 rr rr     	jsr     pusha0
00193Cr 1  A0 03        	ldy     #$03
00193Er 1  B1 rr        	lda     (sp),y
001940r 1  85 rr        	sta     ptr1+1
001942r 1  88           	dey
001943r 1  B1 rr        	lda     (sp),y
001945r 1  85 rr        	sta     ptr1
001947r 1  A0 06        	ldy     #$06
001949r 1  B1 rr        	lda     (ptr1),y
00194Br 1  20 rr rr     	jsr     pusha0
00194Er 1  A0 05        	ldy     #$05
001950r 1  B1 rr        	lda     (sp),y
001952r 1  85 rr        	sta     ptr1+1
001954r 1  88           	dey
001955r 1  B1 rr        	lda     (sp),y
001957r 1  85 rr        	sta     ptr1
001959r 1  A0 09        	ldy     #$09
00195Br 1  B1 rr        	lda     (ptr1),y
00195Dr 1  20 rr rr     	jsr     tosadda0
001960r 1  38           	sec
001961r 1  E9 0A        	sbc     #$0A
001963r 1  B0 01        	bcs     L02E3
001965r 1  CA           	dex
001966r 1  20 rr rr     L02E3:	jsr     tosicmp
001969r 1  B0 06        	bcs     L02DE
00196Br 1  A2 00        L02E1:	ldx     #$00
00196Dr 1  8A           	txa
00196Er 1  4C rr rr     	jmp     incsp5
001971r 1  A9 01        L02DE:	lda     #$01
001973r 1  A2 00        	ldx     #$00
001975r 1  4C rr rr     L05AC:	jmp     incsp5
001978r 1               
001978r 1               .endproc
001978r 1               
001978r 1               ; ---------------------------------------------------------------
001978r 1               ; void __near__ begin_drag (unsigned char, unsigned int, unsigned char, unsigned char)
001978r 1               ; ---------------------------------------------------------------
001978r 1               
001978r 1               .segment	"CODE"
001978r 1               
001978r 1               .proc	_begin_drag: near
001978r 1               
001978r 1               .segment	"CODE"
001978r 1               
001978r 1  20 rr rr     	jsr     pusha
00197Br 1  20 rr rr     	jsr     decsp2
00197Er 1  A0 06        	ldy     #$06
001980r 1  B1 rr        	lda     (sp),y
001982r 1  20 rr rr     	jsr     _window_by_handle
001985r 1  20 rr rr     	jsr     stax0sp
001988r 1  E0 00        	cpx     #$00
00198Ar 1  D0 07        	bne     L05AD
00198Cr 1  C9 00        	cmp     #$00
00198Er 1  D0 03        	bne     L05AD
001990r 1  4C rr rr     	jmp     incsp7
001993r 1  A0 06        L05AD:	ldy     #$06
001995r 1  B1 rr        	lda     (sp),y
001997r 1  8D rr rr     	sta     _dragging_handle
00199Ar 1  A0 02        	ldy     #$02
00199Cr 1  B1 rr        	lda     (sp),y
00199Er 1  8D rr rr     	sta     _drag_mode
0019A1r 1  A0 07        	ldy     #$07
0019A3r 1  20 rr rr     	jsr     pushwysp
0019A6r 1  A0 03        	ldy     #$03
0019A8r 1  B1 rr        	lda     (sp),y
0019AAr 1  85 rr        	sta     ptr1+1
0019ACr 1  88           	dey
0019ADr 1  B1 rr        	lda     (sp),y
0019AFr 1  85 rr        	sta     ptr1
0019B1r 1  A0 05        	ldy     #$05
0019B3r 1  B1 rr        	lda     (ptr1),y
0019B5r 1  AA           	tax
0019B6r 1  88           	dey
0019B7r 1  B1 rr        	lda     (ptr1),y
0019B9r 1  20 rr rr     	jsr     tossubax
0019BCr 1  8D rr rr     	sta     _drag_pointer_x
0019BFr 1  8E rr rr     	stx     _drag_pointer_x+1
0019C2r 1  A0 03        	ldy     #$03
0019C4r 1  B1 rr        	lda     (sp),y
0019C6r 1  20 rr rr     	jsr     pusha0
0019C9r 1  A0 03        	ldy     #$03
0019CBr 1  B1 rr        	lda     (sp),y
0019CDr 1  85 rr        	sta     ptr1+1
0019CFr 1  88           	dey
0019D0r 1  B1 rr        	lda     (sp),y
0019D2r 1  85 rr        	sta     ptr1
0019D4r 1  A0 06        	ldy     #$06
0019D6r 1  B1 rr        	lda     (ptr1),y
0019D8r 1  20 rr rr     	jsr     tossuba0
0019DBr 1  8D rr rr     	sta     _drag_pointer_y
0019DEr 1  A0 01        	ldy     #$01
0019E0r 1  B1 rr        	lda     (sp),y
0019E2r 1  85 rr        	sta     ptr1+1
0019E4r 1  88           	dey
0019E5r 1  B1 rr        	lda     (sp),y
0019E7r 1  85 rr        	sta     ptr1
0019E9r 1  A0 05        	ldy     #$05
0019EBr 1  B1 rr        	lda     (ptr1),y
0019EDr 1  8D rr rr     	sta     _drag_x+1
0019F0r 1  88           	dey
0019F1r 1  B1 rr        	lda     (ptr1),y
0019F3r 1  8D rr rr     	sta     _drag_x
0019F6r 1  A0 01        	ldy     #$01
0019F8r 1  B1 rr        	lda     (sp),y
0019FAr 1  85 rr        	sta     ptr1+1
0019FCr 1  88           	dey
0019FDr 1  B1 rr        	lda     (sp),y
0019FFr 1  85 rr        	sta     ptr1
001A01r 1  A0 06        	ldy     #$06
001A03r 1  B1 rr        	lda     (ptr1),y
001A05r 1  8D rr rr     	sta     _drag_y
001A08r 1  A0 01        	ldy     #$01
001A0Ar 1  B1 rr        	lda     (sp),y
001A0Cr 1  85 rr        	sta     ptr1+1
001A0Er 1  88           	dey
001A0Fr 1  B1 rr        	lda     (sp),y
001A11r 1  85 rr        	sta     ptr1
001A13r 1  A0 08        	ldy     #$08
001A15r 1  B1 rr        	lda     (ptr1),y
001A17r 1  8D rr rr     	sta     _drag_width+1
001A1Ar 1  88           	dey
001A1Br 1  B1 rr        	lda     (ptr1),y
001A1Dr 1  8D rr rr     	sta     _drag_width
001A20r 1  A0 01        	ldy     #$01
001A22r 1  B1 rr        	lda     (sp),y
001A24r 1  85 rr        	sta     ptr1+1
001A26r 1  88           	dey
001A27r 1  B1 rr        	lda     (sp),y
001A29r 1  85 rr        	sta     ptr1
001A2Br 1  A0 09        	ldy     #$09
001A2Dr 1  B1 rr        	lda     (ptr1),y
001A2Fr 1  8D rr rr     	sta     _drag_height
001A32r 1  A0 01        	ldy     #$01
001A34r 1  B1 rr        	lda     (sp),y
001A36r 1  AA           	tax
001A37r 1  88           	dey
001A38r 1  B1 rr        	lda     (sp),y
001A3Ar 1  20 rr rr     	jsr     _damage_set
001A3Dr 1  A0 06        	ldy     #$06
001A3Fr 1  B1 rr        	lda     (sp),y
001A41r 1  20 rr rr     	jsr     _compose_damage
001A44r 1  20 rr rr     	jsr     decsp5
001A47r 1  AD rr rr     	lda     _drag_x
001A4Ar 1  A0 03        	ldy     #$03
001A4Cr 1  91 rr        	sta     (sp),y
001A4Er 1  C8           	iny
001A4Fr 1  AD rr rr     	lda     _drag_x+1
001A52r 1  91 rr        	sta     (sp),y
001A54r 1  AD rr rr     	lda     _drag_y
001A57r 1  A0 02        	ldy     #$02
001A59r 1  91 rr        	sta     (sp),y
001A5Br 1  A0 06        	ldy     #$06
001A5Dr 1  B1 rr        	lda     (sp),y
001A5Fr 1  85 rr        	sta     ptr1+1
001A61r 1  88           	dey
001A62r 1  B1 rr        	lda     (sp),y
001A64r 1  85 rr        	sta     ptr1
001A66r 1  A0 08        	ldy     #$08
001A68r 1  B1 rr        	lda     (ptr1),y
001A6Ar 1  AA           	tax
001A6Br 1  88           	dey
001A6Cr 1  B1 rr        	lda     (ptr1),y
001A6Er 1  A0 00        	ldy     #$00
001A70r 1  91 rr        	sta     (sp),y
001A72r 1  C8           	iny
001A73r 1  8A           	txa
001A74r 1  91 rr        	sta     (sp),y
001A76r 1  A0 06        	ldy     #$06
001A78r 1  B1 rr        	lda     (sp),y
001A7Ar 1  85 rr        	sta     ptr1+1
001A7Cr 1  88           	dey
001A7Dr 1  B1 rr        	lda     (sp),y
001A7Fr 1  85 rr        	sta     ptr1
001A81r 1  A0 09        	ldy     #$09
001A83r 1  B1 rr        	lda     (ptr1),y
001A85r 1  20 rr rr     	jsr     _udeks_vic_bitmap_outline_toggle
001A88r 1  A9 18        	lda     #$18
001A8Ar 1  20 rr rr     	jsr     _increment_counter
001A8Dr 1  4C rr rr     	jmp     incsp7
001A90r 1               
001A90r 1               .endproc
001A90r 1               
001A90r 1               ; ---------------------------------------------------------------
001A90r 1               ; void __near__ move_drag (unsigned int, unsigned char)
001A90r 1               ; ---------------------------------------------------------------
001A90r 1               
001A90r 1               .segment	"CODE"
001A90r 1               
001A90r 1               .proc	_move_drag: near
001A90r 1               
001A90r 1               .segment	"CODE"
001A90r 1               
001A90r 1  20 rr rr     	jsr     pusha
001A93r 1  20 rr rr     	jsr     decsp5
001A96r 1  AD rr rr     	lda     _dragging_handle
001A99r 1  20 rr rr     	jsr     _window_by_handle
001A9Cr 1  A0 03        	ldy     #$03
001A9Er 1  20 rr rr     	jsr     staxysp
001AA1r 1  E0 00        	cpx     #$00
001AA3r 1  D0 0A        	bne     L030C
001AA5r 1  C9 00        	cmp     #$00
001AA7r 1  D0 06        	bne     L030C
001AA9r 1  8D rr rr     	sta     _dragging_handle
001AACr 1  4C rr rr     	jmp     incsp8
001AAFr 1  A0 07        L030C:	ldy     #$07
001AB1r 1  B1 rr        	lda     (sp),y
001AB3r 1  AA           	tax
001AB4r 1  88           	dey
001AB5r 1  B1 rr        	lda     (sp),y
001AB7r 1  38           	sec
001AB8r 1  ED rr rr     	sbc     _drag_pointer_x
001ABBr 1  85 rr        	sta     tmp1
001ABDr 1  8A           	txa
001ABEr 1  ED rr rr     	sbc     _drag_pointer_x+1
001AC1r 1  05 rr        	ora     tmp1
001AC3r 1  90 17        	bcc     L0313
001AC5r 1  F0 15        	beq     L0313
001AC7r 1  C8           	iny
001AC8r 1  B1 rr        	lda     (sp),y
001ACAr 1  AA           	tax
001ACBr 1  88           	dey
001ACCr 1  B1 rr        	lda     (sp),y
001ACEr 1  38           	sec
001ACFr 1  ED rr rr     	sbc     _drag_pointer_x
001AD2r 1  48           	pha
001AD3r 1  8A           	txa
001AD4r 1  ED rr rr     	sbc     _drag_pointer_x+1
001AD7r 1  AA           	tax
001AD8r 1  68           	pla
001AD9r 1  4C rr rr     	jmp     L0315
001ADCr 1  A2 00        L0313:	ldx     #$00
001ADEr 1  8A           	txa
001ADFr 1  A0 01        L0315:	ldy     #$01
001AE1r 1  20 rr rr     	jsr     staxysp
001AE4r 1  A0 05        	ldy     #$05
001AE6r 1  B1 rr        	lda     (sp),y
001AE8r 1  38           	sec
001AE9r 1  ED rr rr     	sbc     _drag_pointer_y
001AECr 1  90 0B        	bcc     L05B0
001AEEr 1  F0 09        	beq     L05B0
001AF0r 1  B1 rr        	lda     (sp),y
001AF2r 1  38           	sec
001AF3r 1  ED rr rr     	sbc     _drag_pointer_y
001AF6r 1  4C rr rr     	jmp     L05B1
001AF9r 1  A9 00        L05B0:	lda     #$00
001AFBr 1  A0 00        L05B1:	ldy     #$00
001AFDr 1  91 rr        	sta     (sp),y
001AFFr 1  A0 04        	ldy     #$04
001B01r 1  20 rr rr     	jsr     pushwysp
001B04r 1  A2 01        	ldx     #$01
001B06r 1  A9 40        	lda     #$40
001B08r 1  20 rr rr     	jsr     pushax
001B0Br 1  A0 08        	ldy     #$08
001B0Dr 1  B1 rr        	lda     (sp),y
001B0Fr 1  85 rr        	sta     ptr1+1
001B11r 1  88           	dey
001B12r 1  B1 rr        	lda     (sp),y
001B14r 1  85 rr        	sta     ptr1
001B16r 1  C8           	iny
001B17r 1  B1 rr        	lda     (ptr1),y
001B19r 1  AA           	tax
001B1Ar 1  88           	dey
001B1Br 1  B1 rr        	lda     (ptr1),y
001B1Dr 1  20 rr rr     	jsr     tossubax
001B20r 1  20 rr rr     	jsr     tosicmp
001B23r 1  90 24        	bcc     L031E
001B25r 1  F0 22        	beq     L031E
001B27r 1  A2 01        	ldx     #$01
001B29r 1  A9 40        	lda     #$40
001B2Br 1  20 rr rr     	jsr     pushax
001B2Er 1  A0 06        	ldy     #$06
001B30r 1  B1 rr        	lda     (sp),y
001B32r 1  85 rr        	sta     ptr1+1
001B34r 1  88           	dey
001B35r 1  B1 rr        	lda     (sp),y
001B37r 1  85 rr        	sta     ptr1
001B39r 1  A0 08        	ldy     #$08
001B3Br 1  B1 rr        	lda     (ptr1),y
001B3Dr 1  AA           	tax
001B3Er 1  88           	dey
001B3Fr 1  B1 rr        	lda     (ptr1),y
001B41r 1  20 rr rr     	jsr     tossubax
001B44r 1  A0 01        	ldy     #$01
001B46r 1  20 rr rr     	jsr     staxysp
001B49r 1  A2 00        L031E:	ldx     #$00
001B4Br 1  A1 rr        	lda     (sp,x)
001B4Dr 1  20 rr rr     	jsr     pusha0
001B50r 1  A9 C8        	lda     #$C8
001B52r 1  20 rr rr     	jsr     pusha0
001B55r 1  A0 08        	ldy     #$08
001B57r 1  B1 rr        	lda     (sp),y
001B59r 1  85 rr        	sta     ptr1+1
001B5Br 1  88           	dey
001B5Cr 1  B1 rr        	lda     (sp),y
001B5Er 1  85 rr        	sta     ptr1
001B60r 1  A0 09        	ldy     #$09
001B62r 1  B1 rr        	lda     (ptr1),y
001B64r 1  20 rr rr     	jsr     tossuba0
001B67r 1  20 rr rr     	jsr     tosicmp
001B6Ar 1  90 1D        	bcc     L0322
001B6Cr 1  F0 1B        	beq     L0322
001B6Er 1  A9 C8        	lda     #$C8
001B70r 1  20 rr rr     	jsr     pusha0
001B73r 1  A0 06        	ldy     #$06
001B75r 1  B1 rr        	lda     (sp),y
001B77r 1  85 rr        	sta     ptr1+1
001B79r 1  88           	dey
001B7Ar 1  B1 rr        	lda     (sp),y
001B7Cr 1  85 rr        	sta     ptr1
001B7Er 1  A0 09        	ldy     #$09
001B80r 1  B1 rr        	lda     (ptr1),y
001B82r 1  20 rr rr     	jsr     tossuba0
001B85r 1  A0 00        	ldy     #$00
001B87r 1  91 rr        	sta     (sp),y
001B89r 1  A0 02        L0322:	ldy     #$02
001B8Br 1  B1 rr        	lda     (sp),y
001B8Dr 1  AA           	tax
001B8Er 1  88           	dey
001B8Fr 1  B1 rr        	lda     (sp),y
001B91r 1  EC rr rr     	cpx     _drag_x+1
001B94r 1  D0 0D        	bne     L0326
001B96r 1  CD rr rr     	cmp     _drag_x
001B99r 1  D0 08        	bne     L0326
001B9Br 1  88           	dey
001B9Cr 1  B1 rr        	lda     (sp),y
001B9Er 1  CD rr rr     	cmp     _drag_y
001BA1r 1  F0 77        	beq     L0308
001BA3r 1  20 rr rr     L0326:	jsr     _udeks_vic_bitmap_reset_clip
001BA6r 1  20 rr rr     	jsr     decsp8
001BA9r 1  AD rr rr     	lda     _drag_x
001BACr 1  A0 06        	ldy     #$06
001BAEr 1  91 rr        	sta     (sp),y
001BB0r 1  C8           	iny
001BB1r 1  AD rr rr     	lda     _drag_x+1
001BB4r 1  91 rr        	sta     (sp),y
001BB6r 1  AD rr rr     	lda     _drag_y
001BB9r 1  A0 05        	ldy     #$05
001BBBr 1  91 rr        	sta     (sp),y
001BBDr 1  A0 0A        	ldy     #$0A
001BBFr 1  B1 rr        	lda     (sp),y
001BC1r 1  AA           	tax
001BC2r 1  88           	dey
001BC3r 1  B1 rr        	lda     (sp),y
001BC5r 1  A0 03        	ldy     #$03
001BC7r 1  91 rr        	sta     (sp),y
001BC9r 1  C8           	iny
001BCAr 1  8A           	txa
001BCBr 1  91 rr        	sta     (sp),y
001BCDr 1  A0 08        	ldy     #$08
001BCFr 1  B1 rr        	lda     (sp),y
001BD1r 1  A0 02        	ldy     #$02
001BD3r 1  91 rr        	sta     (sp),y
001BD5r 1  A0 0C        	ldy     #$0C
001BD7r 1  B1 rr        	lda     (sp),y
001BD9r 1  85 rr        	sta     ptr1+1
001BDBr 1  88           	dey
001BDCr 1  B1 rr        	lda     (sp),y
001BDEr 1  85 rr        	sta     ptr1
001BE0r 1  A0 08        	ldy     #$08
001BE2r 1  B1 rr        	lda     (ptr1),y
001BE4r 1  AA           	tax
001BE5r 1  88           	dey
001BE6r 1  B1 rr        	lda     (ptr1),y
001BE8r 1  A0 00        	ldy     #$00
001BEAr 1  91 rr        	sta     (sp),y
001BECr 1  C8           	iny
001BEDr 1  8A           	txa
001BEEr 1  91 rr        	sta     (sp),y
001BF0r 1  A0 0C        	ldy     #$0C
001BF2r 1  B1 rr        	lda     (sp),y
001BF4r 1  85 rr        	sta     ptr1+1
001BF6r 1  88           	dey
001BF7r 1  B1 rr        	lda     (sp),y
001BF9r 1  85 rr        	sta     ptr1
001BFBr 1  A0 09        	ldy     #$09
001BFDr 1  B1 rr        	lda     (ptr1),y
001BFFr 1  20 rr rr     	jsr     _udeks_vic_bitmap_outline_move
001C02r 1  A0 02        	ldy     #$02
001C04r 1  B1 rr        	lda     (sp),y
001C06r 1  8D rr rr     	sta     _drag_x+1
001C09r 1  88           	dey
001C0Ar 1  B1 rr        	lda     (sp),y
001C0Cr 1  8D rr rr     	sta     _drag_x
001C0Fr 1  88           	dey
001C10r 1  B1 rr        	lda     (sp),y
001C12r 1  8D rr rr     	sta     _drag_y
001C15r 1  A9 16        	lda     #$16
001C17r 1  20 rr rr     	jsr     _increment_counter
001C1Ar 1  4C rr rr     L0308:	jmp     incsp8
001C1Dr 1               
001C1Dr 1               .endproc
001C1Dr 1               
001C1Dr 1               ; ---------------------------------------------------------------
001C1Dr 1               ; void __near__ resize_drag (unsigned int, unsigned char)
001C1Dr 1               ; ---------------------------------------------------------------
001C1Dr 1               
001C1Dr 1               .segment	"CODE"
001C1Dr 1               
001C1Dr 1               .proc	_resize_drag: near
001C1Dr 1               
001C1Dr 1               .segment	"CODE"
001C1Dr 1               
001C1Dr 1  20 rr rr     	jsr     pusha
001C20r 1  20 rr rr     	jsr     decsp3
001C23r 1  A0 05        	ldy     #$05
001C25r 1  B1 rr        	lda     (sp),y
001C27r 1  AA           	tax
001C28r 1  88           	dey
001C29r 1  B1 rr        	lda     (sp),y
001C2Br 1  38           	sec
001C2Cr 1  ED rr rr     	sbc     _drag_x
001C2Fr 1  85 rr        	sta     tmp1
001C31r 1  8A           	txa
001C32r 1  ED rr rr     	sbc     _drag_x+1
001C35r 1  05 rr        	ora     tmp1
001C37r 1  90 1D        	bcc     L033B
001C39r 1  F0 1B        	beq     L033B
001C3Br 1  C8           	iny
001C3Cr 1  B1 rr        	lda     (sp),y
001C3Er 1  AA           	tax
001C3Fr 1  88           	dey
001C40r 1  B1 rr        	lda     (sp),y
001C42r 1  38           	sec
001C43r 1  ED rr rr     	sbc     _drag_x
001C46r 1  48           	pha
001C47r 1  8A           	txa
001C48r 1  ED rr rr     	sbc     _drag_x+1
001C4Br 1  AA           	tax
001C4Cr 1  68           	pla
001C4Dr 1  18           	clc
001C4Er 1  69 01        	adc     #$01
001C50r 1  90 08        	bcc     L033E
001C52r 1  E8           	inx
001C53r 1  4C rr rr     	jmp     L033E
001C56r 1  A2 00        L033B:	ldx     #$00
001C58r 1  A9 30        	lda     #$30
001C5Ar 1  A0 01        L033E:	ldy     #$01
001C5Cr 1  20 rr rr     	jsr     staxysp
001C5Fr 1  A0 03        	ldy     #$03
001C61r 1  B1 rr        	lda     (sp),y
001C63r 1  38           	sec
001C64r 1  ED rr rr     	sbc     _drag_y
001C67r 1  90 0E        	bcc     L05B5
001C69r 1  F0 0C        	beq     L05B5
001C6Br 1  B1 rr        	lda     (sp),y
001C6Dr 1  38           	sec
001C6Er 1  ED rr rr     	sbc     _drag_y
001C71r 1  18           	clc
001C72r 1  69 01        	adc     #$01
001C74r 1  4C rr rr     	jmp     L05B6
001C77r 1  A9 30        L05B5:	lda     #$30
001C79r 1  A0 00        L05B6:	ldy     #$00
001C7Br 1  91 rr        	sta     (sp),y
001C7Dr 1  A0 02        	ldy     #$02
001C7Fr 1  B1 rr        	lda     (sp),y
001C81r 1  C9 00        	cmp     #$00
001C83r 1  D0 05        	bne     L034A
001C85r 1  88           	dey
001C86r 1  B1 rr        	lda     (sp),y
001C88r 1  C9 30        	cmp     #$30
001C8Ar 1  B0 0B        L034A:	bcs     L0348
001C8Cr 1  A0 01        	ldy     #$01
001C8Er 1  A9 30        	lda     #$30
001C90r 1  91 rr        	sta     (sp),y
001C92r 1  A9 00        	lda     #$00
001C94r 1  C8           	iny
001C95r 1  91 rr        	sta     (sp),y
001C97r 1  A0 00        L0348:	ldy     #$00
001C99r 1  B1 rr        	lda     (sp),y
001C9Br 1  C9 30        	cmp     #$30
001C9Dr 1  B0 04        	bcs     L034D
001C9Fr 1  A9 30        	lda     #$30
001CA1r 1  91 rr        	sta     (sp),y
001CA3r 1  A0 04        L034D:	ldy     #$04
001CA5r 1  20 rr rr     	jsr     pushwysp
001CA8r 1  A9 40        	lda     #$40
001CAAr 1  38           	sec
001CABr 1  ED rr rr     	sbc     _drag_x
001CAEr 1  48           	pha
001CAFr 1  A9 01        	lda     #$01
001CB1r 1  ED rr rr     	sbc     _drag_x+1
001CB4r 1  AA           	tax
001CB5r 1  68           	pla
001CB6r 1  20 rr rr     	jsr     tosicmp
001CB9r 1  90 15        	bcc     L0351
001CBBr 1  F0 13        	beq     L0351
001CBDr 1  A9 40        	lda     #$40
001CBFr 1  38           	sec
001CC0r 1  ED rr rr     	sbc     _drag_x
001CC3r 1  48           	pha
001CC4r 1  A9 01        	lda     #$01
001CC6r 1  ED rr rr     	sbc     _drag_x+1
001CC9r 1  AA           	tax
001CCAr 1  68           	pla
001CCBr 1  A0 01        	ldy     #$01
001CCDr 1  20 rr rr     	jsr     staxysp
001CD0r 1  A2 00        L0351:	ldx     #$00
001CD2r 1  A1 rr        	lda     (sp,x)
001CD4r 1  20 rr rr     	jsr     pusha0
001CD7r 1  A9 C8        	lda     #$C8
001CD9r 1  38           	sec
001CDAr 1  ED rr rr     	sbc     _drag_y
001CDDr 1  20 rr rr     	jsr     tosicmp0
001CE0r 1  90 0C        	bcc     L0355
001CE2r 1  F0 0A        	beq     L0355
001CE4r 1  A9 C8        	lda     #$C8
001CE6r 1  38           	sec
001CE7r 1  ED rr rr     	sbc     _drag_y
001CEAr 1  A0 00        	ldy     #$00
001CECr 1  91 rr        	sta     (sp),y
001CEEr 1  A0 02        L0355:	ldy     #$02
001CF0r 1  B1 rr        	lda     (sp),y
001CF2r 1  AA           	tax
001CF3r 1  88           	dey
001CF4r 1  B1 rr        	lda     (sp),y
001CF6r 1  EC rr rr     	cpx     _drag_width+1
001CF9r 1  D0 0D        	bne     L035A
001CFBr 1  CD rr rr     	cmp     _drag_width
001CFEr 1  D0 08        	bne     L035A
001D00r 1  88           	dey
001D01r 1  B1 rr        	lda     (sp),y
001D03r 1  CD rr rr     	cmp     _drag_height
001D06r 1  F0 73        	beq     L0338
001D08r 1  20 rr rr     L035A:	jsr     _udeks_vic_bitmap_reset_clip
001D0Br 1  20 rr rr     	jsr     decsp5
001D0Er 1  AD rr rr     	lda     _drag_x
001D11r 1  A0 03        	ldy     #$03
001D13r 1  91 rr        	sta     (sp),y
001D15r 1  C8           	iny
001D16r 1  AD rr rr     	lda     _drag_x+1
001D19r 1  91 rr        	sta     (sp),y
001D1Br 1  AD rr rr     	lda     _drag_y
001D1Er 1  A0 02        	ldy     #$02
001D20r 1  91 rr        	sta     (sp),y
001D22r 1  AD rr rr     	lda     _drag_width
001D25r 1  A0 00        	ldy     #$00
001D27r 1  91 rr        	sta     (sp),y
001D29r 1  C8           	iny
001D2Ar 1  AD rr rr     	lda     _drag_width+1
001D2Dr 1  91 rr        	sta     (sp),y
001D2Fr 1  AD rr rr     	lda     _drag_height
001D32r 1  20 rr rr     	jsr     _udeks_vic_bitmap_outline_toggle
001D35r 1  20 rr rr     	jsr     decsp5
001D38r 1  AD rr rr     	lda     _drag_x
001D3Br 1  A0 03        	ldy     #$03
001D3Dr 1  91 rr        	sta     (sp),y
001D3Fr 1  C8           	iny
001D40r 1  AD rr rr     	lda     _drag_x+1
001D43r 1  91 rr        	sta     (sp),y
001D45r 1  AD rr rr     	lda     _drag_y
001D48r 1  A0 02        	ldy     #$02
001D4Ar 1  91 rr        	sta     (sp),y
001D4Cr 1  A0 07        	ldy     #$07
001D4Er 1  B1 rr        	lda     (sp),y
001D50r 1  AA           	tax
001D51r 1  88           	dey
001D52r 1  B1 rr        	lda     (sp),y
001D54r 1  A0 00        	ldy     #$00
001D56r 1  91 rr        	sta     (sp),y
001D58r 1  C8           	iny
001D59r 1  8A           	txa
001D5Ar 1  91 rr        	sta     (sp),y
001D5Cr 1  A0 05        	ldy     #$05
001D5Er 1  B1 rr        	lda     (sp),y
001D60r 1  20 rr rr     	jsr     _udeks_vic_bitmap_outline_toggle
001D63r 1  A0 02        	ldy     #$02
001D65r 1  B1 rr        	lda     (sp),y
001D67r 1  8D rr rr     	sta     _drag_width+1
001D6Ar 1  88           	dey
001D6Br 1  B1 rr        	lda     (sp),y
001D6Dr 1  8D rr rr     	sta     _drag_width
001D70r 1  88           	dey
001D71r 1  B1 rr        	lda     (sp),y
001D73r 1  8D rr rr     	sta     _drag_height
001D76r 1  A9 16        	lda     #$16
001D78r 1  20 rr rr     	jsr     _increment_counter
001D7Br 1  4C rr rr     L0338:	jmp     incsp6
001D7Er 1               
001D7Er 1               .endproc
001D7Er 1               
001D7Er 1               ; ---------------------------------------------------------------
001D7Er 1               ; void __near__ finish_drag (void)
001D7Er 1               ; ---------------------------------------------------------------
001D7Er 1               
001D7Er 1               .segment	"CODE"
001D7Er 1               
001D7Er 1               .proc	_finish_drag: near
001D7Er 1               
001D7Er 1               .segment	"CODE"
001D7Er 1               
001D7Er 1  20 rr rr     	jsr     decsp3
001D81r 1  AD rr rr     	lda     _dragging_handle
001D84r 1  A0 00        	ldy     #$00
001D86r 1  91 rr        	sta     (sp),y
001D88r 1  20 rr rr     	jsr     _window_by_handle
001D8Br 1  A0 01        	ldy     #$01
001D8Dr 1  20 rr rr     	jsr     staxysp
001D90r 1  E0 00        	cpx     #$00
001D92r 1  D0 0A        	bne     L0375
001D94r 1  C9 00        	cmp     #$00
001D96r 1  D0 06        	bne     L0375
001D98r 1  8D rr rr     	sta     _dragging_handle
001D9Br 1  4C rr rr     	jmp     incsp3
001D9Er 1  20 rr rr     L0375:	jsr     _udeks_vic_bitmap_reset_clip
001DA1r 1  20 rr rr     	jsr     decsp5
001DA4r 1  AD rr rr     	lda     _drag_x
001DA7r 1  A0 03        	ldy     #$03
001DA9r 1  91 rr        	sta     (sp),y
001DABr 1  C8           	iny
001DACr 1  AD rr rr     	lda     _drag_x+1
001DAFr 1  91 rr        	sta     (sp),y
001DB1r 1  AD rr rr     	lda     _drag_y
001DB4r 1  A0 02        	ldy     #$02
001DB6r 1  91 rr        	sta     (sp),y
001DB8r 1  AD rr rr     	lda     _drag_width
001DBBr 1  A0 00        	ldy     #$00
001DBDr 1  91 rr        	sta     (sp),y
001DBFr 1  C8           	iny
001DC0r 1  AD rr rr     	lda     _drag_width+1
001DC3r 1  91 rr        	sta     (sp),y
001DC5r 1  AD rr rr     	lda     _drag_height
001DC8r 1  20 rr rr     	jsr     _udeks_vic_bitmap_outline_toggle
001DCBr 1  A0 02        	ldy     #$02
001DCDr 1  B1 rr        	lda     (sp),y
001DCFr 1  AA           	tax
001DD0r 1  88           	dey
001DD1r 1  B1 rr        	lda     (sp),y
001DD3r 1  20 rr rr     	jsr     _damage_set
001DD6r 1  A0 02        	ldy     #$02
001DD8r 1  B1 rr        	lda     (sp),y
001DDAr 1  85 rr        	sta     ptr1+1
001DDCr 1  88           	dey
001DDDr 1  B1 rr        	lda     (sp),y
001DDFr 1  85 rr        	sta     ptr1
001DE1r 1  AD rr rr     	lda     _drag_x
001DE4r 1  A0 04        	ldy     #$04
001DE6r 1  91 rr        	sta     (ptr1),y
001DE8r 1  C8           	iny
001DE9r 1  AD rr rr     	lda     _drag_x+1
001DECr 1  91 rr        	sta     (ptr1),y
001DEEr 1  A0 02        	ldy     #$02
001DF0r 1  B1 rr        	lda     (sp),y
001DF2r 1  85 rr        	sta     ptr1+1
001DF4r 1  88           	dey
001DF5r 1  B1 rr        	lda     (sp),y
001DF7r 1  85 rr        	sta     ptr1
001DF9r 1  AD rr rr     	lda     _drag_y
001DFCr 1  A0 06        	ldy     #$06
001DFEr 1  91 rr        	sta     (ptr1),y
001E00r 1  A0 02        	ldy     #$02
001E02r 1  B1 rr        	lda     (sp),y
001E04r 1  85 rr        	sta     ptr1+1
001E06r 1  88           	dey
001E07r 1  B1 rr        	lda     (sp),y
001E09r 1  85 rr        	sta     ptr1
001E0Br 1  AD rr rr     	lda     _drag_width
001E0Er 1  A0 07        	ldy     #$07
001E10r 1  91 rr        	sta     (ptr1),y
001E12r 1  C8           	iny
001E13r 1  AD rr rr     	lda     _drag_width+1
001E16r 1  91 rr        	sta     (ptr1),y
001E18r 1  A0 02        	ldy     #$02
001E1Ar 1  B1 rr        	lda     (sp),y
001E1Cr 1  85 rr        	sta     ptr1+1
001E1Er 1  88           	dey
001E1Fr 1  B1 rr        	lda     (sp),y
001E21r 1  85 rr        	sta     ptr1
001E23r 1  AD rr rr     	lda     _drag_height
001E26r 1  A0 09        	ldy     #$09
001E28r 1  91 rr        	sta     (ptr1),y
001E2Ar 1  A0 02        	ldy     #$02
001E2Cr 1  B1 rr        	lda     (sp),y
001E2Er 1  AA           	tax
001E2Fr 1  88           	dey
001E30r 1  B1 rr        	lda     (sp),y
001E32r 1  20 rr rr     	jsr     _damage_add
001E35r 1  A9 00        	lda     #$00
001E37r 1  8D rr rr     	sta     _dragging_handle
001E3Ar 1  8D rr rr     	sta     _drag_mode
001E3Dr 1  20 rr rr     	jsr     _compose_damage
001E40r 1  20 rr rr     	jsr     _udeks_pointer_resynchronize
001E43r 1  A9 1A        	lda     #$1A
001E45r 1  20 rr rr     	jsr     _increment_counter
001E48r 1  4C rr rr     	jmp     incsp3
001E4Br 1               
001E4Br 1               .endproc
001E4Br 1               
001E4Br 1               
