ca65 V2.18 - Fedora 2.19-15.fc44
Main file   : /var/home/salvogendut/Dev/UDEKS/build/window-manager-budget/intersection.s
Current file: /var/home/salvogendut/Dev/UDEKS/build/window-manager-budget/intersection.s

000000r 1               ;
000000r 1               ; File generated by cc65 v 2.18 - Fedora 2.19-15.fc44
000000r 1               ;
000000r 1               	.fopt		compiler,"cc65 v 2.18 - Fedora 2.19-15.fc44"
000000r 1               	.setcpu		"6502"
000000r 1               	.smart		on
000000r 1               	.autoimport	on
000000r 1               	.case		on
000000r 1               	.debuginfo	off
000000r 1               	.importzp	sp, sreg, regsave, regbank
000000r 1               	.importzp	tmp1, tmp2, tmp3, tmp4, ptr1, ptr2, ptr3, ptr4
000000r 1               	.macpack	longbranch
000000r 2               .macro  jeq     Target
000000r 2                       .if     .match(Target, 0)
000000r 2                       bne     *+5
000000r 2                       jmp     Target
000000r 2                       .elseif .def(Target) .and .const((*-2)-(Target)) .and ((*+2)-(Target) <= 127)
000000r 2                               beq     Target
000000r 2                       .else
000000r 2                               bne     *+5
000000r 2                               jmp     Target
000000r 2                       .endif
000000r 2               .endmacro
000000r 2               .macro  jne     Target
000000r 2                       .if     .match(Target, 0)
000000r 2                               beq     *+5
000000r 2                               jmp     Target
000000r 2                       .elseif .def(Target) .and .const((*-2)-(Target)) .and ((*+2)-(Target) <= 127)
000000r 2                               bne     Target
000000r 2                       .else
000000r 2                               beq     *+5
000000r 2                               jmp     Target
000000r 2                       .endif
000000r 2               .endmacro
000000r 2               .macro  jmi     Target
000000r 2                       .if     .match(Target, 0)
000000r 2                               bpl     *+5
000000r 2                               jmp     Target
000000r 2                       .elseif .def(Target) .and .const((*-2)-(Target)) .and ((*+2)-(Target) <= 127)
000000r 2                               bmi     Target
000000r 2                       .else
000000r 2                               bpl     *+5
000000r 2                               jmp     Target
000000r 2                       .endif
000000r 2               .endmacro
000000r 2               .macro  jpl     Target
000000r 2                       .if     .match(Target, 0)
000000r 2                               bmi     *+5
000000r 2                               jmp     Target
000000r 2                       .elseif .def(Target) .and .const((*-2)-(Target)) .and ((*+2)-(Target) <= 127)
000000r 2                               bpl     Target
000000r 2                       .else
000000r 2                               bmi     *+5
000000r 2                               jmp     Target
000000r 2                       .endif
000000r 2               .endmacro
000000r 2               .macro  jcs     Target
000000r 2                       .if     .match(Target, 0)
000000r 2                               bcc     *+5
000000r 2                               jmp     Target
000000r 2                       .elseif .def(Target) .and .const((*-2)-(Target)) .and ((*+2)-(Target) <= 127)
000000r 2                               bcs     Target
000000r 2                       .else
000000r 2                               bcc     *+5
000000r 2                               jmp     Target
000000r 2                       .endif
000000r 2               .endmacro
000000r 2               .macro  jcc     Target
000000r 2                       .if     .match(Target, 0)
000000r 2                               bcs     *+5
000000r 2                               jmp     Target
000000r 2                       .elseif .def(Target) .and .const((*-2)-(Target)) .and ((*+2)-(Target) <= 127)
000000r 2                               bcc     Target
000000r 2                       .else
000000r 2                               bcs     *+5
000000r 2                               jmp     Target
000000r 2                       .endif
000000r 2               .endmacro
000000r 2               .macro  jvs     Target
000000r 2                       .if     .match(Target, 0)
000000r 2                               bvc     *+5
000000r 2                               jmp     Target
000000r 2                       .elseif .def(Target) .and .const((*-2)-(Target)) .and ((*+2)-(Target) <= 127)
000000r 2                               bvs     Target
000000r 2                       .else
000000r 2                               bvc     *+5
000000r 2                               jmp     Target
000000r 2                       .endif
000000r 2               .endmacro
000000r 2               .macro  jvc     Target
000000r 2                       .if     .match(Target, 0)
000000r 2                               bvs     *+5
000000r 2                               jmp     Target
000000r 2                       .elseif .def(Target) .and .const((*-2)-(Target)) .and ((*+2)-(Target) <= 127)
000000r 2                               bvc     Target
000000r 2                       .else
000000r 2                               bvs     *+5
000000r 2                               jmp     Target
000000r 2                       .endif
000000r 2               .endmacro
000000r 2               
000000r 1               	.import		_udeks_pointer_resynchronize
000000r 1               	.import		_udeks_pointer_x
000000r 1               	.import		_udeks_pointer_y
000000r 1               	.import		_udeks_pointer_buttons
000000r 1               	.import		_udeks_vic_graphics_is_active
000000r 1               	.import		_udeks_vic_pointer_busy_begin
000000r 1               	.import		_udeks_vic_pointer_busy_end
000000r 1               	.import		_udeks_vic_bitmap_pixel
000000r 1               	.import		_udeks_vic_bitmap_line
000000r 1               	.import		_udeks_vic_bitmap_rectangle
000000r 1               	.import		_udeks_vic_bitmap_fill
000000r 1               	.import		_udeks_vic_bitmap_set_clip
000000r 1               	.import		_udeks_vic_bitmap_reset_clip
000000r 1               	.import		_udeks_vic_bitmap_outline_toggle
000000r 1               	.import		_udeks_vic_bitmap_outline_move
000000r 1               	.import		_udeks_vic_bitmap_commit
000000r 1               	.export		_udeks_window_manager_start
000000r 1               	.export		_udeks_window_manager_poll
000000r 1               	.export		_udeks_window_manager_stop
000000r 1               	.export		_udeks_window_manager_reset
000000r 1               	.export		_udeks_window_create
000000r 1               	.export		_udeks_window_destroy
000000r 1               	.export		_udeks_window_repaint
000000r 1               	.export		_udeks_window_begin_paint
000000r 1               	.export		_udeks_window_end_paint
000000r 1               	.export		_udeks_window_image_complete
000000r 1               	.export		_udeks_window_get_geometry
000000r 1               	.export		_udeks_window_is_dragging
000000r 1               	.export		_udeks_window_is_focused
000000r 1               
000000r 1               .segment	"RODATA"
000000r 1               
000000r 1               _title_glyphs:
000000r 1  02           	.byte	$02
000001r 1  05           	.byte	$05
000002r 1  07           	.byte	$07
000003r 1  05           	.byte	$05
000004r 1  05           	.byte	$05
000005r 1  06           	.byte	$06
000006r 1  05           	.byte	$05
000007r 1  06           	.byte	$06
000008r 1  05           	.byte	$05
000009r 1  06           	.byte	$06
00000Ar 1  03           	.byte	$03
00000Br 1  04           	.byte	$04
00000Cr 1  04           	.byte	$04
00000Dr 1  04           	.byte	$04
00000Er 1  03           	.byte	$03
00000Fr 1  06           	.byte	$06
000010r 1  05           	.byte	$05
000011r 1  05           	.byte	$05
000012r 1  05           	.byte	$05
000013r 1  06           	.byte	$06
000014r 1  07           	.byte	$07
000015r 1  04           	.byte	$04
000016r 1  06           	.byte	$06
000017r 1  04           	.byte	$04
000018r 1  07           	.byte	$07
000019r 1  07           	.byte	$07
00001Ar 1  04           	.byte	$04
00001Br 1  06           	.byte	$06
00001Cr 1  04           	.byte	$04
00001Dr 1  04           	.byte	$04
00001Er 1  03           	.byte	$03
00001Fr 1  04           	.byte	$04
000020r 1  05           	.byte	$05
000021r 1  05           	.byte	$05
000022r 1  03           	.byte	$03
000023r 1  05           	.byte	$05
000024r 1  05           	.byte	$05
000025r 1  07           	.byte	$07
000026r 1  05           	.byte	$05
000027r 1  05           	.byte	$05
000028r 1  07           	.byte	$07
000029r 1  02           	.byte	$02
00002Ar 1  02           	.byte	$02
00002Br 1  02           	.byte	$02
00002Cr 1  07           	.byte	$07
00002Dr 1  01           	.byte	$01
00002Er 1  01           	.byte	$01
00002Fr 1  01           	.byte	$01
000030r 1  05           	.byte	$05
000031r 1  02           	.byte	$02
000032r 1  05           	.byte	$05
000033r 1  05           	.byte	$05
000034r 1  06           	.byte	$06
000035r 1  05           	.byte	$05
000036r 1  05           	.byte	$05
000037r 1  04           	.byte	$04
000038r 1  04           	.byte	$04
000039r 1  04           	.byte	$04
00003Ar 1  04           	.byte	$04
00003Br 1  07           	.byte	$07
00003Cr 1  05           	.byte	$05
00003Dr 1  07           	.byte	$07
00003Er 1  07           	.byte	$07
00003Fr 1  05           	.byte	$05
000040r 1  05           	.byte	$05
000041r 1  05           	.byte	$05
000042r 1  07           	.byte	$07
000043r 1  07           	.byte	$07
000044r 1  07           	.byte	$07
000045r 1  05           	.byte	$05
000046r 1  02           	.byte	$02
000047r 1  05           	.byte	$05
000048r 1  05           	.byte	$05
000049r 1  05           	.byte	$05
00004Ar 1  02           	.byte	$02
00004Br 1  06           	.byte	$06
00004Cr 1  05           	.byte	$05
00004Dr 1  06           	.byte	$06
00004Er 1  04           	.byte	$04
00004Fr 1  04           	.byte	$04
000050r 1  02           	.byte	$02
000051r 1  05           	.byte	$05
000052r 1  05           	.byte	$05
000053r 1  03           	.byte	$03
000054r 1  01           	.byte	$01
000055r 1  06           	.byte	$06
000056r 1  05           	.byte	$05
000057r 1  06           	.byte	$06
000058r 1  05           	.byte	$05
000059r 1  05           	.byte	$05
00005Ar 1  03           	.byte	$03
00005Br 1  04           	.byte	$04
00005Cr 1  02           	.byte	$02
00005Dr 1  01           	.byte	$01
00005Er 1  06           	.byte	$06
00005Fr 1  07           	.byte	$07
000060r 1  02           	.byte	$02
000061r 1  02           	.byte	$02
000062r 1  02           	.byte	$02
000063r 1  02           	.byte	$02
000064r 1  05           	.byte	$05
000065r 1  05           	.byte	$05
000066r 1  05           	.byte	$05
000067r 1  05           	.byte	$05
000068r 1  07           	.byte	$07
000069r 1  05           	.byte	$05
00006Ar 1  05           	.byte	$05
00006Br 1  05           	.byte	$05
00006Cr 1  05           	.byte	$05
00006Dr 1  02           	.byte	$02
00006Er 1  05           	.byte	$05
00006Fr 1  05           	.byte	$05
000070r 1  07           	.byte	$07
000071r 1  07           	.byte	$07
000072r 1  05           	.byte	$05
000073r 1  05           	.byte	$05
000074r 1  05           	.byte	$05
000075r 1  02           	.byte	$02
000076r 1  05           	.byte	$05
000077r 1  05           	.byte	$05
000078r 1  05           	.byte	$05
000079r 1  05           	.byte	$05
00007Ar 1  02           	.byte	$02
00007Br 1  02           	.byte	$02
00007Cr 1  02           	.byte	$02
00007Dr 1  07           	.byte	$07
00007Er 1  01           	.byte	$01
00007Fr 1  02           	.byte	$02
000080r 1  04           	.byte	$04
000081r 1  07           	.byte	$07
000082r 1               
000082r 1               .segment	"BSS"
000000r 1               
000000r 1               .segment	"HIGHBSS"
000000r 1               _windows:
000000r 1  00 00 00 00  	.res	68,$00
000004r 1  00 00 00 00  
000008r 1  00 00 00 00  
000044r 1               _active_count:
000044r 1  00           	.res	1,$00
000045r 1               _focused_handle:
000045r 1  00           	.res	1,$00
000046r 1               _dragging_handle:
000046r 1  00           	.res	1,$00
000047r 1               _previous_buttons:
000047r 1  00           	.res	1,$00
000048r 1               _drag_pointer_x:
000048r 1  00 00        	.res	2,$00
00004Ar 1               _drag_pointer_y:
00004Ar 1  00           	.res	1,$00
00004Br 1               _drag_x:
00004Br 1  00 00        	.res	2,$00
00004Dr 1               _drag_y:
00004Dr 1  00           	.res	1,$00
00004Er 1               _drag_width:
00004Er 1  00 00        	.res	2,$00
000050r 1               _drag_height:
000050r 1  00           	.res	1,$00
000051r 1               _drag_mode:
000051r 1  00           	.res	1,$00
000052r 1               _damage_left:
000052r 1  00 00        	.res	2,$00
000054r 1               _damage_top:
000054r 1  00           	.res	1,$00
000055r 1               _damage_right:
000055r 1  00 00        	.res	2,$00
000057r 1               _damage_bottom:
000057r 1  00           	.res	1,$00
000058r 1               
000058r 1               ; ---------------------------------------------------------------
000058r 1               ; unsigned char __near__ udeks_window_manager_start (void)
000058r 1               ; ---------------------------------------------------------------
000058r 1               
000058r 1               .segment	"CODE"
000000r 1               
000000r 1               .proc	_udeks_window_manager_start: near
000000r 1               
000000r 1               .segment	"CODE"
000000r 1               
000000r 1  20 rr rr     	jsr     decsp1
000003r 1  A9 00        	lda     #$00
000005r 1  A8           	tay
000006r 1  91 rr        L050E:	sta     (sp),y
000008r 1  C9 20        	cmp     #$20
00000Ar 1  B0 19        	bcs     L0510
00000Cr 1  B1 rr        	lda     (sp),y
00000Er 1  18           	clc
00000Fr 1  69 40        	adc     #$40
000011r 1  85 rr        	sta     ptr1
000013r 1  A9 00        	lda     #$00
000015r 1  69 F2        	adc     #$F2
000017r 1  85 rr        	sta     ptr1+1
000019r 1  A9 00        	lda     #$00
00001Br 1  91 rr        	sta     (ptr1),y
00001Dr 1  18           	clc
00001Er 1  A9 01        	lda     #$01
000020r 1  71 rr        	adc     (sp),y
000022r 1  4C rr rr     	jmp     L050E
000025r 1  A9 57        L0510:	lda     #$57
000027r 1  8D 40 F2     	sta     $F240
00002Ar 1  A9 4D        	lda     #$4D
00002Cr 1  8D 41 F2     	sta     $F241
00002Fr 1  A9 47        	lda     #$47
000031r 1  8D 42 F2     	sta     $F242
000034r 1  A9 52        	lda     #$52
000036r 1  8D 43 F2     	sta     $F243
000039r 1  A9 01        	lda     #$01
00003Br 1  8D 44 F2     	sta     $F244
00003Er 1  A9 02        	lda     #$02
000040r 1  8D 45 F2     	sta     $F245
000043r 1  A9 00        	lda     #$00
000045r 1  91 rr        L050F:	sta     (sp),y
000047r 1  C9 04        	cmp     #$04
000049r 1  B0 21        	bcs     L0511
00004Br 1  B1 rr        	lda     (sp),y
00004Dr 1  20 rr rr     	jsr     pusha0
000050r 1  A9 11        	lda     #$11
000052r 1  20 rr rr     	jsr     tosmula0
000055r 1  18           	clc
000056r 1  69 rr        	adc     #<(_windows)
000058r 1  85 rr        	sta     ptr1
00005Ar 1  8A           	txa
00005Br 1  69 rr        	adc     #>(_windows)
00005Dr 1  85 rr        	sta     ptr1+1
00005Fr 1  A9 00        	lda     #$00
000061r 1  A8           	tay
000062r 1  91 rr        	sta     (ptr1),y
000064r 1  18           	clc
000065r 1  A9 01        	lda     #$01
000067r 1  71 rr        	adc     (sp),y
000069r 1  4C rr rr     	jmp     L050F
00006Cr 1  A9 00        L0511:	lda     #$00
00006Er 1  8D rr rr     	sta     _active_count
000071r 1  8D rr rr     	sta     _focused_handle
000074r 1  8D rr rr     	sta     _dragging_handle
000077r 1  8D rr rr     	sta     _drag_mode
00007Ar 1  8D rr rr     	sta     _previous_buttons
00007Dr 1  20 rr rr     	jsr     _publish_state
000080r 1  A2 00        	ldx     #$00
000082r 1  8A           	txa
000083r 1  4C rr rr     	jmp     incsp1
000086r 1               
000086r 1               .endproc
000086r 1               
000086r 1               ; ---------------------------------------------------------------
000086r 1               ; unsigned char __near__ udeks_window_manager_poll (void)
000086r 1               ; ---------------------------------------------------------------
000086r 1               
000086r 1               .segment	"CODE"
000086r 1               
000086r 1               .proc	_udeks_window_manager_poll: near
000086r 1               
000086r 1               .segment	"CODE"
000086r 1               
000086r 1  A0 09        	ldy     #$09
000088r 1  20 rr rr     	jsr     subysp
00008Br 1  20 rr rr     	jsr     _udeks_vic_graphics_is_active
00008Er 1  C9 00        	cmp     #$00
000090r 1  D0 04        	bne     L04A9
000092r 1  AA           	tax
000093r 1  4C rr rr     	jmp     L0521
000096r 1  20 rr rr     L04A9:	jsr     _udeks_pointer_x
000099r 1  38           	sec
00009Ar 1  E9 0C        	sbc     #$0C
00009Cr 1  B0 01        	bcs     L04AE
00009Er 1  CA           	dex
00009Fr 1  A0 07        L04AE:	ldy     #$07
0000A1r 1  20 rr rr     	jsr     staxysp
0000A4r 1  20 rr rr     	jsr     _udeks_pointer_y
0000A7r 1  38           	sec
0000A8r 1  E9 28        	sbc     #$28
0000AAr 1  A0 06        	ldy     #$06
0000ACr 1  91 rr        	sta     (sp),y
0000AEr 1  20 rr rr     	jsr     _udeks_pointer_buttons
0000B1r 1  A0 05        	ldy     #$05
0000B3r 1  91 rr        	sta     (sp),y
0000B5r 1  29 05        	and     #$05
0000B7r 1  88           	dey
0000B8r 1  91 rr        	sta     (sp),y
0000BAr 1  B1 rr        	lda     (sp),y
0000BCr 1  D0 03 4C rr  	jeq     L0517
0000C0r 1  rr           
0000C1r 1  AD rr rr     	lda     _previous_buttons
0000C4r 1  F0 03 4C rr  	jne     L0517
0000C8r 1  rr           
0000C9r 1  A0 0A        	ldy     #$0A
0000CBr 1  20 rr rr     	jsr     pushwysp
0000CEr 1  A0 08        	ldy     #$08
0000D0r 1  B1 rr        	lda     (sp),y
0000D2r 1  20 rr rr     	jsr     _top_window_at
0000D5r 1  A0 03        	ldy     #$03
0000D7r 1  91 rr        	sta     (sp),y
0000D9r 1  20 rr rr     	jsr     _window_by_handle
0000DCr 1  20 rr rr     	jsr     stax0sp
0000DFr 1  E0 00        	cpx     #$00
0000E1r 1  D0 07        	bne     L0522
0000E3r 1  C9 00        	cmp     #$00
0000E5r 1  D0 03 4C rr  	jeq     L04C3
0000E9r 1  rr           
0000EAr 1  A0 03        L0522:	ldy     #$03
0000ECr 1  B1 rr        	lda     (sp),y
0000EEr 1  8D rr rr     	sta     _focused_handle
0000F1r 1  B1 rr        	lda     (sp),y
0000F3r 1  20 rr rr     	jsr     _raise_window
0000F6r 1  A0 02        	ldy     #$02
0000F8r 1  91 rr        	sta     (sp),y
0000FAr 1  20 rr rr     	jsr     decsp3
0000FDr 1  A0 0B        	ldy     #$0B
0000FFr 1  B1 rr        	lda     (sp),y
000101r 1  AA           	tax
000102r 1  88           	dey
000103r 1  B1 rr        	lda     (sp),y
000105r 1  A0 01        	ldy     #$01
000107r 1  91 rr        	sta     (sp),y
000109r 1  C8           	iny
00010Ar 1  8A           	txa
00010Br 1  91 rr        	sta     (sp),y
00010Dr 1  A0 09        	ldy     #$09
00010Fr 1  B1 rr        	lda     (sp),y
000111r 1  A0 00        	ldy     #$00
000113r 1  91 rr        	sta     (sp),y
000115r 1  A0 04        	ldy     #$04
000117r 1  B1 rr        	lda     (sp),y
000119r 1  AA           	tax
00011Ar 1  88           	dey
00011Br 1  B1 rr        	lda     (sp),y
00011Dr 1  20 rr rr     	jsr     _close_hit
000120r 1  C9 00        	cmp     #$00
000122r 1  F0 15        	beq     L04CB
000124r 1  A9 1C        	lda     #$1C
000126r 1  20 rr rr     	jsr     _increment_counter
000129r 1  A0 04        	ldy     #$04
00012Br 1  B1 rr        	lda     (sp),y
00012Dr 1  8D rr rr     	sta     _previous_buttons
000130r 1  88           	dey
000131r 1  B1 rr        	lda     (sp),y
000133r 1  20 rr rr     	jsr     _udeks_window_destroy
000136r 1  4C rr rr     	jmp     L0524
000139r 1  20 rr rr     L04CB:	jsr     decsp3
00013Cr 1  A0 0B        	ldy     #$0B
00013Er 1  B1 rr        	lda     (sp),y
000140r 1  AA           	tax
000141r 1  88           	dey
000142r 1  B1 rr        	lda     (sp),y
000144r 1  A0 01        	ldy     #$01
000146r 1  91 rr        	sta     (sp),y
000148r 1  C8           	iny
000149r 1  8A           	txa
00014Ar 1  91 rr        	sta     (sp),y
00014Cr 1  A0 09        	ldy     #$09
00014Er 1  B1 rr        	lda     (sp),y
000150r 1  A0 00        	ldy     #$00
000152r 1  91 rr        	sta     (sp),y
000154r 1  A0 04        	ldy     #$04
000156r 1  B1 rr        	lda     (sp),y
000158r 1  AA           	tax
000159r 1  88           	dey
00015Ar 1  B1 rr        	lda     (sp),y
00015Cr 1  20 rr rr     	jsr     _resize_hit
00015Fr 1  C9 00        	cmp     #$00
000161r 1  F0 2B        	beq     L04D8
000163r 1  20 rr rr     	jsr     decsp4
000166r 1  A0 07        	ldy     #$07
000168r 1  B1 rr        	lda     (sp),y
00016Ar 1  A0 03        	ldy     #$03
00016Cr 1  91 rr        	sta     (sp),y
00016Er 1  A0 0C        	ldy     #$0C
000170r 1  B1 rr        	lda     (sp),y
000172r 1  AA           	tax
000173r 1  88           	dey
000174r 1  B1 rr        	lda     (sp),y
000176r 1  A0 01        	ldy     #$01
000178r 1  91 rr        	sta     (sp),y
00017Ar 1  C8           	iny
00017Br 1  8A           	txa
00017Cr 1  91 rr        	sta     (sp),y
00017Er 1  A0 0A        	ldy     #$0A
000180r 1  B1 rr        	lda     (sp),y
000182r 1  A0 00        	ldy     #$00
000184r 1  91 rr        	sta     (sp),y
000186r 1  A9 02        	lda     #$02
000188r 1  20 rr rr     	jsr     _begin_drag
00018Br 1  4C rr rr     	jmp     L04F4
00018Er 1  20 rr rr     L04D8:	jsr     decsp3
000191r 1  A0 0B        	ldy     #$0B
000193r 1  B1 rr        	lda     (sp),y
000195r 1  AA           	tax
000196r 1  88           	dey
000197r 1  B1 rr        	lda     (sp),y
000199r 1  A0 01        	ldy     #$01
00019Br 1  91 rr        	sta     (sp),y
00019Dr 1  C8           	iny
00019Er 1  8A           	txa
00019Fr 1  91 rr        	sta     (sp),y
0001A1r 1  A0 09        	ldy     #$09
0001A3r 1  B1 rr        	lda     (sp),y
0001A5r 1  A0 00        	ldy     #$00
0001A7r 1  91 rr        	sta     (sp),y
0001A9r 1  A0 04        	ldy     #$04
0001ABr 1  B1 rr        	lda     (sp),y
0001ADr 1  AA           	tax
0001AEr 1  88           	dey
0001AFr 1  B1 rr        	lda     (sp),y
0001B1r 1  20 rr rr     	jsr     _title_hit
0001B4r 1  C9 00        	cmp     #$00
0001B6r 1  F0 2B        	beq     L04E3
0001B8r 1  20 rr rr     	jsr     decsp4
0001BBr 1  A0 07        	ldy     #$07
0001BDr 1  B1 rr        	lda     (sp),y
0001BFr 1  A0 03        	ldy     #$03
0001C1r 1  91 rr        	sta     (sp),y
0001C3r 1  A0 0C        	ldy     #$0C
0001C5r 1  B1 rr        	lda     (sp),y
0001C7r 1  AA           	tax
0001C8r 1  88           	dey
0001C9r 1  B1 rr        	lda     (sp),y
0001CBr 1  A0 01        	ldy     #$01
0001CDr 1  91 rr        	sta     (sp),y
0001CFr 1  C8           	iny
0001D0r 1  8A           	txa
0001D1r 1  91 rr        	sta     (sp),y
0001D3r 1  A0 0A        	ldy     #$0A
0001D5r 1  B1 rr        	lda     (sp),y
0001D7r 1  A0 00        	ldy     #$00
0001D9r 1  91 rr        	sta     (sp),y
0001DBr 1  A9 01        	lda     #$01
0001DDr 1  20 rr rr     	jsr     _begin_drag
0001E0r 1  4C rr rr     	jmp     L04F4
0001E3r 1  A0 02        L04E3:	ldy     #$02
0001E5r 1  B1 rr        	lda     (sp),y
0001E7r 1  F0 15        	beq     L04F4
0001E9r 1  88           	dey
0001EAr 1  B1 rr        	lda     (sp),y
0001ECr 1  AA           	tax
0001EDr 1  88           	dey
0001EEr 1  B1 rr        	lda     (sp),y
0001F0r 1  20 rr rr     	jsr     _damage_set
0001F3r 1  A9 00        	lda     #$00
0001F5r 1  20 rr rr     	jsr     _compose_damage
0001F8r 1  4C rr rr     	jmp     L04F4
0001FBr 1  8D rr rr     L04C3:	sta     _focused_handle
0001FEr 1  A0 04        L04F4:	ldy     #$04
000200r 1  B1 rr        L0517:	lda     (sp),y
000202r 1  D0 0B        	bne     L051B
000204r 1  AD rr rr     	lda     _dragging_handle
000207r 1  F0 06        	beq     L051B
000209r 1  20 rr rr     	jsr     _finish_drag
00020Cr 1  4C rr rr     	jmp     L0506
00020Fr 1  B1 rr        L051B:	lda     (sp),y
000211r 1  F0 29        	beq     L0520
000213r 1  AD rr rr     	lda     _dragging_handle
000216r 1  F0 24        	beq     L0520
000218r 1  AD rr rr     	lda     _drag_mode
00021Br 1  C9 02        	cmp     #$02
00021Dr 1  D0 0F        	bne     L0501
00021Fr 1  A0 0A        	ldy     #$0A
000221r 1  20 rr rr     	jsr     pushwysp
000224r 1  A0 08        	ldy     #$08
000226r 1  B1 rr        	lda     (sp),y
000228r 1  20 rr rr     	jsr     _resize_drag
00022Br 1  4C rr rr     	jmp     L0506
00022Er 1  A0 0A        L0501:	ldy     #$0A
000230r 1  20 rr rr     	jsr     pushwysp
000233r 1  A0 08        	ldy     #$08
000235r 1  B1 rr        	lda     (sp),y
000237r 1  20 rr rr     	jsr     _move_drag
00023Ar 1  A0 04        L0506:	ldy     #$04
00023Cr 1  B1 rr        L0520:	lda     (sp),y
00023Er 1  8D rr rr     	sta     _previous_buttons
000241r 1  20 rr rr     L0524:	jsr     _publish_state
000244r 1  A2 00        	ldx     #$00
000246r 1  8A           	txa
000247r 1  A0 09        L0521:	ldy     #$09
000249r 1  4C rr rr     	jmp     addysp
00024Cr 1               
00024Cr 1               .endproc
00024Cr 1               
00024Cr 1               ; ---------------------------------------------------------------
00024Cr 1               ; unsigned char __near__ udeks_window_manager_stop (void)
00024Cr 1               ; ---------------------------------------------------------------
00024Cr 1               
00024Cr 1               .segment	"CODE"
00024Cr 1               
00024Cr 1               .proc	_udeks_window_manager_stop: near
00024Cr 1               
00024Cr 1               .segment	"CODE"
00024Cr 1               
00024Cr 1  20 rr rr     	jsr     _udeks_window_manager_reset
00024Fr 1  A2 00        	ldx     #$00
000251r 1  8A           	txa
000252r 1  60           	rts
000253r 1               
000253r 1               .endproc
000253r 1               
000253r 1               ; ---------------------------------------------------------------
000253r 1               ; void __near__ udeks_window_manager_reset (void)
000253r 1               ; ---------------------------------------------------------------
000253r 1               
000253r 1               .segment	"CODE"
000253r 1               
000253r 1               .proc	_udeks_window_manager_reset: near
000253r 1               
000253r 1               .segment	"CODE"
000253r 1               
000253r 1  20 rr rr     	jsr     decsp1
000256r 1  A9 00        	lda     #$00
000258r 1  A8           	tay
000259r 1  91 rr        L0525:	sta     (sp),y
00025Br 1  C9 04        	cmp     #$04
00025Dr 1  B0 21        	bcs     L0526
00025Fr 1  B1 rr        	lda     (sp),y
000261r 1  20 rr rr     	jsr     pusha0
000264r 1  A9 11        	lda     #$11
000266r 1  20 rr rr     	jsr     tosmula0
000269r 1  18           	clc
00026Ar 1  69 rr        	adc     #<(_windows)
00026Cr 1  85 rr        	sta     ptr1
00026Er 1  8A           	txa
00026Fr 1  69 rr        	adc     #>(_windows)
000271r 1  85 rr        	sta     ptr1+1
000273r 1  A9 00        	lda     #$00
000275r 1  A8           	tay
000276r 1  91 rr        	sta     (ptr1),y
000278r 1  18           	clc
000279r 1  A9 01        	lda     #$01
00027Br 1  71 rr        	adc     (sp),y
00027Dr 1  4C rr rr     	jmp     L0525
000280r 1  98           L0526:	tya
000281r 1  8D rr rr     	sta     _active_count
000284r 1  8D rr rr     	sta     _focused_handle
000287r 1  8D rr rr     	sta     _dragging_handle
00028Ar 1  8D rr rr     	sta     _drag_mode
00028Dr 1  8D rr rr     	sta     _previous_buttons
000290r 1  20 rr rr     	jsr     _publish_state
000293r 1  4C rr rr     	jmp     incsp1
000296r 1               
000296r 1               .endproc
000296r 1               
000296r 1               ; ---------------------------------------------------------------
000296r 1               ; unsigned char __near__ udeks_window_create (unsigned char, unsigned char, unsigned char, unsigned int, unsigned char, unsigned int, unsigned char, __near__ const unsigned char *, __near__ __near__ function returning void *, __near__ __near__ function returning void *)
000296r 1               ; ---------------------------------------------------------------
000296r 1               
000296r 1               .segment	"CODE"
000296r 1               
000296r 1               .proc	_udeks_window_create: near
000296r 1               
000296r 1               .segment	"CODE"
000296r 1               
000296r 1  20 rr rr     	jsr     pushax
000299r 1  20 rr rr     	jsr     decsp3
00029Cr 1  A0 0B        	ldy     #$0B
00029Er 1  B1 rr        	lda     (sp),y
0002A0r 1  C9 00        	cmp     #$00
0002A2r 1  D0 05        	bne     L03F0
0002A4r 1  88           	dey
0002A5r 1  B1 rr        	lda     (sp),y
0002A7r 1  C9 10        	cmp     #$10
0002A9r 1  90 45        L03F0:	bcc     L0529
0002ABr 1  A0 09        	ldy     #$09
0002ADr 1  B1 rr        	lda     (sp),y
0002AFr 1  C9 12        	cmp     #$12
0002B1r 1  90 3D        	bcc     L0529
0002B3r 1  A0 0D        	ldy     #$0D
0002B5r 1  B1 rr        	lda     (sp),y
0002B7r 1  A0 0A        	ldy     #$0A
0002B9r 1  18           	clc
0002BAr 1  71 rr        	adc     (sp),y
0002BCr 1  48           	pha
0002BDr 1  A0 0E        	ldy     #$0E
0002BFr 1  B1 rr        	lda     (sp),y
0002C1r 1  A0 0B        	ldy     #$0B
0002C3r 1  71 rr        	adc     (sp),y
0002C5r 1  AA           	tax
0002C6r 1  68           	pla
0002C7r 1  C9 41        	cmp     #$41
0002C9r 1  8A           	txa
0002CAr 1  E9 01        	sbc     #$01
0002CCr 1  B0 22        	bcs     L0529
0002CEr 1  A2 00        	ldx     #$00
0002D0r 1  A0 09        	ldy     #$09
0002D2r 1  B1 rr        	lda     (sp),y
0002D4r 1  18           	clc
0002D5r 1  A0 0C        	ldy     #$0C
0002D7r 1  71 rr        	adc     (sp),y
0002D9r 1  90 01        	bcc     L0527
0002DBr 1  E8           	inx
0002DCr 1  C9 C9        L0527:	cmp     #$C9
0002DEr 1  8A           	txa
0002DFr 1  E9 00        	sbc     #$00
0002E1r 1  B0 0D        	bcs     L0529
0002E3r 1  A0 10        	ldy     #$10
0002E5r 1  B1 rr        	lda     (sp),y
0002E7r 1  C9 01        	cmp     #$01
0002E9r 1  D0 05        	bne     L0529
0002EBr 1  A9 00        	lda     #$00
0002EDr 1  4C rr rr     	jmp     L052B
0002F0r 1  A2 00        L0529:	ldx     #$00
0002F2r 1  8A           	txa
0002F3r 1  4C rr rr     	jmp     L03ED
0002F6r 1  A0 02        L052B:	ldy     #$02
0002F8r 1  91 rr        L0528:	sta     (sp),y
0002FAr 1  A2 00        	ldx     #$00
0002FCr 1  B1 rr        	lda     (sp),y
0002FEr 1  C9 04        	cmp     #$04
000300r 1  B0 23        	bcs     L052D
000302r 1  20 rr rr     	jsr     pusha0
000305r 1  A9 11        	lda     #$11
000307r 1  20 rr rr     	jsr     tosmula0
00030Ar 1  85 rr        	sta     ptr1
00030Cr 1  8A           	txa
00030Dr 1  18           	clc
00030Er 1  69 rr        	adc     #>(_windows)
000310r 1  85 rr        	sta     ptr1+1
000312r 1  A0 rr        	ldy     #<(_windows)
000314r 1  B1 rr        	lda     (ptr1),y
000316r 1  F0 0A        	beq     L03F4
000318r 1  A0 02        	ldy     #$02
00031Ar 1  18           	clc
00031Br 1  A9 01        	lda     #$01
00031Dr 1  71 rr        	adc     (sp),y
00031Fr 1  4C rr rr     	jmp     L0528
000322r 1  A0 02        L03F4:	ldy     #$02
000324r 1  AA           	tax
000325r 1  B1 rr        L052D:	lda     (sp),y
000327r 1  C9 04        	cmp     #$04
000329r 1  D0 04        	bne     L052F
00032Br 1  8A           	txa
00032Cr 1  4C rr rr     	jmp     L03ED
00032Fr 1  B1 rr        L052F:	lda     (sp),y
000331r 1  20 rr rr     	jsr     pusha0
000334r 1  A9 11        	lda     #$11
000336r 1  20 rr rr     	jsr     tosmula0
000339r 1  18           	clc
00033Ar 1  69 rr        	adc     #<(_windows)
00033Cr 1  A8           	tay
00033Dr 1  8A           	txa
00033Er 1  69 rr        	adc     #>(_windows)
000340r 1  AA           	tax
000341r 1  98           	tya
000342r 1  20 rr rr     	jsr     stax0sp
000345r 1  85 rr        	sta     ptr1
000347r 1  86 rr        	stx     ptr1+1
000349r 1  A9 01        	lda     #$01
00034Br 1  A0 00        	ldy     #$00
00034Dr 1  91 rr        	sta     (ptr1),y
00034Fr 1  C8           	iny
000350r 1  B1 rr        	lda     (sp),y
000352r 1  85 rr        	sta     ptr1+1
000354r 1  88           	dey
000355r 1  B1 rr        	lda     (sp),y
000357r 1  85 rr        	sta     ptr1
000359r 1  A0 11        	ldy     #$11
00035Br 1  B1 rr        	lda     (sp),y
00035Dr 1  A0 01        	ldy     #$01
00035Fr 1  91 rr        	sta     (ptr1),y
000361r 1  B1 rr        	lda     (sp),y
000363r 1  85 rr        	sta     ptr1+1
000365r 1  88           	dey
000366r 1  B1 rr        	lda     (sp),y
000368r 1  85 rr        	sta     ptr1
00036Ar 1  A0 10        	ldy     #$10
00036Cr 1  B1 rr        	lda     (sp),y
00036Er 1  A0 02        	ldy     #$02
000370r 1  91 rr        	sta     (ptr1),y
000372r 1  88           	dey
000373r 1  B1 rr        	lda     (sp),y
000375r 1  85 rr        	sta     ptr1+1
000377r 1  88           	dey
000378r 1  B1 rr        	lda     (sp),y
00037Ar 1  85 rr        	sta     ptr1
00037Cr 1  A0 0F        	ldy     #$0F
00037Er 1  B1 rr        	lda     (sp),y
000380r 1  29 0F        	and     #$0F
000382r 1  09 01        	ora     #$01
000384r 1  09 08        	ora     #$08
000386r 1  A0 03        	ldy     #$03
000388r 1  91 rr        	sta     (ptr1),y
00038Ar 1  A0 01        	ldy     #$01
00038Cr 1  B1 rr        	lda     (sp),y
00038Er 1  85 rr        	sta     ptr1+1
000390r 1  88           	dey
000391r 1  B1 rr        	lda     (sp),y
000393r 1  85 rr        	sta     ptr1
000395r 1  A0 0E        	ldy     #$0E
000397r 1  B1 rr        	lda     (sp),y
000399r 1  AA           	tax
00039Ar 1  88           	dey
00039Br 1  B1 rr        	lda     (sp),y
00039Dr 1  A0 04        	ldy     #$04
00039Fr 1  91 rr        	sta     (ptr1),y
0003A1r 1  C8           	iny
0003A2r 1  8A           	txa
0003A3r 1  91 rr        	sta     (ptr1),y
0003A5r 1  A0 01        	ldy     #$01
0003A7r 1  B1 rr        	lda     (sp),y
0003A9r 1  85 rr        	sta     ptr1+1
0003ABr 1  88           	dey
0003ACr 1  B1 rr        	lda     (sp),y
0003AEr 1  85 rr        	sta     ptr1
0003B0r 1  A0 0C        	ldy     #$0C
0003B2r 1  B1 rr        	lda     (sp),y
0003B4r 1  A0 06        	ldy     #$06
0003B6r 1  91 rr        	sta     (ptr1),y
0003B8r 1  A0 01        	ldy     #$01
0003BAr 1  B1 rr        	lda     (sp),y
0003BCr 1  85 rr        	sta     ptr1+1
0003BEr 1  88           	dey
0003BFr 1  B1 rr        	lda     (sp),y
0003C1r 1  85 rr        	sta     ptr1
0003C3r 1  A0 0B        	ldy     #$0B
0003C5r 1  B1 rr        	lda     (sp),y
0003C7r 1  AA           	tax
0003C8r 1  88           	dey
0003C9r 1  B1 rr        	lda     (sp),y
0003CBr 1  A0 07        	ldy     #$07
0003CDr 1  91 rr        	sta     (ptr1),y
0003CFr 1  C8           	iny
0003D0r 1  8A           	txa
0003D1r 1  91 rr        	sta     (ptr1),y
0003D3r 1  A0 01        	ldy     #$01
0003D5r 1  B1 rr        	lda     (sp),y
0003D7r 1  85 rr        	sta     ptr1+1
0003D9r 1  88           	dey
0003DAr 1  B1 rr        	lda     (sp),y
0003DCr 1  85 rr        	sta     ptr1
0003DEr 1  A0 09        	ldy     #$09
0003E0r 1  B1 rr        	lda     (sp),y
0003E2r 1  91 rr        	sta     (ptr1),y
0003E4r 1  A0 01        	ldy     #$01
0003E6r 1  B1 rr        	lda     (sp),y
0003E8r 1  85 rr        	sta     ptr1+1
0003EAr 1  88           	dey
0003EBr 1  B1 rr        	lda     (sp),y
0003EDr 1  85 rr        	sta     ptr1
0003EFr 1  AD rr rr     	lda     _active_count
0003F2r 1  18           	clc
0003F3r 1  69 01        	adc     #$01
0003F5r 1  A0 0A        	ldy     #$0A
0003F7r 1  91 rr        	sta     (ptr1),y
0003F9r 1  A0 01        	ldy     #$01
0003FBr 1  B1 rr        	lda     (sp),y
0003FDr 1  85 rr        	sta     ptr1+1
0003FFr 1  88           	dey
000400r 1  B1 rr        	lda     (sp),y
000402r 1  85 rr        	sta     ptr1
000404r 1  A0 08        	ldy     #$08
000406r 1  B1 rr        	lda     (sp),y
000408r 1  AA           	tax
000409r 1  88           	dey
00040Ar 1  B1 rr        	lda     (sp),y
00040Cr 1  A0 0B        	ldy     #$0B
00040Er 1  91 rr        	sta     (ptr1),y
000410r 1  C8           	iny
000411r 1  8A           	txa
000412r 1  91 rr        	sta     (ptr1),y
000414r 1  A0 01        	ldy     #$01
000416r 1  B1 rr        	lda     (sp),y
000418r 1  85 rr        	sta     ptr1+1
00041Ar 1  88           	dey
00041Br 1  B1 rr        	lda     (sp),y
00041Dr 1  85 rr        	sta     ptr1
00041Fr 1  A0 06        	ldy     #$06
000421r 1  B1 rr        	lda     (sp),y
000423r 1  AA           	tax
000424r 1  88           	dey
000425r 1  B1 rr        	lda     (sp),y
000427r 1  A0 0D        	ldy     #$0D
000429r 1  91 rr        	sta     (ptr1),y
00042Br 1  C8           	iny
00042Cr 1  8A           	txa
00042Dr 1  91 rr        	sta     (ptr1),y
00042Fr 1  A0 01        	ldy     #$01
000431r 1  B1 rr        	lda     (sp),y
000433r 1  85 rr        	sta     ptr1+1
000435r 1  88           	dey
000436r 1  B1 rr        	lda     (sp),y
000438r 1  85 rr        	sta     ptr1
00043Ar 1  A0 04        	ldy     #$04
00043Cr 1  B1 rr        	lda     (sp),y
00043Er 1  AA           	tax
00043Fr 1  88           	dey
000440r 1  B1 rr        	lda     (sp),y
000442r 1  A0 0F        	ldy     #$0F
000444r 1  91 rr        	sta     (ptr1),y
000446r 1  C8           	iny
000447r 1  8A           	txa
000448r 1  91 rr        	sta     (ptr1),y
00044Ar 1  EE rr rr     	inc     _active_count
00044Dr 1  A0 02        	ldy     #$02
00044Fr 1  B1 rr        	lda     (sp),y
000451r 1  18           	clc
000452r 1  69 01        	adc     #$01
000454r 1  8D rr rr     	sta     _focused_handle
000457r 1  A9 10        	lda     #$10
000459r 1  20 rr rr     	jsr     _increment_counter
00045Cr 1  20 rr rr     	jsr     _publish_state
00045Fr 1  A0 01        	ldy     #$01
000461r 1  B1 rr        	lda     (sp),y
000463r 1  AA           	tax
000464r 1  88           	dey
000465r 1  B1 rr        	lda     (sp),y
000467r 1  20 rr rr     	jsr     _damage_set
00046Ar 1  A9 00        	lda     #$00
00046Cr 1  20 rr rr     	jsr     _compose_damage
00046Fr 1  A2 00        	ldx     #$00
000471r 1  AD rr rr     	lda     _focused_handle
000474r 1  A0 12        L03ED:	ldy     #$12
000476r 1  4C rr rr     	jmp     addysp
000479r 1               
000479r 1               .endproc
000479r 1               
000479r 1               ; ---------------------------------------------------------------
000479r 1               ; unsigned char __near__ udeks_window_destroy (unsigned char)
000479r 1               ; ---------------------------------------------------------------
000479r 1               
000479r 1               .segment	"CODE"
000479r 1               
000479r 1               .proc	_udeks_window_destroy: near
000479r 1               
000479r 1               .segment	"CODE"
000479r 1               
000479r 1  20 rr rr     	jsr     pusha
00047Cr 1  20 rr rr     	jsr     decsp6
00047Fr 1  A0 06        	ldy     #$06
000481r 1  B1 rr        	lda     (sp),y
000483r 1  20 rr rr     	jsr     _window_by_handle
000486r 1  A0 04        	ldy     #$04
000488r 1  20 rr rr     	jsr     staxysp
00048Br 1  E0 00        	cpx     #$00
00048Dr 1  D0 09        	bne     L0431
00048Fr 1  C9 00        	cmp     #$00
000491r 1  D0 05        	bne     L0431
000493r 1  A9 01        	lda     #$01
000495r 1  4C rr rr     	jmp     incsp7
000498r 1  A0 05        L0431:	ldy     #$05
00049Ar 1  B1 rr        	lda     (sp),y
00049Cr 1  85 rr        	sta     ptr1+1
00049Er 1  88           	dey
00049Fr 1  B1 rr        	lda     (sp),y
0004A1r 1  85 rr        	sta     ptr1
0004A3r 1  A0 10        	ldy     #$10
0004A5r 1  B1 rr        	lda     (ptr1),y
0004A7r 1  AA           	tax
0004A8r 1  88           	dey
0004A9r 1  B1 rr        	lda     (ptr1),y
0004ABr 1  A0 02        	ldy     #$02
0004ADr 1  20 rr rr     	jsr     staxysp
0004B0r 1  A0 05        	ldy     #$05
0004B2r 1  B1 rr        	lda     (sp),y
0004B4r 1  85 rr        	sta     ptr1+1
0004B6r 1  88           	dey
0004B7r 1  B1 rr        	lda     (sp),y
0004B9r 1  85 rr        	sta     ptr1
0004BBr 1  A0 0A        	ldy     #$0A
0004BDr 1  B1 rr        	lda     (ptr1),y
0004BFr 1  A0 00        	ldy     #$00
0004C1r 1  91 rr        	sta     (sp),y
0004C3r 1  A0 05        	ldy     #$05
0004C5r 1  B1 rr        	lda     (sp),y
0004C7r 1  AA           	tax
0004C8r 1  88           	dey
0004C9r 1  B1 rr        	lda     (sp),y
0004CBr 1  20 rr rr     	jsr     _damage_set
0004CEr 1  A0 06        	ldy     #$06
0004D0r 1  B1 rr        	lda     (sp),y
0004D2r 1  CD rr rr     	cmp     _dragging_handle
0004D5r 1  D0 35        	bne     L043B
0004D7r 1  20 rr rr     	jsr     _udeks_vic_bitmap_reset_clip
0004DAr 1  20 rr rr     	jsr     decsp5
0004DDr 1  AD rr rr     	lda     _drag_x
0004E0r 1  A0 03        	ldy     #$03
0004E2r 1  91 rr        	sta     (sp),y
0004E4r 1  C8           	iny
0004E5r 1  AD rr rr     	lda     _drag_x+1
0004E8r 1  91 rr        	sta     (sp),y
0004EAr 1  AD rr rr     	lda     _drag_y
0004EDr 1  A0 02        	ldy     #$02
0004EFr 1  91 rr        	sta     (sp),y
0004F1r 1  AD rr rr     	lda     _drag_width
0004F4r 1  A0 00        	ldy     #$00
0004F6r 1  91 rr        	sta     (sp),y
0004F8r 1  C8           	iny
0004F9r 1  AD rr rr     	lda     _drag_width+1
0004FCr 1  91 rr        	sta     (sp),y
0004FEr 1  AD rr rr     	lda     _drag_height
000501r 1  20 rr rr     	jsr     _udeks_vic_bitmap_outline_toggle
000504r 1  A9 00        	lda     #$00
000506r 1  8D rr rr     	sta     _dragging_handle
000509r 1  8D rr rr     	sta     _drag_mode
00050Cr 1  A0 05        L043B:	ldy     #$05
00050Er 1  B1 rr        	lda     (sp),y
000510r 1  85 rr        	sta     ptr1+1
000512r 1  88           	dey
000513r 1  B1 rr        	lda     (sp),y
000515r 1  85 rr        	sta     ptr1
000517r 1  A9 00        	lda     #$00
000519r 1  A8           	tay
00051Ar 1  91 rr        	sta     (ptr1),y
00051Cr 1  CE rr rr     	dec     _active_count
00051Fr 1  C8           	iny
000520r 1  91 rr        L0531:	sta     (sp),y
000522r 1  C9 04        	cmp     #$04
000524r 1  B0 66        	bcs     L044B
000526r 1  B1 rr        	lda     (sp),y
000528r 1  20 rr rr     	jsr     pusha0
00052Br 1  A9 11        	lda     #$11
00052Dr 1  20 rr rr     	jsr     tosmula0
000530r 1  85 rr        	sta     ptr1
000532r 1  8A           	txa
000533r 1  18           	clc
000534r 1  69 rr        	adc     #>(_windows)
000536r 1  85 rr        	sta     ptr1+1
000538r 1  A0 rr        	ldy     #<(_windows)
00053Ar 1  B1 rr        	lda     (ptr1),y
00053Cr 1  F0 45        	beq     L044C
00053Er 1  A0 01        	ldy     #$01
000540r 1  B1 rr        	lda     (sp),y
000542r 1  20 rr rr     	jsr     pusha0
000545r 1  A9 11        	lda     #$11
000547r 1  20 rr rr     	jsr     tosmula0
00054Ar 1  18           	clc
00054Br 1  69 rr        	adc     #<(_windows)
00054Dr 1  85 rr        	sta     ptr1
00054Fr 1  8A           	txa
000550r 1  69 rr        	adc     #>(_windows)
000552r 1  85 rr        	sta     ptr1+1
000554r 1  A0 0A        	ldy     #$0A
000556r 1  B1 rr        	lda     (ptr1),y
000558r 1  38           	sec
000559r 1  A0 00        	ldy     #$00
00055Br 1  F1 rr        	sbc     (sp),y
00055Dr 1  85 rr        	sta     tmp1
00055Fr 1  A5 rr        	lda     tmp1
000561r 1  F0 20        	beq     L044C
000563r 1  90 1E        	bcc     L044C
000565r 1  C8           	iny
000566r 1  B1 rr        	lda     (sp),y
000568r 1  20 rr rr     	jsr     pusha0
00056Br 1  A9 11        	lda     #$11
00056Dr 1  20 rr rr     	jsr     tosmula0
000570r 1  18           	clc
000571r 1  69 rr        	adc     #<(_windows)
000573r 1  85 rr        	sta     ptr1
000575r 1  8A           	txa
000576r 1  69 rr        	adc     #>(_windows)
000578r 1  85 rr        	sta     ptr1+1
00057Ar 1  A0 0A        	ldy     #$0A
00057Cr 1  B1 rr        	lda     (ptr1),y
00057Er 1  38           	sec
00057Fr 1  E9 01        	sbc     #$01
000581r 1  91 rr        	sta     (ptr1),y
000583r 1  A0 01        L044C:	ldy     #$01
000585r 1  18           	clc
000586r 1  98           	tya
000587r 1  71 rr        	adc     (sp),y
000589r 1  4C rr rr     	jmp     L0531
00058Cr 1  20 rr rr     L044B:	jsr     _top_window
00058Fr 1  8D rr rr     	sta     _focused_handle
000592r 1  A9 00        	lda     #$00
000594r 1  20 rr rr     	jsr     _compose_damage
000597r 1  A9 12        	lda     #$12
000599r 1  20 rr rr     	jsr     _increment_counter
00059Cr 1  20 rr rr     	jsr     _publish_state
00059Fr 1  A0 02        	ldy     #$02
0005A1r 1  B1 rr        	lda     (sp),y
0005A3r 1  C8           	iny
0005A4r 1  11 rr        	ora     (sp),y
0005A6r 1  F0 22        	beq     L0461
0005A8r 1  B1 rr        	lda     (sp),y
0005AAr 1  AA           	tax
0005ABr 1  88           	dey
0005ACr 1  B1 rr        	lda     (sp),y
0005AEr 1  20 rr rr     	jsr     pushax
0005B1r 1  A0 08        	ldy     #$08
0005B3r 1  B1 rr        	lda     (sp),y
0005B5r 1  48           	pha
0005B6r 1  A0 00        	ldy     #$00
0005B8r 1  B1 rr        	lda     (sp),y
0005BAr 1  8D rr rr     	sta     jmpvec+1
0005BDr 1  C8           	iny
0005BEr 1  B1 rr        	lda     (sp),y
0005C0r 1  8D rr rr     	sta     jmpvec+2
0005C3r 1  68           	pla
0005C4r 1  20 rr rr     	jsr     jmpvec
0005C7r 1  20 rr rr     	jsr     incsp2
0005CAr 1  A2 00        L0461:	ldx     #$00
0005CCr 1  8A           	txa
0005CDr 1  4C rr rr     	jmp     incsp7
0005D0r 1               
0005D0r 1               .endproc
0005D0r 1               
0005D0r 1               ; ---------------------------------------------------------------
0005D0r 1               ; unsigned char __near__ udeks_window_repaint (unsigned char)
0005D0r 1               ; ---------------------------------------------------------------
0005D0r 1               
0005D0r 1               .segment	"CODE"
0005D0r 1               
0005D0r 1               .proc	_udeks_window_repaint: near
0005D0r 1               
0005D0r 1               .segment	"CODE"
0005D0r 1               
0005D0r 1  20 rr rr     	jsr     pusha
0005D3r 1  20 rr rr     	jsr     decsp2
0005D6r 1  A0 02        	ldy     #$02
0005D8r 1  B1 rr        	lda     (sp),y
0005DAr 1  20 rr rr     	jsr     _window_by_handle
0005DDr 1  20 rr rr     	jsr     stax0sp
0005E0r 1  E0 00        	cpx     #$00
0005E2r 1  D0 09        	bne     L046B
0005E4r 1  C9 00        	cmp     #$00
0005E6r 1  D0 05        	bne     L046B
0005E8r 1  A9 01        	lda     #$01
0005EAr 1  4C rr rr     	jmp     incsp3
0005EDr 1  AD rr rr     L046B:	lda     _dragging_handle
0005F0r 1  D0 10        	bne     L0536
0005F2r 1  A0 01        	ldy     #$01
0005F4r 1  B1 rr        	lda     (sp),y
0005F6r 1  AA           	tax
0005F7r 1  88           	dey
0005F8r 1  B1 rr        	lda     (sp),y
0005FAr 1  20 rr rr     	jsr     _damage_set
0005FDr 1  A9 00        	lda     #$00
0005FFr 1  20 rr rr     	jsr     _compose_damage
000602r 1  A2 00        L0536:	ldx     #$00
000604r 1  8A           	txa
000605r 1  4C rr rr     	jmp     incsp3
000608r 1               
000608r 1               .endproc
000608r 1               
000608r 1               ; ---------------------------------------------------------------
000608r 1               ; unsigned char __near__ udeks_window_begin_paint (unsigned char)
000608r 1               ; ---------------------------------------------------------------
000608r 1               
000608r 1               .segment	"CODE"
000608r 1               
000608r 1               .proc	_udeks_window_begin_paint: near
000608r 1               
000608r 1               .segment	"CODE"
000608r 1               
000608r 1  20 rr rr     	jsr     pusha
00060Br 1  20 rr rr     	jsr     decsp2
00060Er 1  A0 02        	ldy     #$02
000610r 1  B1 rr        	lda     (sp),y
000612r 1  20 rr rr     	jsr     _window_by_handle
000615r 1  20 rr rr     	jsr     stax0sp
000618r 1  E0 00        	cpx     #$00
00061Ar 1  D0 04        	bne     L053C
00061Cr 1  C9 00        	cmp     #$00
00061Er 1  F0 1B        	beq     L053D
000620r 1  AD rr rr     L053C:	lda     _dragging_handle
000623r 1  D0 14        	bne     L053A
000625r 1  A0 01        	ldy     #$01
000627r 1  B1 rr        	lda     (sp),y
000629r 1  85 rr        	sta     ptr1+1
00062Br 1  88           	dey
00062Cr 1  B1 rr        	lda     (sp),y
00062Er 1  85 rr        	sta     ptr1
000630r 1  A0 0A        	ldy     #$0A
000632r 1  B1 rr        	lda     (ptr1),y
000634r 1  CD rr rr     	cmp     _active_count
000637r 1  F0 07        	beq     L01E3
000639r 1  A2 00        L053A:	ldx     #$00
00063Br 1  A9 01        L053D:	lda     #$01
00063Dr 1  4C rr rr     	jmp     incsp3
000640r 1  A0 01        L01E3:	ldy     #$01
000642r 1  B1 rr        	lda     (sp),y
000644r 1  85 rr        	sta     ptr1+1
000646r 1  88           	dey
000647r 1  B1 rr        	lda     (sp),y
000649r 1  85 rr        	sta     ptr1
00064Br 1  A0 03        	ldy     #$03
00064Dr 1  B1 rr        	lda     (ptr1),y
00064Fr 1  29 7F        	and     #$7F
000651r 1  91 rr        	sta     (ptr1),y
000653r 1  20 rr rr     	jsr     decsp6
000656r 1  A0 07        	ldy     #$07
000658r 1  B1 rr        	lda     (sp),y
00065Ar 1  85 rr        	sta     ptr1+1
00065Cr 1  88           	dey
00065Dr 1  B1 rr        	lda     (sp),y
00065Fr 1  85 rr        	sta     ptr1
000661r 1  88           	dey
000662r 1  B1 rr        	lda     (ptr1),y
000664r 1  AA           	tax
000665r 1  88           	dey
000666r 1  B1 rr        	lda     (ptr1),y
000668r 1  18           	clc
000669r 1  69 03        	adc     #$03
00066Br 1  90 01        	bcc     L053B
00066Dr 1  E8           	inx
00066Er 1  91 rr        L053B:	sta     (sp),y
000670r 1  C8           	iny
000671r 1  8A           	txa
000672r 1  91 rr        	sta     (sp),y
000674r 1  A0 07        	ldy     #$07
000676r 1  B1 rr        	lda     (sp),y
000678r 1  85 rr        	sta     ptr1+1
00067Ar 1  88           	dey
00067Br 1  B1 rr        	lda     (sp),y
00067Dr 1  85 rr        	sta     ptr1
00067Fr 1  A2 00        	ldx     #$00
000681r 1  B1 rr        	lda     (ptr1),y
000683r 1  18           	clc
000684r 1  69 0D        	adc     #$0D
000686r 1  90 02        	bcc     L0538
000688r 1  E8           	inx
000689r 1  18           	clc
00068Ar 1  69 01        L0538:	adc     #$01
00068Cr 1  90 01        	bcc     L01EF
00068Er 1  E8           	inx
00068Fr 1  A0 02        L01EF:	ldy     #$02
000691r 1  91 rr        	sta     (sp),y
000693r 1  C8           	iny
000694r 1  8A           	txa
000695r 1  91 rr        	sta     (sp),y
000697r 1  A0 07        	ldy     #$07
000699r 1  B1 rr        	lda     (sp),y
00069Br 1  85 rr        	sta     ptr1+1
00069Dr 1  88           	dey
00069Er 1  B1 rr        	lda     (sp),y
0006A0r 1  85 rr        	sta     ptr1
0006A2r 1  A0 08        	ldy     #$08
0006A4r 1  B1 rr        	lda     (ptr1),y
0006A6r 1  AA           	tax
0006A7r 1  88           	dey
0006A8r 1  B1 rr        	lda     (ptr1),y
0006AAr 1  38           	sec
0006ABr 1  E9 06        	sbc     #$06
0006ADr 1  B0 01        	bcs     L01F1
0006AFr 1  CA           	dex
0006B0r 1  A0 00        L01F1:	ldy     #$00
0006B2r 1  91 rr        	sta     (sp),y
0006B4r 1  C8           	iny
0006B5r 1  8A           	txa
0006B6r 1  91 rr        	sta     (sp),y
0006B8r 1  A0 07        	ldy     #$07
0006BAr 1  B1 rr        	lda     (sp),y
0006BCr 1  85 rr        	sta     ptr1+1
0006BEr 1  88           	dey
0006BFr 1  B1 rr        	lda     (sp),y
0006C1r 1  85 rr        	sta     ptr1
0006C3r 1  A0 09        	ldy     #$09
0006C5r 1  A2 00        	ldx     #$00
0006C7r 1  B1 rr        	lda     (ptr1),y
0006C9r 1  38           	sec
0006CAr 1  E9 0D        	sbc     #$0D
0006CCr 1  B0 02        	bcs     L0539
0006CEr 1  CA           	dex
0006CFr 1  38           	sec
0006D0r 1  E9 04        L0539:	sbc     #$04
0006D2r 1  B0 01        	bcs     L01F4
0006D4r 1  CA           	dex
0006D5r 1  20 rr rr     L01F4:	jsr     _udeks_vic_bitmap_set_clip
0006D8r 1  A2 00        	ldx     #$00
0006DAr 1  8A           	txa
0006DBr 1  4C rr rr     	jmp     incsp3
0006DEr 1               
0006DEr 1               .endproc
0006DEr 1               
0006DEr 1               ; ---------------------------------------------------------------
0006DEr 1               ; void __near__ udeks_window_end_paint (void)
0006DEr 1               ; ---------------------------------------------------------------
0006DEr 1               
0006DEr 1               .segment	"CODE"
0006DEr 1               
0006DEr 1               .proc	_udeks_window_end_paint: near
0006DEr 1               
0006DEr 1               .segment	"CODE"
0006DEr 1               
0006DEr 1  20 rr rr     	jsr     _udeks_vic_bitmap_reset_clip
0006E1r 1  4C rr rr     	jmp     _udeks_vic_bitmap_commit
0006E4r 1               
0006E4r 1               .endproc
0006E4r 1               
0006E4r 1               ; ---------------------------------------------------------------
0006E4r 1               ; unsigned char __near__ __fastcall__ udeks_window_image_complete (unsigned char)
0006E4r 1               ; ---------------------------------------------------------------
0006E4r 1               
0006E4r 1               .segment	"CODE"
0006E4r 1               
0006E4r 1               .proc	_udeks_window_image_complete: near
0006E4r 1               
0006E4r 1               .segment	"CODE"
0006E4r 1               
0006E4r 1  20 rr rr     	jsr     pusha
0006E7r 1  20 rr rr     	jsr     decsp2
0006EAr 1  A0 02        	ldy     #$02
0006ECr 1  B1 rr        	lda     (sp),y
0006EEr 1  20 rr rr     	jsr     _window_by_handle
0006F1r 1  20 rr rr     	jsr     stax0sp
0006F4r 1  E0 00        	cpx     #$00
0006F6r 1  D0 04        	bne     L0540
0006F8r 1  C9 00        	cmp     #$00
0006FAr 1  F0 41        	beq     L0541
0006FCr 1  AD rr rr     L0540:	lda     _dragging_handle
0006FFr 1  D0 3A        	bne     L053F
000701r 1  A0 01        	ldy     #$01
000703r 1  B1 rr        	lda     (sp),y
000705r 1  85 rr        	sta     ptr1+1
000707r 1  88           	dey
000708r 1  B1 rr        	lda     (sp),y
00070Ar 1  85 rr        	sta     ptr1
00070Cr 1  A0 0A        	ldy     #$0A
00070Er 1  B1 rr        	lda     (ptr1),y
000710r 1  CD rr rr     	cmp     _active_count
000713r 1  D0 26        	bne     L053F
000715r 1  A0 01        	ldy     #$01
000717r 1  B1 rr        	lda     (sp),y
000719r 1  85 rr        	sta     ptr1+1
00071Br 1  88           	dey
00071Cr 1  B1 rr        	lda     (sp),y
00071Er 1  85 rr        	sta     ptr1
000720r 1  A0 03        	ldy     #$03
000722r 1  B1 rr        	lda     (ptr1),y
000724r 1  29 01        	and     #$01
000726r 1  F0 13        	beq     L053F
000728r 1  A0 01        	ldy     #$01
00072Ar 1  B1 rr        	lda     (sp),y
00072Cr 1  85 rr        	sta     ptr1+1
00072Er 1  88           	dey
00072Fr 1  B1 rr        	lda     (sp),y
000731r 1  85 rr        	sta     ptr1
000733r 1  A0 02        	ldy     #$02
000735r 1  B1 rr        	lda     (ptr1),y
000737r 1  C9 01        	cmp     #$01
000739r 1  F0 07        	beq     L01FD
00073Br 1  A2 00        L053F:	ldx     #$00
00073Dr 1  A9 01        L0541:	lda     #$01
00073Fr 1  4C rr rr     	jmp     incsp3
000742r 1  88           L01FD:	dey
000743r 1  B1 rr        	lda     (sp),y
000745r 1  85 rr        	sta     ptr1+1
000747r 1  88           	dey
000748r 1  B1 rr        	lda     (sp),y
00074Ar 1  85 rr        	sta     ptr1
00074Cr 1  A0 03        	ldy     #$03
00074Er 1  B1 rr        	lda     (ptr1),y
000750r 1  09 80        	ora     #$80
000752r 1  91 rr        	sta     (ptr1),y
000754r 1  A2 00        	ldx     #$00
000756r 1  8A           	txa
000757r 1  4C rr rr     	jmp     incsp3
00075Ar 1               
00075Ar 1               .endproc
00075Ar 1               
00075Ar 1               ; ---------------------------------------------------------------
00075Ar 1               ; unsigned char __near__ udeks_window_get_geometry (unsigned char, __near__ unsigned int *, __near__ unsigned char *, __near__ unsigned int *, __near__ unsigned char *)
00075Ar 1               ; ---------------------------------------------------------------
00075Ar 1               
00075Ar 1               .segment	"CODE"
00075Ar 1               
00075Ar 1               .proc	_udeks_window_get_geometry: near
00075Ar 1               
00075Ar 1               .segment	"CODE"
00075Ar 1               
00075Ar 1  20 rr rr     	jsr     pushax
00075Dr 1  20 rr rr     	jsr     decsp2
000760r 1  A0 0A        	ldy     #$0A
000762r 1  B1 rr        	lda     (sp),y
000764r 1  20 rr rr     	jsr     _window_by_handle
000767r 1  20 rr rr     	jsr     stax0sp
00076Ar 1  E0 00        	cpx     #$00
00076Cr 1  D0 09        	bne     L047B
00076Er 1  C9 00        	cmp     #$00
000770r 1  D0 05        	bne     L047B
000772r 1  A9 01        	lda     #$01
000774r 1  4C rr rr     	jmp     L0477
000777r 1  A0 09        L047B:	ldy     #$09
000779r 1  B1 rr        	lda     (sp),y
00077Br 1  85 rr        	sta     sreg+1
00077Dr 1  88           	dey
00077Er 1  B1 rr        	lda     (sp),y
000780r 1  85 rr        	sta     sreg
000782r 1  A0 0A        	ldy     #$0A
000784r 1  B1 rr        	lda     (sp),y
000786r 1  CD rr rr     	cmp     _dragging_handle
000789r 1  D0 09        	bne     L0481
00078Br 1  AD rr rr     	lda     _drag_x
00078Er 1  AE rr rr     	ldx     _drag_x+1
000791r 1  4C rr rr     	jmp     L0483
000794r 1  A0 01        L0481:	ldy     #$01
000796r 1  B1 rr        	lda     (sp),y
000798r 1  85 rr        	sta     ptr1+1
00079Ar 1  88           	dey
00079Br 1  B1 rr        	lda     (sp),y
00079Dr 1  85 rr        	sta     ptr1
00079Fr 1  A0 05        	ldy     #$05
0007A1r 1  B1 rr        	lda     (ptr1),y
0007A3r 1  AA           	tax
0007A4r 1  88           	dey
0007A5r 1  B1 rr        	lda     (ptr1),y
0007A7r 1  A0 00        L0483:	ldy     #$00
0007A9r 1  91 rr        	sta     (sreg),y
0007ABr 1  C8           	iny
0007ACr 1  8A           	txa
0007ADr 1  91 rr        	sta     (sreg),y
0007AFr 1  A0 07        	ldy     #$07
0007B1r 1  B1 rr        	lda     (sp),y
0007B3r 1  85 rr        	sta     sreg+1
0007B5r 1  88           	dey
0007B6r 1  B1 rr        	lda     (sp),y
0007B8r 1  85 rr        	sta     sreg
0007BAr 1  A0 0A        	ldy     #$0A
0007BCr 1  B1 rr        	lda     (sp),y
0007BEr 1  CD rr rr     	cmp     _dragging_handle
0007C1r 1  D0 06        	bne     L0487
0007C3r 1  AD rr rr     	lda     _drag_y
0007C6r 1  4C rr rr     	jmp     L0549
0007C9r 1  A0 01        L0487:	ldy     #$01
0007CBr 1  B1 rr        	lda     (sp),y
0007CDr 1  85 rr        	sta     ptr1+1
0007CFr 1  88           	dey
0007D0r 1  B1 rr        	lda     (sp),y
0007D2r 1  85 rr        	sta     ptr1
0007D4r 1  A0 06        	ldy     #$06
0007D6r 1  B1 rr        	lda     (ptr1),y
0007D8r 1  A0 00        L0549:	ldy     #$00
0007DAr 1  91 rr        	sta     (sreg),y
0007DCr 1  A0 05        	ldy     #$05
0007DEr 1  B1 rr        	lda     (sp),y
0007E0r 1  85 rr        	sta     sreg+1
0007E2r 1  88           	dey
0007E3r 1  B1 rr        	lda     (sp),y
0007E5r 1  85 rr        	sta     sreg
0007E7r 1  A0 0A        	ldy     #$0A
0007E9r 1  B1 rr        	lda     (sp),y
0007EBr 1  CD rr rr     	cmp     _dragging_handle
0007EEr 1  D0 09        	bne     L048D
0007F0r 1  AD rr rr     	lda     _drag_width
0007F3r 1  AE rr rr     	ldx     _drag_width+1
0007F6r 1  4C rr rr     	jmp     L048F
0007F9r 1  A0 01        L048D:	ldy     #$01
0007FBr 1  B1 rr        	lda     (sp),y
0007FDr 1  85 rr        	sta     ptr1+1
0007FFr 1  88           	dey
000800r 1  B1 rr        	lda     (sp),y
000802r 1  85 rr        	sta     ptr1
000804r 1  A0 08        	ldy     #$08
000806r 1  B1 rr        	lda     (ptr1),y
000808r 1  AA           	tax
000809r 1  88           	dey
00080Ar 1  B1 rr        	lda     (ptr1),y
00080Cr 1  A0 00        L048F:	ldy     #$00
00080Er 1  91 rr        	sta     (sreg),y
000810r 1  C8           	iny
000811r 1  8A           	txa
000812r 1  91 rr        	sta     (sreg),y
000814r 1  A0 03        	ldy     #$03
000816r 1  B1 rr        	lda     (sp),y
000818r 1  85 rr        	sta     sreg+1
00081Ar 1  88           	dey
00081Br 1  B1 rr        	lda     (sp),y
00081Dr 1  85 rr        	sta     sreg
00081Fr 1  A0 0A        	ldy     #$0A
000821r 1  B1 rr        	lda     (sp),y
000823r 1  CD rr rr     	cmp     _dragging_handle
000826r 1  D0 06        	bne     L0493
000828r 1  AD rr rr     	lda     _drag_height
00082Br 1  4C rr rr     	jmp     L054B
00082Er 1  A0 01        L0493:	ldy     #$01
000830r 1  B1 rr        	lda     (sp),y
000832r 1  85 rr        	sta     ptr1+1
000834r 1  88           	dey
000835r 1  B1 rr        	lda     (sp),y
000837r 1  85 rr        	sta     ptr1
000839r 1  A0 09        	ldy     #$09
00083Br 1  B1 rr        	lda     (ptr1),y
00083Dr 1  A0 00        L054B:	ldy     #$00
00083Fr 1  91 rr        	sta     (sreg),y
000841r 1  A2 00        	ldx     #$00
000843r 1  8A           	txa
000844r 1  A0 0B        L0477:	ldy     #$0B
000846r 1  4C rr rr     	jmp     addysp
000849r 1               
000849r 1               .endproc
000849r 1               
000849r 1               ; ---------------------------------------------------------------
000849r 1               ; unsigned char __near__ udeks_window_is_dragging (unsigned char)
000849r 1               ; ---------------------------------------------------------------
000849r 1               
000849r 1               .segment	"CODE"
000849r 1               
000849r 1               .proc	_udeks_window_is_dragging: near
000849r 1               
000849r 1               .segment	"CODE"
000849r 1               
000849r 1  20 rr rr     	jsr     pusha
00084Cr 1  A2 00        	ldx     #$00
00084Er 1  A1 rr        	lda     (sp,x)
000850r 1  F0 0E        	beq     L0551
000852r 1  CD rr rr     	cmp     _dragging_handle
000855r 1  F0 04        	beq     L054F
000857r 1  8A           	txa
000858r 1  4C rr rr     	jmp     incsp1
00085Br 1  A9 01        L054F:	lda     #$01
00085Dr 1  4C rr rr     	jmp     incsp1
000860r 1  4C rr rr     L0551:	jmp     incsp1
000863r 1               
000863r 1               .endproc
000863r 1               
000863r 1               ; ---------------------------------------------------------------
000863r 1               ; unsigned char __near__ udeks_window_is_focused (unsigned char)
000863r 1               ; ---------------------------------------------------------------
000863r 1               
000863r 1               .segment	"CODE"
000863r 1               
000863r 1               .proc	_udeks_window_is_focused: near
000863r 1               
000863r 1               .segment	"CODE"
000863r 1               
000863r 1  20 rr rr     	jsr     pusha
000866r 1  A2 00        	ldx     #$00
000868r 1  A1 rr        	lda     (sp,x)
00086Ar 1  F0 0E        	beq     L0557
00086Cr 1  CD rr rr     	cmp     _focused_handle
00086Fr 1  F0 04        	beq     L0555
000871r 1  8A           	txa
000872r 1  4C rr rr     	jmp     incsp1
000875r 1  A9 01        L0555:	lda     #$01
000877r 1  4C rr rr     	jmp     incsp1
00087Ar 1  4C rr rr     L0557:	jmp     incsp1
00087Dr 1               
00087Dr 1               .endproc
00087Dr 1               
00087Dr 1               ; ---------------------------------------------------------------
00087Dr 1               ; void __near__ increment_counter (unsigned char)
00087Dr 1               ; ---------------------------------------------------------------
00087Dr 1               
00087Dr 1               .segment	"CODE"
00087Dr 1               
00087Dr 1               .proc	_increment_counter: near
00087Dr 1               
00087Dr 1               .segment	"CODE"
00087Dr 1               
00087Dr 1  20 rr rr     	jsr     pusha
000880r 1  A0 00        	ldy     #$00
000882r 1  B1 rr        	lda     (sp),y
000884r 1  18           	clc
000885r 1  69 40        	adc     #$40
000887r 1  85 rr        	sta     ptr1
000889r 1  98           	tya
00088Ar 1  69 F2        	adc     #$F2
00088Cr 1  85 rr        	sta     ptr1+1
00088Er 1  A9 01        	lda     #$01
000890r 1  18           	clc
000891r 1  71 rr        	adc     (ptr1),y
000893r 1  91 rr        	sta     (ptr1),y
000895r 1  B1 rr        	lda     (sp),y
000897r 1  18           	clc
000898r 1  69 40        	adc     #$40
00089Ar 1  85 rr        	sta     ptr1
00089Cr 1  98           	tya
00089Dr 1  69 F2        	adc     #$F2
00089Fr 1  85 rr        	sta     ptr1+1
0008A1r 1  B1 rr        	lda     (ptr1),y
0008A3r 1  D0 1A        	bne     L008D
0008A5r 1  AA           	tax
0008A6r 1  B1 rr        	lda     (sp),y
0008A8r 1  18           	clc
0008A9r 1  69 01        	adc     #$01
0008ABr 1  90 02        	bcc     L0558
0008ADr 1  E8           	inx
0008AEr 1  18           	clc
0008AFr 1  69 40        L0558:	adc     #$40
0008B1r 1  85 rr        	sta     ptr1
0008B3r 1  8A           	txa
0008B4r 1  69 F2        	adc     #$F2
0008B6r 1  85 rr        	sta     ptr1+1
0008B8r 1  A9 01        	lda     #$01
0008BAr 1  18           	clc
0008BBr 1  71 rr        	adc     (ptr1),y
0008BDr 1  91 rr        	sta     (ptr1),y
0008BFr 1  4C rr rr     L008D:	jmp     incsp1
0008C2r 1               
0008C2r 1               .endproc
0008C2r 1               
0008C2r 1               ; ---------------------------------------------------------------
0008C2r 1               ; __near__ struct udeks_window * __near__ window_by_handle (unsigned char)
0008C2r 1               ; ---------------------------------------------------------------
0008C2r 1               
0008C2r 1               .segment	"CODE"
0008C2r 1               
0008C2r 1               .proc	_window_by_handle: near
0008C2r 1               
0008C2r 1               .segment	"CODE"
0008C2r 1               
0008C2r 1  20 rr rr     	jsr     pusha
0008C5r 1  A0 00        	ldy     #$00
0008C7r 1  B1 rr        	lda     (sp),y
0008C9r 1  F0 24        	beq     L0559
0008CBr 1  C9 05        	cmp     #$05
0008CDr 1  B0 20        	bcs     L0559
0008CFr 1  A2 00        	ldx     #$00
0008D1r 1  B1 rr        	lda     (sp),y
0008D3r 1  38           	sec
0008D4r 1  E9 01        	sbc     #$01
0008D6r 1  B0 01        	bcs     L009B
0008D8r 1  CA           	dex
0008D9r 1  20 rr rr     L009B:	jsr     pushax
0008DCr 1  A9 11        	lda     #$11
0008DEr 1  20 rr rr     	jsr     tosmula0
0008E1r 1  85 rr        	sta     ptr1
0008E3r 1  8A           	txa
0008E4r 1  18           	clc
0008E5r 1  69 rr        	adc     #>(_windows)
0008E7r 1  85 rr        	sta     ptr1+1
0008E9r 1  A0 rr        	ldy     #<(_windows)
0008EBr 1  B1 rr        	lda     (ptr1),y
0008EDr 1  D0 06        	bne     L0098
0008EFr 1  A2 00        L0559:	ldx     #$00
0008F1r 1  8A           	txa
0008F2r 1  4C rr rr     	jmp     incsp1
0008F5r 1  A2 00        L0098:	ldx     #$00
0008F7r 1  A1 rr        	lda     (sp,x)
0008F9r 1  38           	sec
0008FAr 1  E9 01        	sbc     #$01
0008FCr 1  B0 01        	bcs     L00A0
0008FEr 1  CA           	dex
0008FFr 1  20 rr rr     L00A0:	jsr     pushax
000902r 1  A9 11        	lda     #$11
000904r 1  20 rr rr     	jsr     tosmula0
000907r 1  18           	clc
000908r 1  69 rr        	adc     #<(_windows)
00090Ar 1  A8           	tay
00090Br 1  8A           	txa
00090Cr 1  69 rr        	adc     #>(_windows)
00090Er 1  AA           	tax
00090Fr 1  98           	tya
000910r 1  4C rr rr     	jmp     incsp1
000913r 1               
000913r 1               .endproc
000913r 1               
000913r 1               ; ---------------------------------------------------------------
000913r 1               ; void __near__ publish_state (void)
000913r 1               ; ---------------------------------------------------------------
000913r 1               
000913r 1               .segment	"CODE"
000913r 1               
000913r 1               .proc	_publish_state: near
000913r 1               
000913r 1               .segment	"CODE"
000913r 1               
000913r 1  20 rr rr     	jsr     decsp2
000916r 1  AD rr rr     	lda     _active_count
000919r 1  8D 46 F2     	sta     $F246
00091Cr 1  AD rr rr     	lda     _focused_handle
00091Fr 1  8D 47 F2     	sta     $F247
000922r 1  AD rr rr     	lda     _dragging_handle
000925r 1  8D 48 F2     	sta     $F248
000928r 1  A9 04        	lda     #$04
00092Ar 1  8D 4E F2     	sta     $F24E
00092Dr 1  A9 3F        	lda     #$3F
00092Fr 1  8D 4F F2     	sta     $F24F
000932r 1  AD rr rr     	lda     _dragging_handle
000935r 1  D0 0C        	bne     L00BB
000937r 1  8D 49 F2     	sta     $F249
00093Ar 1  8D 4A F2     	sta     $F24A
00093Dr 1  8D 4B F2     	sta     $F24B
000940r 1  4C rr rr     	jmp     L055D
000943r 1  AD rr rr     L00BB:	lda     _dragging_handle
000946r 1  20 rr rr     	jsr     _window_by_handle
000949r 1  20 rr rr     	jsr     stax0sp
00094Cr 1  E0 00        	cpx     #$00
00094Er 1  D0 04        	bne     L055B
000950r 1  C9 00        	cmp     #$00
000952r 1  F0 1E        	beq     L00A1
000954r 1  AD rr rr     L055B:	lda     _drag_x
000957r 1  8D 49 F2     	sta     $F249
00095Ar 1  AD rr rr     	lda     _drag_x+1
00095Dr 1  8D 4A F2     	sta     $F24A
000960r 1  AD rr rr     	lda     _drag_y
000963r 1  8D 4B F2     	sta     $F24B
000966r 1  AD rr rr     	lda     _drag_width
000969r 1  8D 4C F2     L055D:	sta     $F24C
00096Cr 1  AD rr rr     	lda     _previous_buttons
00096Fr 1  8D 4D F2     	sta     $F24D
000972r 1  4C rr rr     L00A1:	jmp     incsp2
000975r 1               
000975r 1               .endproc
000975r 1               
000975r 1               ; ---------------------------------------------------------------
000975r 1               ; unsigned char __near__ point_inside (unsigned int, unsigned char, __near__ const struct udeks_window *)
000975r 1               ; ---------------------------------------------------------------
000975r 1               
000975r 1               .segment	"CODE"
000975r 1               
000975r 1               .proc	_point_inside: near
000975r 1               
000975r 1               .segment	"CODE"
000975r 1               
000975r 1  20 rr rr     	jsr     pushax
000978r 1  A0 06        	ldy     #$06
00097Ar 1  20 rr rr     	jsr     pushwysp
00097Dr 1  A0 03        	ldy     #$03
00097Fr 1  B1 rr        	lda     (sp),y
000981r 1  85 rr        	sta     ptr1+1
000983r 1  88           	dey
000984r 1  B1 rr        	lda     (sp),y
000986r 1  85 rr        	sta     ptr1
000988r 1  A0 05        	ldy     #$05
00098Ar 1  B1 rr        	lda     (ptr1),y
00098Cr 1  AA           	tax
00098Dr 1  88           	dey
00098Er 1  B1 rr        	lda     (ptr1),y
000990r 1  20 rr rr     	jsr     tosicmp
000993r 1  B0 03 4C rr  	jcc     L00F8
000997r 1  rr           
000998r 1  A0 06        	ldy     #$06
00099Ar 1  20 rr rr     	jsr     pushwysp
00099Dr 1  A0 03        	ldy     #$03
00099Fr 1  B1 rr        	lda     (sp),y
0009A1r 1  85 rr        	sta     ptr1+1
0009A3r 1  88           	dey
0009A4r 1  B1 rr        	lda     (sp),y
0009A6r 1  85 rr        	sta     ptr1
0009A8r 1  A0 05        	ldy     #$05
0009AAr 1  B1 rr        	lda     (ptr1),y
0009ACr 1  AA           	tax
0009ADr 1  88           	dey
0009AEr 1  B1 rr        	lda     (ptr1),y
0009B0r 1  20 rr rr     	jsr     pushax
0009B3r 1  A0 05        	ldy     #$05
0009B5r 1  B1 rr        	lda     (sp),y
0009B7r 1  85 rr        	sta     ptr1+1
0009B9r 1  88           	dey
0009BAr 1  B1 rr        	lda     (sp),y
0009BCr 1  85 rr        	sta     ptr1
0009BEr 1  A0 08        	ldy     #$08
0009C0r 1  B1 rr        	lda     (ptr1),y
0009C2r 1  AA           	tax
0009C3r 1  88           	dey
0009C4r 1  B1 rr        	lda     (ptr1),y
0009C6r 1  20 rr rr     	jsr     tosaddax
0009C9r 1  20 rr rr     	jsr     tosicmp
0009CCr 1  B0 4B        	bcs     L00F8
0009CEr 1  A0 02        	ldy     #$02
0009D0r 1  B1 rr        	lda     (sp),y
0009D2r 1  20 rr rr     	jsr     pusha0
0009D5r 1  A0 03        	ldy     #$03
0009D7r 1  B1 rr        	lda     (sp),y
0009D9r 1  85 rr        	sta     ptr1+1
0009DBr 1  88           	dey
0009DCr 1  B1 rr        	lda     (sp),y
0009DEr 1  85 rr        	sta     ptr1
0009E0r 1  A0 06        	ldy     #$06
0009E2r 1  B1 rr        	lda     (ptr1),y
0009E4r 1  20 rr rr     	jsr     tosicmp0
0009E7r 1  90 30        	bcc     L00F8
0009E9r 1  A0 02        	ldy     #$02
0009EBr 1  B1 rr        	lda     (sp),y
0009EDr 1  20 rr rr     	jsr     pusha0
0009F0r 1  A0 03        	ldy     #$03
0009F2r 1  B1 rr        	lda     (sp),y
0009F4r 1  85 rr        	sta     ptr1+1
0009F6r 1  88           	dey
0009F7r 1  B1 rr        	lda     (sp),y
0009F9r 1  85 rr        	sta     ptr1
0009FBr 1  A0 06        	ldy     #$06
0009FDr 1  B1 rr        	lda     (ptr1),y
0009FFr 1  20 rr rr     	jsr     pusha0
000A02r 1  A0 05        	ldy     #$05
000A04r 1  B1 rr        	lda     (sp),y
000A06r 1  85 rr        	sta     ptr1+1
000A08r 1  88           	dey
000A09r 1  B1 rr        	lda     (sp),y
000A0Br 1  85 rr        	sta     ptr1
000A0Dr 1  A0 09        	ldy     #$09
000A0Fr 1  B1 rr        	lda     (ptr1),y
000A11r 1  20 rr rr     	jsr     tosadda0
000A14r 1  20 rr rr     	jsr     tosicmp0
000A17r 1  90 06        	bcc     L00F7
000A19r 1  A2 00        L00F8:	ldx     #$00
000A1Br 1  8A           	txa
000A1Cr 1  4C rr rr     	jmp     incsp5
000A1Fr 1  A9 01        L00F7:	lda     #$01
000A21r 1  A2 00        	ldx     #$00
000A23r 1  4C rr rr     	jmp     incsp5
000A26r 1               
000A26r 1               .endproc
000A26r 1               
000A26r 1               ; ---------------------------------------------------------------
000A26r 1               ; void __near__ damage_set (__near__ const struct udeks_window *)
000A26r 1               ; ---------------------------------------------------------------
000A26r 1               
000A26r 1               .segment	"CODE"
000A26r 1               
000A26r 1               .proc	_damage_set: near
000A26r 1               
000A26r 1               .segment	"CODE"
000A26r 1               
000A26r 1  20 rr rr     	jsr     pushax
000A29r 1  A0 01        	ldy     #$01
000A2Br 1  B1 rr        	lda     (sp),y
000A2Dr 1  85 rr        	sta     ptr1+1
000A2Fr 1  88           	dey
000A30r 1  B1 rr        	lda     (sp),y
000A32r 1  85 rr        	sta     ptr1
000A34r 1  A0 05        	ldy     #$05
000A36r 1  B1 rr        	lda     (ptr1),y
000A38r 1  8D rr rr     	sta     _damage_left+1
000A3Br 1  88           	dey
000A3Cr 1  B1 rr        	lda     (ptr1),y
000A3Er 1  8D rr rr     	sta     _damage_left
000A41r 1  A0 01        	ldy     #$01
000A43r 1  B1 rr        	lda     (sp),y
000A45r 1  85 rr        	sta     ptr1+1
000A47r 1  88           	dey
000A48r 1  B1 rr        	lda     (sp),y
000A4Ar 1  85 rr        	sta     ptr1
000A4Cr 1  A0 06        	ldy     #$06
000A4Er 1  B1 rr        	lda     (ptr1),y
000A50r 1  8D rr rr     	sta     _damage_top
000A53r 1  A0 01        	ldy     #$01
000A55r 1  B1 rr        	lda     (sp),y
000A57r 1  85 rr        	sta     ptr1+1
000A59r 1  88           	dey
000A5Ar 1  B1 rr        	lda     (sp),y
000A5Cr 1  85 rr        	sta     ptr1
000A5Er 1  A0 05        	ldy     #$05
000A60r 1  B1 rr        	lda     (ptr1),y
000A62r 1  AA           	tax
000A63r 1  88           	dey
000A64r 1  B1 rr        	lda     (ptr1),y
000A66r 1  20 rr rr     	jsr     pushax
000A69r 1  A0 03        	ldy     #$03
000A6Br 1  B1 rr        	lda     (sp),y
000A6Dr 1  85 rr        	sta     ptr1+1
000A6Fr 1  88           	dey
000A70r 1  B1 rr        	lda     (sp),y
000A72r 1  85 rr        	sta     ptr1
000A74r 1  A0 08        	ldy     #$08
000A76r 1  B1 rr        	lda     (ptr1),y
000A78r 1  AA           	tax
000A79r 1  88           	dey
000A7Ar 1  B1 rr        	lda     (ptr1),y
000A7Cr 1  20 rr rr     	jsr     tosaddax
000A7Fr 1  8D rr rr     	sta     _damage_right
000A82r 1  8E rr rr     	stx     _damage_right+1
000A85r 1  A0 01        	ldy     #$01
000A87r 1  B1 rr        	lda     (sp),y
000A89r 1  85 rr        	sta     ptr1+1
000A8Br 1  88           	dey
000A8Cr 1  B1 rr        	lda     (sp),y
000A8Er 1  85 rr        	sta     ptr1
000A90r 1  A0 06        	ldy     #$06
000A92r 1  B1 rr        	lda     (ptr1),y
000A94r 1  20 rr rr     	jsr     pusha0
000A97r 1  A0 03        	ldy     #$03
000A99r 1  B1 rr        	lda     (sp),y
000A9Br 1  85 rr        	sta     ptr1+1
000A9Dr 1  88           	dey
000A9Er 1  B1 rr        	lda     (sp),y
000AA0r 1  85 rr        	sta     ptr1
000AA2r 1  A0 09        	ldy     #$09
000AA4r 1  B1 rr        	lda     (ptr1),y
000AA6r 1  20 rr rr     	jsr     tosadda0
000AA9r 1  8D rr rr     	sta     _damage_bottom
000AACr 1  4C rr rr     	jmp     incsp2
000AAFr 1               
000AAFr 1               .endproc
000AAFr 1               
000AAFr 1               ; ---------------------------------------------------------------
000AAFr 1               ; void __near__ damage_add (__near__ const struct udeks_window *)
000AAFr 1               ; ---------------------------------------------------------------
000AAFr 1               
000AAFr 1               .segment	"CODE"
000AAFr 1               
000AAFr 1               .proc	_damage_add: near
000AAFr 1               
000AAFr 1               .segment	"CODE"
000AAFr 1               
000AAFr 1  20 rr rr     	jsr     pushax
000AB2r 1  20 rr rr     	jsr     decsp3
000AB5r 1  A0 04        	ldy     #$04
000AB7r 1  B1 rr        	lda     (sp),y
000AB9r 1  85 rr        	sta     ptr1+1
000ABBr 1  88           	dey
000ABCr 1  B1 rr        	lda     (sp),y
000ABEr 1  85 rr        	sta     ptr1
000AC0r 1  A0 05        	ldy     #$05
000AC2r 1  B1 rr        	lda     (ptr1),y
000AC4r 1  AA           	tax
000AC5r 1  88           	dey
000AC6r 1  B1 rr        	lda     (ptr1),y
000AC8r 1  20 rr rr     	jsr     pushax
000ACBr 1  A0 06        	ldy     #$06
000ACDr 1  B1 rr        	lda     (sp),y
000ACFr 1  85 rr        	sta     ptr1+1
000AD1r 1  88           	dey
000AD2r 1  B1 rr        	lda     (sp),y
000AD4r 1  85 rr        	sta     ptr1
000AD6r 1  A0 08        	ldy     #$08
000AD8r 1  B1 rr        	lda     (ptr1),y
000ADAr 1  AA           	tax
000ADBr 1  88           	dey
000ADCr 1  B1 rr        	lda     (ptr1),y
000ADEr 1  20 rr rr     	jsr     tosaddax
000AE1r 1  A0 01        	ldy     #$01
000AE3r 1  20 rr rr     	jsr     staxysp
000AE6r 1  A0 04        	ldy     #$04
000AE8r 1  B1 rr        	lda     (sp),y
000AEAr 1  85 rr        	sta     ptr1+1
000AECr 1  88           	dey
000AEDr 1  B1 rr        	lda     (sp),y
000AEFr 1  85 rr        	sta     ptr1
000AF1r 1  A0 06        	ldy     #$06
000AF3r 1  B1 rr        	lda     (ptr1),y
000AF5r 1  20 rr rr     	jsr     pusha0
000AF8r 1  A0 06        	ldy     #$06
000AFAr 1  B1 rr        	lda     (sp),y
000AFCr 1  85 rr        	sta     ptr1+1
000AFEr 1  88           	dey
000AFFr 1  B1 rr        	lda     (sp),y
000B01r 1  85 rr        	sta     ptr1
000B03r 1  A0 09        	ldy     #$09
000B05r 1  B1 rr        	lda     (ptr1),y
000B07r 1  20 rr rr     	jsr     tosadda0
000B0Ar 1  A0 00        	ldy     #$00
000B0Cr 1  91 rr        	sta     (sp),y
000B0Er 1  A0 04        	ldy     #$04
000B10r 1  B1 rr        	lda     (sp),y
000B12r 1  85 rr        	sta     ptr1+1
000B14r 1  88           	dey
000B15r 1  B1 rr        	lda     (sp),y
000B17r 1  85 rr        	sta     ptr1
000B19r 1  A0 05        	ldy     #$05
000B1Br 1  B1 rr        	lda     (ptr1),y
000B1Dr 1  AA           	tax
000B1Er 1  88           	dey
000B1Fr 1  B1 rr        	lda     (ptr1),y
000B21r 1  CD rr rr     	cmp     _damage_left
000B24r 1  8A           	txa
000B25r 1  ED rr rr     	sbc     _damage_left+1
000B28r 1  B0 16        	bcs     L055F
000B2Ar 1  B1 rr        	lda     (sp),y
000B2Cr 1  85 rr        	sta     ptr1+1
000B2Er 1  88           	dey
000B2Fr 1  B1 rr        	lda     (sp),y
000B31r 1  85 rr        	sta     ptr1
000B33r 1  A0 05        	ldy     #$05
000B35r 1  B1 rr        	lda     (ptr1),y
000B37r 1  8D rr rr     	sta     _damage_left+1
000B3Ar 1  88           	dey
000B3Br 1  B1 rr        	lda     (ptr1),y
000B3Dr 1  8D rr rr     	sta     _damage_left
000B40r 1  B1 rr        L055F:	lda     (sp),y
000B42r 1  85 rr        	sta     ptr1+1
000B44r 1  88           	dey
000B45r 1  B1 rr        	lda     (sp),y
000B47r 1  85 rr        	sta     ptr1
000B49r 1  A0 06        	ldy     #$06
000B4Br 1  B1 rr        	lda     (ptr1),y
000B4Dr 1  CD rr rr     	cmp     _damage_top
000B50r 1  B0 12        	bcs     L010F
000B52r 1  A0 04        	ldy     #$04
000B54r 1  B1 rr        	lda     (sp),y
000B56r 1  85 rr        	sta     ptr1+1
000B58r 1  88           	dey
000B59r 1  B1 rr        	lda     (sp),y
000B5Br 1  85 rr        	sta     ptr1
000B5Dr 1  A0 06        	ldy     #$06
000B5Fr 1  B1 rr        	lda     (ptr1),y
000B61r 1  8D rr rr     	sta     _damage_top
000B64r 1  A0 02        L010F:	ldy     #$02
000B66r 1  B1 rr        	lda     (sp),y
000B68r 1  AA           	tax
000B69r 1  88           	dey
000B6Ar 1  B1 rr        	lda     (sp),y
000B6Cr 1  38           	sec
000B6Dr 1  ED rr rr     	sbc     _damage_right
000B70r 1  85 rr        	sta     tmp1
000B72r 1  8A           	txa
000B73r 1  ED rr rr     	sbc     _damage_right+1
000B76r 1  05 rr        	ora     tmp1
000B78r 1  90 0E        	bcc     L0113
000B7Ar 1  F0 0C        	beq     L0113
000B7Cr 1  C8           	iny
000B7Dr 1  B1 rr        	lda     (sp),y
000B7Fr 1  8D rr rr     	sta     _damage_right+1
000B82r 1  88           	dey
000B83r 1  B1 rr        	lda     (sp),y
000B85r 1  8D rr rr     	sta     _damage_right
000B88r 1  88           L0113:	dey
000B89r 1  B1 rr        	lda     (sp),y
000B8Br 1  38           	sec
000B8Cr 1  ED rr rr     	sbc     _damage_bottom
000B8Fr 1  90 07        	bcc     L0117
000B91r 1  F0 05        	beq     L0117
000B93r 1  B1 rr        	lda     (sp),y
000B95r 1  8D rr rr     	sta     _damage_bottom
000B98r 1  4C rr rr     L0117:	jmp     incsp5
000B9Br 1               
000B9Br 1               .endproc
000B9Br 1               
000B9Br 1               ; ---------------------------------------------------------------
000B9Br 1               ; unsigned char __near__ set_damage_intersection (unsigned int, unsigned char, unsigned int, unsigned char)
000B9Br 1               ; ---------------------------------------------------------------
000B9Br 1               
000B9Br 1               .segment	"CODE"
000B9Br 1               
000B9Br 1               .proc	_set_damage_intersection: near
000B9Br 1               
000B9Br 1               .segment	"CODE"
000B9Br 1               
000B9Br 1  20 rr rr     	jsr     pusha
000B9Er 1  20 rr rr     	jsr     decsp6
000BA1r 1  A0 0B        	ldy     #$0B
000BA3r 1  B1 rr        	lda     (sp),y
000BA5r 1  AA           	tax
000BA6r 1  88           	dey
000BA7r 1  B1 rr        	lda     (sp),y
000BA9r 1  38           	sec
000BAAr 1  ED rr rr     	sbc     _damage_left
000BADr 1  85 rr        	sta     tmp1
000BAFr 1  8A           	txa
000BB0r 1  ED rr rr     	sbc     _damage_left+1
000BB3r 1  05 rr        	ora     tmp1
000BB5r 1  90 0C        	bcc     L011E
000BB7r 1  F0 0A        	beq     L011E
000BB9r 1  C8           	iny
000BBAr 1  B1 rr        	lda     (sp),y
000BBCr 1  AA           	tax
000BBDr 1  88           	dey
000BBEr 1  B1 rr        	lda     (sp),y
000BC0r 1  4C rr rr     	jmp     L0120
000BC3r 1  AD rr rr     L011E:	lda     _damage_left
000BC6r 1  AE rr rr     	ldx     _damage_left+1
000BC9r 1  A0 04        L0120:	ldy     #$04
000BCBr 1  20 rr rr     	jsr     staxysp
000BCEr 1  A0 09        	ldy     #$09
000BD0r 1  B1 rr        	lda     (sp),y
000BD2r 1  38           	sec
000BD3r 1  ED rr rr     	sbc     _damage_top
000BD6r 1  90 07        	bcc     L0562
000BD8r 1  F0 05        	beq     L0562
000BDAr 1  B1 rr        	lda     (sp),y
000BDCr 1  4C rr rr     	jmp     L0564
000BDFr 1  AD rr rr     L0562:	lda     _damage_top
000BE2r 1  A0 03        L0564:	ldy     #$03
000BE4r 1  91 rr        	sta     (sp),y
000BE6r 1  A0 0A        	ldy     #$0A
000BE8r 1  B1 rr        	lda     (sp),y
000BEAr 1  A0 07        	ldy     #$07
000BECr 1  18           	clc
000BEDr 1  71 rr        	adc     (sp),y
000BEFr 1  48           	pha
000BF0r 1  A0 0B        	ldy     #$0B
000BF2r 1  B1 rr        	lda     (sp),y
000BF4r 1  A0 08        	ldy     #$08
000BF6r 1  71 rr        	adc     (sp),y
000BF8r 1  AA           	tax
000BF9r 1  68           	pla
000BFAr 1  A0 01        	ldy     #$01
000BFCr 1  20 rr rr     	jsr     staxysp
000BFFr 1  38           	sec
000C00r 1  ED rr rr     	sbc     _damage_right
000C03r 1  85 rr        	sta     tmp1
000C05r 1  8A           	txa
000C06r 1  ED rr rr     	sbc     _damage_right+1
000C09r 1  05 rr        	ora     tmp1
000C0Br 1  90 0D        	bcc     L012A
000C0Dr 1  F0 0B        	beq     L012A
000C0Fr 1  AD rr rr     	lda     _damage_right
000C12r 1  AE rr rr     	ldx     _damage_right+1
000C15r 1  A0 01        	ldy     #$01
000C17r 1  20 rr rr     	jsr     staxysp
000C1Ar 1  A0 06        L012A:	ldy     #$06
000C1Cr 1  B1 rr        	lda     (sp),y
000C1Er 1  18           	clc
000C1Fr 1  A0 09        	ldy     #$09
000C21r 1  71 rr        	adc     (sp),y
000C23r 1  A0 00        	ldy     #$00
000C25r 1  91 rr        	sta     (sp),y
000C27r 1  38           	sec
000C28r 1  ED rr rr     	sbc     _damage_bottom
000C2Br 1  90 07        	bcc     L0131
000C2Dr 1  F0 05        	beq     L0131
000C2Fr 1  AD rr rr     	lda     _damage_bottom
000C32r 1  91 rr        	sta     (sp),y
000C34r 1  A0 05        L0131:	ldy     #$05
000C36r 1  B1 rr        	lda     (sp),y
000C38r 1  AA           	tax
000C39r 1  88           	dey
000C3Ar 1  B1 rr        	lda     (sp),y
000C3Cr 1  A0 01        	ldy     #$01
000C3Er 1  D1 rr        	cmp     (sp),y
000C40r 1  8A           	txa
000C41r 1  C8           	iny
000C42r 1  F1 rr        	sbc     (sp),y
000C44r 1  B0 09        	bcs     L0565
000C46r 1  C8           	iny
000C47r 1  B1 rr        	lda     (sp),y
000C49r 1  A0 00        	ldy     #$00
000C4Br 1  D1 rr        	cmp     (sp),y
000C4Dr 1  90 06        	bcc     L0135
000C4Fr 1  A2 00        L0565:	ldx     #$00
000C51r 1  8A           	txa
000C52r 1  4C rr rr     	jmp     L011B
000C55r 1  20 rr rr     L0135:	jsr     decsp6
000C58r 1  A0 0B        	ldy     #$0B
000C5Ar 1  B1 rr        	lda     (sp),y
000C5Cr 1  AA           	tax
000C5Dr 1  88           	dey
000C5Er 1  B1 rr        	lda     (sp),y
000C60r 1  A0 04        	ldy     #$04
000C62r 1  91 rr        	sta     (sp),y
000C64r 1  C8           	iny
000C65r 1  8A           	txa
000C66r 1  91 rr        	sta     (sp),y
000C68r 1  A0 09        	ldy     #$09
000C6Ar 1  B1 rr        	lda     (sp),y
000C6Cr 1  A0 02        	ldy     #$02
000C6Er 1  91 rr        	sta     (sp),y
000C70r 1  C8           	iny
000C71r 1  A9 00        	lda     #$00
000C73r 1  91 rr        	sta     (sp),y
000C75r 1  A0 08        	ldy     #$08
000C77r 1  B1 rr        	lda     (sp),y
000C79r 1  AA           	tax
000C7Ar 1  88           	dey
000C7Br 1  B1 rr        	lda     (sp),y
000C7Dr 1  38           	sec
000C7Er 1  A0 0A        	ldy     #$0A
000C80r 1  F1 rr        	sbc     (sp),y
000C82r 1  48           	pha
000C83r 1  8A           	txa
000C84r 1  C8           	iny
000C85r 1  F1 rr        	sbc     (sp),y
000C87r 1  AA           	tax
000C88r 1  68           	pla
000C89r 1  A0 00        	ldy     #$00
000C8Br 1  91 rr        	sta     (sp),y
000C8Dr 1  C8           	iny
000C8Er 1  8A           	txa
000C8Fr 1  91 rr        	sta     (sp),y
000C91r 1  A0 06        	ldy     #$06
000C93r 1  B1 rr        	lda     (sp),y
000C95r 1  38           	sec
000C96r 1  A0 09        	ldy     #$09
000C98r 1  F1 rr        	sbc     (sp),y
000C9Ar 1  A2 00        	ldx     #$00
000C9Cr 1  20 rr rr     	jsr     _udeks_vic_bitmap_set_clip
000C9Fr 1  A2 00        	ldx     #$00
000CA1r 1  A9 01        	lda     #$01
000CA3r 1  A0 0C        L011B:	ldy     #$0C
000CA5r 1  4C rr rr     	jmp     addysp
000CA8r 1               
000CA8r 1               .endproc
000CA8r 1               
000CA8r 1               ; ---------------------------------------------------------------
000CA8r 1               ; void __near__ draw_glyph (int, int, __near__ const unsigned char *)
000CA8r 1               ; ---------------------------------------------------------------
000CA8r 1               
000CA8r 1               .segment	"CODE"
000CA8r 1               
000CA8r 1               .proc	_draw_glyph: near
000CA8r 1               
000CA8r 1               .segment	"CODE"
000CA8r 1               
000CA8r 1  20 rr rr     	jsr     pushax
000CABr 1  20 rr rr     	jsr     decsp2
000CAEr 1  A9 00        	lda     #$00
000CB0r 1  A0 01        	ldy     #$01
000CB2r 1  91 rr        L0568:	sta     (sp),y
000CB4r 1  C9 05        	cmp     #$05
000CB6r 1  B0 7B        	bcs     L0141
000CB8r 1  A9 00        	lda     #$00
000CBAr 1  88           	dey
000CBBr 1  91 rr        L0567:	sta     (sp),y
000CBDr 1  C9 03        	cmp     #$03
000CBFr 1  B0 6A        	bcs     L0142
000CC1r 1  A0 03        	ldy     #$03
000CC3r 1  B1 rr        	lda     (sp),y
000CC5r 1  85 rr        	sta     ptr1+1
000CC7r 1  88           	dey
000CC8r 1  B1 rr        	lda     (sp),y
000CCAr 1  85 rr        	sta     ptr1
000CCCr 1  88           	dey
000CCDr 1  B1 rr        	lda     (sp),y
000CCFr 1  A8           	tay
000CD0r 1  B1 rr        	lda     (ptr1),y
000CD2r 1  85 rr        	sta     ptr1
000CD4r 1  A0 00        	ldy     #$00
000CD6r 1  B1 rr        	lda     (sp),y
000CD8r 1  A8           	tay
000CD9r 1  A9 04        	lda     #$04
000CDBr 1  4A           L0566:	lsr     a
000CDCr 1  88           	dey
000CDDr 1  10 FC        	bpl     L0566
000CDFr 1  2A           	rol     a
000CE0r 1  A2 00        	ldx     #$00
000CE2r 1  25 rr        	and     ptr1
000CE4r 1  48           	pha
000CE5r 1  68           	pla
000CE6r 1  F0 39        	beq     L014A
000CE8r 1  20 rr rr     	jsr     decsp4
000CEBr 1  A0 04        	ldy     #$04
000CEDr 1  B1 rr        	lda     (sp),y
000CEFr 1  18           	clc
000CF0r 1  A0 0A        	ldy     #$0A
000CF2r 1  71 rr        	adc     (sp),y
000CF4r 1  48           	pha
000CF5r 1  8A           	txa
000CF6r 1  C8           	iny
000CF7r 1  71 rr        	adc     (sp),y
000CF9r 1  AA           	tax
000CFAr 1  68           	pla
000CFBr 1  A0 02        	ldy     #$02
000CFDr 1  91 rr        	sta     (sp),y
000CFFr 1  C8           	iny
000D00r 1  8A           	txa
000D01r 1  91 rr        	sta     (sp),y
000D03r 1  A0 05        	ldy     #$05
000D05r 1  B1 rr        	lda     (sp),y
000D07r 1  18           	clc
000D08r 1  A0 08        	ldy     #$08
000D0Ar 1  71 rr        	adc     (sp),y
000D0Cr 1  48           	pha
000D0Dr 1  A9 00        	lda     #$00
000D0Fr 1  C8           	iny
000D10r 1  71 rr        	adc     (sp),y
000D12r 1  AA           	tax
000D13r 1  68           	pla
000D14r 1  A0 00        	ldy     #$00
000D16r 1  91 rr        	sta     (sp),y
000D18r 1  C8           	iny
000D19r 1  8A           	txa
000D1Ar 1  91 rr        	sta     (sp),y
000D1Cr 1  A9 00        	lda     #$00
000D1Er 1  20 rr rr     	jsr     _udeks_vic_bitmap_pixel
000D21r 1  A0 00        L014A:	ldy     #$00
000D23r 1  18           	clc
000D24r 1  A9 01        	lda     #$01
000D26r 1  71 rr        	adc     (sp),y
000D28r 1  4C rr rr     	jmp     L0567
000D2Br 1  C8           L0142:	iny
000D2Cr 1  18           	clc
000D2Dr 1  98           	tya
000D2Er 1  71 rr        	adc     (sp),y
000D30r 1  4C rr rr     	jmp     L0568
000D33r 1  4C rr rr     L0141:	jmp     incsp8
000D36r 1               
000D36r 1               .endproc
000D36r 1               
000D36r 1               ; ---------------------------------------------------------------
000D36r 1               ; void __near__ draw_title (__near__ const struct udeks_window *)
000D36r 1               ; ---------------------------------------------------------------
000D36r 1               
000D36r 1               .segment	"CODE"
000D36r 1               
000D36r 1               .proc	_draw_title: near
000D36r 1               
000D36r 1               .segment	"CODE"
000D36r 1               
000D36r 1  20 rr rr     	jsr     pushax
000D39r 1  20 rr rr     	jsr     decsp7
000D3Cr 1  A0 08        	ldy     #$08
000D3Er 1  B1 rr        	lda     (sp),y
000D40r 1  85 rr        	sta     ptr1+1
000D42r 1  88           	dey
000D43r 1  B1 rr        	lda     (sp),y
000D45r 1  85 rr        	sta     ptr1
000D47r 1  A0 0C        	ldy     #$0C
000D49r 1  B1 rr        	lda     (ptr1),y
000D4Br 1  AA           	tax
000D4Cr 1  88           	dey
000D4Dr 1  B1 rr        	lda     (ptr1),y
000D4Fr 1  A0 05        	ldy     #$05
000D51r 1  20 rr rr     	jsr     staxysp
000D54r 1  A0 08        	ldy     #$08
000D56r 1  B1 rr        	lda     (sp),y
000D58r 1  85 rr        	sta     ptr1+1
000D5Ar 1  88           	dey
000D5Br 1  B1 rr        	lda     (sp),y
000D5Dr 1  85 rr        	sta     ptr1
000D5Fr 1  A0 05        	ldy     #$05
000D61r 1  B1 rr        	lda     (ptr1),y
000D63r 1  AA           	tax
000D64r 1  88           	dey
000D65r 1  B1 rr        	lda     (ptr1),y
000D67r 1  18           	clc
000D68r 1  69 04        	adc     #$04
000D6Ar 1  90 01        	bcc     L015F
000D6Cr 1  E8           	inx
000D6Dr 1  A0 02        L015F:	ldy     #$02
000D6Fr 1  20 rr rr     	jsr     staxysp
000D72r 1  A0 08        	ldy     #$08
000D74r 1  B1 rr        	lda     (sp),y
000D76r 1  85 rr        	sta     ptr1+1
000D78r 1  88           	dey
000D79r 1  B1 rr        	lda     (sp),y
000D7Br 1  85 rr        	sta     ptr1
000D7Dr 1  A0 05        	ldy     #$05
000D7Fr 1  B1 rr        	lda     (ptr1),y
000D81r 1  AA           	tax
000D82r 1  88           	dey
000D83r 1  B1 rr        	lda     (ptr1),y
000D85r 1  20 rr rr     	jsr     pushax
000D88r 1  A0 0A        	ldy     #$0A
000D8Ar 1  B1 rr        	lda     (sp),y
000D8Cr 1  85 rr        	sta     ptr1+1
000D8Er 1  88           	dey
000D8Fr 1  B1 rr        	lda     (sp),y
000D91r 1  85 rr        	sta     ptr1
000D93r 1  88           	dey
000D94r 1  B1 rr        	lda     (ptr1),y
000D96r 1  AA           	tax
000D97r 1  88           	dey
000D98r 1  B1 rr        	lda     (ptr1),y
000D9Ar 1  20 rr rr     	jsr     tosaddax
000D9Dr 1  38           	sec
000D9Er 1  E9 0E        	sbc     #$0E
000DA0r 1  B0 01        	bcs     L0163
000DA2r 1  CA           	dex
000DA3r 1  20 rr rr     L0163:	jsr     stax0sp
000DA6r 1  4C rr rr     	jmp     L0166
000DA9r 1  A0 06        L0164:	ldy     #$06
000DABr 1  B1 rr        	lda     (sp),y
000DADr 1  AA           	tax
000DAEr 1  88           	dey
000DAFr 1  B1 rr        	lda     (sp),y
000DB1r 1  85 rr        	sta     regsave
000DB3r 1  86 rr        	stx     regsave+1
000DB5r 1  18           	clc
000DB6r 1  69 01        	adc     #$01
000DB8r 1  90 01        	bcc     L016E
000DBAr 1  E8           	inx
000DBBr 1  20 rr rr     L016E:	jsr     staxysp
000DBEr 1  A0 00        	ldy     #$00
000DC0r 1  B1 rr        	lda     (regsave),y
000DC2r 1  A0 04        	ldy     #$04
000DC4r 1  91 rr        	sta     (sp),y
000DC6r 1  C9 61        	cmp     #$61
000DC8r 1  90 0B        	bcc     L056E
000DCAr 1  B1 rr        	lda     (sp),y
000DCCr 1  C9 7B        	cmp     #$7B
000DCEr 1  B0 05        	bcs     L056E
000DD0r 1  38           	sec
000DD1r 1  E9 20        	sbc     #$20
000DD3r 1  91 rr        	sta     (sp),y
000DD5r 1  B1 rr        L056E:	lda     (sp),y
000DD7r 1  C9 41        	cmp     #$41
000DD9r 1  90 51        	bcc     L0178
000DDBr 1  C9 5B        	cmp     #$5B
000DDDr 1  B0 4D        	bcs     L0178
000DDFr 1  20 rr rr     	jsr     decsp4
000DE2r 1  A0 07        	ldy     #$07
000DE4r 1  B1 rr        	lda     (sp),y
000DE6r 1  AA           	tax
000DE7r 1  88           	dey
000DE8r 1  B1 rr        	lda     (sp),y
000DEAr 1  A0 02        	ldy     #$02
000DECr 1  91 rr        	sta     (sp),y
000DEEr 1  C8           	iny
000DEFr 1  8A           	txa
000DF0r 1  91 rr        	sta     (sp),y
000DF2r 1  A0 0C        	ldy     #$0C
000DF4r 1  B1 rr        	lda     (sp),y
000DF6r 1  85 rr        	sta     ptr1+1
000DF8r 1  88           	dey
000DF9r 1  B1 rr        	lda     (sp),y
000DFBr 1  85 rr        	sta     ptr1
000DFDr 1  A0 06        	ldy     #$06
000DFFr 1  A2 00        	ldx     #$00
000E01r 1  B1 rr        	lda     (ptr1),y
000E03r 1  18           	clc
000E04r 1  69 04        	adc     #$04
000E06r 1  90 01        	bcc     L017F
000E08r 1  E8           	inx
000E09r 1  A0 00        L017F:	ldy     #$00
000E0Br 1  91 rr        	sta     (sp),y
000E0Dr 1  C8           	iny
000E0Er 1  8A           	txa
000E0Fr 1  91 rr        	sta     (sp),y
000E11r 1  A0 08        	ldy     #$08
000E13r 1  A2 00        	ldx     #$00
000E15r 1  B1 rr        	lda     (sp),y
000E17r 1  38           	sec
000E18r 1  E9 41        	sbc     #$41
000E1Ar 1  B0 01        	bcs     L0182
000E1Cr 1  CA           	dex
000E1Dr 1  20 rr rr     L0182:	jsr     mulax5
000E20r 1  18           	clc
000E21r 1  69 rr        	adc     #<(_title_glyphs)
000E23r 1  A8           	tay
000E24r 1  8A           	txa
000E25r 1  69 rr        	adc     #>(_title_glyphs)
000E27r 1  AA           	tax
000E28r 1  98           	tya
000E29r 1  20 rr rr     	jsr     _draw_glyph
000E2Cr 1  A0 02        L0178:	ldy     #$02
000E2Er 1  A2 00        	ldx     #$00
000E30r 1  A9 04        	lda     #$04
000E32r 1  20 rr rr     	jsr     addeqysp
000E35r 1  A0 05        L0166:	ldy     #$05
000E37r 1  B1 rr        	lda     (sp),y
000E39r 1  C8           	iny
000E3Ar 1  11 rr        	ora     (sp),y
000E3Cr 1  F0 35        	beq     L0569
000E3Er 1  B1 rr        	lda     (sp),y
000E40r 1  85 rr        	sta     ptr1+1
000E42r 1  88           	dey
000E43r 1  B1 rr        	lda     (sp),y
000E45r 1  85 rr        	sta     ptr1
000E47r 1  A0 00        	ldy     #$00
000E49r 1  B1 rr        	lda     (ptr1),y
000E4Br 1  F0 26        	beq     L0569
000E4Dr 1  A0 03        	ldy     #$03
000E4Fr 1  B1 rr        	lda     (sp),y
000E51r 1  AA           	tax
000E52r 1  88           	dey
000E53r 1  B1 rr        	lda     (sp),y
000E55r 1  18           	clc
000E56r 1  69 03        	adc     #$03
000E58r 1  90 01        	bcc     L016A
000E5Ar 1  E8           	inx
000E5Br 1  20 rr rr     L016A:	jsr     pushax
000E5Er 1  A0 03        	ldy     #$03
000E60r 1  B1 rr        	lda     (sp),y
000E62r 1  AA           	tax
000E63r 1  88           	dey
000E64r 1  B1 rr        	lda     (sp),y
000E66r 1  20 rr rr     	jsr     tosicmp
000E69r 1  10 03 4C rr  	jmi     L0164
000E6Dr 1  rr           
000E6Er 1  D0 03 4C rr  	jeq     L0164
000E72r 1  rr           
000E73r 1  A0 09        L0569:	ldy     #$09
000E75r 1  4C rr rr     	jmp     addysp
000E78r 1               
000E78r 1               .endproc
000E78r 1               
000E78r 1               ; ---------------------------------------------------------------
000E78r 1               ; void __near__ draw_chrome (__near__ const struct udeks_window *)
000E78r 1               ; ---------------------------------------------------------------
000E78r 1               
000E78r 1               .segment	"CODE"
000E78r 1               
000E78r 1               .proc	_draw_chrome: near
000E78r 1               
000E78r 1               .segment	"CODE"
000E78r 1               
000E78r 1  20 rr rr     	jsr     pushax
000E7Br 1  A0 0E        	ldy     #$0E
000E7Dr 1  20 rr rr     	jsr     subysp
000E80r 1  A0 0F        	ldy     #$0F
000E82r 1  B1 rr        	lda     (sp),y
000E84r 1  85 rr        	sta     ptr1+1
000E86r 1  88           	dey
000E87r 1  B1 rr        	lda     (sp),y
000E89r 1  85 rr        	sta     ptr1
000E8Br 1  A0 05        	ldy     #$05
000E8Dr 1  B1 rr        	lda     (ptr1),y
000E8Fr 1  AA           	tax
000E90r 1  88           	dey
000E91r 1  B1 rr        	lda     (ptr1),y
000E93r 1  A0 06        	ldy     #$06
000E95r 1  91 rr        	sta     (sp),y
000E97r 1  C8           	iny
000E98r 1  8A           	txa
000E99r 1  91 rr        	sta     (sp),y
000E9Br 1  A0 0F        	ldy     #$0F
000E9Dr 1  B1 rr        	lda     (sp),y
000E9Fr 1  85 rr        	sta     ptr1+1
000EA1r 1  88           	dey
000EA2r 1  B1 rr        	lda     (sp),y
000EA4r 1  85 rr        	sta     ptr1
000EA6r 1  A0 06        	ldy     #$06
000EA8r 1  B1 rr        	lda     (ptr1),y
000EAAr 1  A0 04        	ldy     #$04
000EACr 1  91 rr        	sta     (sp),y
000EAEr 1  C8           	iny
000EAFr 1  A9 00        	lda     #$00
000EB1r 1  91 rr        	sta     (sp),y
000EB3r 1  A0 0F        	ldy     #$0F
000EB5r 1  B1 rr        	lda     (sp),y
000EB7r 1  85 rr        	sta     ptr1+1
000EB9r 1  88           	dey
000EBAr 1  B1 rr        	lda     (sp),y
000EBCr 1  85 rr        	sta     ptr1
000EBEr 1  A0 08        	ldy     #$08
000EC0r 1  B1 rr        	lda     (ptr1),y
000EC2r 1  AA           	tax
000EC3r 1  88           	dey
000EC4r 1  B1 rr        	lda     (ptr1),y
000EC6r 1  A0 02        	ldy     #$02
000EC8r 1  91 rr        	sta     (sp),y
000ECAr 1  C8           	iny
000ECBr 1  8A           	txa
000ECCr 1  91 rr        	sta     (sp),y
000ECEr 1  A0 0F        	ldy     #$0F
000ED0r 1  B1 rr        	lda     (sp),y
000ED2r 1  85 rr        	sta     ptr1+1
000ED4r 1  88           	dey
000ED5r 1  B1 rr        	lda     (sp),y
000ED7r 1  85 rr        	sta     ptr1
000ED9r 1  A0 09        	ldy     #$09
000EDBr 1  B1 rr        	lda     (ptr1),y
000EDDr 1  A0 00        	ldy     #$00
000EDFr 1  91 rr        	sta     (sp),y
000EE1r 1  C8           	iny
000EE2r 1  A9 00        	lda     #$00
000EE4r 1  91 rr        	sta     (sp),y
000EE6r 1  20 rr rr     	jsr     _udeks_vic_bitmap_rectangle
000EE9r 1  20 rr rr     	jsr     decsp8
000EECr 1  A0 0F        	ldy     #$0F
000EEEr 1  B1 rr        	lda     (sp),y
000EF0r 1  85 rr        	sta     ptr1+1
000EF2r 1  88           	dey
000EF3r 1  B1 rr        	lda     (sp),y
000EF5r 1  85 rr        	sta     ptr1
000EF7r 1  A0 05        	ldy     #$05
000EF9r 1  B1 rr        	lda     (ptr1),y
000EFBr 1  AA           	tax
000EFCr 1  88           	dey
000EFDr 1  B1 rr        	lda     (ptr1),y
000EFFr 1  18           	clc
000F00r 1  69 02        	adc     #$02
000F02r 1  90 01        	bcc     L018E
000F04r 1  E8           	inx
000F05r 1  A0 06        L018E:	ldy     #$06
000F07r 1  91 rr        	sta     (sp),y
000F09r 1  C8           	iny
000F0Ar 1  8A           	txa
000F0Br 1  91 rr        	sta     (sp),y
000F0Dr 1  A0 0F        	ldy     #$0F
000F0Fr 1  B1 rr        	lda     (sp),y
000F11r 1  85 rr        	sta     ptr1+1
000F13r 1  88           	dey
000F14r 1  B1 rr        	lda     (sp),y
000F16r 1  85 rr        	sta     ptr1
000F18r 1  A0 06        	ldy     #$06
000F1Ar 1  A2 00        	ldx     #$00
000F1Cr 1  B1 rr        	lda     (ptr1),y
000F1Er 1  18           	clc
000F1Fr 1  69 02        	adc     #$02
000F21r 1  90 01        	bcc     L0190
000F23r 1  E8           	inx
000F24r 1  A0 04        L0190:	ldy     #$04
000F26r 1  91 rr        	sta     (sp),y
000F28r 1  C8           	iny
000F29r 1  8A           	txa
000F2Ar 1  91 rr        	sta     (sp),y
000F2Cr 1  A0 0F        	ldy     #$0F
000F2Er 1  B1 rr        	lda     (sp),y
000F30r 1  85 rr        	sta     ptr1+1
000F32r 1  88           	dey
000F33r 1  B1 rr        	lda     (sp),y
000F35r 1  85 rr        	sta     ptr1
000F37r 1  A0 08        	ldy     #$08
000F39r 1  B1 rr        	lda     (ptr1),y
000F3Br 1  AA           	tax
000F3Cr 1  88           	dey
000F3Dr 1  B1 rr        	lda     (ptr1),y
000F3Fr 1  38           	sec
000F40r 1  E9 04        	sbc     #$04
000F42r 1  B0 01        	bcs     L0192
000F44r 1  CA           	dex
000F45r 1  A0 02        L0192:	ldy     #$02
000F47r 1  91 rr        	sta     (sp),y
000F49r 1  C8           	iny
000F4Ar 1  8A           	txa
000F4Br 1  91 rr        	sta     (sp),y
000F4Dr 1  A0 0F        	ldy     #$0F
000F4Fr 1  B1 rr        	lda     (sp),y
000F51r 1  85 rr        	sta     ptr1+1
000F53r 1  88           	dey
000F54r 1  B1 rr        	lda     (sp),y
000F56r 1  85 rr        	sta     ptr1
000F58r 1  A0 09        	ldy     #$09
000F5Ar 1  A2 00        	ldx     #$00
000F5Cr 1  B1 rr        	lda     (ptr1),y
000F5Er 1  38           	sec
000F5Fr 1  E9 04        	sbc     #$04
000F61r 1  B0 01        	bcs     L0194
000F63r 1  CA           	dex
000F64r 1  A0 00        L0194:	ldy     #$00
000F66r 1  91 rr        	sta     (sp),y
000F68r 1  C8           	iny
000F69r 1  8A           	txa
000F6Ar 1  91 rr        	sta     (sp),y
000F6Cr 1  A9 00        	lda     #$00
000F6Er 1  20 rr rr     	jsr     _udeks_vic_bitmap_rectangle
000F71r 1  20 rr rr     	jsr     decsp8
000F74r 1  A0 0F        	ldy     #$0F
000F76r 1  B1 rr        	lda     (sp),y
000F78r 1  85 rr        	sta     ptr1+1
000F7Ar 1  88           	dey
000F7Br 1  B1 rr        	lda     (sp),y
000F7Dr 1  85 rr        	sta     ptr1
000F7Fr 1  A0 05        	ldy     #$05
000F81r 1  B1 rr        	lda     (ptr1),y
000F83r 1  AA           	tax
000F84r 1  88           	dey
000F85r 1  B1 rr        	lda     (ptr1),y
000F87r 1  18           	clc
000F88r 1  69 02        	adc     #$02
000F8Ar 1  90 01        	bcc     L0198
000F8Cr 1  E8           	inx
000F8Dr 1  A0 06        L0198:	ldy     #$06
000F8Fr 1  91 rr        	sta     (sp),y
000F91r 1  C8           	iny
000F92r 1  8A           	txa
000F93r 1  91 rr        	sta     (sp),y
000F95r 1  A0 0F        	ldy     #$0F
000F97r 1  B1 rr        	lda     (sp),y
000F99r 1  85 rr        	sta     ptr1+1
000F9Br 1  88           	dey
000F9Cr 1  B1 rr        	lda     (sp),y
000F9Er 1  85 rr        	sta     ptr1
000FA0r 1  A0 06        	ldy     #$06
000FA2r 1  A2 00        	ldx     #$00
000FA4r 1  B1 rr        	lda     (ptr1),y
000FA6r 1  18           	clc
000FA7r 1  69 0D        	adc     #$0D
000FA9r 1  90 01        	bcc     L019A
000FABr 1  E8           	inx
000FACr 1  A0 04        L019A:	ldy     #$04
000FAEr 1  91 rr        	sta     (sp),y
000FB0r 1  C8           	iny
000FB1r 1  8A           	txa
000FB2r 1  91 rr        	sta     (sp),y
000FB4r 1  A0 0F        	ldy     #$0F
000FB6r 1  B1 rr        	lda     (sp),y
000FB8r 1  85 rr        	sta     ptr1+1
000FBAr 1  88           	dey
000FBBr 1  B1 rr        	lda     (sp),y
000FBDr 1  85 rr        	sta     ptr1
000FBFr 1  A0 05        	ldy     #$05
000FC1r 1  B1 rr        	lda     (ptr1),y
000FC3r 1  AA           	tax
000FC4r 1  88           	dey
000FC5r 1  B1 rr        	lda     (ptr1),y
000FC7r 1  20 rr rr     	jsr     pushax
000FCAr 1  A0 11        	ldy     #$11
000FCCr 1  B1 rr        	lda     (sp),y
000FCEr 1  85 rr        	sta     ptr1+1
000FD0r 1  88           	dey
000FD1r 1  B1 rr        	lda     (sp),y
000FD3r 1  85 rr        	sta     ptr1
000FD5r 1  A0 08        	ldy     #$08
000FD7r 1  B1 rr        	lda     (ptr1),y
000FD9r 1  AA           	tax
000FDAr 1  88           	dey
000FDBr 1  B1 rr        	lda     (ptr1),y
000FDDr 1  20 rr rr     	jsr     tosaddax
000FE0r 1  38           	sec
000FE1r 1  E9 03        	sbc     #$03
000FE3r 1  B0 01        	bcs     L019C
000FE5r 1  CA           	dex
000FE6r 1  A0 02        L019C:	ldy     #$02
000FE8r 1  91 rr        	sta     (sp),y
000FEAr 1  C8           	iny
000FEBr 1  8A           	txa
000FECr 1  91 rr        	sta     (sp),y
000FEEr 1  A0 0F        	ldy     #$0F
000FF0r 1  B1 rr        	lda     (sp),y
000FF2r 1  85 rr        	sta     ptr1+1
000FF4r 1  88           	dey
000FF5r 1  B1 rr        	lda     (sp),y
000FF7r 1  85 rr        	sta     ptr1
000FF9r 1  A0 06        	ldy     #$06
000FFBr 1  A2 00        	ldx     #$00
000FFDr 1  B1 rr        	lda     (ptr1),y
000FFFr 1  18           	clc
001000r 1  69 0D        	adc     #$0D
001002r 1  90 01        	bcc     L019E
001004r 1  E8           	inx
001005r 1  A0 00        L019E:	ldy     #$00
001007r 1  91 rr        	sta     (sp),y
001009r 1  C8           	iny
00100Ar 1  8A           	txa
00100Br 1  91 rr        	sta     (sp),y
00100Dr 1  A9 00        	lda     #$00
00100Fr 1  20 rr rr     	jsr     _udeks_vic_bitmap_line
001012r 1  A0 07        	ldy     #$07
001014r 1  B1 rr        	lda     (sp),y
001016r 1  AA           	tax
001017r 1  88           	dey
001018r 1  B1 rr        	lda     (sp),y
00101Ar 1  20 rr rr     	jsr     _draw_title
00101Dr 1  A0 07        	ldy     #$07
00101Fr 1  B1 rr        	lda     (sp),y
001021r 1  85 rr        	sta     ptr1+1
001023r 1  88           	dey
001024r 1  B1 rr        	lda     (sp),y
001026r 1  85 rr        	sta     ptr1
001028r 1  A0 03        	ldy     #$03
00102Ar 1  B1 rr        	lda     (ptr1),y
00102Cr 1  29 04        	and     #$04
00102Er 1  D0 03 4C rr  	jeq     L01A2
001032r 1  rr           
001033r 1  A0 07        	ldy     #$07
001035r 1  B1 rr        	lda     (sp),y
001037r 1  85 rr        	sta     ptr1+1
001039r 1  88           	dey
00103Ar 1  B1 rr        	lda     (sp),y
00103Cr 1  85 rr        	sta     ptr1
00103Er 1  88           	dey
00103Fr 1  B1 rr        	lda     (ptr1),y
001041r 1  AA           	tax
001042r 1  88           	dey
001043r 1  B1 rr        	lda     (ptr1),y
001045r 1  20 rr rr     	jsr     pushax
001048r 1  A0 09        	ldy     #$09
00104Ar 1  B1 rr        	lda     (sp),y
00104Cr 1  85 rr        	sta     ptr1+1
00104Er 1  88           	dey
00104Fr 1  B1 rr        	lda     (sp),y
001051r 1  85 rr        	sta     ptr1
001053r 1  B1 rr        	lda     (ptr1),y
001055r 1  AA           	tax
001056r 1  88           	dey
001057r 1  B1 rr        	lda     (ptr1),y
001059r 1  20 rr rr     	jsr     tosaddax
00105Cr 1  38           	sec
00105Dr 1  E9 0C        	sbc     #$0C
00105Fr 1  B0 01        	bcs     L01A9
001061r 1  CA           	dex
001062r 1  A0 04        L01A9:	ldy     #$04
001064r 1  20 rr rr     	jsr     staxysp
001067r 1  20 rr rr     	jsr     decsp8
00106Ar 1  A0 0D        	ldy     #$0D
00106Cr 1  B1 rr        	lda     (sp),y
00106Er 1  AA           	tax
00106Fr 1  88           	dey
001070r 1  B1 rr        	lda     (sp),y
001072r 1  A0 06        	ldy     #$06
001074r 1  91 rr        	sta     (sp),y
001076r 1  C8           	iny
001077r 1  8A           	txa
001078r 1  91 rr        	sta     (sp),y
00107Ar 1  A0 0F        	ldy     #$0F
00107Cr 1  B1 rr        	lda     (sp),y
00107Er 1  85 rr        	sta     ptr1+1
001080r 1  88           	dey
001081r 1  B1 rr        	lda     (sp),y
001083r 1  85 rr        	sta     ptr1
001085r 1  A0 06        	ldy     #$06
001087r 1  A2 00        	ldx     #$00
001089r 1  B1 rr        	lda     (ptr1),y
00108Br 1  18           	clc
00108Cr 1  69 03        	adc     #$03
00108Er 1  90 01        	bcc     L01AD
001090r 1  E8           	inx
001091r 1  A0 04        L01AD:	ldy     #$04
001093r 1  91 rr        	sta     (sp),y
001095r 1  C8           	iny
001096r 1  8A           	txa
001097r 1  91 rr        	sta     (sp),y
001099r 1  A9 08        	lda     #$08
00109Br 1  A0 02        	ldy     #$02
00109Dr 1  91 rr        	sta     (sp),y
00109Fr 1  C8           	iny
0010A0r 1  A9 00        	lda     #$00
0010A2r 1  91 rr        	sta     (sp),y
0010A4r 1  A9 08        	lda     #$08
0010A6r 1  A0 00        	ldy     #$00
0010A8r 1  91 rr        	sta     (sp),y
0010AAr 1  C8           	iny
0010ABr 1  A9 00        	lda     #$00
0010ADr 1  91 rr        	sta     (sp),y
0010AFr 1  20 rr rr     	jsr     _udeks_vic_bitmap_rectangle
0010B2r 1  20 rr rr     	jsr     decsp8
0010B5r 1  A0 0D        	ldy     #$0D
0010B7r 1  B1 rr        	lda     (sp),y
0010B9r 1  AA           	tax
0010BAr 1  88           	dey
0010BBr 1  B1 rr        	lda     (sp),y
0010BDr 1  18           	clc
0010BEr 1  69 02        	adc     #$02
0010C0r 1  90 01        	bcc     L01B3
0010C2r 1  E8           	inx
0010C3r 1  A0 06        L01B3:	ldy     #$06
0010C5r 1  91 rr        	sta     (sp),y
0010C7r 1  C8           	iny
0010C8r 1  8A           	txa
0010C9r 1  91 rr        	sta     (sp),y
0010CBr 1  A0 0F        	ldy     #$0F
0010CDr 1  B1 rr        	lda     (sp),y
0010CFr 1  85 rr        	sta     ptr1+1
0010D1r 1  88           	dey
0010D2r 1  B1 rr        	lda     (sp),y
0010D4r 1  85 rr        	sta     ptr1
0010D6r 1  A0 06        	ldy     #$06
0010D8r 1  A2 00        	ldx     #$00
0010DAr 1  B1 rr        	lda     (ptr1),y
0010DCr 1  18           	clc
0010DDr 1  69 05        	adc     #$05
0010DFr 1  90 01        	bcc     L01B5
0010E1r 1  E8           	inx
0010E2r 1  A0 04        L01B5:	ldy     #$04
0010E4r 1  91 rr        	sta     (sp),y
0010E6r 1  C8           	iny
0010E7r 1  8A           	txa
0010E8r 1  91 rr        	sta     (sp),y
0010EAr 1  A0 0D        	ldy     #$0D
0010ECr 1  B1 rr        	lda     (sp),y
0010EEr 1  AA           	tax
0010EFr 1  88           	dey
0010F0r 1  B1 rr        	lda     (sp),y
0010F2r 1  18           	clc
0010F3r 1  69 05        	adc     #$05
0010F5r 1  90 01        	bcc     L01B7
0010F7r 1  E8           	inx
0010F8r 1  A0 02        L01B7:	ldy     #$02
0010FAr 1  91 rr        	sta     (sp),y
0010FCr 1  C8           	iny
0010FDr 1  8A           	txa
0010FEr 1  91 rr        	sta     (sp),y
001100r 1  A0 0F        	ldy     #$0F
001102r 1  B1 rr        	lda     (sp),y
001104r 1  85 rr        	sta     ptr1+1
001106r 1  88           	dey
001107r 1  B1 rr        	lda     (sp),y
001109r 1  85 rr        	sta     ptr1
00110Br 1  A0 06        	ldy     #$06
00110Dr 1  A2 00        	ldx     #$00
00110Fr 1  B1 rr        	lda     (ptr1),y
001111r 1  18           	clc
001112r 1  69 08        	adc     #$08
001114r 1  90 01        	bcc     L01B9
001116r 1  E8           	inx
001117r 1  A0 00        L01B9:	ldy     #$00
001119r 1  91 rr        	sta     (sp),y
00111Br 1  C8           	iny
00111Cr 1  8A           	txa
00111Dr 1  91 rr        	sta     (sp),y
00111Fr 1  A9 00        	lda     #$00
001121r 1  20 rr rr     	jsr     _udeks_vic_bitmap_line
001124r 1  20 rr rr     	jsr     decsp8
001127r 1  A0 0D        	ldy     #$0D
001129r 1  B1 rr        	lda     (sp),y
00112Br 1  AA           	tax
00112Cr 1  88           	dey
00112Dr 1  B1 rr        	lda     (sp),y
00112Fr 1  18           	clc
001130r 1  69 05        	adc     #$05
001132r 1  90 01        	bcc     L01BD
001134r 1  E8           	inx
001135r 1  A0 06        L01BD:	ldy     #$06
001137r 1  91 rr        	sta     (sp),y
001139r 1  C8           	iny
00113Ar 1  8A           	txa
00113Br 1  91 rr        	sta     (sp),y
00113Dr 1  A0 0F        	ldy     #$0F
00113Fr 1  B1 rr        	lda     (sp),y
001141r 1  85 rr        	sta     ptr1+1
001143r 1  88           	dey
001144r 1  B1 rr        	lda     (sp),y
001146r 1  85 rr        	sta     ptr1
001148r 1  A0 06        	ldy     #$06
00114Ar 1  A2 00        	ldx     #$00
00114Cr 1  B1 rr        	lda     (ptr1),y
00114Er 1  18           	clc
00114Fr 1  69 05        	adc     #$05
001151r 1  90 01        	bcc     L01BF
001153r 1  E8           	inx
001154r 1  A0 04        L01BF:	ldy     #$04
001156r 1  91 rr        	sta     (sp),y
001158r 1  C8           	iny
001159r 1  8A           	txa
00115Ar 1  91 rr        	sta     (sp),y
00115Cr 1  A0 0D        	ldy     #$0D
00115Er 1  B1 rr        	lda     (sp),y
001160r 1  AA           	tax
001161r 1  88           	dey
001162r 1  B1 rr        	lda     (sp),y
001164r 1  18           	clc
001165r 1  69 02        	adc     #$02
001167r 1  90 01        	bcc     L01C1
001169r 1  E8           	inx
00116Ar 1  A0 02        L01C1:	ldy     #$02
00116Cr 1  91 rr        	sta     (sp),y
00116Er 1  C8           	iny
00116Fr 1  8A           	txa
001170r 1  91 rr        	sta     (sp),y
001172r 1  A0 0F        	ldy     #$0F
001174r 1  B1 rr        	lda     (sp),y
001176r 1  85 rr        	sta     ptr1+1
001178r 1  88           	dey
001179r 1  B1 rr        	lda     (sp),y
00117Br 1  85 rr        	sta     ptr1
00117Dr 1  A0 06        	ldy     #$06
00117Fr 1  A2 00        	ldx     #$00
001181r 1  B1 rr        	lda     (ptr1),y
001183r 1  18           	clc
001184r 1  69 08        	adc     #$08
001186r 1  90 01        	bcc     L01C3
001188r 1  E8           	inx
001189r 1  A0 00        L01C3:	ldy     #$00
00118Br 1  91 rr        	sta     (sp),y
00118Dr 1  C8           	iny
00118Er 1  8A           	txa
00118Fr 1  91 rr        	sta     (sp),y
001191r 1  A9 00        	lda     #$00
001193r 1  20 rr rr     	jsr     _udeks_vic_bitmap_line
001196r 1  A0 07        L01A2:	ldy     #$07
001198r 1  B1 rr        	lda     (sp),y
00119Ar 1  85 rr        	sta     ptr1+1
00119Cr 1  88           	dey
00119Dr 1  B1 rr        	lda     (sp),y
00119Fr 1  85 rr        	sta     ptr1
0011A1r 1  A0 03        	ldy     #$03
0011A3r 1  B1 rr        	lda     (ptr1),y
0011A5r 1  29 08        	and     #$08
0011A7r 1  D0 03        	bne     L0574
0011A9r 1  4C rr rr     	jmp     incsp8
0011ACr 1  A0 07        L0574:	ldy     #$07
0011AEr 1  B1 rr        	lda     (sp),y
0011B0r 1  85 rr        	sta     ptr1+1
0011B2r 1  88           	dey
0011B3r 1  B1 rr        	lda     (sp),y
0011B5r 1  85 rr        	sta     ptr1
0011B7r 1  88           	dey
0011B8r 1  B1 rr        	lda     (ptr1),y
0011BAr 1  AA           	tax
0011BBr 1  88           	dey
0011BCr 1  B1 rr        	lda     (ptr1),y
0011BEr 1  20 rr rr     	jsr     pushax
0011C1r 1  A0 09        	ldy     #$09
0011C3r 1  B1 rr        	lda     (sp),y
0011C5r 1  85 rr        	sta     ptr1+1
0011C7r 1  88           	dey
0011C8r 1  B1 rr        	lda     (sp),y
0011CAr 1  85 rr        	sta     ptr1
0011CCr 1  B1 rr        	lda     (ptr1),y
0011CEr 1  AA           	tax
0011CFr 1  88           	dey
0011D0r 1  B1 rr        	lda     (ptr1),y
0011D2r 1  20 rr rr     	jsr     tosaddax
0011D5r 1  38           	sec
0011D6r 1  E9 05        	sbc     #$05
0011D8r 1  B0 01        	bcs     L01CB
0011DAr 1  CA           	dex
0011DBr 1  A0 02        L01CB:	ldy     #$02
0011DDr 1  20 rr rr     	jsr     staxysp
0011E0r 1  A0 07        	ldy     #$07
0011E2r 1  B1 rr        	lda     (sp),y
0011E4r 1  85 rr        	sta     ptr1+1
0011E6r 1  88           	dey
0011E7r 1  B1 rr        	lda     (sp),y
0011E9r 1  85 rr        	sta     ptr1
0011EBr 1  B1 rr        	lda     (ptr1),y
0011EDr 1  20 rr rr     	jsr     pusha0
0011F0r 1  A0 09        	ldy     #$09
0011F2r 1  B1 rr        	lda     (sp),y
0011F4r 1  85 rr        	sta     ptr1+1
0011F6r 1  88           	dey
0011F7r 1  B1 rr        	lda     (sp),y
0011F9r 1  85 rr        	sta     ptr1
0011FBr 1  C8           	iny
0011FCr 1  B1 rr        	lda     (ptr1),y
0011FEr 1  20 rr rr     	jsr     tosadda0
001201r 1  38           	sec
001202r 1  E9 05        	sbc     #$05
001204r 1  B0 01        	bcs     L01CE
001206r 1  CA           	dex
001207r 1  20 rr rr     L01CE:	jsr     stax0sp
00120Ar 1  20 rr rr     	jsr     decsp8
00120Dr 1  A0 0B        	ldy     #$0B
00120Fr 1  B1 rr        	lda     (sp),y
001211r 1  AA           	tax
001212r 1  88           	dey
001213r 1  B1 rr        	lda     (sp),y
001215r 1  38           	sec
001216r 1  E9 06        	sbc     #$06
001218r 1  B0 01        	bcs     L01D1
00121Ar 1  CA           	dex
00121Br 1  A0 06        L01D1:	ldy     #$06
00121Dr 1  91 rr        	sta     (sp),y
00121Fr 1  C8           	iny
001220r 1  8A           	txa
001221r 1  91 rr        	sta     (sp),y
001223r 1  A0 09        	ldy     #$09
001225r 1  B1 rr        	lda     (sp),y
001227r 1  AA           	tax
001228r 1  88           	dey
001229r 1  B1 rr        	lda     (sp),y
00122Br 1  A0 04        	ldy     #$04
00122Dr 1  91 rr        	sta     (sp),y
00122Fr 1  C8           	iny
001230r 1  8A           	txa
001231r 1  91 rr        	sta     (sp),y
001233r 1  A0 0B        	ldy     #$0B
001235r 1  B1 rr        	lda     (sp),y
001237r 1  AA           	tax
001238r 1  88           	dey
001239r 1  B1 rr        	lda     (sp),y
00123Br 1  A0 02        	ldy     #$02
00123Dr 1  91 rr        	sta     (sp),y
00123Fr 1  C8           	iny
001240r 1  8A           	txa
001241r 1  91 rr        	sta     (sp),y
001243r 1  A0 09        	ldy     #$09
001245r 1  B1 rr        	lda     (sp),y
001247r 1  AA           	tax
001248r 1  88           	dey
001249r 1  B1 rr        	lda     (sp),y
00124Br 1  38           	sec
00124Cr 1  E9 06        	sbc     #$06
00124Er 1  B0 01        	bcs     L01D5
001250r 1  CA           	dex
001251r 1  A0 00        L01D5:	ldy     #$00
001253r 1  91 rr        	sta     (sp),y
001255r 1  C8           	iny
001256r 1  8A           	txa
001257r 1  91 rr        	sta     (sp),y
001259r 1  A9 00        	lda     #$00
00125Br 1  20 rr rr     	jsr     _udeks_vic_bitmap_line
00125Er 1  20 rr rr     	jsr     decsp8
001261r 1  A0 0B        	ldy     #$0B
001263r 1  B1 rr        	lda     (sp),y
001265r 1  AA           	tax
001266r 1  88           	dey
001267r 1  B1 rr        	lda     (sp),y
001269r 1  38           	sec
00126Ar 1  E9 03        	sbc     #$03
00126Cr 1  B0 01        	bcs     L01D9
00126Er 1  CA           	dex
00126Fr 1  A0 06        L01D9:	ldy     #$06
001271r 1  91 rr        	sta     (sp),y
001273r 1  C8           	iny
001274r 1  8A           	txa
001275r 1  91 rr        	sta     (sp),y
001277r 1  A0 09        	ldy     #$09
001279r 1  B1 rr        	lda     (sp),y
00127Br 1  AA           	tax
00127Cr 1  88           	dey
00127Dr 1  B1 rr        	lda     (sp),y
00127Fr 1  A0 04        	ldy     #$04
001281r 1  91 rr        	sta     (sp),y
001283r 1  C8           	iny
001284r 1  8A           	txa
001285r 1  91 rr        	sta     (sp),y
001287r 1  A0 0B        	ldy     #$0B
001289r 1  B1 rr        	lda     (sp),y
00128Br 1  AA           	tax
00128Cr 1  88           	dey
00128Dr 1  B1 rr        	lda     (sp),y
00128Fr 1  A0 02        	ldy     #$02
001291r 1  91 rr        	sta     (sp),y
001293r 1  C8           	iny
001294r 1  8A           	txa
001295r 1  91 rr        	sta     (sp),y
001297r 1  A0 09        	ldy     #$09
001299r 1  B1 rr        	lda     (sp),y
00129Br 1  AA           	tax
00129Cr 1  88           	dey
00129Dr 1  B1 rr        	lda     (sp),y
00129Fr 1  38           	sec
0012A0r 1  E9 03        	sbc     #$03
0012A2r 1  B0 01        	bcs     L01DD
0012A4r 1  CA           	dex
0012A5r 1  A0 00        L01DD:	ldy     #$00
0012A7r 1  91 rr        	sta     (sp),y
0012A9r 1  C8           	iny
0012AAr 1  8A           	txa
0012ABr 1  91 rr        	sta     (sp),y
0012ADr 1  A9 00        	lda     #$00
0012AFr 1  20 rr rr     	jsr     _udeks_vic_bitmap_line
0012B2r 1  4C rr rr     	jmp     incsp8
0012B5r 1               
0012B5r 1               .endproc
0012B5r 1               
0012B5r 1               ; ---------------------------------------------------------------
0012B5r 1               ; unsigned char __near__ paint_window_damage (unsigned char)
0012B5r 1               ; ---------------------------------------------------------------
0012B5r 1               
0012B5r 1               .segment	"CODE"
0012B5r 1               
0012B5r 1               .proc	_paint_window_damage: near
0012B5r 1               
0012B5r 1               .segment	"CODE"
0012B5r 1               
0012B5r 1  20 rr rr     	jsr     pusha
0012B8r 1  20 rr rr     	jsr     decsp2
0012BBr 1  A0 02        	ldy     #$02
0012BDr 1  B1 rr        	lda     (sp),y
0012BFr 1  20 rr rr     	jsr     _window_by_handle
0012C2r 1  20 rr rr     	jsr     stax0sp
0012C5r 1  E0 00        	cpx     #$00
0012C7r 1  D0 04        	bne     L0578
0012C9r 1  C9 00        	cmp     #$00
0012CBr 1  F0 14        	beq     L057A
0012CDr 1  A0 01        L0578:	ldy     #$01
0012CFr 1  B1 rr        	lda     (sp),y
0012D1r 1  85 rr        	sta     ptr1+1
0012D3r 1  88           	dey
0012D4r 1  B1 rr        	lda     (sp),y
0012D6r 1  85 rr        	sta     ptr1
0012D8r 1  A0 03        	ldy     #$03
0012DAr 1  B1 rr        	lda     (ptr1),y
0012DCr 1  29 01        	and     #$01
0012DEr 1  D0 04        	bne     L020B
0012E0r 1  AA           	tax
0012E1r 1  4C rr rr     L057A:	jmp     incsp3
0012E4r 1  20 rr rr     L020B:	jsr     decsp5
0012E7r 1  A0 06        	ldy     #$06
0012E9r 1  B1 rr        	lda     (sp),y
0012EBr 1  85 rr        	sta     ptr1+1
0012EDr 1  88           	dey
0012EEr 1  B1 rr        	lda     (sp),y
0012F0r 1  85 rr        	sta     ptr1
0012F2r 1  B1 rr        	lda     (ptr1),y
0012F4r 1  AA           	tax
0012F5r 1  88           	dey
0012F6r 1  B1 rr        	lda     (ptr1),y
0012F8r 1  88           	dey
0012F9r 1  91 rr        	sta     (sp),y
0012FBr 1  C8           	iny
0012FCr 1  8A           	txa
0012FDr 1  91 rr        	sta     (sp),y
0012FFr 1  A0 06        	ldy     #$06
001301r 1  B1 rr        	lda     (sp),y
001303r 1  85 rr        	sta     ptr1+1
001305r 1  88           	dey
001306r 1  B1 rr        	lda     (sp),y
001308r 1  85 rr        	sta     ptr1
00130Ar 1  C8           	iny
00130Br 1  B1 rr        	lda     (ptr1),y
00130Dr 1  A0 02        	ldy     #$02
00130Fr 1  91 rr        	sta     (sp),y
001311r 1  A0 06        	ldy     #$06
001313r 1  B1 rr        	lda     (sp),y
001315r 1  85 rr        	sta     ptr1+1
001317r 1  88           	dey
001318r 1  B1 rr        	lda     (sp),y
00131Ar 1  85 rr        	sta     ptr1
00131Cr 1  A0 08        	ldy     #$08
00131Er 1  B1 rr        	lda     (ptr1),y
001320r 1  AA           	tax
001321r 1  88           	dey
001322r 1  B1 rr        	lda     (ptr1),y
001324r 1  A0 00        	ldy     #$00
001326r 1  91 rr        	sta     (sp),y
001328r 1  C8           	iny
001329r 1  8A           	txa
00132Ar 1  91 rr        	sta     (sp),y
00132Cr 1  A0 06        	ldy     #$06
00132Er 1  B1 rr        	lda     (sp),y
001330r 1  85 rr        	sta     ptr1+1
001332r 1  88           	dey
001333r 1  B1 rr        	lda     (sp),y
001335r 1  85 rr        	sta     ptr1
001337r 1  A0 09        	ldy     #$09
001339r 1  B1 rr        	lda     (ptr1),y
00133Br 1  20 rr rr     	jsr     _set_damage_intersection
00133Er 1  C9 00        	cmp     #$00
001340r 1  D0 04        	bne     L0212
001342r 1  AA           	tax
001343r 1  4C rr rr     	jmp     incsp3
001346r 1  A0 01        L0212:	ldy     #$01
001348r 1  B1 rr        	lda     (sp),y
00134Ar 1  85 rr        	sta     ptr1+1
00134Cr 1  88           	dey
00134Dr 1  B1 rr        	lda     (sp),y
00134Fr 1  85 rr        	sta     ptr1
001351r 1  A0 03        	ldy     #$03
001353r 1  B1 rr        	lda     (ptr1),y
001355r 1  29 7F        	and     #$7F
001357r 1  91 rr        	sta     (ptr1),y
001359r 1  20 rr rr     	jsr     decsp8
00135Cr 1  A0 09        	ldy     #$09
00135Er 1  B1 rr        	lda     (sp),y
001360r 1  85 rr        	sta     ptr1+1
001362r 1  88           	dey
001363r 1  B1 rr        	lda     (sp),y
001365r 1  85 rr        	sta     ptr1
001367r 1  A0 05        	ldy     #$05
001369r 1  B1 rr        	lda     (ptr1),y
00136Br 1  AA           	tax
00136Cr 1  88           	dey
00136Dr 1  B1 rr        	lda     (ptr1),y
00136Fr 1  A0 06        	ldy     #$06
001371r 1  91 rr        	sta     (sp),y
001373r 1  C8           	iny
001374r 1  8A           	txa
001375r 1  91 rr        	sta     (sp),y
001377r 1  A0 09        	ldy     #$09
001379r 1  B1 rr        	lda     (sp),y
00137Br 1  85 rr        	sta     ptr1+1
00137Dr 1  88           	dey
00137Er 1  B1 rr        	lda     (sp),y
001380r 1  85 rr        	sta     ptr1
001382r 1  A0 06        	ldy     #$06
001384r 1  B1 rr        	lda     (ptr1),y
001386r 1  A0 04        	ldy     #$04
001388r 1  91 rr        	sta     (sp),y
00138Ar 1  C8           	iny
00138Br 1  A9 00        	lda     #$00
00138Dr 1  91 rr        	sta     (sp),y
00138Fr 1  A0 09        	ldy     #$09
001391r 1  B1 rr        	lda     (sp),y
001393r 1  85 rr        	sta     ptr1+1
001395r 1  88           	dey
001396r 1  B1 rr        	lda     (sp),y
001398r 1  85 rr        	sta     ptr1
00139Ar 1  B1 rr        	lda     (ptr1),y
00139Cr 1  AA           	tax
00139Dr 1  88           	dey
00139Er 1  B1 rr        	lda     (ptr1),y
0013A0r 1  A0 02        	ldy     #$02
0013A2r 1  91 rr        	sta     (sp),y
0013A4r 1  C8           	iny
0013A5r 1  8A           	txa
0013A6r 1  91 rr        	sta     (sp),y
0013A8r 1  A0 09        	ldy     #$09
0013AAr 1  B1 rr        	lda     (sp),y
0013ACr 1  85 rr        	sta     ptr1+1
0013AEr 1  88           	dey
0013AFr 1  B1 rr        	lda     (sp),y
0013B1r 1  85 rr        	sta     ptr1
0013B3r 1  C8           	iny
0013B4r 1  B1 rr        	lda     (ptr1),y
0013B6r 1  A0 00        	ldy     #$00
0013B8r 1  91 rr        	sta     (sp),y
0013BAr 1  C8           	iny
0013BBr 1  A9 00        	lda     #$00
0013BDr 1  91 rr        	sta     (sp),y
0013BFr 1  A9 07        	lda     #$07
0013C1r 1  20 rr rr     	jsr     _udeks_vic_bitmap_fill
0013C4r 1  A0 01        	ldy     #$01
0013C6r 1  B1 rr        	lda     (sp),y
0013C8r 1  AA           	tax
0013C9r 1  88           	dey
0013CAr 1  B1 rr        	lda     (sp),y
0013CCr 1  20 rr rr     	jsr     _draw_chrome
0013CFr 1  A0 01        	ldy     #$01
0013D1r 1  B1 rr        	lda     (sp),y
0013D3r 1  85 rr        	sta     ptr1+1
0013D5r 1  88           	dey
0013D6r 1  B1 rr        	lda     (sp),y
0013D8r 1  85 rr        	sta     ptr1
0013DAr 1  A0 0E        	ldy     #$0E
0013DCr 1  B1 rr        	lda     (ptr1),y
0013DEr 1  AA           	tax
0013DFr 1  88           	dey
0013E0r 1  B1 rr        	lda     (ptr1),y
0013E2r 1  E0 00        	cpx     #$00
0013E4r 1  D0 07        	bne     L0579
0013E6r 1  C9 00        	cmp     #$00
0013E8r 1  D0 03 4C rr  	jeq     L0223
0013ECr 1  rr           
0013EDr 1  20 rr rr     L0579:	jsr     decsp5
0013F0r 1  A0 06        	ldy     #$06
0013F2r 1  B1 rr        	lda     (sp),y
0013F4r 1  85 rr        	sta     ptr1+1
0013F6r 1  88           	dey
0013F7r 1  B1 rr        	lda     (sp),y
0013F9r 1  85 rr        	sta     ptr1
0013FBr 1  B1 rr        	lda     (ptr1),y
0013FDr 1  AA           	tax
0013FEr 1  88           	dey
0013FFr 1  B1 rr        	lda     (ptr1),y
001401r 1  18           	clc
001402r 1  69 03        	adc     #$03
001404r 1  90 01        	bcc     L0228
001406r 1  E8           	inx
001407r 1  88           L0228:	dey
001408r 1  91 rr        	sta     (sp),y
00140Ar 1  C8           	iny
00140Br 1  8A           	txa
00140Cr 1  91 rr        	sta     (sp),y
00140Er 1  A0 06        	ldy     #$06
001410r 1  B1 rr        	lda     (sp),y
001412r 1  85 rr        	sta     ptr1+1
001414r 1  88           	dey
001415r 1  B1 rr        	lda     (sp),y
001417r 1  85 rr        	sta     ptr1
001419r 1  C8           	iny
00141Ar 1  B1 rr        	lda     (ptr1),y
00141Cr 1  18           	clc
00141Dr 1  69 0D        	adc     #$0D
00141Fr 1  90 01        	bcc     L0575
001421r 1  18           	clc
001422r 1  69 01        L0575:	adc     #$01
001424r 1  A0 02        	ldy     #$02
001426r 1  91 rr        	sta     (sp),y
001428r 1  A0 06        	ldy     #$06
00142Ar 1  B1 rr        	lda     (sp),y
00142Cr 1  85 rr        	sta     ptr1+1
00142Er 1  88           	dey
00142Fr 1  B1 rr        	lda     (sp),y
001431r 1  85 rr        	sta     ptr1
001433r 1  A0 08        	ldy     #$08
001435r 1  B1 rr        	lda     (ptr1),y
001437r 1  AA           	tax
001438r 1  88           	dey
001439r 1  B1 rr        	lda     (ptr1),y
00143Br 1  38           	sec
00143Cr 1  E9 06        	sbc     #$06
00143Er 1  B0 01        	bcs     L022E
001440r 1  CA           	dex
001441r 1  A0 00        L022E:	ldy     #$00
001443r 1  91 rr        	sta     (sp),y
001445r 1  C8           	iny
001446r 1  8A           	txa
001447r 1  91 rr        	sta     (sp),y
001449r 1  A0 06        	ldy     #$06
00144Br 1  B1 rr        	lda     (sp),y
00144Dr 1  85 rr        	sta     ptr1+1
00144Fr 1  88           	dey
001450r 1  B1 rr        	lda     (sp),y
001452r 1  85 rr        	sta     ptr1
001454r 1  A0 09        	ldy     #$09
001456r 1  B1 rr        	lda     (ptr1),y
001458r 1  38           	sec
001459r 1  E9 0D        	sbc     #$0D
00145Br 1  B0 01        	bcs     L0576
00145Dr 1  38           	sec
00145Er 1  E9 04        L0576:	sbc     #$04
001460r 1  20 rr rr     	jsr     _set_damage_intersection
001463r 1  C9 00        	cmp     #$00
001465r 1  F0 2F        	beq     L0223
001467r 1  A0 01        	ldy     #$01
001469r 1  B1 rr        	lda     (sp),y
00146Br 1  85 rr        	sta     ptr1+1
00146Dr 1  88           	dey
00146Er 1  B1 rr        	lda     (sp),y
001470r 1  85 rr        	sta     ptr1
001472r 1  A0 0E        	ldy     #$0E
001474r 1  B1 rr        	lda     (ptr1),y
001476r 1  AA           	tax
001477r 1  88           	dey
001478r 1  B1 rr        	lda     (ptr1),y
00147Ar 1  20 rr rr     	jsr     pushax
00147Dr 1  A0 04        	ldy     #$04
00147Fr 1  B1 rr        	lda     (sp),y
001481r 1  48           	pha
001482r 1  A0 00        	ldy     #$00
001484r 1  B1 rr        	lda     (sp),y
001486r 1  8D rr rr     	sta     jmpvec+1
001489r 1  C8           	iny
00148Ar 1  B1 rr        	lda     (sp),y
00148Cr 1  8D rr rr     	sta     jmpvec+2
00148Fr 1  68           	pla
001490r 1  20 rr rr     	jsr     jmpvec
001493r 1  20 rr rr     	jsr     incsp2
001496r 1  A9 14        L0223:	lda     #$14
001498r 1  20 rr rr     	jsr     _increment_counter
00149Br 1  A2 00        	ldx     #$00
00149Dr 1  A9 01        	lda     #$01
00149Fr 1  4C rr rr     	jmp     incsp3
0014A2r 1               
0014A2r 1               .endproc
0014A2r 1               
0014A2r 1               ; ---------------------------------------------------------------
0014A2r 1               ; void __near__ compose_damage (unsigned char)
0014A2r 1               ; ---------------------------------------------------------------
0014A2r 1               
0014A2r 1               .segment	"CODE"
0014A2r 1               
0014A2r 1               .proc	_compose_damage: near
0014A2r 1               
0014A2r 1               .segment	"CODE"
0014A2r 1               
0014A2r 1  20 rr rr     	jsr     pusha
0014A5r 1  20 rr rr     	jsr     decsp2
0014A8r 1  A9 02        	lda     #$02
0014AAr 1  20 rr rr     	jsr     _udeks_vic_pointer_busy_begin
0014ADr 1  20 rr rr     	jsr     decsp6
0014B0r 1  AD rr rr     	lda     _damage_left
0014B3r 1  A0 04        	ldy     #$04
0014B5r 1  91 rr        	sta     (sp),y
0014B7r 1  C8           	iny
0014B8r 1  AD rr rr     	lda     _damage_left+1
0014BBr 1  91 rr        	sta     (sp),y
0014BDr 1  AD rr rr     	lda     _damage_top
0014C0r 1  A0 02        	ldy     #$02
0014C2r 1  91 rr        	sta     (sp),y
0014C4r 1  C8           	iny
0014C5r 1  A9 00        	lda     #$00
0014C7r 1  91 rr        	sta     (sp),y
0014C9r 1  AD rr rr     	lda     _damage_right
0014CCr 1  38           	sec
0014CDr 1  ED rr rr     	sbc     _damage_left
0014D0r 1  48           	pha
0014D1r 1  AD rr rr     	lda     _damage_right+1
0014D4r 1  ED rr rr     	sbc     _damage_left+1
0014D7r 1  AA           	tax
0014D8r 1  68           	pla
0014D9r 1  A0 00        	ldy     #$00
0014DBr 1  91 rr        	sta     (sp),y
0014DDr 1  C8           	iny
0014DEr 1  8A           	txa
0014DFr 1  91 rr        	sta     (sp),y
0014E1r 1  A2 00        	ldx     #$00
0014E3r 1  AD rr rr     	lda     _damage_bottom
0014E6r 1  38           	sec
0014E7r 1  ED rr rr     	sbc     _damage_top
0014EAr 1  20 rr rr     	jsr     _udeks_vic_bitmap_set_clip
0014EDr 1  20 rr rr     	jsr     decsp8
0014F0r 1  AD rr rr     	lda     _damage_left
0014F3r 1  A0 06        	ldy     #$06
0014F5r 1  91 rr        	sta     (sp),y
0014F7r 1  C8           	iny
0014F8r 1  AD rr rr     	lda     _damage_left+1
0014FBr 1  91 rr        	sta     (sp),y
0014FDr 1  AD rr rr     	lda     _damage_top
001500r 1  A0 04        	ldy     #$04
001502r 1  91 rr        	sta     (sp),y
001504r 1  C8           	iny
001505r 1  A9 00        	lda     #$00
001507r 1  91 rr        	sta     (sp),y
001509r 1  AD rr rr     	lda     _damage_right
00150Cr 1  38           	sec
00150Dr 1  ED rr rr     	sbc     _damage_left
001510r 1  48           	pha
001511r 1  AD rr rr     	lda     _damage_right+1
001514r 1  ED rr rr     	sbc     _damage_left+1
001517r 1  AA           	tax
001518r 1  68           	pla
001519r 1  A0 02        	ldy     #$02
00151Br 1  91 rr        	sta     (sp),y
00151Dr 1  C8           	iny
00151Er 1  8A           	txa
00151Fr 1  91 rr        	sta     (sp),y
001521r 1  AD rr rr     	lda     _damage_bottom
001524r 1  38           	sec
001525r 1  ED rr rr     	sbc     _damage_top
001528r 1  A0 00        	ldy     #$00
00152Ar 1  91 rr        	sta     (sp),y
00152Cr 1  C8           	iny
00152Dr 1  A9 00        	lda     #$00
00152Fr 1  91 rr        	sta     (sp),y
001531r 1  A9 07        	lda     #$07
001533r 1  20 rr rr     	jsr     _udeks_vic_bitmap_fill
001536r 1  A9 01        	lda     #$01
001538r 1  A8           	tay
001539r 1  91 rr        L057E:	sta     (sp),y
00153Br 1  38           	sec
00153Cr 1  ED rr rr     	sbc     _active_count
00153Fr 1  90 02        	bcc     L057F
001541r 1  D0 6D        	bne     L024A
001543r 1  A9 00        L057F:	lda     #$00
001545r 1  88           	dey
001546r 1  91 rr        L057D:	sta     (sp),y
001548r 1  C9 04        	cmp     #$04
00154Ar 1  B0 5B        	bcs     L024B
00154Cr 1  B1 rr        	lda     (sp),y
00154Er 1  20 rr rr     	jsr     pusha0
001551r 1  A9 11        	lda     #$11
001553r 1  20 rr rr     	jsr     tosmula0
001556r 1  85 rr        	sta     ptr1
001558r 1  8A           	txa
001559r 1  18           	clc
00155Ar 1  69 rr        	adc     #>(_windows)
00155Cr 1  85 rr        	sta     ptr1+1
00155Er 1  A0 rr        	ldy     #<(_windows)
001560r 1  B1 rr        	lda     (ptr1),y
001562r 1  F0 39        	beq     L0253
001564r 1  A2 00        	ldx     #$00
001566r 1  A1 rr        	lda     (sp,x)
001568r 1  20 rr rr     	jsr     pusha0
00156Br 1  A9 11        	lda     #$11
00156Dr 1  20 rr rr     	jsr     tosmula0
001570r 1  18           	clc
001571r 1  69 rr        	adc     #<(_windows)
001573r 1  85 rr        	sta     ptr1
001575r 1  8A           	txa
001576r 1  69 rr        	adc     #>(_windows)
001578r 1  85 rr        	sta     ptr1+1
00157Ar 1  A0 0A        	ldy     #$0A
00157Cr 1  B1 rr        	lda     (ptr1),y
00157Er 1  A0 01        	ldy     #$01
001580r 1  D1 rr        	cmp     (sp),y
001582r 1  D0 19        	bne     L0253
001584r 1  88           	dey
001585r 1  B1 rr        	lda     (sp),y
001587r 1  18           	clc
001588r 1  69 01        	adc     #$01
00158Ar 1  A0 02        	ldy     #$02
00158Cr 1  D1 rr        	cmp     (sp),y
00158Er 1  F0 17        	beq     L024B
001590r 1  A0 00        	ldy     #$00
001592r 1  B1 rr        	lda     (sp),y
001594r 1  18           	clc
001595r 1  69 01        	adc     #$01
001597r 1  20 rr rr     	jsr     _paint_window_damage
00159Ar 1  4C rr rr     	jmp     L024B
00159Dr 1  A0 00        L0253:	ldy     #$00
00159Fr 1  18           	clc
0015A0r 1  A9 01        	lda     #$01
0015A2r 1  71 rr        	adc     (sp),y
0015A4r 1  4C rr rr     	jmp     L057D
0015A7r 1  A0 01        L024B:	ldy     #$01
0015A9r 1  18           	clc
0015AAr 1  98           	tya
0015ABr 1  71 rr        	adc     (sp),y
0015ADr 1  4C rr rr     	jmp     L057E
0015B0r 1  20 rr rr     L024A:	jsr     _udeks_vic_bitmap_reset_clip
0015B3r 1  20 rr rr     	jsr     _udeks_vic_bitmap_commit
0015B6r 1  A9 02        	lda     #$02
0015B8r 1  20 rr rr     	jsr     _udeks_vic_pointer_busy_end
0015BBr 1  A9 1E        	lda     #$1E
0015BDr 1  20 rr rr     	jsr     _increment_counter
0015C0r 1  4C rr rr     	jmp     incsp3
0015C3r 1               
0015C3r 1               .endproc
0015C3r 1               
0015C3r 1               ; ---------------------------------------------------------------
0015C3r 1               ; unsigned char __near__ top_window (void)
0015C3r 1               ; ---------------------------------------------------------------
0015C3r 1               
0015C3r 1               .segment	"CODE"
0015C3r 1               
0015C3r 1               .proc	_top_window: near
0015C3r 1               
0015C3r 1               .segment	"CODE"
0015C3r 1               
0015C3r 1  20 rr rr     	jsr     decsp1
0015C6r 1  A9 00        	lda     #$00
0015C8r 1  A8           	tay
0015C9r 1  91 rr        L0586:	sta     (sp),y
0015CBr 1  A2 00        	ldx     #$00
0015CDr 1  B1 rr        	lda     (sp),y
0015CFr 1  C9 04        	cmp     #$04
0015D1r 1  B0 4B        	bcs     L058A
0015D3r 1  20 rr rr     	jsr     pusha0
0015D6r 1  A9 11        	lda     #$11
0015D8r 1  20 rr rr     	jsr     tosmula0
0015DBr 1  85 rr        	sta     ptr1
0015DDr 1  8A           	txa
0015DEr 1  18           	clc
0015DFr 1  69 rr        	adc     #>(_windows)
0015E1r 1  85 rr        	sta     ptr1+1
0015E3r 1  A0 rr        	ldy     #<(_windows)
0015E5r 1  B1 rr        	lda     (ptr1),y
0015E7r 1  F0 2B        	beq     L0270
0015E9r 1  A2 00        	ldx     #$00
0015EBr 1  A1 rr        	lda     (sp,x)
0015EDr 1  20 rr rr     	jsr     pusha0
0015F0r 1  A9 11        	lda     #$11
0015F2r 1  20 rr rr     	jsr     tosmula0
0015F5r 1  18           	clc
0015F6r 1  69 rr        	adc     #<(_windows)
0015F8r 1  85 rr        	sta     ptr1
0015FAr 1  8A           	txa
0015FBr 1  69 rr        	adc     #>(_windows)
0015FDr 1  85 rr        	sta     ptr1+1
0015FFr 1  A0 0A        	ldy     #$0A
001601r 1  B1 rr        	lda     (ptr1),y
001603r 1  CD rr rr     	cmp     _active_count
001606r 1  D0 0C        	bne     L0270
001608r 1  A0 00        	ldy     #$00
00160Ar 1  B1 rr        	lda     (sp),y
00160Cr 1  18           	clc
00160Dr 1  69 01        	adc     #$01
00160Fr 1  A2 00        	ldx     #$00
001611r 1  4C rr rr     	jmp     incsp1
001614r 1  A0 00        L0270:	ldy     #$00
001616r 1  18           	clc
001617r 1  A9 01        	lda     #$01
001619r 1  71 rr        	adc     (sp),y
00161Br 1  4C rr rr     	jmp     L0586
00161Er 1  8A           L058A:	txa
00161Fr 1  4C rr rr     	jmp     incsp1
001622r 1               
001622r 1               .endproc
001622r 1               
001622r 1               ; ---------------------------------------------------------------
001622r 1               ; unsigned char __near__ raise_window (unsigned char)
001622r 1               ; ---------------------------------------------------------------
001622r 1               
001622r 1               .segment	"CODE"
001622r 1               
001622r 1               .proc	_raise_window: near
001622r 1               
001622r 1               .segment	"CODE"
001622r 1               
001622r 1  20 rr rr     	jsr     pusha
001625r 1  20 rr rr     	jsr     decsp4
001628r 1  A0 04        	ldy     #$04
00162Ar 1  B1 rr        	lda     (sp),y
00162Cr 1  20 rr rr     	jsr     _window_by_handle
00162Fr 1  20 rr rr     	jsr     stax0sp
001632r 1  E0 00        	cpx     #$00
001634r 1  D0 04        	bne     L0591
001636r 1  C9 00        	cmp     #$00
001638r 1  F0 17        	beq     L0593
00163Ar 1  A0 01        L0591:	ldy     #$01
00163Cr 1  B1 rr        	lda     (sp),y
00163Er 1  85 rr        	sta     ptr1+1
001640r 1  88           	dey
001641r 1  B1 rr        	lda     (sp),y
001643r 1  85 rr        	sta     ptr1
001645r 1  A0 0A        	ldy     #$0A
001647r 1  B1 rr        	lda     (ptr1),y
001649r 1  CD rr rr     	cmp     _active_count
00164Cr 1  D0 06        	bne     L0284
00164Er 1  A2 00        	ldx     #$00
001650r 1  8A           	txa
001651r 1  4C rr rr     L0593:	jmp     incsp5
001654r 1  A0 01        L0284:	ldy     #$01
001656r 1  B1 rr        	lda     (sp),y
001658r 1  85 rr        	sta     ptr1+1
00165Ar 1  88           	dey
00165Br 1  B1 rr        	lda     (sp),y
00165Dr 1  85 rr        	sta     ptr1
00165Fr 1  A0 0A        	ldy     #$0A
001661r 1  B1 rr        	lda     (ptr1),y
001663r 1  A0 02        	ldy     #$02
001665r 1  91 rr        	sta     (sp),y
001667r 1  A9 00        	lda     #$00
001669r 1  C8           	iny
00166Ar 1  91 rr        L058C:	sta     (sp),y
00166Cr 1  C9 04        	cmp     #$04
00166Er 1  B0 67        	bcs     L028C
001670r 1  B1 rr        	lda     (sp),y
001672r 1  20 rr rr     	jsr     pusha0
001675r 1  A9 11        	lda     #$11
001677r 1  20 rr rr     	jsr     tosmula0
00167Ar 1  85 rr        	sta     ptr1
00167Cr 1  8A           	txa
00167Dr 1  18           	clc
00167Er 1  69 rr        	adc     #>(_windows)
001680r 1  85 rr        	sta     ptr1+1
001682r 1  A0 rr        	ldy     #<(_windows)
001684r 1  B1 rr        	lda     (ptr1),y
001686r 1  F0 45        	beq     L028D
001688r 1  A0 03        	ldy     #$03
00168Ar 1  B1 rr        	lda     (sp),y
00168Cr 1  20 rr rr     	jsr     pusha0
00168Fr 1  A9 11        	lda     #$11
001691r 1  20 rr rr     	jsr     tosmula0
001694r 1  18           	clc
001695r 1  69 rr        	adc     #<(_windows)
001697r 1  85 rr        	sta     ptr1
001699r 1  8A           	txa
00169Ar 1  69 rr        	adc     #>(_windows)
00169Cr 1  85 rr        	sta     ptr1+1
00169Er 1  A0 0A        	ldy     #$0A
0016A0r 1  B1 rr        	lda     (ptr1),y
0016A2r 1  38           	sec
0016A3r 1  A0 02        	ldy     #$02
0016A5r 1  F1 rr        	sbc     (sp),y
0016A7r 1  85 rr        	sta     tmp1
0016A9r 1  A5 rr        	lda     tmp1
0016ABr 1  F0 20        	beq     L028D
0016ADr 1  90 1E        	bcc     L028D
0016AFr 1  C8           	iny
0016B0r 1  B1 rr        	lda     (sp),y
0016B2r 1  20 rr rr     	jsr     pusha0
0016B5r 1  A9 11        	lda     #$11
0016B7r 1  20 rr rr     	jsr     tosmula0
0016BAr 1  18           	clc
0016BBr 1  69 rr        	adc     #<(_windows)
0016BDr 1  85 rr        	sta     ptr1
0016BFr 1  8A           	txa
0016C0r 1  69 rr        	adc     #>(_windows)
0016C2r 1  85 rr        	sta     ptr1+1
0016C4r 1  A0 0A        	ldy     #$0A
0016C6r 1  B1 rr        	lda     (ptr1),y
0016C8r 1  38           	sec
0016C9r 1  E9 01        	sbc     #$01
0016CBr 1  91 rr        	sta     (ptr1),y
0016CDr 1  A0 03        L028D:	ldy     #$03
0016CFr 1  18           	clc
0016D0r 1  A9 01        	lda     #$01
0016D2r 1  71 rr        	adc     (sp),y
0016D4r 1  4C rr rr     	jmp     L058C
0016D7r 1  A0 01        L028C:	ldy     #$01
0016D9r 1  B1 rr        	lda     (sp),y
0016DBr 1  85 rr        	sta     ptr1+1
0016DDr 1  88           	dey
0016DEr 1  B1 rr        	lda     (sp),y
0016E0r 1  85 rr        	sta     ptr1
0016E2r 1  AD rr rr     	lda     _active_count
0016E5r 1  A0 0A        	ldy     #$0A
0016E7r 1  91 rr        	sta     (ptr1),y
0016E9r 1  A2 00        	ldx     #$00
0016EBr 1  A9 01        	lda     #$01
0016EDr 1  4C rr rr     	jmp     incsp5
0016F0r 1               
0016F0r 1               .endproc
0016F0r 1               
0016F0r 1               ; ---------------------------------------------------------------
0016F0r 1               ; unsigned char __near__ top_window_at (unsigned int, unsigned char)
0016F0r 1               ; ---------------------------------------------------------------
0016F0r 1               
0016F0r 1               .segment	"CODE"
0016F0r 1               
0016F0r 1               .proc	_top_window_at: near
0016F0r 1               
0016F0r 1               .segment	"CODE"
0016F0r 1               
0016F0r 1  20 rr rr     	jsr     pusha
0016F3r 1  20 rr rr     	jsr     decsp3
0016F6r 1  A9 00        	lda     #$00
0016F8r 1  A0 01        	ldy     #$01
0016FAr 1  91 rr        	sta     (sp),y
0016FCr 1  88           	dey
0016FDr 1  91 rr        	sta     (sp),y
0016FFr 1  A0 02        	ldy     #$02
001701r 1  91 rr        L0594:	sta     (sp),y
001703r 1  C9 04        	cmp     #$04
001705r 1  90 03 4C rr  	jcs     L02A4
001709r 1  rr           
00170Ar 1  B1 rr        	lda     (sp),y
00170Cr 1  20 rr rr     	jsr     pusha0
00170Fr 1  A9 11        	lda     #$11
001711r 1  20 rr rr     	jsr     tosmula0
001714r 1  85 rr        	sta     ptr1
001716r 1  8A           	txa
001717r 1  18           	clc
001718r 1  69 rr        	adc     #>(_windows)
00171Ar 1  85 rr        	sta     ptr1+1
00171Cr 1  A0 rr        	ldy     #<(_windows)
00171Er 1  B1 rr        	lda     (ptr1),y
001720r 1  D0 03 4C rr  	jeq     L02A5
001724r 1  rr           
001725r 1  A0 02        	ldy     #$02
001727r 1  B1 rr        	lda     (sp),y
001729r 1  20 rr rr     	jsr     pusha0
00172Cr 1  A9 11        	lda     #$11
00172Er 1  20 rr rr     	jsr     tosmula0
001731r 1  18           	clc
001732r 1  69 rr        	adc     #<(_windows)
001734r 1  85 rr        	sta     ptr1
001736r 1  8A           	txa
001737r 1  69 rr        	adc     #>(_windows)
001739r 1  85 rr        	sta     ptr1+1
00173Br 1  A0 03        	ldy     #$03
00173Dr 1  B1 rr        	lda     (ptr1),y
00173Fr 1  29 01        	and     #$01
001741r 1  D0 03 4C rr  	jeq     L02A5
001745r 1  rr           
001746r 1  20 rr rr     	jsr     decsp3
001749r 1  A0 08        	ldy     #$08
00174Br 1  B1 rr        	lda     (sp),y
00174Dr 1  AA           	tax
00174Er 1  88           	dey
00174Fr 1  B1 rr        	lda     (sp),y
001751r 1  A0 01        	ldy     #$01
001753r 1  91 rr        	sta     (sp),y
001755r 1  C8           	iny
001756r 1  8A           	txa
001757r 1  91 rr        	sta     (sp),y
001759r 1  A0 06        	ldy     #$06
00175Br 1  B1 rr        	lda     (sp),y
00175Dr 1  A0 00        	ldy     #$00
00175Fr 1  91 rr        	sta     (sp),y
001761r 1  A0 05        	ldy     #$05
001763r 1  B1 rr        	lda     (sp),y
001765r 1  20 rr rr     	jsr     pusha0
001768r 1  A9 11        	lda     #$11
00176Ar 1  20 rr rr     	jsr     tosmula0
00176Dr 1  18           	clc
00176Er 1  69 rr        	adc     #<(_windows)
001770r 1  A8           	tay
001771r 1  8A           	txa
001772r 1  69 rr        	adc     #>(_windows)
001774r 1  AA           	tax
001775r 1  98           	tya
001776r 1  20 rr rr     	jsr     _point_inside
001779r 1  C9 00        	cmp     #$00
00177Br 1  F0 4C        	beq     L02A5
00177Dr 1  A0 01        	ldy     #$01
00177Fr 1  B1 rr        	lda     (sp),y
001781r 1  F0 1F        	beq     L0599
001783r 1  C8           	iny
001784r 1  B1 rr        	lda     (sp),y
001786r 1  20 rr rr     	jsr     pusha0
001789r 1  A9 11        	lda     #$11
00178Br 1  20 rr rr     	jsr     tosmula0
00178Er 1  18           	clc
00178Fr 1  69 rr        	adc     #<(_windows)
001791r 1  85 rr        	sta     ptr1
001793r 1  8A           	txa
001794r 1  69 rr        	adc     #>(_windows)
001796r 1  85 rr        	sta     ptr1+1
001798r 1  A0 0A        	ldy     #$0A
00179Ar 1  B1 rr        	lda     (ptr1),y
00179Cr 1  A0 00        	ldy     #$00
00179Er 1  D1 rr        	cmp     (sp),y
0017A0r 1  90 27        	bcc     L02A5
0017A2r 1  A0 02        L0599:	ldy     #$02
0017A4r 1  B1 rr        	lda     (sp),y
0017A6r 1  18           	clc
0017A7r 1  69 01        	adc     #$01
0017A9r 1  88           	dey
0017AAr 1  91 rr        	sta     (sp),y
0017ACr 1  C8           	iny
0017ADr 1  B1 rr        	lda     (sp),y
0017AFr 1  20 rr rr     	jsr     pusha0
0017B2r 1  A9 11        	lda     #$11
0017B4r 1  20 rr rr     	jsr     tosmula0
0017B7r 1  18           	clc
0017B8r 1  69 rr        	adc     #<(_windows)
0017BAr 1  85 rr        	sta     ptr1
0017BCr 1  8A           	txa
0017BDr 1  69 rr        	adc     #>(_windows)
0017BFr 1  85 rr        	sta     ptr1+1
0017C1r 1  A0 0A        	ldy     #$0A
0017C3r 1  B1 rr        	lda     (ptr1),y
0017C5r 1  A0 00        	ldy     #$00
0017C7r 1  91 rr        	sta     (sp),y
0017C9r 1  A0 02        L02A5:	ldy     #$02
0017CBr 1  18           	clc
0017CCr 1  A9 01        	lda     #$01
0017CEr 1  71 rr        	adc     (sp),y
0017D0r 1  4C rr rr     	jmp     L0594
0017D3r 1  88           L02A4:	dey
0017D4r 1  A2 00        	ldx     #$00
0017D6r 1  B1 rr        	lda     (sp),y
0017D8r 1  4C rr rr     	jmp     incsp6
0017DBr 1               
0017DBr 1               .endproc
0017DBr 1               
0017DBr 1               ; ---------------------------------------------------------------
0017DBr 1               ; unsigned char __near__ close_hit (unsigned int, unsigned char, __near__ const struct udeks_window *)
0017DBr 1               ; ---------------------------------------------------------------
0017DBr 1               
0017DBr 1               .segment	"CODE"
0017DBr 1               
0017DBr 1               .proc	_close_hit: near
0017DBr 1               
0017DBr 1               .segment	"CODE"
0017DBr 1               
0017DBr 1  20 rr rr     	jsr     pushax
0017DEr 1  20 rr rr     	jsr     decsp2
0017E1r 1  A0 03        	ldy     #$03
0017E3r 1  B1 rr        	lda     (sp),y
0017E5r 1  85 rr        	sta     ptr1+1
0017E7r 1  88           	dey
0017E8r 1  B1 rr        	lda     (sp),y
0017EAr 1  85 rr        	sta     ptr1
0017ECr 1  C8           	iny
0017EDr 1  B1 rr        	lda     (ptr1),y
0017EFr 1  29 04        	and     #$04
0017F1r 1  D0 04        	bne     L059A
0017F3r 1  AA           	tax
0017F4r 1  4C rr rr     	jmp     incsp7
0017F7r 1  B1 rr        L059A:	lda     (sp),y
0017F9r 1  85 rr        	sta     ptr1+1
0017FBr 1  88           	dey
0017FCr 1  B1 rr        	lda     (sp),y
0017FEr 1  85 rr        	sta     ptr1
001800r 1  A0 05        	ldy     #$05
001802r 1  B1 rr        	lda     (ptr1),y
001804r 1  AA           	tax
001805r 1  88           	dey
001806r 1  B1 rr        	lda     (ptr1),y
001808r 1  20 rr rr     	jsr     pushax
00180Br 1  A0 05        	ldy     #$05
00180Dr 1  B1 rr        	lda     (sp),y
00180Fr 1  85 rr        	sta     ptr1+1
001811r 1  88           	dey
001812r 1  B1 rr        	lda     (sp),y
001814r 1  85 rr        	sta     ptr1
001816r 1  A0 08        	ldy     #$08
001818r 1  B1 rr        	lda     (ptr1),y
00181Ar 1  AA           	tax
00181Br 1  88           	dey
00181Cr 1  B1 rr        	lda     (ptr1),y
00181Er 1  20 rr rr     	jsr     tosaddax
001821r 1  38           	sec
001822r 1  E9 0C        	sbc     #$0C
001824r 1  B0 01        	bcs     L02CA
001826r 1  CA           	dex
001827r 1  20 rr rr     L02CA:	jsr     stax0sp
00182Ar 1  A0 06        	ldy     #$06
00182Cr 1  B1 rr        	lda     (sp),y
00182Er 1  AA           	tax
00182Fr 1  88           	dey
001830r 1  B1 rr        	lda     (sp),y
001832r 1  A0 00        	ldy     #$00
001834r 1  D1 rr        	cmp     (sp),y
001836r 1  8A           	txa
001837r 1  C8           	iny
001838r 1  F1 rr        	sbc     (sp),y
00183Ar 1  A9 00        	lda     #$00
00183Cr 1  AA           	tax
00183Dr 1  90 66        	bcc     L02C2
00183Fr 1  A0 08        	ldy     #$08
001841r 1  20 rr rr     	jsr     pushwysp
001844r 1  A0 03        	ldy     #$03
001846r 1  B1 rr        	lda     (sp),y
001848r 1  AA           	tax
001849r 1  88           	dey
00184Ar 1  B1 rr        	lda     (sp),y
00184Cr 1  18           	clc
00184Dr 1  69 08        	adc     #$08
00184Fr 1  90 01        	bcc     L02CD
001851r 1  E8           	inx
001852r 1  20 rr rr     L02CD:	jsr     tosicmp
001855r 1  B0 44        	bcs     L02CC
001857r 1  A0 04        	ldy     #$04
001859r 1  B1 rr        	lda     (sp),y
00185Br 1  20 rr rr     	jsr     pusha0
00185Er 1  A0 05        	ldy     #$05
001860r 1  B1 rr        	lda     (sp),y
001862r 1  85 rr        	sta     ptr1+1
001864r 1  88           	dey
001865r 1  B1 rr        	lda     (sp),y
001867r 1  85 rr        	sta     ptr1
001869r 1  A0 06        	ldy     #$06
00186Br 1  B1 rr        	lda     (ptr1),y
00186Dr 1  18           	clc
00186Er 1  69 03        	adc     #$03
001870r 1  90 02        	bcc     L02CE
001872r 1  A2 01        	ldx     #$01
001874r 1  20 rr rr     L02CE:	jsr     tosicmp
001877r 1  90 22        	bcc     L02CC
001879r 1  A0 04        	ldy     #$04
00187Br 1  B1 rr        	lda     (sp),y
00187Dr 1  20 rr rr     	jsr     pusha0
001880r 1  A0 05        	ldy     #$05
001882r 1  B1 rr        	lda     (sp),y
001884r 1  85 rr        	sta     ptr1+1
001886r 1  88           	dey
001887r 1  B1 rr        	lda     (sp),y
001889r 1  85 rr        	sta     ptr1
00188Br 1  A0 06        	ldy     #$06
00188Dr 1  B1 rr        	lda     (ptr1),y
00188Fr 1  18           	clc
001890r 1  69 0B        	adc     #$0B
001892r 1  90 02        	bcc     L02CF
001894r 1  A2 01        	ldx     #$01
001896r 1  20 rr rr     L02CF:	jsr     tosicmp
001899r 1  90 06        	bcc     L02CB
00189Br 1  A2 00        L02CC:	ldx     #$00
00189Dr 1  8A           	txa
00189Er 1  4C rr rr     	jmp     incsp7
0018A1r 1  A9 01        L02CB:	lda     #$01
0018A3r 1  A2 00        	ldx     #$00
0018A5r 1  4C rr rr     L02C2:	jmp     incsp7
0018A8r 1               
0018A8r 1               .endproc
0018A8r 1               
0018A8r 1               ; ---------------------------------------------------------------
0018A8r 1               ; unsigned char __near__ title_hit (unsigned int, unsigned char, __near__ const struct udeks_window *)
0018A8r 1               ; ---------------------------------------------------------------
0018A8r 1               
0018A8r 1               .segment	"CODE"
0018A8r 1               
0018A8r 1               .proc	_title_hit: near
0018A8r 1               
0018A8r 1               .segment	"CODE"
0018A8r 1               
0018A8r 1  20 rr rr     	jsr     pushax
0018ABr 1  A0 01        	ldy     #$01
0018ADr 1  B1 rr        	lda     (sp),y
0018AFr 1  85 rr        	sta     ptr1+1
0018B1r 1  88           	dey
0018B2r 1  B1 rr        	lda     (sp),y
0018B4r 1  85 rr        	sta     ptr1
0018B6r 1  A0 03        	ldy     #$03
0018B8r 1  B1 rr        	lda     (ptr1),y
0018BAr 1  A2 00        	ldx     #$00
0018BCr 1  29 02        	and     #$02
0018BEr 1  D0 03        	bne     L05A0
0018C0r 1  4C rr rr     	jmp     incsp5
0018C3r 1  A0 06        L05A0:	ldy     #$06
0018C5r 1  20 rr rr     	jsr     pushwysp
0018C8r 1  A0 03        	ldy     #$03
0018CAr 1  B1 rr        	lda     (sp),y
0018CCr 1  85 rr        	sta     ptr1+1
0018CEr 1  88           	dey
0018CFr 1  B1 rr        	lda     (sp),y
0018D1r 1  85 rr        	sta     ptr1
0018D3r 1  A0 05        	ldy     #$05
0018D5r 1  B1 rr        	lda     (ptr1),y
0018D7r 1  AA           	tax
0018D8r 1  88           	dey
0018D9r 1  B1 rr        	lda     (ptr1),y
0018DBr 1  20 rr rr     	jsr     tosicmp
0018DEr 1  90 73        	bcc     L02D5
0018E0r 1  A0 06        	ldy     #$06
0018E2r 1  20 rr rr     	jsr     pushwysp
0018E5r 1  A0 03        	ldy     #$03
0018E7r 1  B1 rr        	lda     (sp),y
0018E9r 1  85 rr        	sta     ptr1+1
0018EBr 1  88           	dey
0018ECr 1  B1 rr        	lda     (sp),y
0018EEr 1  85 rr        	sta     ptr1
0018F0r 1  A0 05        	ldy     #$05
0018F2r 1  B1 rr        	lda     (ptr1),y
0018F4r 1  AA           	tax
0018F5r 1  88           	dey
0018F6r 1  B1 rr        	lda     (ptr1),y
0018F8r 1  20 rr rr     	jsr     pushax
0018FBr 1  A0 05        	ldy     #$05
0018FDr 1  B1 rr        	lda     (sp),y
0018FFr 1  85 rr        	sta     ptr1+1
001901r 1  88           	dey
001902r 1  B1 rr        	lda     (sp),y
001904r 1  85 rr        	sta     ptr1
001906r 1  A0 08        	ldy     #$08
001908r 1  B1 rr        	lda     (ptr1),y
00190Ar 1  AA           	tax
00190Br 1  88           	dey
00190Cr 1  B1 rr        	lda     (ptr1),y
00190Er 1  20 rr rr     	jsr     tosaddax
001911r 1  20 rr rr     	jsr     tosicmp
001914r 1  B0 3D        	bcs     L02D5
001916r 1  A0 02        	ldy     #$02
001918r 1  B1 rr        	lda     (sp),y
00191Ar 1  20 rr rr     	jsr     pusha0
00191Dr 1  A0 03        	ldy     #$03
00191Fr 1  B1 rr        	lda     (sp),y
001921r 1  85 rr        	sta     ptr1+1
001923r 1  88           	dey
001924r 1  B1 rr        	lda     (sp),y
001926r 1  85 rr        	sta     ptr1
001928r 1  A0 06        	ldy     #$06
00192Ar 1  B1 rr        	lda     (ptr1),y
00192Cr 1  20 rr rr     	jsr     tosicmp0
00192Fr 1  90 22        	bcc     L02D5
001931r 1  A0 02        	ldy     #$02
001933r 1  B1 rr        	lda     (sp),y
001935r 1  20 rr rr     	jsr     pusha0
001938r 1  A0 03        	ldy     #$03
00193Ar 1  B1 rr        	lda     (sp),y
00193Cr 1  85 rr        	sta     ptr1+1
00193Er 1  88           	dey
00193Fr 1  B1 rr        	lda     (sp),y
001941r 1  85 rr        	sta     ptr1
001943r 1  A0 06        	ldy     #$06
001945r 1  B1 rr        	lda     (ptr1),y
001947r 1  18           	clc
001948r 1  69 0D        	adc     #$0D
00194Ar 1  90 02        	bcc     L02D6
00194Cr 1  A2 01        	ldx     #$01
00194Er 1  20 rr rr     L02D6:	jsr     tosicmp
001951r 1  90 06        	bcc     L02D2
001953r 1  A2 00        L02D5:	ldx     #$00
001955r 1  8A           	txa
001956r 1  4C rr rr     	jmp     incsp5
001959r 1  A9 01        L02D2:	lda     #$01
00195Br 1  A2 00        	ldx     #$00
00195Dr 1  4C rr rr     	jmp     incsp5
001960r 1               
001960r 1               .endproc
001960r 1               
001960r 1               ; ---------------------------------------------------------------
001960r 1               ; unsigned char __near__ resize_hit (unsigned int, unsigned char, __near__ const struct udeks_window *)
001960r 1               ; ---------------------------------------------------------------
001960r 1               
001960r 1               .segment	"CODE"
001960r 1               
001960r 1               .proc	_resize_hit: near
001960r 1               
001960r 1               .segment	"CODE"
001960r 1               
001960r 1  20 rr rr     	jsr     pushax
001963r 1  A0 01        	ldy     #$01
001965r 1  B1 rr        	lda     (sp),y
001967r 1  85 rr        	sta     ptr1+1
001969r 1  88           	dey
00196Ar 1  B1 rr        	lda     (sp),y
00196Cr 1  85 rr        	sta     ptr1
00196Er 1  A0 03        	ldy     #$03
001970r 1  B1 rr        	lda     (ptr1),y
001972r 1  A2 00        	ldx     #$00
001974r 1  29 08        	and     #$08
001976r 1  F0 7C        	beq     L05A3
001978r 1  A0 06        	ldy     #$06
00197Ar 1  20 rr rr     	jsr     pushwysp
00197Dr 1  A0 03        	ldy     #$03
00197Fr 1  B1 rr        	lda     (sp),y
001981r 1  85 rr        	sta     ptr1+1
001983r 1  88           	dey
001984r 1  B1 rr        	lda     (sp),y
001986r 1  85 rr        	sta     ptr1
001988r 1  A0 05        	ldy     #$05
00198Ar 1  B1 rr        	lda     (ptr1),y
00198Cr 1  AA           	tax
00198Dr 1  88           	dey
00198Er 1  B1 rr        	lda     (ptr1),y
001990r 1  20 rr rr     	jsr     pushax
001993r 1  A0 05        	ldy     #$05
001995r 1  B1 rr        	lda     (sp),y
001997r 1  85 rr        	sta     ptr1+1
001999r 1  88           	dey
00199Ar 1  B1 rr        	lda     (sp),y
00199Cr 1  85 rr        	sta     ptr1
00199Er 1  A0 08        	ldy     #$08
0019A0r 1  B1 rr        	lda     (ptr1),y
0019A2r 1  AA           	tax
0019A3r 1  88           	dey
0019A4r 1  B1 rr        	lda     (ptr1),y
0019A6r 1  20 rr rr     	jsr     tosaddax
0019A9r 1  38           	sec
0019AAr 1  E9 0A        	sbc     #$0A
0019ACr 1  B0 01        	bcs     L02DD
0019AEr 1  CA           	dex
0019AFr 1  20 rr rr     L02DD:	jsr     tosicmp
0019B2r 1  90 36        	bcc     L02DC
0019B4r 1  A0 02        	ldy     #$02
0019B6r 1  B1 rr        	lda     (sp),y
0019B8r 1  20 rr rr     	jsr     pusha0
0019BBr 1  A0 03        	ldy     #$03
0019BDr 1  B1 rr        	lda     (sp),y
0019BFr 1  85 rr        	sta     ptr1+1
0019C1r 1  88           	dey
0019C2r 1  B1 rr        	lda     (sp),y
0019C4r 1  85 rr        	sta     ptr1
0019C6r 1  A0 06        	ldy     #$06
0019C8r 1  B1 rr        	lda     (ptr1),y
0019CAr 1  20 rr rr     	jsr     pusha0
0019CDr 1  A0 05        	ldy     #$05
0019CFr 1  B1 rr        	lda     (sp),y
0019D1r 1  85 rr        	sta     ptr1+1
0019D3r 1  88           	dey
0019D4r 1  B1 rr        	lda     (sp),y
0019D6r 1  85 rr        	sta     ptr1
0019D8r 1  A0 09        	ldy     #$09
0019DAr 1  B1 rr        	lda     (ptr1),y
0019DCr 1  20 rr rr     	jsr     tosadda0
0019DFr 1  38           	sec
0019E0r 1  E9 0A        	sbc     #$0A
0019E2r 1  B0 01        	bcs     L02DE
0019E4r 1  CA           	dex
0019E5r 1  20 rr rr     L02DE:	jsr     tosicmp
0019E8r 1  B0 06        	bcs     L02D9
0019EAr 1  A2 00        L02DC:	ldx     #$00
0019ECr 1  8A           	txa
0019EDr 1  4C rr rr     	jmp     incsp5
0019F0r 1  A9 01        L02D9:	lda     #$01
0019F2r 1  A2 00        	ldx     #$00
0019F4r 1  4C rr rr     L05A3:	jmp     incsp5
0019F7r 1               
0019F7r 1               .endproc
0019F7r 1               
0019F7r 1               ; ---------------------------------------------------------------
0019F7r 1               ; void __near__ begin_drag (unsigned char, unsigned int, unsigned char, unsigned char)
0019F7r 1               ; ---------------------------------------------------------------
0019F7r 1               
0019F7r 1               .segment	"CODE"
0019F7r 1               
0019F7r 1               .proc	_begin_drag: near
0019F7r 1               
0019F7r 1               .segment	"CODE"
0019F7r 1               
0019F7r 1  20 rr rr     	jsr     pusha
0019FAr 1  20 rr rr     	jsr     decsp2
0019FDr 1  A0 06        	ldy     #$06
0019FFr 1  B1 rr        	lda     (sp),y
001A01r 1  20 rr rr     	jsr     _window_by_handle
001A04r 1  20 rr rr     	jsr     stax0sp
001A07r 1  E0 00        	cpx     #$00
001A09r 1  D0 07        	bne     L05A4
001A0Br 1  C9 00        	cmp     #$00
001A0Dr 1  D0 03        	bne     L05A4
001A0Fr 1  4C rr rr     	jmp     incsp7
001A12r 1  A0 06        L05A4:	ldy     #$06
001A14r 1  B1 rr        	lda     (sp),y
001A16r 1  8D rr rr     	sta     _dragging_handle
001A19r 1  A0 02        	ldy     #$02
001A1Br 1  B1 rr        	lda     (sp),y
001A1Dr 1  8D rr rr     	sta     _drag_mode
001A20r 1  A0 07        	ldy     #$07
001A22r 1  20 rr rr     	jsr     pushwysp
001A25r 1  A0 03        	ldy     #$03
001A27r 1  B1 rr        	lda     (sp),y
001A29r 1  85 rr        	sta     ptr1+1
001A2Br 1  88           	dey
001A2Cr 1  B1 rr        	lda     (sp),y
001A2Er 1  85 rr        	sta     ptr1
001A30r 1  A0 05        	ldy     #$05
001A32r 1  B1 rr        	lda     (ptr1),y
001A34r 1  AA           	tax
001A35r 1  88           	dey
001A36r 1  B1 rr        	lda     (ptr1),y
001A38r 1  20 rr rr     	jsr     tossubax
001A3Br 1  8D rr rr     	sta     _drag_pointer_x
001A3Er 1  8E rr rr     	stx     _drag_pointer_x+1
001A41r 1  A0 03        	ldy     #$03
001A43r 1  B1 rr        	lda     (sp),y
001A45r 1  20 rr rr     	jsr     pusha0
001A48r 1  A0 03        	ldy     #$03
001A4Ar 1  B1 rr        	lda     (sp),y
001A4Cr 1  85 rr        	sta     ptr1+1
001A4Er 1  88           	dey
001A4Fr 1  B1 rr        	lda     (sp),y
001A51r 1  85 rr        	sta     ptr1
001A53r 1  A0 06        	ldy     #$06
001A55r 1  B1 rr        	lda     (ptr1),y
001A57r 1  20 rr rr     	jsr     tossuba0
001A5Ar 1  8D rr rr     	sta     _drag_pointer_y
001A5Dr 1  A0 01        	ldy     #$01
001A5Fr 1  B1 rr        	lda     (sp),y
001A61r 1  85 rr        	sta     ptr1+1
001A63r 1  88           	dey
001A64r 1  B1 rr        	lda     (sp),y
001A66r 1  85 rr        	sta     ptr1
001A68r 1  A0 05        	ldy     #$05
001A6Ar 1  B1 rr        	lda     (ptr1),y
001A6Cr 1  8D rr rr     	sta     _drag_x+1
001A6Fr 1  88           	dey
001A70r 1  B1 rr        	lda     (ptr1),y
001A72r 1  8D rr rr     	sta     _drag_x
001A75r 1  A0 01        	ldy     #$01
001A77r 1  B1 rr        	lda     (sp),y
001A79r 1  85 rr        	sta     ptr1+1
001A7Br 1  88           	dey
001A7Cr 1  B1 rr        	lda     (sp),y
001A7Er 1  85 rr        	sta     ptr1
001A80r 1  A0 06        	ldy     #$06
001A82r 1  B1 rr        	lda     (ptr1),y
001A84r 1  8D rr rr     	sta     _drag_y
001A87r 1  A0 01        	ldy     #$01
001A89r 1  B1 rr        	lda     (sp),y
001A8Br 1  85 rr        	sta     ptr1+1
001A8Dr 1  88           	dey
001A8Er 1  B1 rr        	lda     (sp),y
001A90r 1  85 rr        	sta     ptr1
001A92r 1  A0 08        	ldy     #$08
001A94r 1  B1 rr        	lda     (ptr1),y
001A96r 1  8D rr rr     	sta     _drag_width+1
001A99r 1  88           	dey
001A9Ar 1  B1 rr        	lda     (ptr1),y
001A9Cr 1  8D rr rr     	sta     _drag_width
001A9Fr 1  A0 01        	ldy     #$01
001AA1r 1  B1 rr        	lda     (sp),y
001AA3r 1  85 rr        	sta     ptr1+1
001AA5r 1  88           	dey
001AA6r 1  B1 rr        	lda     (sp),y
001AA8r 1  85 rr        	sta     ptr1
001AAAr 1  A0 09        	ldy     #$09
001AACr 1  B1 rr        	lda     (ptr1),y
001AAEr 1  8D rr rr     	sta     _drag_height
001AB1r 1  A0 01        	ldy     #$01
001AB3r 1  B1 rr        	lda     (sp),y
001AB5r 1  AA           	tax
001AB6r 1  88           	dey
001AB7r 1  B1 rr        	lda     (sp),y
001AB9r 1  20 rr rr     	jsr     _damage_set
001ABCr 1  A0 06        	ldy     #$06
001ABEr 1  B1 rr        	lda     (sp),y
001AC0r 1  20 rr rr     	jsr     _compose_damage
001AC3r 1  20 rr rr     	jsr     decsp5
001AC6r 1  AD rr rr     	lda     _drag_x
001AC9r 1  A0 03        	ldy     #$03
001ACBr 1  91 rr        	sta     (sp),y
001ACDr 1  C8           	iny
001ACEr 1  AD rr rr     	lda     _drag_x+1
001AD1r 1  91 rr        	sta     (sp),y
001AD3r 1  AD rr rr     	lda     _drag_y
001AD6r 1  A0 02        	ldy     #$02
001AD8r 1  91 rr        	sta     (sp),y
001ADAr 1  A0 06        	ldy     #$06
001ADCr 1  B1 rr        	lda     (sp),y
001ADEr 1  85 rr        	sta     ptr1+1
001AE0r 1  88           	dey
001AE1r 1  B1 rr        	lda     (sp),y
001AE3r 1  85 rr        	sta     ptr1
001AE5r 1  A0 08        	ldy     #$08
001AE7r 1  B1 rr        	lda     (ptr1),y
001AE9r 1  AA           	tax
001AEAr 1  88           	dey
001AEBr 1  B1 rr        	lda     (ptr1),y
001AEDr 1  A0 00        	ldy     #$00
001AEFr 1  91 rr        	sta     (sp),y
001AF1r 1  C8           	iny
001AF2r 1  8A           	txa
001AF3r 1  91 rr        	sta     (sp),y
001AF5r 1  A0 06        	ldy     #$06
001AF7r 1  B1 rr        	lda     (sp),y
001AF9r 1  85 rr        	sta     ptr1+1
001AFBr 1  88           	dey
001AFCr 1  B1 rr        	lda     (sp),y
001AFEr 1  85 rr        	sta     ptr1
001B00r 1  A0 09        	ldy     #$09
001B02r 1  B1 rr        	lda     (ptr1),y
001B04r 1  20 rr rr     	jsr     _udeks_vic_bitmap_outline_toggle
001B07r 1  A9 18        	lda     #$18
001B09r 1  20 rr rr     	jsr     _increment_counter
001B0Cr 1  4C rr rr     	jmp     incsp7
001B0Fr 1               
001B0Fr 1               .endproc
001B0Fr 1               
001B0Fr 1               ; ---------------------------------------------------------------
001B0Fr 1               ; void __near__ move_drag (unsigned int, unsigned char)
001B0Fr 1               ; ---------------------------------------------------------------
001B0Fr 1               
001B0Fr 1               .segment	"CODE"
001B0Fr 1               
001B0Fr 1               .proc	_move_drag: near
001B0Fr 1               
001B0Fr 1               .segment	"CODE"
001B0Fr 1               
001B0Fr 1  20 rr rr     	jsr     pusha
001B12r 1  20 rr rr     	jsr     decsp5
001B15r 1  AD rr rr     	lda     _dragging_handle
001B18r 1  20 rr rr     	jsr     _window_by_handle
001B1Br 1  A0 03        	ldy     #$03
001B1Dr 1  20 rr rr     	jsr     staxysp
001B20r 1  E0 00        	cpx     #$00
001B22r 1  D0 0A        	bne     L0307
001B24r 1  C9 00        	cmp     #$00
001B26r 1  D0 06        	bne     L0307
001B28r 1  8D rr rr     	sta     _dragging_handle
001B2Br 1  4C rr rr     	jmp     incsp8
001B2Er 1  A0 07        L0307:	ldy     #$07
001B30r 1  B1 rr        	lda     (sp),y
001B32r 1  AA           	tax
001B33r 1  88           	dey
001B34r 1  B1 rr        	lda     (sp),y
001B36r 1  38           	sec
001B37r 1  ED rr rr     	sbc     _drag_pointer_x
001B3Ar 1  85 rr        	sta     tmp1
001B3Cr 1  8A           	txa
001B3Dr 1  ED rr rr     	sbc     _drag_pointer_x+1
001B40r 1  05 rr        	ora     tmp1
001B42r 1  90 17        	bcc     L030E
001B44r 1  F0 15        	beq     L030E
001B46r 1  C8           	iny
001B47r 1  B1 rr        	lda     (sp),y
001B49r 1  AA           	tax
001B4Ar 1  88           	dey
001B4Br 1  B1 rr        	lda     (sp),y
001B4Dr 1  38           	sec
001B4Er 1  ED rr rr     	sbc     _drag_pointer_x
001B51r 1  48           	pha
001B52r 1  8A           	txa
001B53r 1  ED rr rr     	sbc     _drag_pointer_x+1
001B56r 1  AA           	tax
001B57r 1  68           	pla
001B58r 1  4C rr rr     	jmp     L0310
001B5Br 1  A2 00        L030E:	ldx     #$00
001B5Dr 1  8A           	txa
001B5Er 1  A0 01        L0310:	ldy     #$01
001B60r 1  20 rr rr     	jsr     staxysp
001B63r 1  A0 05        	ldy     #$05
001B65r 1  B1 rr        	lda     (sp),y
001B67r 1  38           	sec
001B68r 1  ED rr rr     	sbc     _drag_pointer_y
001B6Br 1  90 0B        	bcc     L05A7
001B6Dr 1  F0 09        	beq     L05A7
001B6Fr 1  B1 rr        	lda     (sp),y
001B71r 1  38           	sec
001B72r 1  ED rr rr     	sbc     _drag_pointer_y
001B75r 1  4C rr rr     	jmp     L05A8
001B78r 1  A9 00        L05A7:	lda     #$00
001B7Ar 1  A0 00        L05A8:	ldy     #$00
001B7Cr 1  91 rr        	sta     (sp),y
001B7Er 1  A0 04        	ldy     #$04
001B80r 1  20 rr rr     	jsr     pushwysp
001B83r 1  A2 01        	ldx     #$01
001B85r 1  A9 40        	lda     #$40
001B87r 1  20 rr rr     	jsr     pushax
001B8Ar 1  A0 08        	ldy     #$08
001B8Cr 1  B1 rr        	lda     (sp),y
001B8Er 1  85 rr        	sta     ptr1+1
001B90r 1  88           	dey
001B91r 1  B1 rr        	lda     (sp),y
001B93r 1  85 rr        	sta     ptr1
001B95r 1  C8           	iny
001B96r 1  B1 rr        	lda     (ptr1),y
001B98r 1  AA           	tax
001B99r 1  88           	dey
001B9Ar 1  B1 rr        	lda     (ptr1),y
001B9Cr 1  20 rr rr     	jsr     tossubax
001B9Fr 1  20 rr rr     	jsr     tosicmp
001BA2r 1  90 24        	bcc     L0319
001BA4r 1  F0 22        	beq     L0319
001BA6r 1  A2 01        	ldx     #$01
001BA8r 1  A9 40        	lda     #$40
001BAAr 1  20 rr rr     	jsr     pushax
001BADr 1  A0 06        	ldy     #$06
001BAFr 1  B1 rr        	lda     (sp),y
001BB1r 1  85 rr        	sta     ptr1+1
001BB3r 1  88           	dey
001BB4r 1  B1 rr        	lda     (sp),y
001BB6r 1  85 rr        	sta     ptr1
001BB8r 1  A0 08        	ldy     #$08
001BBAr 1  B1 rr        	lda     (ptr1),y
001BBCr 1  AA           	tax
001BBDr 1  88           	dey
001BBEr 1  B1 rr        	lda     (ptr1),y
001BC0r 1  20 rr rr     	jsr     tossubax
001BC3r 1  A0 01        	ldy     #$01
001BC5r 1  20 rr rr     	jsr     staxysp
001BC8r 1  A2 00        L0319:	ldx     #$00
001BCAr 1  A1 rr        	lda     (sp,x)
001BCCr 1  20 rr rr     	jsr     pusha0
001BCFr 1  A9 C8        	lda     #$C8
001BD1r 1  20 rr rr     	jsr     pusha0
001BD4r 1  A0 08        	ldy     #$08
001BD6r 1  B1 rr        	lda     (sp),y
001BD8r 1  85 rr        	sta     ptr1+1
001BDAr 1  88           	dey
001BDBr 1  B1 rr        	lda     (sp),y
001BDDr 1  85 rr        	sta     ptr1
001BDFr 1  A0 09        	ldy     #$09
001BE1r 1  B1 rr        	lda     (ptr1),y
001BE3r 1  20 rr rr     	jsr     tossuba0
001BE6r 1  20 rr rr     	jsr     tosicmp
001BE9r 1  90 1D        	bcc     L031D
001BEBr 1  F0 1B        	beq     L031D
001BEDr 1  A9 C8        	lda     #$C8
001BEFr 1  20 rr rr     	jsr     pusha0
001BF2r 1  A0 06        	ldy     #$06
001BF4r 1  B1 rr        	lda     (sp),y
001BF6r 1  85 rr        	sta     ptr1+1
001BF8r 1  88           	dey
001BF9r 1  B1 rr        	lda     (sp),y
001BFBr 1  85 rr        	sta     ptr1
001BFDr 1  A0 09        	ldy     #$09
001BFFr 1  B1 rr        	lda     (ptr1),y
001C01r 1  20 rr rr     	jsr     tossuba0
001C04r 1  A0 00        	ldy     #$00
001C06r 1  91 rr        	sta     (sp),y
001C08r 1  A0 02        L031D:	ldy     #$02
001C0Ar 1  B1 rr        	lda     (sp),y
001C0Cr 1  AA           	tax
001C0Dr 1  88           	dey
001C0Er 1  B1 rr        	lda     (sp),y
001C10r 1  EC rr rr     	cpx     _drag_x+1
001C13r 1  D0 0D        	bne     L0321
001C15r 1  CD rr rr     	cmp     _drag_x
001C18r 1  D0 08        	bne     L0321
001C1Ar 1  88           	dey
001C1Br 1  B1 rr        	lda     (sp),y
001C1Dr 1  CD rr rr     	cmp     _drag_y
001C20r 1  F0 77        	beq     L0303
001C22r 1  20 rr rr     L0321:	jsr     _udeks_vic_bitmap_reset_clip
001C25r 1  20 rr rr     	jsr     decsp8
001C28r 1  AD rr rr     	lda     _drag_x
001C2Br 1  A0 06        	ldy     #$06
001C2Dr 1  91 rr        	sta     (sp),y
001C2Fr 1  C8           	iny
001C30r 1  AD rr rr     	lda     _drag_x+1
001C33r 1  91 rr        	sta     (sp),y
001C35r 1  AD rr rr     	lda     _drag_y
001C38r 1  A0 05        	ldy     #$05
001C3Ar 1  91 rr        	sta     (sp),y
001C3Cr 1  A0 0A        	ldy     #$0A
001C3Er 1  B1 rr        	lda     (sp),y
001C40r 1  AA           	tax
001C41r 1  88           	dey
001C42r 1  B1 rr        	lda     (sp),y
001C44r 1  A0 03        	ldy     #$03
001C46r 1  91 rr        	sta     (sp),y
001C48r 1  C8           	iny
001C49r 1  8A           	txa
001C4Ar 1  91 rr        	sta     (sp),y
001C4Cr 1  A0 08        	ldy     #$08
001C4Er 1  B1 rr        	lda     (sp),y
001C50r 1  A0 02        	ldy     #$02
001C52r 1  91 rr        	sta     (sp),y
001C54r 1  A0 0C        	ldy     #$0C
001C56r 1  B1 rr        	lda     (sp),y
001C58r 1  85 rr        	sta     ptr1+1
001C5Ar 1  88           	dey
001C5Br 1  B1 rr        	lda     (sp),y
001C5Dr 1  85 rr        	sta     ptr1
001C5Fr 1  A0 08        	ldy     #$08
001C61r 1  B1 rr        	lda     (ptr1),y
001C63r 1  AA           	tax
001C64r 1  88           	dey
001C65r 1  B1 rr        	lda     (ptr1),y
001C67r 1  A0 00        	ldy     #$00
001C69r 1  91 rr        	sta     (sp),y
001C6Br 1  C8           	iny
001C6Cr 1  8A           	txa
001C6Dr 1  91 rr        	sta     (sp),y
001C6Fr 1  A0 0C        	ldy     #$0C
001C71r 1  B1 rr        	lda     (sp),y
001C73r 1  85 rr        	sta     ptr1+1
001C75r 1  88           	dey
001C76r 1  B1 rr        	lda     (sp),y
001C78r 1  85 rr        	sta     ptr1
001C7Ar 1  A0 09        	ldy     #$09
001C7Cr 1  B1 rr        	lda     (ptr1),y
001C7Er 1  20 rr rr     	jsr     _udeks_vic_bitmap_outline_move
001C81r 1  A0 02        	ldy     #$02
001C83r 1  B1 rr        	lda     (sp),y
001C85r 1  8D rr rr     	sta     _drag_x+1
001C88r 1  88           	dey
001C89r 1  B1 rr        	lda     (sp),y
001C8Br 1  8D rr rr     	sta     _drag_x
001C8Er 1  88           	dey
001C8Fr 1  B1 rr        	lda     (sp),y
001C91r 1  8D rr rr     	sta     _drag_y
001C94r 1  A9 16        	lda     #$16
001C96r 1  20 rr rr     	jsr     _increment_counter
001C99r 1  4C rr rr     L0303:	jmp     incsp8
001C9Cr 1               
001C9Cr 1               .endproc
001C9Cr 1               
001C9Cr 1               ; ---------------------------------------------------------------
001C9Cr 1               ; void __near__ resize_drag (unsigned int, unsigned char)
001C9Cr 1               ; ---------------------------------------------------------------
001C9Cr 1               
001C9Cr 1               .segment	"CODE"
001C9Cr 1               
001C9Cr 1               .proc	_resize_drag: near
001C9Cr 1               
001C9Cr 1               .segment	"CODE"
001C9Cr 1               
001C9Cr 1  20 rr rr     	jsr     pusha
001C9Fr 1  20 rr rr     	jsr     decsp3
001CA2r 1  A0 05        	ldy     #$05
001CA4r 1  B1 rr        	lda     (sp),y
001CA6r 1  AA           	tax
001CA7r 1  88           	dey
001CA8r 1  B1 rr        	lda     (sp),y
001CAAr 1  38           	sec
001CABr 1  ED rr rr     	sbc     _drag_x
001CAEr 1  85 rr        	sta     tmp1
001CB0r 1  8A           	txa
001CB1r 1  ED rr rr     	sbc     _drag_x+1
001CB4r 1  05 rr        	ora     tmp1
001CB6r 1  90 1D        	bcc     L0336
001CB8r 1  F0 1B        	beq     L0336
001CBAr 1  C8           	iny
001CBBr 1  B1 rr        	lda     (sp),y
001CBDr 1  AA           	tax
001CBEr 1  88           	dey
001CBFr 1  B1 rr        	lda     (sp),y
001CC1r 1  38           	sec
001CC2r 1  ED rr rr     	sbc     _drag_x
001CC5r 1  48           	pha
001CC6r 1  8A           	txa
001CC7r 1  ED rr rr     	sbc     _drag_x+1
001CCAr 1  AA           	tax
001CCBr 1  68           	pla
001CCCr 1  18           	clc
001CCDr 1  69 01        	adc     #$01
001CCFr 1  90 08        	bcc     L0339
001CD1r 1  E8           	inx
001CD2r 1  4C rr rr     	jmp     L0339
001CD5r 1  A2 00        L0336:	ldx     #$00
001CD7r 1  A9 30        	lda     #$30
001CD9r 1  A0 01        L0339:	ldy     #$01
001CDBr 1  20 rr rr     	jsr     staxysp
001CDEr 1  A0 03        	ldy     #$03
001CE0r 1  B1 rr        	lda     (sp),y
001CE2r 1  38           	sec
001CE3r 1  ED rr rr     	sbc     _drag_y
001CE6r 1  90 0E        	bcc     L05AC
001CE8r 1  F0 0C        	beq     L05AC
001CEAr 1  B1 rr        	lda     (sp),y
001CECr 1  38           	sec
001CEDr 1  ED rr rr     	sbc     _drag_y
001CF0r 1  18           	clc
001CF1r 1  69 01        	adc     #$01
001CF3r 1  4C rr rr     	jmp     L05AD
001CF6r 1  A9 30        L05AC:	lda     #$30
001CF8r 1  A0 00        L05AD:	ldy     #$00
001CFAr 1  91 rr        	sta     (sp),y
001CFCr 1  A0 02        	ldy     #$02
001CFEr 1  B1 rr        	lda     (sp),y
001D00r 1  C9 00        	cmp     #$00
001D02r 1  D0 05        	bne     L0345
001D04r 1  88           	dey
001D05r 1  B1 rr        	lda     (sp),y
001D07r 1  C9 30        	cmp     #$30
001D09r 1  B0 0B        L0345:	bcs     L0343
001D0Br 1  A0 01        	ldy     #$01
001D0Dr 1  A9 30        	lda     #$30
001D0Fr 1  91 rr        	sta     (sp),y
001D11r 1  A9 00        	lda     #$00
001D13r 1  C8           	iny
001D14r 1  91 rr        	sta     (sp),y
001D16r 1  A0 00        L0343:	ldy     #$00
001D18r 1  B1 rr        	lda     (sp),y
001D1Ar 1  C9 30        	cmp     #$30
001D1Cr 1  B0 04        	bcs     L0348
001D1Er 1  A9 30        	lda     #$30
001D20r 1  91 rr        	sta     (sp),y
001D22r 1  A0 04        L0348:	ldy     #$04
001D24r 1  20 rr rr     	jsr     pushwysp
001D27r 1  A9 40        	lda     #$40
001D29r 1  38           	sec
001D2Ar 1  ED rr rr     	sbc     _drag_x
001D2Dr 1  48           	pha
001D2Er 1  A9 01        	lda     #$01
001D30r 1  ED rr rr     	sbc     _drag_x+1
001D33r 1  AA           	tax
001D34r 1  68           	pla
001D35r 1  20 rr rr     	jsr     tosicmp
001D38r 1  90 15        	bcc     L034C
001D3Ar 1  F0 13        	beq     L034C
001D3Cr 1  A9 40        	lda     #$40
001D3Er 1  38           	sec
001D3Fr 1  ED rr rr     	sbc     _drag_x
001D42r 1  48           	pha
001D43r 1  A9 01        	lda     #$01
001D45r 1  ED rr rr     	sbc     _drag_x+1
001D48r 1  AA           	tax
001D49r 1  68           	pla
001D4Ar 1  A0 01        	ldy     #$01
001D4Cr 1  20 rr rr     	jsr     staxysp
001D4Fr 1  A2 00        L034C:	ldx     #$00
001D51r 1  A1 rr        	lda     (sp,x)
001D53r 1  20 rr rr     	jsr     pusha0
001D56r 1  A9 C8        	lda     #$C8
001D58r 1  38           	sec
001D59r 1  ED rr rr     	sbc     _drag_y
001D5Cr 1  20 rr rr     	jsr     tosicmp0
001D5Fr 1  90 0C        	bcc     L0350
001D61r 1  F0 0A        	beq     L0350
001D63r 1  A9 C8        	lda     #$C8
001D65r 1  38           	sec
001D66r 1  ED rr rr     	sbc     _drag_y
001D69r 1  A0 00        	ldy     #$00
001D6Br 1  91 rr        	sta     (sp),y
001D6Dr 1  A0 02        L0350:	ldy     #$02
001D6Fr 1  B1 rr        	lda     (sp),y
001D71r 1  AA           	tax
001D72r 1  88           	dey
001D73r 1  B1 rr        	lda     (sp),y
001D75r 1  EC rr rr     	cpx     _drag_width+1
001D78r 1  D0 0D        	bne     L0355
001D7Ar 1  CD rr rr     	cmp     _drag_width
001D7Dr 1  D0 08        	bne     L0355
001D7Fr 1  88           	dey
001D80r 1  B1 rr        	lda     (sp),y
001D82r 1  CD rr rr     	cmp     _drag_height
001D85r 1  F0 73        	beq     L0333
001D87r 1  20 rr rr     L0355:	jsr     _udeks_vic_bitmap_reset_clip
001D8Ar 1  20 rr rr     	jsr     decsp5
001D8Dr 1  AD rr rr     	lda     _drag_x
001D90r 1  A0 03        	ldy     #$03
001D92r 1  91 rr        	sta     (sp),y
001D94r 1  C8           	iny
001D95r 1  AD rr rr     	lda     _drag_x+1
001D98r 1  91 rr        	sta     (sp),y
001D9Ar 1  AD rr rr     	lda     _drag_y
001D9Dr 1  A0 02        	ldy     #$02
001D9Fr 1  91 rr        	sta     (sp),y
001DA1r 1  AD rr rr     	lda     _drag_width
001DA4r 1  A0 00        	ldy     #$00
001DA6r 1  91 rr        	sta     (sp),y
001DA8r 1  C8           	iny
001DA9r 1  AD rr rr     	lda     _drag_width+1
001DACr 1  91 rr        	sta     (sp),y
001DAEr 1  AD rr rr     	lda     _drag_height
001DB1r 1  20 rr rr     	jsr     _udeks_vic_bitmap_outline_toggle
001DB4r 1  20 rr rr     	jsr     decsp5
001DB7r 1  AD rr rr     	lda     _drag_x
001DBAr 1  A0 03        	ldy     #$03
001DBCr 1  91 rr        	sta     (sp),y
001DBEr 1  C8           	iny
001DBFr 1  AD rr rr     	lda     _drag_x+1
001DC2r 1  91 rr        	sta     (sp),y
001DC4r 1  AD rr rr     	lda     _drag_y
001DC7r 1  A0 02        	ldy     #$02
001DC9r 1  91 rr        	sta     (sp),y
001DCBr 1  A0 07        	ldy     #$07
001DCDr 1  B1 rr        	lda     (sp),y
001DCFr 1  AA           	tax
001DD0r 1  88           	dey
001DD1r 1  B1 rr        	lda     (sp),y
001DD3r 1  A0 00        	ldy     #$00
001DD5r 1  91 rr        	sta     (sp),y
001DD7r 1  C8           	iny
001DD8r 1  8A           	txa
001DD9r 1  91 rr        	sta     (sp),y
001DDBr 1  A0 05        	ldy     #$05
001DDDr 1  B1 rr        	lda     (sp),y
001DDFr 1  20 rr rr     	jsr     _udeks_vic_bitmap_outline_toggle
001DE2r 1  A0 02        	ldy     #$02
001DE4r 1  B1 rr        	lda     (sp),y
001DE6r 1  8D rr rr     	sta     _drag_width+1
001DE9r 1  88           	dey
001DEAr 1  B1 rr        	lda     (sp),y
001DECr 1  8D rr rr     	sta     _drag_width
001DEFr 1  88           	dey
001DF0r 1  B1 rr        	lda     (sp),y
001DF2r 1  8D rr rr     	sta     _drag_height
001DF5r 1  A9 16        	lda     #$16
001DF7r 1  20 rr rr     	jsr     _increment_counter
001DFAr 1  4C rr rr     L0333:	jmp     incsp6
001DFDr 1               
001DFDr 1               .endproc
001DFDr 1               
001DFDr 1               ; ---------------------------------------------------------------
001DFDr 1               ; void __near__ finish_drag (void)
001DFDr 1               ; ---------------------------------------------------------------
001DFDr 1               
001DFDr 1               .segment	"CODE"
001DFDr 1               
001DFDr 1               .proc	_finish_drag: near
001DFDr 1               
001DFDr 1               .segment	"CODE"
001DFDr 1               
001DFDr 1  20 rr rr     	jsr     decsp3
001E00r 1  AD rr rr     	lda     _dragging_handle
001E03r 1  A0 00        	ldy     #$00
001E05r 1  91 rr        	sta     (sp),y
001E07r 1  20 rr rr     	jsr     _window_by_handle
001E0Ar 1  A0 01        	ldy     #$01
001E0Cr 1  20 rr rr     	jsr     staxysp
001E0Fr 1  E0 00        	cpx     #$00
001E11r 1  D0 0A        	bne     L0370
001E13r 1  C9 00        	cmp     #$00
001E15r 1  D0 06        	bne     L0370
001E17r 1  8D rr rr     	sta     _dragging_handle
001E1Ar 1  4C rr rr     	jmp     incsp3
001E1Dr 1  20 rr rr     L0370:	jsr     _udeks_vic_bitmap_reset_clip
001E20r 1  20 rr rr     	jsr     decsp5
001E23r 1  AD rr rr     	lda     _drag_x
001E26r 1  A0 03        	ldy     #$03
001E28r 1  91 rr        	sta     (sp),y
001E2Ar 1  C8           	iny
001E2Br 1  AD rr rr     	lda     _drag_x+1
001E2Er 1  91 rr        	sta     (sp),y
001E30r 1  AD rr rr     	lda     _drag_y
001E33r 1  A0 02        	ldy     #$02
001E35r 1  91 rr        	sta     (sp),y
001E37r 1  AD rr rr     	lda     _drag_width
001E3Ar 1  A0 00        	ldy     #$00
001E3Cr 1  91 rr        	sta     (sp),y
001E3Er 1  C8           	iny
001E3Fr 1  AD rr rr     	lda     _drag_width+1
001E42r 1  91 rr        	sta     (sp),y
001E44r 1  AD rr rr     	lda     _drag_height
001E47r 1  20 rr rr     	jsr     _udeks_vic_bitmap_outline_toggle
001E4Ar 1  A0 02        	ldy     #$02
001E4Cr 1  B1 rr        	lda     (sp),y
001E4Er 1  AA           	tax
001E4Fr 1  88           	dey
001E50r 1  B1 rr        	lda     (sp),y
001E52r 1  20 rr rr     	jsr     _damage_set
001E55r 1  A0 02        	ldy     #$02
001E57r 1  B1 rr        	lda     (sp),y
001E59r 1  85 rr        	sta     ptr1+1
001E5Br 1  88           	dey
001E5Cr 1  B1 rr        	lda     (sp),y
001E5Er 1  85 rr        	sta     ptr1
001E60r 1  AD rr rr     	lda     _drag_x
001E63r 1  A0 04        	ldy     #$04
001E65r 1  91 rr        	sta     (ptr1),y
001E67r 1  C8           	iny
001E68r 1  AD rr rr     	lda     _drag_x+1
001E6Br 1  91 rr        	sta     (ptr1),y
001E6Dr 1  A0 02        	ldy     #$02
001E6Fr 1  B1 rr        	lda     (sp),y
001E71r 1  85 rr        	sta     ptr1+1
001E73r 1  88           	dey
001E74r 1  B1 rr        	lda     (sp),y
001E76r 1  85 rr        	sta     ptr1
001E78r 1  AD rr rr     	lda     _drag_y
001E7Br 1  A0 06        	ldy     #$06
001E7Dr 1  91 rr        	sta     (ptr1),y
001E7Fr 1  A0 02        	ldy     #$02
001E81r 1  B1 rr        	lda     (sp),y
001E83r 1  85 rr        	sta     ptr1+1
001E85r 1  88           	dey
001E86r 1  B1 rr        	lda     (sp),y
001E88r 1  85 rr        	sta     ptr1
001E8Ar 1  AD rr rr     	lda     _drag_width
001E8Dr 1  A0 07        	ldy     #$07
001E8Fr 1  91 rr        	sta     (ptr1),y
001E91r 1  C8           	iny
001E92r 1  AD rr rr     	lda     _drag_width+1
001E95r 1  91 rr        	sta     (ptr1),y
001E97r 1  A0 02        	ldy     #$02
001E99r 1  B1 rr        	lda     (sp),y
001E9Br 1  85 rr        	sta     ptr1+1
001E9Dr 1  88           	dey
001E9Er 1  B1 rr        	lda     (sp),y
001EA0r 1  85 rr        	sta     ptr1
001EA2r 1  AD rr rr     	lda     _drag_height
001EA5r 1  A0 09        	ldy     #$09
001EA7r 1  91 rr        	sta     (ptr1),y
001EA9r 1  A0 02        	ldy     #$02
001EABr 1  B1 rr        	lda     (sp),y
001EADr 1  AA           	tax
001EAEr 1  88           	dey
001EAFr 1  B1 rr        	lda     (sp),y
001EB1r 1  20 rr rr     	jsr     _damage_add
001EB4r 1  A9 00        	lda     #$00
001EB6r 1  8D rr rr     	sta     _dragging_handle
001EB9r 1  8D rr rr     	sta     _drag_mode
001EBCr 1  20 rr rr     	jsr     _compose_damage
001EBFr 1  20 rr rr     	jsr     _udeks_pointer_resynchronize
001EC2r 1  A9 1A        	lda     #$1A
001EC4r 1  20 rr rr     	jsr     _increment_counter
001EC7r 1  4C rr rr     	jmp     incsp3
001ECAr 1               
001ECAr 1               .endproc
001ECAr 1               
001ECAr 1               
