ca65 V2.18 - Fedora 2.19-15.fc44
Main file   : /var/home/salvogendut/Dev/UDEKS/build/window-manager-budget/lean.s
Current file: /var/home/salvogendut/Dev/UDEKS/build/window-manager-budget/lean.s

000000r 1               ;
000000r 1               ; File generated by cc65 v 2.18 - Fedora 2.19-15.fc44
000000r 1               ;
000000r 1               	.fopt		compiler,"cc65 v 2.18 - Fedora 2.19-15.fc44"
000000r 1               	.setcpu		"6502"
000000r 1               	.smart		on
000000r 1               	.autoimport	on
000000r 1               	.case		on
000000r 1               	.debuginfo	off
000000r 1               	.importzp	sp, sreg, regsave, regbank
000000r 1               	.importzp	tmp1, tmp2, tmp3, tmp4, ptr1, ptr2, ptr3, ptr4
000000r 1               	.macpack	longbranch
000000r 2               .macro  jeq     Target
000000r 2                       .if     .match(Target, 0)
000000r 2                       bne     *+5
000000r 2                       jmp     Target
000000r 2                       .elseif .def(Target) .and .const((*-2)-(Target)) .and ((*+2)-(Target) <= 127)
000000r 2                               beq     Target
000000r 2                       .else
000000r 2                               bne     *+5
000000r 2                               jmp     Target
000000r 2                       .endif
000000r 2               .endmacro
000000r 2               .macro  jne     Target
000000r 2                       .if     .match(Target, 0)
000000r 2                               beq     *+5
000000r 2                               jmp     Target
000000r 2                       .elseif .def(Target) .and .const((*-2)-(Target)) .and ((*+2)-(Target) <= 127)
000000r 2                               bne     Target
000000r 2                       .else
000000r 2                               beq     *+5
000000r 2                               jmp     Target
000000r 2                       .endif
000000r 2               .endmacro
000000r 2               .macro  jmi     Target
000000r 2                       .if     .match(Target, 0)
000000r 2                               bpl     *+5
000000r 2                               jmp     Target
000000r 2                       .elseif .def(Target) .and .const((*-2)-(Target)) .and ((*+2)-(Target) <= 127)
000000r 2                               bmi     Target
000000r 2                       .else
000000r 2                               bpl     *+5
000000r 2                               jmp     Target
000000r 2                       .endif
000000r 2               .endmacro
000000r 2               .macro  jpl     Target
000000r 2                       .if     .match(Target, 0)
000000r 2                               bmi     *+5
000000r 2                               jmp     Target
000000r 2                       .elseif .def(Target) .and .const((*-2)-(Target)) .and ((*+2)-(Target) <= 127)
000000r 2                               bpl     Target
000000r 2                       .else
000000r 2                               bmi     *+5
000000r 2                               jmp     Target
000000r 2                       .endif
000000r 2               .endmacro
000000r 2               .macro  jcs     Target
000000r 2                       .if     .match(Target, 0)
000000r 2                               bcc     *+5
000000r 2                               jmp     Target
000000r 2                       .elseif .def(Target) .and .const((*-2)-(Target)) .and ((*+2)-(Target) <= 127)
000000r 2                               bcs     Target
000000r 2                       .else
000000r 2                               bcc     *+5
000000r 2                               jmp     Target
000000r 2                       .endif
000000r 2               .endmacro
000000r 2               .macro  jcc     Target
000000r 2                       .if     .match(Target, 0)
000000r 2                               bcs     *+5
000000r 2                               jmp     Target
000000r 2                       .elseif .def(Target) .and .const((*-2)-(Target)) .and ((*+2)-(Target) <= 127)
000000r 2                               bcc     Target
000000r 2                       .else
000000r 2                               bcs     *+5
000000r 2                               jmp     Target
000000r 2                       .endif
000000r 2               .endmacro
000000r 2               .macro  jvs     Target
000000r 2                       .if     .match(Target, 0)
000000r 2                               bvc     *+5
000000r 2                               jmp     Target
000000r 2                       .elseif .def(Target) .and .const((*-2)-(Target)) .and ((*+2)-(Target) <= 127)
000000r 2                               bvs     Target
000000r 2                       .else
000000r 2                               bvc     *+5
000000r 2                               jmp     Target
000000r 2                       .endif
000000r 2               .endmacro
000000r 2               .macro  jvc     Target
000000r 2                       .if     .match(Target, 0)
000000r 2                               bvs     *+5
000000r 2                               jmp     Target
000000r 2                       .elseif .def(Target) .and .const((*-2)-(Target)) .and ((*+2)-(Target) <= 127)
000000r 2                               bvc     Target
000000r 2                       .else
000000r 2                               bvs     *+5
000000r 2                               jmp     Target
000000r 2                       .endif
000000r 2               .endmacro
000000r 2               
000000r 1               	.import		_udeks_pointer_resynchronize
000000r 1               	.import		_udeks_pointer_x
000000r 1               	.import		_udeks_pointer_y
000000r 1               	.import		_udeks_pointer_buttons
000000r 1               	.import		_udeks_vic_graphics_is_active
000000r 1               	.import		_udeks_vic_pointer_busy_begin
000000r 1               	.import		_udeks_vic_pointer_busy_end
000000r 1               	.import		_udeks_vic_bitmap_pixel
000000r 1               	.import		_udeks_vic_bitmap_line
000000r 1               	.import		_udeks_vic_bitmap_rectangle
000000r 1               	.import		_udeks_vic_bitmap_fill
000000r 1               	.import		_udeks_vic_bitmap_set_clip
000000r 1               	.import		_udeks_vic_bitmap_reset_clip
000000r 1               	.import		_udeks_vic_bitmap_outline_toggle
000000r 1               	.import		_udeks_vic_bitmap_outline_move
000000r 1               	.import		_udeks_vic_bitmap_commit
000000r 1               	.export		_udeks_window_manager_start
000000r 1               	.export		_udeks_window_manager_poll
000000r 1               	.export		_udeks_window_manager_stop
000000r 1               	.export		_udeks_window_manager_reset
000000r 1               	.export		_udeks_window_create
000000r 1               	.export		_udeks_window_destroy
000000r 1               	.export		_udeks_window_repaint
000000r 1               	.export		_udeks_window_begin_paint
000000r 1               	.export		_udeks_window_end_paint
000000r 1               	.export		_udeks_window_image_complete
000000r 1               	.export		_udeks_window_get_geometry
000000r 1               	.export		_udeks_window_is_dragging
000000r 1               	.export		_udeks_window_is_focused
000000r 1               
000000r 1               .segment	"RODATA"
000000r 1               
000000r 1               _title_glyphs:
000000r 1  02           	.byte	$02
000001r 1  05           	.byte	$05
000002r 1  07           	.byte	$07
000003r 1  05           	.byte	$05
000004r 1  05           	.byte	$05
000005r 1  06           	.byte	$06
000006r 1  05           	.byte	$05
000007r 1  06           	.byte	$06
000008r 1  05           	.byte	$05
000009r 1  06           	.byte	$06
00000Ar 1  03           	.byte	$03
00000Br 1  04           	.byte	$04
00000Cr 1  04           	.byte	$04
00000Dr 1  04           	.byte	$04
00000Er 1  03           	.byte	$03
00000Fr 1  06           	.byte	$06
000010r 1  05           	.byte	$05
000011r 1  05           	.byte	$05
000012r 1  05           	.byte	$05
000013r 1  06           	.byte	$06
000014r 1  07           	.byte	$07
000015r 1  04           	.byte	$04
000016r 1  06           	.byte	$06
000017r 1  04           	.byte	$04
000018r 1  07           	.byte	$07
000019r 1  07           	.byte	$07
00001Ar 1  04           	.byte	$04
00001Br 1  06           	.byte	$06
00001Cr 1  04           	.byte	$04
00001Dr 1  04           	.byte	$04
00001Er 1  03           	.byte	$03
00001Fr 1  04           	.byte	$04
000020r 1  05           	.byte	$05
000021r 1  05           	.byte	$05
000022r 1  03           	.byte	$03
000023r 1  05           	.byte	$05
000024r 1  05           	.byte	$05
000025r 1  07           	.byte	$07
000026r 1  05           	.byte	$05
000027r 1  05           	.byte	$05
000028r 1  07           	.byte	$07
000029r 1  02           	.byte	$02
00002Ar 1  02           	.byte	$02
00002Br 1  02           	.byte	$02
00002Cr 1  07           	.byte	$07
00002Dr 1  01           	.byte	$01
00002Er 1  01           	.byte	$01
00002Fr 1  01           	.byte	$01
000030r 1  05           	.byte	$05
000031r 1  02           	.byte	$02
000032r 1  05           	.byte	$05
000033r 1  05           	.byte	$05
000034r 1  06           	.byte	$06
000035r 1  05           	.byte	$05
000036r 1  05           	.byte	$05
000037r 1  04           	.byte	$04
000038r 1  04           	.byte	$04
000039r 1  04           	.byte	$04
00003Ar 1  04           	.byte	$04
00003Br 1  07           	.byte	$07
00003Cr 1  05           	.byte	$05
00003Dr 1  07           	.byte	$07
00003Er 1  07           	.byte	$07
00003Fr 1  05           	.byte	$05
000040r 1  05           	.byte	$05
000041r 1  05           	.byte	$05
000042r 1  07           	.byte	$07
000043r 1  07           	.byte	$07
000044r 1  07           	.byte	$07
000045r 1  05           	.byte	$05
000046r 1  02           	.byte	$02
000047r 1  05           	.byte	$05
000048r 1  05           	.byte	$05
000049r 1  05           	.byte	$05
00004Ar 1  02           	.byte	$02
00004Br 1  06           	.byte	$06
00004Cr 1  05           	.byte	$05
00004Dr 1  06           	.byte	$06
00004Er 1  04           	.byte	$04
00004Fr 1  04           	.byte	$04
000050r 1  02           	.byte	$02
000051r 1  05           	.byte	$05
000052r 1  05           	.byte	$05
000053r 1  03           	.byte	$03
000054r 1  01           	.byte	$01
000055r 1  06           	.byte	$06
000056r 1  05           	.byte	$05
000057r 1  06           	.byte	$06
000058r 1  05           	.byte	$05
000059r 1  05           	.byte	$05
00005Ar 1  03           	.byte	$03
00005Br 1  04           	.byte	$04
00005Cr 1  02           	.byte	$02
00005Dr 1  01           	.byte	$01
00005Er 1  06           	.byte	$06
00005Fr 1  07           	.byte	$07
000060r 1  02           	.byte	$02
000061r 1  02           	.byte	$02
000062r 1  02           	.byte	$02
000063r 1  02           	.byte	$02
000064r 1  05           	.byte	$05
000065r 1  05           	.byte	$05
000066r 1  05           	.byte	$05
000067r 1  05           	.byte	$05
000068r 1  07           	.byte	$07
000069r 1  05           	.byte	$05
00006Ar 1  05           	.byte	$05
00006Br 1  05           	.byte	$05
00006Cr 1  05           	.byte	$05
00006Dr 1  02           	.byte	$02
00006Er 1  05           	.byte	$05
00006Fr 1  05           	.byte	$05
000070r 1  07           	.byte	$07
000071r 1  07           	.byte	$07
000072r 1  05           	.byte	$05
000073r 1  05           	.byte	$05
000074r 1  05           	.byte	$05
000075r 1  02           	.byte	$02
000076r 1  05           	.byte	$05
000077r 1  05           	.byte	$05
000078r 1  05           	.byte	$05
000079r 1  05           	.byte	$05
00007Ar 1  02           	.byte	$02
00007Br 1  02           	.byte	$02
00007Cr 1  02           	.byte	$02
00007Dr 1  07           	.byte	$07
00007Er 1  01           	.byte	$01
00007Fr 1  02           	.byte	$02
000080r 1  04           	.byte	$04
000081r 1  07           	.byte	$07
000082r 1               
000082r 1               .segment	"BSS"
000000r 1               
000000r 1               .segment	"HIGHBSS"
000000r 1               _windows:
000000r 1  00 00 00 00  	.res	68,$00
000004r 1  00 00 00 00  
000008r 1  00 00 00 00  
000044r 1               _active_count:
000044r 1  00           	.res	1,$00
000045r 1               _focused_handle:
000045r 1  00           	.res	1,$00
000046r 1               _dragging_handle:
000046r 1  00           	.res	1,$00
000047r 1               _previous_buttons:
000047r 1  00           	.res	1,$00
000048r 1               _drag_pointer_x:
000048r 1  00 00        	.res	2,$00
00004Ar 1               _drag_pointer_y:
00004Ar 1  00           	.res	1,$00
00004Br 1               _drag_x:
00004Br 1  00 00        	.res	2,$00
00004Dr 1               _drag_y:
00004Dr 1  00           	.res	1,$00
00004Er 1               _drag_width:
00004Er 1  00 00        	.res	2,$00
000050r 1               _drag_height:
000050r 1  00           	.res	1,$00
000051r 1               _drag_mode:
000051r 1  00           	.res	1,$00
000052r 1               _damage_left:
000052r 1  00 00        	.res	2,$00
000054r 1               _damage_top:
000054r 1  00           	.res	1,$00
000055r 1               _damage_right:
000055r 1  00 00        	.res	2,$00
000057r 1               _damage_bottom:
000057r 1  00           	.res	1,$00
000058r 1               
000058r 1               ; ---------------------------------------------------------------
000058r 1               ; unsigned char __near__ udeks_window_manager_start (void)
000058r 1               ; ---------------------------------------------------------------
000058r 1               
000058r 1               .segment	"CODE"
000000r 1               
000000r 1               .proc	_udeks_window_manager_start: near
000000r 1               
000000r 1               .segment	"CODE"
000000r 1               
000000r 1  20 rr rr     	jsr     decsp1
000003r 1  A9 00        	lda     #$00
000005r 1  A8           	tay
000006r 1  91 rr        L04FD:	sta     (sp),y
000008r 1  C9 20        	cmp     #$20
00000Ar 1  B0 19        	bcs     L04FE
00000Cr 1  B1 rr        	lda     (sp),y
00000Er 1  18           	clc
00000Fr 1  69 40        	adc     #$40
000011r 1  85 rr        	sta     ptr1
000013r 1  A9 00        	lda     #$00
000015r 1  69 F2        	adc     #$F2
000017r 1  85 rr        	sta     ptr1+1
000019r 1  A9 00        	lda     #$00
00001Br 1  91 rr        	sta     (ptr1),y
00001Dr 1  18           	clc
00001Er 1  A9 01        	lda     #$01
000020r 1  71 rr        	adc     (sp),y
000022r 1  4C rr rr     	jmp     L04FD
000025r 1  A9 57        L04FE:	lda     #$57
000027r 1  8D 40 F2     	sta     $F240
00002Ar 1  A9 4D        	lda     #$4D
00002Cr 1  8D 41 F2     	sta     $F241
00002Fr 1  A9 47        	lda     #$47
000031r 1  8D 42 F2     	sta     $F242
000034r 1  A9 52        	lda     #$52
000036r 1  8D 43 F2     	sta     $F243
000039r 1  A9 01        	lda     #$01
00003Br 1  8D 44 F2     	sta     $F244
00003Er 1  A9 02        	lda     #$02
000040r 1  8D 45 F2     	sta     $F245
000043r 1  20 rr rr     	jsr     _udeks_window_manager_reset
000046r 1  A2 00        	ldx     #$00
000048r 1  8A           	txa
000049r 1  4C rr rr     	jmp     incsp1
00004Cr 1               
00004Cr 1               .endproc
00004Cr 1               
00004Cr 1               ; ---------------------------------------------------------------
00004Cr 1               ; unsigned char __near__ udeks_window_manager_poll (void)
00004Cr 1               ; ---------------------------------------------------------------
00004Cr 1               
00004Cr 1               .segment	"CODE"
00004Cr 1               
00004Cr 1               .proc	_udeks_window_manager_poll: near
00004Cr 1               
00004Cr 1               .segment	"CODE"
00004Cr 1               
00004Cr 1  A0 09        	ldy     #$09
00004Er 1  20 rr rr     	jsr     subysp
000051r 1  20 rr rr     	jsr     _udeks_vic_graphics_is_active
000054r 1  C9 00        	cmp     #$00
000056r 1  D0 04        	bne     L0498
000058r 1  AA           	tax
000059r 1  4C rr rr     	jmp     L050E
00005Cr 1  20 rr rr     L0498:	jsr     _udeks_pointer_x
00005Fr 1  38           	sec
000060r 1  E9 0C        	sbc     #$0C
000062r 1  B0 01        	bcs     L049D
000064r 1  CA           	dex
000065r 1  A0 07        L049D:	ldy     #$07
000067r 1  20 rr rr     	jsr     staxysp
00006Ar 1  20 rr rr     	jsr     _udeks_pointer_y
00006Dr 1  38           	sec
00006Er 1  E9 28        	sbc     #$28
000070r 1  A0 06        	ldy     #$06
000072r 1  91 rr        	sta     (sp),y
000074r 1  20 rr rr     	jsr     _udeks_pointer_buttons
000077r 1  A0 05        	ldy     #$05
000079r 1  91 rr        	sta     (sp),y
00007Br 1  29 05        	and     #$05
00007Dr 1  88           	dey
00007Er 1  91 rr        	sta     (sp),y
000080r 1  B1 rr        	lda     (sp),y
000082r 1  D0 03 4C rr  	jeq     L0504
000086r 1  rr           
000087r 1  AD rr rr     	lda     _previous_buttons
00008Ar 1  F0 03 4C rr  	jne     L0504
00008Er 1  rr           
00008Fr 1  A0 0A        	ldy     #$0A
000091r 1  20 rr rr     	jsr     pushwysp
000094r 1  A0 08        	ldy     #$08
000096r 1  B1 rr        	lda     (sp),y
000098r 1  20 rr rr     	jsr     _top_window_at
00009Br 1  A0 03        	ldy     #$03
00009Dr 1  91 rr        	sta     (sp),y
00009Fr 1  20 rr rr     	jsr     _window_by_handle
0000A2r 1  20 rr rr     	jsr     stax0sp
0000A5r 1  E0 00        	cpx     #$00
0000A7r 1  D0 07        	bne     L050F
0000A9r 1  C9 00        	cmp     #$00
0000ABr 1  D0 03 4C rr  	jeq     L04B2
0000AFr 1  rr           
0000B0r 1  A0 03        L050F:	ldy     #$03
0000B2r 1  B1 rr        	lda     (sp),y
0000B4r 1  8D rr rr     	sta     _focused_handle
0000B7r 1  B1 rr        	lda     (sp),y
0000B9r 1  20 rr rr     	jsr     _raise_window
0000BCr 1  A0 02        	ldy     #$02
0000BEr 1  91 rr        	sta     (sp),y
0000C0r 1  20 rr rr     	jsr     decsp3
0000C3r 1  A0 0B        	ldy     #$0B
0000C5r 1  B1 rr        	lda     (sp),y
0000C7r 1  AA           	tax
0000C8r 1  88           	dey
0000C9r 1  B1 rr        	lda     (sp),y
0000CBr 1  A0 01        	ldy     #$01
0000CDr 1  91 rr        	sta     (sp),y
0000CFr 1  C8           	iny
0000D0r 1  8A           	txa
0000D1r 1  91 rr        	sta     (sp),y
0000D3r 1  A0 09        	ldy     #$09
0000D5r 1  B1 rr        	lda     (sp),y
0000D7r 1  A0 00        	ldy     #$00
0000D9r 1  91 rr        	sta     (sp),y
0000DBr 1  A0 04        	ldy     #$04
0000DDr 1  B1 rr        	lda     (sp),y
0000DFr 1  AA           	tax
0000E0r 1  88           	dey
0000E1r 1  B1 rr        	lda     (sp),y
0000E3r 1  20 rr rr     	jsr     _close_hit
0000E6r 1  C9 00        	cmp     #$00
0000E8r 1  F0 15        	beq     L04BA
0000EAr 1  A9 1C        	lda     #$1C
0000ECr 1  20 rr rr     	jsr     _increment_counter
0000EFr 1  A0 04        	ldy     #$04
0000F1r 1  B1 rr        	lda     (sp),y
0000F3r 1  8D rr rr     	sta     _previous_buttons
0000F6r 1  88           	dey
0000F7r 1  B1 rr        	lda     (sp),y
0000F9r 1  20 rr rr     	jsr     _udeks_window_destroy
0000FCr 1  4C rr rr     	jmp     L0511
0000FFr 1  20 rr rr     L04BA:	jsr     decsp3
000102r 1  A0 0B        	ldy     #$0B
000104r 1  B1 rr        	lda     (sp),y
000106r 1  AA           	tax
000107r 1  88           	dey
000108r 1  B1 rr        	lda     (sp),y
00010Ar 1  A0 01        	ldy     #$01
00010Cr 1  91 rr        	sta     (sp),y
00010Er 1  C8           	iny
00010Fr 1  8A           	txa
000110r 1  91 rr        	sta     (sp),y
000112r 1  A0 09        	ldy     #$09
000114r 1  B1 rr        	lda     (sp),y
000116r 1  A0 00        	ldy     #$00
000118r 1  91 rr        	sta     (sp),y
00011Ar 1  A0 04        	ldy     #$04
00011Cr 1  B1 rr        	lda     (sp),y
00011Er 1  AA           	tax
00011Fr 1  88           	dey
000120r 1  B1 rr        	lda     (sp),y
000122r 1  20 rr rr     	jsr     _resize_hit
000125r 1  C9 00        	cmp     #$00
000127r 1  F0 2B        	beq     L04C7
000129r 1  20 rr rr     	jsr     decsp4
00012Cr 1  A0 07        	ldy     #$07
00012Er 1  B1 rr        	lda     (sp),y
000130r 1  A0 03        	ldy     #$03
000132r 1  91 rr        	sta     (sp),y
000134r 1  A0 0C        	ldy     #$0C
000136r 1  B1 rr        	lda     (sp),y
000138r 1  AA           	tax
000139r 1  88           	dey
00013Ar 1  B1 rr        	lda     (sp),y
00013Cr 1  A0 01        	ldy     #$01
00013Er 1  91 rr        	sta     (sp),y
000140r 1  C8           	iny
000141r 1  8A           	txa
000142r 1  91 rr        	sta     (sp),y
000144r 1  A0 0A        	ldy     #$0A
000146r 1  B1 rr        	lda     (sp),y
000148r 1  A0 00        	ldy     #$00
00014Ar 1  91 rr        	sta     (sp),y
00014Cr 1  A9 02        	lda     #$02
00014Er 1  20 rr rr     	jsr     _begin_drag
000151r 1  4C rr rr     	jmp     L04E3
000154r 1  20 rr rr     L04C7:	jsr     decsp3
000157r 1  A0 0B        	ldy     #$0B
000159r 1  B1 rr        	lda     (sp),y
00015Br 1  AA           	tax
00015Cr 1  88           	dey
00015Dr 1  B1 rr        	lda     (sp),y
00015Fr 1  A0 01        	ldy     #$01
000161r 1  91 rr        	sta     (sp),y
000163r 1  C8           	iny
000164r 1  8A           	txa
000165r 1  91 rr        	sta     (sp),y
000167r 1  A0 09        	ldy     #$09
000169r 1  B1 rr        	lda     (sp),y
00016Br 1  A0 00        	ldy     #$00
00016Dr 1  91 rr        	sta     (sp),y
00016Fr 1  A0 04        	ldy     #$04
000171r 1  B1 rr        	lda     (sp),y
000173r 1  AA           	tax
000174r 1  88           	dey
000175r 1  B1 rr        	lda     (sp),y
000177r 1  20 rr rr     	jsr     _title_hit
00017Ar 1  C9 00        	cmp     #$00
00017Cr 1  F0 2B        	beq     L04D2
00017Er 1  20 rr rr     	jsr     decsp4
000181r 1  A0 07        	ldy     #$07
000183r 1  B1 rr        	lda     (sp),y
000185r 1  A0 03        	ldy     #$03
000187r 1  91 rr        	sta     (sp),y
000189r 1  A0 0C        	ldy     #$0C
00018Br 1  B1 rr        	lda     (sp),y
00018Dr 1  AA           	tax
00018Er 1  88           	dey
00018Fr 1  B1 rr        	lda     (sp),y
000191r 1  A0 01        	ldy     #$01
000193r 1  91 rr        	sta     (sp),y
000195r 1  C8           	iny
000196r 1  8A           	txa
000197r 1  91 rr        	sta     (sp),y
000199r 1  A0 0A        	ldy     #$0A
00019Br 1  B1 rr        	lda     (sp),y
00019Dr 1  A0 00        	ldy     #$00
00019Fr 1  91 rr        	sta     (sp),y
0001A1r 1  A9 01        	lda     #$01
0001A3r 1  20 rr rr     	jsr     _begin_drag
0001A6r 1  4C rr rr     	jmp     L04E3
0001A9r 1  A0 02        L04D2:	ldy     #$02
0001ABr 1  B1 rr        	lda     (sp),y
0001ADr 1  F0 15        	beq     L04E3
0001AFr 1  88           	dey
0001B0r 1  B1 rr        	lda     (sp),y
0001B2r 1  AA           	tax
0001B3r 1  88           	dey
0001B4r 1  B1 rr        	lda     (sp),y
0001B6r 1  20 rr rr     	jsr     _damage_set
0001B9r 1  A9 00        	lda     #$00
0001BBr 1  20 rr rr     	jsr     _compose_damage
0001BEr 1  4C rr rr     	jmp     L04E3
0001C1r 1  8D rr rr     L04B2:	sta     _focused_handle
0001C4r 1  A0 04        L04E3:	ldy     #$04
0001C6r 1  B1 rr        L0504:	lda     (sp),y
0001C8r 1  D0 0B        	bne     L0508
0001CAr 1  AD rr rr     	lda     _dragging_handle
0001CDr 1  F0 06        	beq     L0508
0001CFr 1  20 rr rr     	jsr     _finish_drag
0001D2r 1  4C rr rr     	jmp     L04F5
0001D5r 1  B1 rr        L0508:	lda     (sp),y
0001D7r 1  F0 29        	beq     L050D
0001D9r 1  AD rr rr     	lda     _dragging_handle
0001DCr 1  F0 24        	beq     L050D
0001DEr 1  AD rr rr     	lda     _drag_mode
0001E1r 1  C9 02        	cmp     #$02
0001E3r 1  D0 0F        	bne     L04F0
0001E5r 1  A0 0A        	ldy     #$0A
0001E7r 1  20 rr rr     	jsr     pushwysp
0001EAr 1  A0 08        	ldy     #$08
0001ECr 1  B1 rr        	lda     (sp),y
0001EEr 1  20 rr rr     	jsr     _resize_drag
0001F1r 1  4C rr rr     	jmp     L04F5
0001F4r 1  A0 0A        L04F0:	ldy     #$0A
0001F6r 1  20 rr rr     	jsr     pushwysp
0001F9r 1  A0 08        	ldy     #$08
0001FBr 1  B1 rr        	lda     (sp),y
0001FDr 1  20 rr rr     	jsr     _move_drag
000200r 1  A0 04        L04F5:	ldy     #$04
000202r 1  B1 rr        L050D:	lda     (sp),y
000204r 1  8D rr rr     	sta     _previous_buttons
000207r 1  20 rr rr     L0511:	jsr     _publish_state
00020Ar 1  A2 00        	ldx     #$00
00020Cr 1  8A           	txa
00020Dr 1  A0 09        L050E:	ldy     #$09
00020Fr 1  4C rr rr     	jmp     addysp
000212r 1               
000212r 1               .endproc
000212r 1               
000212r 1               ; ---------------------------------------------------------------
000212r 1               ; unsigned char __near__ udeks_window_manager_stop (void)
000212r 1               ; ---------------------------------------------------------------
000212r 1               
000212r 1               .segment	"CODE"
000212r 1               
000212r 1               .proc	_udeks_window_manager_stop: near
000212r 1               
000212r 1               .segment	"CODE"
000212r 1               
000212r 1  20 rr rr     	jsr     _udeks_window_manager_reset
000215r 1  A2 00        	ldx     #$00
000217r 1  8A           	txa
000218r 1  60           	rts
000219r 1               
000219r 1               .endproc
000219r 1               
000219r 1               ; ---------------------------------------------------------------
000219r 1               ; void __near__ udeks_window_manager_reset (void)
000219r 1               ; ---------------------------------------------------------------
000219r 1               
000219r 1               .segment	"CODE"
000219r 1               
000219r 1               .proc	_udeks_window_manager_reset: near
000219r 1               
000219r 1               .segment	"CODE"
000219r 1               
000219r 1  20 rr rr     	jsr     decsp1
00021Cr 1  A9 00        	lda     #$00
00021Er 1  A8           	tay
00021Fr 1  91 rr        L0512:	sta     (sp),y
000221r 1  C9 04        	cmp     #$04
000223r 1  B0 21        	bcs     L0513
000225r 1  B1 rr        	lda     (sp),y
000227r 1  20 rr rr     	jsr     pusha0
00022Ar 1  A9 11        	lda     #$11
00022Cr 1  20 rr rr     	jsr     tosmula0
00022Fr 1  18           	clc
000230r 1  69 rr        	adc     #<(_windows)
000232r 1  85 rr        	sta     ptr1
000234r 1  8A           	txa
000235r 1  69 rr        	adc     #>(_windows)
000237r 1  85 rr        	sta     ptr1+1
000239r 1  A9 00        	lda     #$00
00023Br 1  A8           	tay
00023Cr 1  91 rr        	sta     (ptr1),y
00023Er 1  18           	clc
00023Fr 1  A9 01        	lda     #$01
000241r 1  71 rr        	adc     (sp),y
000243r 1  4C rr rr     	jmp     L0512
000246r 1  98           L0513:	tya
000247r 1  8D rr rr     	sta     _active_count
00024Ar 1  8D rr rr     	sta     _focused_handle
00024Dr 1  8D rr rr     	sta     _dragging_handle
000250r 1  8D rr rr     	sta     _drag_mode
000253r 1  8D rr rr     	sta     _previous_buttons
000256r 1  20 rr rr     	jsr     _publish_state
000259r 1  4C rr rr     	jmp     incsp1
00025Cr 1               
00025Cr 1               .endproc
00025Cr 1               
00025Cr 1               ; ---------------------------------------------------------------
00025Cr 1               ; unsigned char __near__ udeks_window_create (unsigned char, unsigned char, unsigned char, unsigned int, unsigned char, unsigned int, unsigned char, __near__ const unsigned char *, __near__ __near__ function returning void *, __near__ __near__ function returning void *)
00025Cr 1               ; ---------------------------------------------------------------
00025Cr 1               
00025Cr 1               .segment	"CODE"
00025Cr 1               
00025Cr 1               .proc	_udeks_window_create: near
00025Cr 1               
00025Cr 1               .segment	"CODE"
00025Cr 1               
00025Cr 1  20 rr rr     	jsr     pushax
00025Fr 1  20 rr rr     	jsr     decsp3
000262r 1  A0 0B        	ldy     #$0B
000264r 1  B1 rr        	lda     (sp),y
000266r 1  C9 00        	cmp     #$00
000268r 1  D0 05        	bne     L03DF
00026Ar 1  88           	dey
00026Br 1  B1 rr        	lda     (sp),y
00026Dr 1  C9 10        	cmp     #$10
00026Fr 1  90 45        L03DF:	bcc     L0516
000271r 1  A0 09        	ldy     #$09
000273r 1  B1 rr        	lda     (sp),y
000275r 1  C9 12        	cmp     #$12
000277r 1  90 3D        	bcc     L0516
000279r 1  A0 0D        	ldy     #$0D
00027Br 1  B1 rr        	lda     (sp),y
00027Dr 1  A0 0A        	ldy     #$0A
00027Fr 1  18           	clc
000280r 1  71 rr        	adc     (sp),y
000282r 1  48           	pha
000283r 1  A0 0E        	ldy     #$0E
000285r 1  B1 rr        	lda     (sp),y
000287r 1  A0 0B        	ldy     #$0B
000289r 1  71 rr        	adc     (sp),y
00028Br 1  AA           	tax
00028Cr 1  68           	pla
00028Dr 1  C9 41        	cmp     #$41
00028Fr 1  8A           	txa
000290r 1  E9 01        	sbc     #$01
000292r 1  B0 22        	bcs     L0516
000294r 1  A2 00        	ldx     #$00
000296r 1  A0 09        	ldy     #$09
000298r 1  B1 rr        	lda     (sp),y
00029Ar 1  18           	clc
00029Br 1  A0 0C        	ldy     #$0C
00029Dr 1  71 rr        	adc     (sp),y
00029Fr 1  90 01        	bcc     L0514
0002A1r 1  E8           	inx
0002A2r 1  C9 C9        L0514:	cmp     #$C9
0002A4r 1  8A           	txa
0002A5r 1  E9 00        	sbc     #$00
0002A7r 1  B0 0D        	bcs     L0516
0002A9r 1  A0 10        	ldy     #$10
0002ABr 1  B1 rr        	lda     (sp),y
0002ADr 1  C9 01        	cmp     #$01
0002AFr 1  D0 05        	bne     L0516
0002B1r 1  A9 00        	lda     #$00
0002B3r 1  4C rr rr     	jmp     L0518
0002B6r 1  A2 00        L0516:	ldx     #$00
0002B8r 1  8A           	txa
0002B9r 1  4C rr rr     	jmp     L03DC
0002BCr 1  A0 02        L0518:	ldy     #$02
0002BEr 1  91 rr        L0515:	sta     (sp),y
0002C0r 1  A2 00        	ldx     #$00
0002C2r 1  B1 rr        	lda     (sp),y
0002C4r 1  C9 04        	cmp     #$04
0002C6r 1  B0 23        	bcs     L051A
0002C8r 1  20 rr rr     	jsr     pusha0
0002CBr 1  A9 11        	lda     #$11
0002CDr 1  20 rr rr     	jsr     tosmula0
0002D0r 1  85 rr        	sta     ptr1
0002D2r 1  8A           	txa
0002D3r 1  18           	clc
0002D4r 1  69 rr        	adc     #>(_windows)
0002D6r 1  85 rr        	sta     ptr1+1
0002D8r 1  A0 rr        	ldy     #<(_windows)
0002DAr 1  B1 rr        	lda     (ptr1),y
0002DCr 1  F0 0A        	beq     L03E3
0002DEr 1  A0 02        	ldy     #$02
0002E0r 1  18           	clc
0002E1r 1  A9 01        	lda     #$01
0002E3r 1  71 rr        	adc     (sp),y
0002E5r 1  4C rr rr     	jmp     L0515
0002E8r 1  A0 02        L03E3:	ldy     #$02
0002EAr 1  AA           	tax
0002EBr 1  B1 rr        L051A:	lda     (sp),y
0002EDr 1  C9 04        	cmp     #$04
0002EFr 1  D0 04        	bne     L051C
0002F1r 1  8A           	txa
0002F2r 1  4C rr rr     	jmp     L03DC
0002F5r 1  B1 rr        L051C:	lda     (sp),y
0002F7r 1  20 rr rr     	jsr     pusha0
0002FAr 1  A9 11        	lda     #$11
0002FCr 1  20 rr rr     	jsr     tosmula0
0002FFr 1  18           	clc
000300r 1  69 rr        	adc     #<(_windows)
000302r 1  A8           	tay
000303r 1  8A           	txa
000304r 1  69 rr        	adc     #>(_windows)
000306r 1  AA           	tax
000307r 1  98           	tya
000308r 1  20 rr rr     	jsr     stax0sp
00030Br 1  85 rr        	sta     ptr1
00030Dr 1  86 rr        	stx     ptr1+1
00030Fr 1  A9 01        	lda     #$01
000311r 1  A0 00        	ldy     #$00
000313r 1  91 rr        	sta     (ptr1),y
000315r 1  C8           	iny
000316r 1  B1 rr        	lda     (sp),y
000318r 1  85 rr        	sta     ptr1+1
00031Ar 1  88           	dey
00031Br 1  B1 rr        	lda     (sp),y
00031Dr 1  85 rr        	sta     ptr1
00031Fr 1  A0 11        	ldy     #$11
000321r 1  B1 rr        	lda     (sp),y
000323r 1  A0 01        	ldy     #$01
000325r 1  91 rr        	sta     (ptr1),y
000327r 1  B1 rr        	lda     (sp),y
000329r 1  85 rr        	sta     ptr1+1
00032Br 1  88           	dey
00032Cr 1  B1 rr        	lda     (sp),y
00032Er 1  85 rr        	sta     ptr1
000330r 1  A0 10        	ldy     #$10
000332r 1  B1 rr        	lda     (sp),y
000334r 1  A0 02        	ldy     #$02
000336r 1  91 rr        	sta     (ptr1),y
000338r 1  88           	dey
000339r 1  B1 rr        	lda     (sp),y
00033Br 1  85 rr        	sta     ptr1+1
00033Dr 1  88           	dey
00033Er 1  B1 rr        	lda     (sp),y
000340r 1  85 rr        	sta     ptr1
000342r 1  A0 0F        	ldy     #$0F
000344r 1  B1 rr        	lda     (sp),y
000346r 1  29 0F        	and     #$0F
000348r 1  09 01        	ora     #$01
00034Ar 1  09 08        	ora     #$08
00034Cr 1  A0 03        	ldy     #$03
00034Er 1  91 rr        	sta     (ptr1),y
000350r 1  A0 01        	ldy     #$01
000352r 1  B1 rr        	lda     (sp),y
000354r 1  85 rr        	sta     ptr1+1
000356r 1  88           	dey
000357r 1  B1 rr        	lda     (sp),y
000359r 1  85 rr        	sta     ptr1
00035Br 1  A0 0E        	ldy     #$0E
00035Dr 1  B1 rr        	lda     (sp),y
00035Fr 1  AA           	tax
000360r 1  88           	dey
000361r 1  B1 rr        	lda     (sp),y
000363r 1  A0 04        	ldy     #$04
000365r 1  91 rr        	sta     (ptr1),y
000367r 1  C8           	iny
000368r 1  8A           	txa
000369r 1  91 rr        	sta     (ptr1),y
00036Br 1  A0 01        	ldy     #$01
00036Dr 1  B1 rr        	lda     (sp),y
00036Fr 1  85 rr        	sta     ptr1+1
000371r 1  88           	dey
000372r 1  B1 rr        	lda     (sp),y
000374r 1  85 rr        	sta     ptr1
000376r 1  A0 0C        	ldy     #$0C
000378r 1  B1 rr        	lda     (sp),y
00037Ar 1  A0 06        	ldy     #$06
00037Cr 1  91 rr        	sta     (ptr1),y
00037Er 1  A0 01        	ldy     #$01
000380r 1  B1 rr        	lda     (sp),y
000382r 1  85 rr        	sta     ptr1+1
000384r 1  88           	dey
000385r 1  B1 rr        	lda     (sp),y
000387r 1  85 rr        	sta     ptr1
000389r 1  A0 0B        	ldy     #$0B
00038Br 1  B1 rr        	lda     (sp),y
00038Dr 1  AA           	tax
00038Er 1  88           	dey
00038Fr 1  B1 rr        	lda     (sp),y
000391r 1  A0 07        	ldy     #$07
000393r 1  91 rr        	sta     (ptr1),y
000395r 1  C8           	iny
000396r 1  8A           	txa
000397r 1  91 rr        	sta     (ptr1),y
000399r 1  A0 01        	ldy     #$01
00039Br 1  B1 rr        	lda     (sp),y
00039Dr 1  85 rr        	sta     ptr1+1
00039Fr 1  88           	dey
0003A0r 1  B1 rr        	lda     (sp),y
0003A2r 1  85 rr        	sta     ptr1
0003A4r 1  A0 09        	ldy     #$09
0003A6r 1  B1 rr        	lda     (sp),y
0003A8r 1  91 rr        	sta     (ptr1),y
0003AAr 1  A0 01        	ldy     #$01
0003ACr 1  B1 rr        	lda     (sp),y
0003AEr 1  85 rr        	sta     ptr1+1
0003B0r 1  88           	dey
0003B1r 1  B1 rr        	lda     (sp),y
0003B3r 1  85 rr        	sta     ptr1
0003B5r 1  AD rr rr     	lda     _active_count
0003B8r 1  18           	clc
0003B9r 1  69 01        	adc     #$01
0003BBr 1  A0 0A        	ldy     #$0A
0003BDr 1  91 rr        	sta     (ptr1),y
0003BFr 1  A0 01        	ldy     #$01
0003C1r 1  B1 rr        	lda     (sp),y
0003C3r 1  85 rr        	sta     ptr1+1
0003C5r 1  88           	dey
0003C6r 1  B1 rr        	lda     (sp),y
0003C8r 1  85 rr        	sta     ptr1
0003CAr 1  A0 08        	ldy     #$08
0003CCr 1  B1 rr        	lda     (sp),y
0003CEr 1  AA           	tax
0003CFr 1  88           	dey
0003D0r 1  B1 rr        	lda     (sp),y
0003D2r 1  A0 0B        	ldy     #$0B
0003D4r 1  91 rr        	sta     (ptr1),y
0003D6r 1  C8           	iny
0003D7r 1  8A           	txa
0003D8r 1  91 rr        	sta     (ptr1),y
0003DAr 1  A0 01        	ldy     #$01
0003DCr 1  B1 rr        	lda     (sp),y
0003DEr 1  85 rr        	sta     ptr1+1
0003E0r 1  88           	dey
0003E1r 1  B1 rr        	lda     (sp),y
0003E3r 1  85 rr        	sta     ptr1
0003E5r 1  A0 06        	ldy     #$06
0003E7r 1  B1 rr        	lda     (sp),y
0003E9r 1  AA           	tax
0003EAr 1  88           	dey
0003EBr 1  B1 rr        	lda     (sp),y
0003EDr 1  A0 0D        	ldy     #$0D
0003EFr 1  91 rr        	sta     (ptr1),y
0003F1r 1  C8           	iny
0003F2r 1  8A           	txa
0003F3r 1  91 rr        	sta     (ptr1),y
0003F5r 1  A0 01        	ldy     #$01
0003F7r 1  B1 rr        	lda     (sp),y
0003F9r 1  85 rr        	sta     ptr1+1
0003FBr 1  88           	dey
0003FCr 1  B1 rr        	lda     (sp),y
0003FEr 1  85 rr        	sta     ptr1
000400r 1  A0 04        	ldy     #$04
000402r 1  B1 rr        	lda     (sp),y
000404r 1  AA           	tax
000405r 1  88           	dey
000406r 1  B1 rr        	lda     (sp),y
000408r 1  A0 0F        	ldy     #$0F
00040Ar 1  91 rr        	sta     (ptr1),y
00040Cr 1  C8           	iny
00040Dr 1  8A           	txa
00040Er 1  91 rr        	sta     (ptr1),y
000410r 1  EE rr rr     	inc     _active_count
000413r 1  A0 02        	ldy     #$02
000415r 1  B1 rr        	lda     (sp),y
000417r 1  18           	clc
000418r 1  69 01        	adc     #$01
00041Ar 1  8D rr rr     	sta     _focused_handle
00041Dr 1  A9 10        	lda     #$10
00041Fr 1  20 rr rr     	jsr     _increment_counter
000422r 1  20 rr rr     	jsr     _publish_state
000425r 1  A0 01        	ldy     #$01
000427r 1  B1 rr        	lda     (sp),y
000429r 1  AA           	tax
00042Ar 1  88           	dey
00042Br 1  B1 rr        	lda     (sp),y
00042Dr 1  20 rr rr     	jsr     _damage_set
000430r 1  A9 00        	lda     #$00
000432r 1  20 rr rr     	jsr     _compose_damage
000435r 1  A2 00        	ldx     #$00
000437r 1  AD rr rr     	lda     _focused_handle
00043Ar 1  A0 12        L03DC:	ldy     #$12
00043Cr 1  4C rr rr     	jmp     addysp
00043Fr 1               
00043Fr 1               .endproc
00043Fr 1               
00043Fr 1               ; ---------------------------------------------------------------
00043Fr 1               ; unsigned char __near__ udeks_window_destroy (unsigned char)
00043Fr 1               ; ---------------------------------------------------------------
00043Fr 1               
00043Fr 1               .segment	"CODE"
00043Fr 1               
00043Fr 1               .proc	_udeks_window_destroy: near
00043Fr 1               
00043Fr 1               .segment	"CODE"
00043Fr 1               
00043Fr 1  20 rr rr     	jsr     pusha
000442r 1  20 rr rr     	jsr     decsp6
000445r 1  A0 06        	ldy     #$06
000447r 1  B1 rr        	lda     (sp),y
000449r 1  20 rr rr     	jsr     _window_by_handle
00044Cr 1  A0 04        	ldy     #$04
00044Er 1  20 rr rr     	jsr     staxysp
000451r 1  E0 00        	cpx     #$00
000453r 1  D0 09        	bne     L0420
000455r 1  C9 00        	cmp     #$00
000457r 1  D0 05        	bne     L0420
000459r 1  A9 01        	lda     #$01
00045Br 1  4C rr rr     	jmp     incsp7
00045Er 1  A0 05        L0420:	ldy     #$05
000460r 1  B1 rr        	lda     (sp),y
000462r 1  85 rr        	sta     ptr1+1
000464r 1  88           	dey
000465r 1  B1 rr        	lda     (sp),y
000467r 1  85 rr        	sta     ptr1
000469r 1  A0 10        	ldy     #$10
00046Br 1  B1 rr        	lda     (ptr1),y
00046Dr 1  AA           	tax
00046Er 1  88           	dey
00046Fr 1  B1 rr        	lda     (ptr1),y
000471r 1  A0 02        	ldy     #$02
000473r 1  20 rr rr     	jsr     staxysp
000476r 1  A0 05        	ldy     #$05
000478r 1  B1 rr        	lda     (sp),y
00047Ar 1  85 rr        	sta     ptr1+1
00047Cr 1  88           	dey
00047Dr 1  B1 rr        	lda     (sp),y
00047Fr 1  85 rr        	sta     ptr1
000481r 1  A0 0A        	ldy     #$0A
000483r 1  B1 rr        	lda     (ptr1),y
000485r 1  A0 00        	ldy     #$00
000487r 1  91 rr        	sta     (sp),y
000489r 1  A0 05        	ldy     #$05
00048Br 1  B1 rr        	lda     (sp),y
00048Dr 1  AA           	tax
00048Er 1  88           	dey
00048Fr 1  B1 rr        	lda     (sp),y
000491r 1  20 rr rr     	jsr     _damage_set
000494r 1  A0 06        	ldy     #$06
000496r 1  B1 rr        	lda     (sp),y
000498r 1  CD rr rr     	cmp     _dragging_handle
00049Br 1  D0 35        	bne     L042A
00049Dr 1  20 rr rr     	jsr     _udeks_vic_bitmap_reset_clip
0004A0r 1  20 rr rr     	jsr     decsp5
0004A3r 1  AD rr rr     	lda     _drag_x
0004A6r 1  A0 03        	ldy     #$03
0004A8r 1  91 rr        	sta     (sp),y
0004AAr 1  C8           	iny
0004ABr 1  AD rr rr     	lda     _drag_x+1
0004AEr 1  91 rr        	sta     (sp),y
0004B0r 1  AD rr rr     	lda     _drag_y
0004B3r 1  A0 02        	ldy     #$02
0004B5r 1  91 rr        	sta     (sp),y
0004B7r 1  AD rr rr     	lda     _drag_width
0004BAr 1  A0 00        	ldy     #$00
0004BCr 1  91 rr        	sta     (sp),y
0004BEr 1  C8           	iny
0004BFr 1  AD rr rr     	lda     _drag_width+1
0004C2r 1  91 rr        	sta     (sp),y
0004C4r 1  AD rr rr     	lda     _drag_height
0004C7r 1  20 rr rr     	jsr     _udeks_vic_bitmap_outline_toggle
0004CAr 1  A9 00        	lda     #$00
0004CCr 1  8D rr rr     	sta     _dragging_handle
0004CFr 1  8D rr rr     	sta     _drag_mode
0004D2r 1  A0 05        L042A:	ldy     #$05
0004D4r 1  B1 rr        	lda     (sp),y
0004D6r 1  85 rr        	sta     ptr1+1
0004D8r 1  88           	dey
0004D9r 1  B1 rr        	lda     (sp),y
0004DBr 1  85 rr        	sta     ptr1
0004DDr 1  A9 00        	lda     #$00
0004DFr 1  A8           	tay
0004E0r 1  91 rr        	sta     (ptr1),y
0004E2r 1  CE rr rr     	dec     _active_count
0004E5r 1  C8           	iny
0004E6r 1  91 rr        L051E:	sta     (sp),y
0004E8r 1  C9 04        	cmp     #$04
0004EAr 1  B0 66        	bcs     L043A
0004ECr 1  B1 rr        	lda     (sp),y
0004EEr 1  20 rr rr     	jsr     pusha0
0004F1r 1  A9 11        	lda     #$11
0004F3r 1  20 rr rr     	jsr     tosmula0
0004F6r 1  85 rr        	sta     ptr1
0004F8r 1  8A           	txa
0004F9r 1  18           	clc
0004FAr 1  69 rr        	adc     #>(_windows)
0004FCr 1  85 rr        	sta     ptr1+1
0004FEr 1  A0 rr        	ldy     #<(_windows)
000500r 1  B1 rr        	lda     (ptr1),y
000502r 1  F0 45        	beq     L043B
000504r 1  A0 01        	ldy     #$01
000506r 1  B1 rr        	lda     (sp),y
000508r 1  20 rr rr     	jsr     pusha0
00050Br 1  A9 11        	lda     #$11
00050Dr 1  20 rr rr     	jsr     tosmula0
000510r 1  18           	clc
000511r 1  69 rr        	adc     #<(_windows)
000513r 1  85 rr        	sta     ptr1
000515r 1  8A           	txa
000516r 1  69 rr        	adc     #>(_windows)
000518r 1  85 rr        	sta     ptr1+1
00051Ar 1  A0 0A        	ldy     #$0A
00051Cr 1  B1 rr        	lda     (ptr1),y
00051Er 1  38           	sec
00051Fr 1  A0 00        	ldy     #$00
000521r 1  F1 rr        	sbc     (sp),y
000523r 1  85 rr        	sta     tmp1
000525r 1  A5 rr        	lda     tmp1
000527r 1  F0 20        	beq     L043B
000529r 1  90 1E        	bcc     L043B
00052Br 1  C8           	iny
00052Cr 1  B1 rr        	lda     (sp),y
00052Er 1  20 rr rr     	jsr     pusha0
000531r 1  A9 11        	lda     #$11
000533r 1  20 rr rr     	jsr     tosmula0
000536r 1  18           	clc
000537r 1  69 rr        	adc     #<(_windows)
000539r 1  85 rr        	sta     ptr1
00053Br 1  8A           	txa
00053Cr 1  69 rr        	adc     #>(_windows)
00053Er 1  85 rr        	sta     ptr1+1
000540r 1  A0 0A        	ldy     #$0A
000542r 1  B1 rr        	lda     (ptr1),y
000544r 1  38           	sec
000545r 1  E9 01        	sbc     #$01
000547r 1  91 rr        	sta     (ptr1),y
000549r 1  A0 01        L043B:	ldy     #$01
00054Br 1  18           	clc
00054Cr 1  98           	tya
00054Dr 1  71 rr        	adc     (sp),y
00054Fr 1  4C rr rr     	jmp     L051E
000552r 1  20 rr rr     L043A:	jsr     _top_window
000555r 1  8D rr rr     	sta     _focused_handle
000558r 1  A9 00        	lda     #$00
00055Ar 1  20 rr rr     	jsr     _compose_damage
00055Dr 1  A9 12        	lda     #$12
00055Fr 1  20 rr rr     	jsr     _increment_counter
000562r 1  20 rr rr     	jsr     _publish_state
000565r 1  A0 02        	ldy     #$02
000567r 1  B1 rr        	lda     (sp),y
000569r 1  C8           	iny
00056Ar 1  11 rr        	ora     (sp),y
00056Cr 1  F0 22        	beq     L0450
00056Er 1  B1 rr        	lda     (sp),y
000570r 1  AA           	tax
000571r 1  88           	dey
000572r 1  B1 rr        	lda     (sp),y
000574r 1  20 rr rr     	jsr     pushax
000577r 1  A0 08        	ldy     #$08
000579r 1  B1 rr        	lda     (sp),y
00057Br 1  48           	pha
00057Cr 1  A0 00        	ldy     #$00
00057Er 1  B1 rr        	lda     (sp),y
000580r 1  8D rr rr     	sta     jmpvec+1
000583r 1  C8           	iny
000584r 1  B1 rr        	lda     (sp),y
000586r 1  8D rr rr     	sta     jmpvec+2
000589r 1  68           	pla
00058Ar 1  20 rr rr     	jsr     jmpvec
00058Dr 1  20 rr rr     	jsr     incsp2
000590r 1  A2 00        L0450:	ldx     #$00
000592r 1  8A           	txa
000593r 1  4C rr rr     	jmp     incsp7
000596r 1               
000596r 1               .endproc
000596r 1               
000596r 1               ; ---------------------------------------------------------------
000596r 1               ; unsigned char __near__ udeks_window_repaint (unsigned char)
000596r 1               ; ---------------------------------------------------------------
000596r 1               
000596r 1               .segment	"CODE"
000596r 1               
000596r 1               .proc	_udeks_window_repaint: near
000596r 1               
000596r 1               .segment	"CODE"
000596r 1               
000596r 1  20 rr rr     	jsr     pusha
000599r 1  20 rr rr     	jsr     decsp2
00059Cr 1  A0 02        	ldy     #$02
00059Er 1  B1 rr        	lda     (sp),y
0005A0r 1  20 rr rr     	jsr     _window_by_handle
0005A3r 1  20 rr rr     	jsr     stax0sp
0005A6r 1  E0 00        	cpx     #$00
0005A8r 1  D0 09        	bne     L045A
0005AAr 1  C9 00        	cmp     #$00
0005ACr 1  D0 05        	bne     L045A
0005AEr 1  A9 01        	lda     #$01
0005B0r 1  4C rr rr     	jmp     incsp3
0005B3r 1  AD rr rr     L045A:	lda     _dragging_handle
0005B6r 1  D0 10        	bne     L0523
0005B8r 1  A0 01        	ldy     #$01
0005BAr 1  B1 rr        	lda     (sp),y
0005BCr 1  AA           	tax
0005BDr 1  88           	dey
0005BEr 1  B1 rr        	lda     (sp),y
0005C0r 1  20 rr rr     	jsr     _damage_set
0005C3r 1  A9 00        	lda     #$00
0005C5r 1  20 rr rr     	jsr     _compose_damage
0005C8r 1  A2 00        L0523:	ldx     #$00
0005CAr 1  8A           	txa
0005CBr 1  4C rr rr     	jmp     incsp3
0005CEr 1               
0005CEr 1               .endproc
0005CEr 1               
0005CEr 1               ; ---------------------------------------------------------------
0005CEr 1               ; unsigned char __near__ udeks_window_begin_paint (unsigned char)
0005CEr 1               ; ---------------------------------------------------------------
0005CEr 1               
0005CEr 1               .segment	"CODE"
0005CEr 1               
0005CEr 1               .proc	_udeks_window_begin_paint: near
0005CEr 1               
0005CEr 1               .segment	"CODE"
0005CEr 1               
0005CEr 1  20 rr rr     	jsr     pusha
0005D1r 1  20 rr rr     	jsr     decsp2
0005D4r 1  A0 02        	ldy     #$02
0005D6r 1  B1 rr        	lda     (sp),y
0005D8r 1  20 rr rr     	jsr     _window_by_handle
0005DBr 1  20 rr rr     	jsr     stax0sp
0005DEr 1  E0 00        	cpx     #$00
0005E0r 1  D0 04        	bne     L0529
0005E2r 1  C9 00        	cmp     #$00
0005E4r 1  F0 1B        	beq     L052A
0005E6r 1  AD rr rr     L0529:	lda     _dragging_handle
0005E9r 1  D0 14        	bne     L0527
0005EBr 1  A0 01        	ldy     #$01
0005EDr 1  B1 rr        	lda     (sp),y
0005EFr 1  85 rr        	sta     ptr1+1
0005F1r 1  88           	dey
0005F2r 1  B1 rr        	lda     (sp),y
0005F4r 1  85 rr        	sta     ptr1
0005F6r 1  A0 0A        	ldy     #$0A
0005F8r 1  B1 rr        	lda     (ptr1),y
0005FAr 1  CD rr rr     	cmp     _active_count
0005FDr 1  F0 07        	beq     L01E7
0005FFr 1  A2 00        L0527:	ldx     #$00
000601r 1  A9 01        L052A:	lda     #$01
000603r 1  4C rr rr     	jmp     incsp3
000606r 1  A0 01        L01E7:	ldy     #$01
000608r 1  B1 rr        	lda     (sp),y
00060Ar 1  85 rr        	sta     ptr1+1
00060Cr 1  88           	dey
00060Dr 1  B1 rr        	lda     (sp),y
00060Fr 1  85 rr        	sta     ptr1
000611r 1  A0 03        	ldy     #$03
000613r 1  B1 rr        	lda     (ptr1),y
000615r 1  29 7F        	and     #$7F
000617r 1  91 rr        	sta     (ptr1),y
000619r 1  20 rr rr     	jsr     decsp6
00061Cr 1  A0 07        	ldy     #$07
00061Er 1  B1 rr        	lda     (sp),y
000620r 1  85 rr        	sta     ptr1+1
000622r 1  88           	dey
000623r 1  B1 rr        	lda     (sp),y
000625r 1  85 rr        	sta     ptr1
000627r 1  88           	dey
000628r 1  B1 rr        	lda     (ptr1),y
00062Ar 1  AA           	tax
00062Br 1  88           	dey
00062Cr 1  B1 rr        	lda     (ptr1),y
00062Er 1  18           	clc
00062Fr 1  69 03        	adc     #$03
000631r 1  90 01        	bcc     L0528
000633r 1  E8           	inx
000634r 1  91 rr        L0528:	sta     (sp),y
000636r 1  C8           	iny
000637r 1  8A           	txa
000638r 1  91 rr        	sta     (sp),y
00063Ar 1  A0 07        	ldy     #$07
00063Cr 1  B1 rr        	lda     (sp),y
00063Er 1  85 rr        	sta     ptr1+1
000640r 1  88           	dey
000641r 1  B1 rr        	lda     (sp),y
000643r 1  85 rr        	sta     ptr1
000645r 1  A2 00        	ldx     #$00
000647r 1  B1 rr        	lda     (ptr1),y
000649r 1  18           	clc
00064Ar 1  69 0D        	adc     #$0D
00064Cr 1  90 02        	bcc     L0525
00064Er 1  E8           	inx
00064Fr 1  18           	clc
000650r 1  69 01        L0525:	adc     #$01
000652r 1  90 01        	bcc     L01F3
000654r 1  E8           	inx
000655r 1  A0 02        L01F3:	ldy     #$02
000657r 1  91 rr        	sta     (sp),y
000659r 1  C8           	iny
00065Ar 1  8A           	txa
00065Br 1  91 rr        	sta     (sp),y
00065Dr 1  A0 07        	ldy     #$07
00065Fr 1  B1 rr        	lda     (sp),y
000661r 1  85 rr        	sta     ptr1+1
000663r 1  88           	dey
000664r 1  B1 rr        	lda     (sp),y
000666r 1  85 rr        	sta     ptr1
000668r 1  A0 08        	ldy     #$08
00066Ar 1  B1 rr        	lda     (ptr1),y
00066Cr 1  AA           	tax
00066Dr 1  88           	dey
00066Er 1  B1 rr        	lda     (ptr1),y
000670r 1  38           	sec
000671r 1  E9 06        	sbc     #$06
000673r 1  B0 01        	bcs     L01F5
000675r 1  CA           	dex
000676r 1  A0 00        L01F5:	ldy     #$00
000678r 1  91 rr        	sta     (sp),y
00067Ar 1  C8           	iny
00067Br 1  8A           	txa
00067Cr 1  91 rr        	sta     (sp),y
00067Er 1  A0 07        	ldy     #$07
000680r 1  B1 rr        	lda     (sp),y
000682r 1  85 rr        	sta     ptr1+1
000684r 1  88           	dey
000685r 1  B1 rr        	lda     (sp),y
000687r 1  85 rr        	sta     ptr1
000689r 1  A0 09        	ldy     #$09
00068Br 1  A2 00        	ldx     #$00
00068Dr 1  B1 rr        	lda     (ptr1),y
00068Fr 1  38           	sec
000690r 1  E9 0D        	sbc     #$0D
000692r 1  B0 02        	bcs     L0526
000694r 1  CA           	dex
000695r 1  38           	sec
000696r 1  E9 04        L0526:	sbc     #$04
000698r 1  B0 01        	bcs     L01F8
00069Ar 1  CA           	dex
00069Br 1  20 rr rr     L01F8:	jsr     _udeks_vic_bitmap_set_clip
00069Er 1  A2 00        	ldx     #$00
0006A0r 1  8A           	txa
0006A1r 1  4C rr rr     	jmp     incsp3
0006A4r 1               
0006A4r 1               .endproc
0006A4r 1               
0006A4r 1               ; ---------------------------------------------------------------
0006A4r 1               ; void __near__ udeks_window_end_paint (void)
0006A4r 1               ; ---------------------------------------------------------------
0006A4r 1               
0006A4r 1               .segment	"CODE"
0006A4r 1               
0006A4r 1               .proc	_udeks_window_end_paint: near
0006A4r 1               
0006A4r 1               .segment	"CODE"
0006A4r 1               
0006A4r 1  20 rr rr     	jsr     _udeks_vic_bitmap_reset_clip
0006A7r 1  4C rr rr     	jmp     _udeks_vic_bitmap_commit
0006AAr 1               
0006AAr 1               .endproc
0006AAr 1               
0006AAr 1               ; ---------------------------------------------------------------
0006AAr 1               ; unsigned char __near__ __fastcall__ udeks_window_image_complete (unsigned char)
0006AAr 1               ; ---------------------------------------------------------------
0006AAr 1               
0006AAr 1               .segment	"CODE"
0006AAr 1               
0006AAr 1               .proc	_udeks_window_image_complete: near
0006AAr 1               
0006AAr 1               .segment	"CODE"
0006AAr 1               
0006AAr 1  20 rr rr     	jsr     pusha
0006ADr 1  20 rr rr     	jsr     decsp2
0006B0r 1  A0 02        	ldy     #$02
0006B2r 1  B1 rr        	lda     (sp),y
0006B4r 1  20 rr rr     	jsr     _window_by_handle
0006B7r 1  20 rr rr     	jsr     stax0sp
0006BAr 1  E0 00        	cpx     #$00
0006BCr 1  D0 04        	bne     L052D
0006BEr 1  C9 00        	cmp     #$00
0006C0r 1  F0 41        	beq     L052E
0006C2r 1  AD rr rr     L052D:	lda     _dragging_handle
0006C5r 1  D0 3A        	bne     L052C
0006C7r 1  A0 01        	ldy     #$01
0006C9r 1  B1 rr        	lda     (sp),y
0006CBr 1  85 rr        	sta     ptr1+1
0006CDr 1  88           	dey
0006CEr 1  B1 rr        	lda     (sp),y
0006D0r 1  85 rr        	sta     ptr1
0006D2r 1  A0 0A        	ldy     #$0A
0006D4r 1  B1 rr        	lda     (ptr1),y
0006D6r 1  CD rr rr     	cmp     _active_count
0006D9r 1  D0 26        	bne     L052C
0006DBr 1  A0 01        	ldy     #$01
0006DDr 1  B1 rr        	lda     (sp),y
0006DFr 1  85 rr        	sta     ptr1+1
0006E1r 1  88           	dey
0006E2r 1  B1 rr        	lda     (sp),y
0006E4r 1  85 rr        	sta     ptr1
0006E6r 1  A0 03        	ldy     #$03
0006E8r 1  B1 rr        	lda     (ptr1),y
0006EAr 1  29 01        	and     #$01
0006ECr 1  F0 13        	beq     L052C
0006EEr 1  A0 01        	ldy     #$01
0006F0r 1  B1 rr        	lda     (sp),y
0006F2r 1  85 rr        	sta     ptr1+1
0006F4r 1  88           	dey
0006F5r 1  B1 rr        	lda     (sp),y
0006F7r 1  85 rr        	sta     ptr1
0006F9r 1  A0 02        	ldy     #$02
0006FBr 1  B1 rr        	lda     (ptr1),y
0006FDr 1  C9 01        	cmp     #$01
0006FFr 1  F0 07        	beq     L0201
000701r 1  A2 00        L052C:	ldx     #$00
000703r 1  A9 01        L052E:	lda     #$01
000705r 1  4C rr rr     	jmp     incsp3
000708r 1  88           L0201:	dey
000709r 1  B1 rr        	lda     (sp),y
00070Br 1  85 rr        	sta     ptr1+1
00070Dr 1  88           	dey
00070Er 1  B1 rr        	lda     (sp),y
000710r 1  85 rr        	sta     ptr1
000712r 1  A0 03        	ldy     #$03
000714r 1  B1 rr        	lda     (ptr1),y
000716r 1  09 80        	ora     #$80
000718r 1  91 rr        	sta     (ptr1),y
00071Ar 1  A2 00        	ldx     #$00
00071Cr 1  8A           	txa
00071Dr 1  4C rr rr     	jmp     incsp3
000720r 1               
000720r 1               .endproc
000720r 1               
000720r 1               ; ---------------------------------------------------------------
000720r 1               ; unsigned char __near__ udeks_window_get_geometry (unsigned char, __near__ unsigned int *, __near__ unsigned char *, __near__ unsigned int *, __near__ unsigned char *)
000720r 1               ; ---------------------------------------------------------------
000720r 1               
000720r 1               .segment	"CODE"
000720r 1               
000720r 1               .proc	_udeks_window_get_geometry: near
000720r 1               
000720r 1               .segment	"CODE"
000720r 1               
000720r 1  20 rr rr     	jsr     pushax
000723r 1  20 rr rr     	jsr     decsp2
000726r 1  A0 0A        	ldy     #$0A
000728r 1  B1 rr        	lda     (sp),y
00072Ar 1  20 rr rr     	jsr     _window_by_handle
00072Dr 1  20 rr rr     	jsr     stax0sp
000730r 1  E0 00        	cpx     #$00
000732r 1  D0 09        	bne     L046A
000734r 1  C9 00        	cmp     #$00
000736r 1  D0 05        	bne     L046A
000738r 1  A9 01        	lda     #$01
00073Ar 1  4C rr rr     	jmp     L0466
00073Dr 1  A0 09        L046A:	ldy     #$09
00073Fr 1  B1 rr        	lda     (sp),y
000741r 1  85 rr        	sta     sreg+1
000743r 1  88           	dey
000744r 1  B1 rr        	lda     (sp),y
000746r 1  85 rr        	sta     sreg
000748r 1  A0 0A        	ldy     #$0A
00074Ar 1  B1 rr        	lda     (sp),y
00074Cr 1  CD rr rr     	cmp     _dragging_handle
00074Fr 1  D0 09        	bne     L0470
000751r 1  AD rr rr     	lda     _drag_x
000754r 1  AE rr rr     	ldx     _drag_x+1
000757r 1  4C rr rr     	jmp     L0472
00075Ar 1  A0 01        L0470:	ldy     #$01
00075Cr 1  B1 rr        	lda     (sp),y
00075Er 1  85 rr        	sta     ptr1+1
000760r 1  88           	dey
000761r 1  B1 rr        	lda     (sp),y
000763r 1  85 rr        	sta     ptr1
000765r 1  A0 05        	ldy     #$05
000767r 1  B1 rr        	lda     (ptr1),y
000769r 1  AA           	tax
00076Ar 1  88           	dey
00076Br 1  B1 rr        	lda     (ptr1),y
00076Dr 1  A0 00        L0472:	ldy     #$00
00076Fr 1  91 rr        	sta     (sreg),y
000771r 1  C8           	iny
000772r 1  8A           	txa
000773r 1  91 rr        	sta     (sreg),y
000775r 1  A0 07        	ldy     #$07
000777r 1  B1 rr        	lda     (sp),y
000779r 1  85 rr        	sta     sreg+1
00077Br 1  88           	dey
00077Cr 1  B1 rr        	lda     (sp),y
00077Er 1  85 rr        	sta     sreg
000780r 1  A0 0A        	ldy     #$0A
000782r 1  B1 rr        	lda     (sp),y
000784r 1  CD rr rr     	cmp     _dragging_handle
000787r 1  D0 06        	bne     L0476
000789r 1  AD rr rr     	lda     _drag_y
00078Cr 1  4C rr rr     	jmp     L0536
00078Fr 1  A0 01        L0476:	ldy     #$01
000791r 1  B1 rr        	lda     (sp),y
000793r 1  85 rr        	sta     ptr1+1
000795r 1  88           	dey
000796r 1  B1 rr        	lda     (sp),y
000798r 1  85 rr        	sta     ptr1
00079Ar 1  A0 06        	ldy     #$06
00079Cr 1  B1 rr        	lda     (ptr1),y
00079Er 1  A0 00        L0536:	ldy     #$00
0007A0r 1  91 rr        	sta     (sreg),y
0007A2r 1  A0 05        	ldy     #$05
0007A4r 1  B1 rr        	lda     (sp),y
0007A6r 1  85 rr        	sta     sreg+1
0007A8r 1  88           	dey
0007A9r 1  B1 rr        	lda     (sp),y
0007ABr 1  85 rr        	sta     sreg
0007ADr 1  A0 0A        	ldy     #$0A
0007AFr 1  B1 rr        	lda     (sp),y
0007B1r 1  CD rr rr     	cmp     _dragging_handle
0007B4r 1  D0 09        	bne     L047C
0007B6r 1  AD rr rr     	lda     _drag_width
0007B9r 1  AE rr rr     	ldx     _drag_width+1
0007BCr 1  4C rr rr     	jmp     L047E
0007BFr 1  A0 01        L047C:	ldy     #$01
0007C1r 1  B1 rr        	lda     (sp),y
0007C3r 1  85 rr        	sta     ptr1+1
0007C5r 1  88           	dey
0007C6r 1  B1 rr        	lda     (sp),y
0007C8r 1  85 rr        	sta     ptr1
0007CAr 1  A0 08        	ldy     #$08
0007CCr 1  B1 rr        	lda     (ptr1),y
0007CEr 1  AA           	tax
0007CFr 1  88           	dey
0007D0r 1  B1 rr        	lda     (ptr1),y
0007D2r 1  A0 00        L047E:	ldy     #$00
0007D4r 1  91 rr        	sta     (sreg),y
0007D6r 1  C8           	iny
0007D7r 1  8A           	txa
0007D8r 1  91 rr        	sta     (sreg),y
0007DAr 1  A0 03        	ldy     #$03
0007DCr 1  B1 rr        	lda     (sp),y
0007DEr 1  85 rr        	sta     sreg+1
0007E0r 1  88           	dey
0007E1r 1  B1 rr        	lda     (sp),y
0007E3r 1  85 rr        	sta     sreg
0007E5r 1  A0 0A        	ldy     #$0A
0007E7r 1  B1 rr        	lda     (sp),y
0007E9r 1  CD rr rr     	cmp     _dragging_handle
0007ECr 1  D0 06        	bne     L0482
0007EEr 1  AD rr rr     	lda     _drag_height
0007F1r 1  4C rr rr     	jmp     L0538
0007F4r 1  A0 01        L0482:	ldy     #$01
0007F6r 1  B1 rr        	lda     (sp),y
0007F8r 1  85 rr        	sta     ptr1+1
0007FAr 1  88           	dey
0007FBr 1  B1 rr        	lda     (sp),y
0007FDr 1  85 rr        	sta     ptr1
0007FFr 1  A0 09        	ldy     #$09
000801r 1  B1 rr        	lda     (ptr1),y
000803r 1  A0 00        L0538:	ldy     #$00
000805r 1  91 rr        	sta     (sreg),y
000807r 1  A2 00        	ldx     #$00
000809r 1  8A           	txa
00080Ar 1  A0 0B        L0466:	ldy     #$0B
00080Cr 1  4C rr rr     	jmp     addysp
00080Fr 1               
00080Fr 1               .endproc
00080Fr 1               
00080Fr 1               ; ---------------------------------------------------------------
00080Fr 1               ; unsigned char __near__ udeks_window_is_dragging (unsigned char)
00080Fr 1               ; ---------------------------------------------------------------
00080Fr 1               
00080Fr 1               .segment	"CODE"
00080Fr 1               
00080Fr 1               .proc	_udeks_window_is_dragging: near
00080Fr 1               
00080Fr 1               .segment	"CODE"
00080Fr 1               
00080Fr 1  20 rr rr     	jsr     pusha
000812r 1  A2 00        	ldx     #$00
000814r 1  A1 rr        	lda     (sp,x)
000816r 1  F0 0E        	beq     L053E
000818r 1  CD rr rr     	cmp     _dragging_handle
00081Br 1  F0 04        	beq     L053C
00081Dr 1  8A           	txa
00081Er 1  4C rr rr     	jmp     incsp1
000821r 1  A9 01        L053C:	lda     #$01
000823r 1  4C rr rr     	jmp     incsp1
000826r 1  4C rr rr     L053E:	jmp     incsp1
000829r 1               
000829r 1               .endproc
000829r 1               
000829r 1               ; ---------------------------------------------------------------
000829r 1               ; unsigned char __near__ udeks_window_is_focused (unsigned char)
000829r 1               ; ---------------------------------------------------------------
000829r 1               
000829r 1               .segment	"CODE"
000829r 1               
000829r 1               .proc	_udeks_window_is_focused: near
000829r 1               
000829r 1               .segment	"CODE"
000829r 1               
000829r 1  20 rr rr     	jsr     pusha
00082Cr 1  A2 00        	ldx     #$00
00082Er 1  A1 rr        	lda     (sp,x)
000830r 1  F0 0E        	beq     L0544
000832r 1  CD rr rr     	cmp     _focused_handle
000835r 1  F0 04        	beq     L0542
000837r 1  8A           	txa
000838r 1  4C rr rr     	jmp     incsp1
00083Br 1  A9 01        L0542:	lda     #$01
00083Dr 1  4C rr rr     	jmp     incsp1
000840r 1  4C rr rr     L0544:	jmp     incsp1
000843r 1               
000843r 1               .endproc
000843r 1               
000843r 1               ; ---------------------------------------------------------------
000843r 1               ; void __near__ increment_counter (unsigned char)
000843r 1               ; ---------------------------------------------------------------
000843r 1               
000843r 1               .segment	"CODE"
000843r 1               
000843r 1               .proc	_increment_counter: near
000843r 1               
000843r 1               .segment	"CODE"
000843r 1               
000843r 1  20 rr rr     	jsr     pusha
000846r 1  A0 00        	ldy     #$00
000848r 1  B1 rr        	lda     (sp),y
00084Ar 1  18           	clc
00084Br 1  69 40        	adc     #$40
00084Dr 1  85 rr        	sta     ptr1
00084Fr 1  98           	tya
000850r 1  69 F2        	adc     #$F2
000852r 1  85 rr        	sta     ptr1+1
000854r 1  A9 01        	lda     #$01
000856r 1  18           	clc
000857r 1  71 rr        	adc     (ptr1),y
000859r 1  91 rr        	sta     (ptr1),y
00085Br 1  B1 rr        	lda     (sp),y
00085Dr 1  18           	clc
00085Er 1  69 40        	adc     #$40
000860r 1  85 rr        	sta     ptr1
000862r 1  98           	tya
000863r 1  69 F2        	adc     #$F2
000865r 1  85 rr        	sta     ptr1+1
000867r 1  B1 rr        	lda     (ptr1),y
000869r 1  D0 1A        	bne     L008D
00086Br 1  AA           	tax
00086Cr 1  B1 rr        	lda     (sp),y
00086Er 1  18           	clc
00086Fr 1  69 01        	adc     #$01
000871r 1  90 02        	bcc     L0545
000873r 1  E8           	inx
000874r 1  18           	clc
000875r 1  69 40        L0545:	adc     #$40
000877r 1  85 rr        	sta     ptr1
000879r 1  8A           	txa
00087Ar 1  69 F2        	adc     #$F2
00087Cr 1  85 rr        	sta     ptr1+1
00087Er 1  A9 01        	lda     #$01
000880r 1  18           	clc
000881r 1  71 rr        	adc     (ptr1),y
000883r 1  91 rr        	sta     (ptr1),y
000885r 1  4C rr rr     L008D:	jmp     incsp1
000888r 1               
000888r 1               .endproc
000888r 1               
000888r 1               ; ---------------------------------------------------------------
000888r 1               ; __near__ struct udeks_window * __near__ window_by_handle (unsigned char)
000888r 1               ; ---------------------------------------------------------------
000888r 1               
000888r 1               .segment	"CODE"
000888r 1               
000888r 1               .proc	_window_by_handle: near
000888r 1               
000888r 1               .segment	"CODE"
000888r 1               
000888r 1  20 rr rr     	jsr     pusha
00088Br 1  A0 00        	ldy     #$00
00088Dr 1  B1 rr        	lda     (sp),y
00088Fr 1  F0 24        	beq     L0546
000891r 1  C9 05        	cmp     #$05
000893r 1  B0 20        	bcs     L0546
000895r 1  A2 00        	ldx     #$00
000897r 1  B1 rr        	lda     (sp),y
000899r 1  38           	sec
00089Ar 1  E9 01        	sbc     #$01
00089Cr 1  B0 01        	bcs     L009B
00089Er 1  CA           	dex
00089Fr 1  20 rr rr     L009B:	jsr     pushax
0008A2r 1  A9 11        	lda     #$11
0008A4r 1  20 rr rr     	jsr     tosmula0
0008A7r 1  85 rr        	sta     ptr1
0008A9r 1  8A           	txa
0008AAr 1  18           	clc
0008ABr 1  69 rr        	adc     #>(_windows)
0008ADr 1  85 rr        	sta     ptr1+1
0008AFr 1  A0 rr        	ldy     #<(_windows)
0008B1r 1  B1 rr        	lda     (ptr1),y
0008B3r 1  D0 06        	bne     L0098
0008B5r 1  A2 00        L0546:	ldx     #$00
0008B7r 1  8A           	txa
0008B8r 1  4C rr rr     	jmp     incsp1
0008BBr 1  A2 00        L0098:	ldx     #$00
0008BDr 1  A1 rr        	lda     (sp,x)
0008BFr 1  38           	sec
0008C0r 1  E9 01        	sbc     #$01
0008C2r 1  B0 01        	bcs     L00A0
0008C4r 1  CA           	dex
0008C5r 1  20 rr rr     L00A0:	jsr     pushax
0008C8r 1  A9 11        	lda     #$11
0008CAr 1  20 rr rr     	jsr     tosmula0
0008CDr 1  18           	clc
0008CEr 1  69 rr        	adc     #<(_windows)
0008D0r 1  A8           	tay
0008D1r 1  8A           	txa
0008D2r 1  69 rr        	adc     #>(_windows)
0008D4r 1  AA           	tax
0008D5r 1  98           	tya
0008D6r 1  4C rr rr     	jmp     incsp1
0008D9r 1               
0008D9r 1               .endproc
0008D9r 1               
0008D9r 1               ; ---------------------------------------------------------------
0008D9r 1               ; void __near__ publish_state (void)
0008D9r 1               ; ---------------------------------------------------------------
0008D9r 1               
0008D9r 1               .segment	"CODE"
0008D9r 1               
0008D9r 1               .proc	_publish_state: near
0008D9r 1               
0008D9r 1               .segment	"CODE"
0008D9r 1               
0008D9r 1  20 rr rr     	jsr     decsp2
0008DCr 1  AD rr rr     	lda     _active_count
0008DFr 1  8D 46 F2     	sta     $F246
0008E2r 1  AD rr rr     	lda     _focused_handle
0008E5r 1  8D 47 F2     	sta     $F247
0008E8r 1  AD rr rr     	lda     _dragging_handle
0008EBr 1  8D 48 F2     	sta     $F248
0008EEr 1  A9 04        	lda     #$04
0008F0r 1  8D 4E F2     	sta     $F24E
0008F3r 1  A9 3F        	lda     #$3F
0008F5r 1  8D 4F F2     	sta     $F24F
0008F8r 1  AD rr rr     	lda     _dragging_handle
0008FBr 1  D0 0C        	bne     L00BB
0008FDr 1  8D 49 F2     	sta     $F249
000900r 1  8D 4A F2     	sta     $F24A
000903r 1  8D 4B F2     	sta     $F24B
000906r 1  4C rr rr     	jmp     L054A
000909r 1  AD rr rr     L00BB:	lda     _dragging_handle
00090Cr 1  20 rr rr     	jsr     _window_by_handle
00090Fr 1  20 rr rr     	jsr     stax0sp
000912r 1  E0 00        	cpx     #$00
000914r 1  D0 04        	bne     L0548
000916r 1  C9 00        	cmp     #$00
000918r 1  F0 1E        	beq     L00A1
00091Ar 1  AD rr rr     L0548:	lda     _drag_x
00091Dr 1  8D 49 F2     	sta     $F249
000920r 1  AD rr rr     	lda     _drag_x+1
000923r 1  8D 4A F2     	sta     $F24A
000926r 1  AD rr rr     	lda     _drag_y
000929r 1  8D 4B F2     	sta     $F24B
00092Cr 1  AD rr rr     	lda     _drag_width
00092Fr 1  8D 4C F2     L054A:	sta     $F24C
000932r 1  AD rr rr     	lda     _previous_buttons
000935r 1  8D 4D F2     	sta     $F24D
000938r 1  4C rr rr     L00A1:	jmp     incsp2
00093Br 1               
00093Br 1               .endproc
00093Br 1               
00093Br 1               ; ---------------------------------------------------------------
00093Br 1               ; unsigned char __near__ point_inside (unsigned int, unsigned char, __near__ const struct udeks_window *)
00093Br 1               ; ---------------------------------------------------------------
00093Br 1               
00093Br 1               .segment	"CODE"
00093Br 1               
00093Br 1               .proc	_point_inside: near
00093Br 1               
00093Br 1               .segment	"CODE"
00093Br 1               
00093Br 1  20 rr rr     	jsr     pushax
00093Er 1  A0 06        	ldy     #$06
000940r 1  20 rr rr     	jsr     pushwysp
000943r 1  A0 03        	ldy     #$03
000945r 1  B1 rr        	lda     (sp),y
000947r 1  85 rr        	sta     ptr1+1
000949r 1  88           	dey
00094Ar 1  B1 rr        	lda     (sp),y
00094Cr 1  85 rr        	sta     ptr1
00094Er 1  A0 05        	ldy     #$05
000950r 1  B1 rr        	lda     (ptr1),y
000952r 1  AA           	tax
000953r 1  88           	dey
000954r 1  B1 rr        	lda     (ptr1),y
000956r 1  20 rr rr     	jsr     tosicmp
000959r 1  B0 03 4C rr  	jcc     L00F8
00095Dr 1  rr           
00095Er 1  A0 06        	ldy     #$06
000960r 1  20 rr rr     	jsr     pushwysp
000963r 1  A0 03        	ldy     #$03
000965r 1  B1 rr        	lda     (sp),y
000967r 1  85 rr        	sta     ptr1+1
000969r 1  88           	dey
00096Ar 1  B1 rr        	lda     (sp),y
00096Cr 1  85 rr        	sta     ptr1
00096Er 1  A0 05        	ldy     #$05
000970r 1  B1 rr        	lda     (ptr1),y
000972r 1  AA           	tax
000973r 1  88           	dey
000974r 1  B1 rr        	lda     (ptr1),y
000976r 1  20 rr rr     	jsr     pushax
000979r 1  A0 05        	ldy     #$05
00097Br 1  B1 rr        	lda     (sp),y
00097Dr 1  85 rr        	sta     ptr1+1
00097Fr 1  88           	dey
000980r 1  B1 rr        	lda     (sp),y
000982r 1  85 rr        	sta     ptr1
000984r 1  A0 08        	ldy     #$08
000986r 1  B1 rr        	lda     (ptr1),y
000988r 1  AA           	tax
000989r 1  88           	dey
00098Ar 1  B1 rr        	lda     (ptr1),y
00098Cr 1  20 rr rr     	jsr     tosaddax
00098Fr 1  20 rr rr     	jsr     tosicmp
000992r 1  B0 4B        	bcs     L00F8
000994r 1  A0 02        	ldy     #$02
000996r 1  B1 rr        	lda     (sp),y
000998r 1  20 rr rr     	jsr     pusha0
00099Br 1  A0 03        	ldy     #$03
00099Dr 1  B1 rr        	lda     (sp),y
00099Fr 1  85 rr        	sta     ptr1+1
0009A1r 1  88           	dey
0009A2r 1  B1 rr        	lda     (sp),y
0009A4r 1  85 rr        	sta     ptr1
0009A6r 1  A0 06        	ldy     #$06
0009A8r 1  B1 rr        	lda     (ptr1),y
0009AAr 1  20 rr rr     	jsr     tosicmp0
0009ADr 1  90 30        	bcc     L00F8
0009AFr 1  A0 02        	ldy     #$02
0009B1r 1  B1 rr        	lda     (sp),y
0009B3r 1  20 rr rr     	jsr     pusha0
0009B6r 1  A0 03        	ldy     #$03
0009B8r 1  B1 rr        	lda     (sp),y
0009BAr 1  85 rr        	sta     ptr1+1
0009BCr 1  88           	dey
0009BDr 1  B1 rr        	lda     (sp),y
0009BFr 1  85 rr        	sta     ptr1
0009C1r 1  A0 06        	ldy     #$06
0009C3r 1  B1 rr        	lda     (ptr1),y
0009C5r 1  20 rr rr     	jsr     pusha0
0009C8r 1  A0 05        	ldy     #$05
0009CAr 1  B1 rr        	lda     (sp),y
0009CCr 1  85 rr        	sta     ptr1+1
0009CEr 1  88           	dey
0009CFr 1  B1 rr        	lda     (sp),y
0009D1r 1  85 rr        	sta     ptr1
0009D3r 1  A0 09        	ldy     #$09
0009D5r 1  B1 rr        	lda     (ptr1),y
0009D7r 1  20 rr rr     	jsr     tosadda0
0009DAr 1  20 rr rr     	jsr     tosicmp0
0009DDr 1  90 06        	bcc     L00F7
0009DFr 1  A2 00        L00F8:	ldx     #$00
0009E1r 1  8A           	txa
0009E2r 1  4C rr rr     	jmp     incsp5
0009E5r 1  A9 01        L00F7:	lda     #$01
0009E7r 1  A2 00        	ldx     #$00
0009E9r 1  4C rr rr     	jmp     incsp5
0009ECr 1               
0009ECr 1               .endproc
0009ECr 1               
0009ECr 1               ; ---------------------------------------------------------------
0009ECr 1               ; void __near__ damage_set (__near__ const struct udeks_window *)
0009ECr 1               ; ---------------------------------------------------------------
0009ECr 1               
0009ECr 1               .segment	"CODE"
0009ECr 1               
0009ECr 1               .proc	_damage_set: near
0009ECr 1               
0009ECr 1               .segment	"CODE"
0009ECr 1               
0009ECr 1  20 rr rr     	jsr     pushax
0009EFr 1  A0 01        	ldy     #$01
0009F1r 1  B1 rr        	lda     (sp),y
0009F3r 1  85 rr        	sta     ptr1+1
0009F5r 1  88           	dey
0009F6r 1  B1 rr        	lda     (sp),y
0009F8r 1  85 rr        	sta     ptr1
0009FAr 1  A0 05        	ldy     #$05
0009FCr 1  B1 rr        	lda     (ptr1),y
0009FEr 1  8D rr rr     	sta     _damage_left+1
000A01r 1  88           	dey
000A02r 1  B1 rr        	lda     (ptr1),y
000A04r 1  8D rr rr     	sta     _damage_left
000A07r 1  A0 01        	ldy     #$01
000A09r 1  B1 rr        	lda     (sp),y
000A0Br 1  85 rr        	sta     ptr1+1
000A0Dr 1  88           	dey
000A0Er 1  B1 rr        	lda     (sp),y
000A10r 1  85 rr        	sta     ptr1
000A12r 1  A0 06        	ldy     #$06
000A14r 1  B1 rr        	lda     (ptr1),y
000A16r 1  8D rr rr     	sta     _damage_top
000A19r 1  A0 01        	ldy     #$01
000A1Br 1  B1 rr        	lda     (sp),y
000A1Dr 1  85 rr        	sta     ptr1+1
000A1Fr 1  88           	dey
000A20r 1  B1 rr        	lda     (sp),y
000A22r 1  85 rr        	sta     ptr1
000A24r 1  A0 05        	ldy     #$05
000A26r 1  B1 rr        	lda     (ptr1),y
000A28r 1  AA           	tax
000A29r 1  88           	dey
000A2Ar 1  B1 rr        	lda     (ptr1),y
000A2Cr 1  20 rr rr     	jsr     pushax
000A2Fr 1  A0 03        	ldy     #$03
000A31r 1  B1 rr        	lda     (sp),y
000A33r 1  85 rr        	sta     ptr1+1
000A35r 1  88           	dey
000A36r 1  B1 rr        	lda     (sp),y
000A38r 1  85 rr        	sta     ptr1
000A3Ar 1  A0 08        	ldy     #$08
000A3Cr 1  B1 rr        	lda     (ptr1),y
000A3Er 1  AA           	tax
000A3Fr 1  88           	dey
000A40r 1  B1 rr        	lda     (ptr1),y
000A42r 1  20 rr rr     	jsr     tosaddax
000A45r 1  8D rr rr     	sta     _damage_right
000A48r 1  8E rr rr     	stx     _damage_right+1
000A4Br 1  A0 01        	ldy     #$01
000A4Dr 1  B1 rr        	lda     (sp),y
000A4Fr 1  85 rr        	sta     ptr1+1
000A51r 1  88           	dey
000A52r 1  B1 rr        	lda     (sp),y
000A54r 1  85 rr        	sta     ptr1
000A56r 1  A0 06        	ldy     #$06
000A58r 1  B1 rr        	lda     (ptr1),y
000A5Ar 1  20 rr rr     	jsr     pusha0
000A5Dr 1  A0 03        	ldy     #$03
000A5Fr 1  B1 rr        	lda     (sp),y
000A61r 1  85 rr        	sta     ptr1+1
000A63r 1  88           	dey
000A64r 1  B1 rr        	lda     (sp),y
000A66r 1  85 rr        	sta     ptr1
000A68r 1  A0 09        	ldy     #$09
000A6Ar 1  B1 rr        	lda     (ptr1),y
000A6Cr 1  20 rr rr     	jsr     tosadda0
000A6Fr 1  8D rr rr     	sta     _damage_bottom
000A72r 1  4C rr rr     	jmp     incsp2
000A75r 1               
000A75r 1               .endproc
000A75r 1               
000A75r 1               ; ---------------------------------------------------------------
000A75r 1               ; void __near__ damage_add (__near__ const struct udeks_window *)
000A75r 1               ; ---------------------------------------------------------------
000A75r 1               
000A75r 1               .segment	"CODE"
000A75r 1               
000A75r 1               .proc	_damage_add: near
000A75r 1               
000A75r 1               .segment	"CODE"
000A75r 1               
000A75r 1  20 rr rr     	jsr     pushax
000A78r 1  20 rr rr     	jsr     decsp3
000A7Br 1  A0 04        	ldy     #$04
000A7Dr 1  B1 rr        	lda     (sp),y
000A7Fr 1  85 rr        	sta     ptr1+1
000A81r 1  88           	dey
000A82r 1  B1 rr        	lda     (sp),y
000A84r 1  85 rr        	sta     ptr1
000A86r 1  A0 05        	ldy     #$05
000A88r 1  B1 rr        	lda     (ptr1),y
000A8Ar 1  AA           	tax
000A8Br 1  88           	dey
000A8Cr 1  B1 rr        	lda     (ptr1),y
000A8Er 1  20 rr rr     	jsr     pushax
000A91r 1  A0 06        	ldy     #$06
000A93r 1  B1 rr        	lda     (sp),y
000A95r 1  85 rr        	sta     ptr1+1
000A97r 1  88           	dey
000A98r 1  B1 rr        	lda     (sp),y
000A9Ar 1  85 rr        	sta     ptr1
000A9Cr 1  A0 08        	ldy     #$08
000A9Er 1  B1 rr        	lda     (ptr1),y
000AA0r 1  AA           	tax
000AA1r 1  88           	dey
000AA2r 1  B1 rr        	lda     (ptr1),y
000AA4r 1  20 rr rr     	jsr     tosaddax
000AA7r 1  A0 01        	ldy     #$01
000AA9r 1  20 rr rr     	jsr     staxysp
000AACr 1  A0 04        	ldy     #$04
000AAEr 1  B1 rr        	lda     (sp),y
000AB0r 1  85 rr        	sta     ptr1+1
000AB2r 1  88           	dey
000AB3r 1  B1 rr        	lda     (sp),y
000AB5r 1  85 rr        	sta     ptr1
000AB7r 1  A0 06        	ldy     #$06
000AB9r 1  B1 rr        	lda     (ptr1),y
000ABBr 1  20 rr rr     	jsr     pusha0
000ABEr 1  A0 06        	ldy     #$06
000AC0r 1  B1 rr        	lda     (sp),y
000AC2r 1  85 rr        	sta     ptr1+1
000AC4r 1  88           	dey
000AC5r 1  B1 rr        	lda     (sp),y
000AC7r 1  85 rr        	sta     ptr1
000AC9r 1  A0 09        	ldy     #$09
000ACBr 1  B1 rr        	lda     (ptr1),y
000ACDr 1  20 rr rr     	jsr     tosadda0
000AD0r 1  A0 00        	ldy     #$00
000AD2r 1  91 rr        	sta     (sp),y
000AD4r 1  A0 04        	ldy     #$04
000AD6r 1  B1 rr        	lda     (sp),y
000AD8r 1  85 rr        	sta     ptr1+1
000ADAr 1  88           	dey
000ADBr 1  B1 rr        	lda     (sp),y
000ADDr 1  85 rr        	sta     ptr1
000ADFr 1  A0 05        	ldy     #$05
000AE1r 1  B1 rr        	lda     (ptr1),y
000AE3r 1  AA           	tax
000AE4r 1  88           	dey
000AE5r 1  B1 rr        	lda     (ptr1),y
000AE7r 1  CD rr rr     	cmp     _damage_left
000AEAr 1  8A           	txa
000AEBr 1  ED rr rr     	sbc     _damage_left+1
000AEEr 1  B0 16        	bcs     L054C
000AF0r 1  B1 rr        	lda     (sp),y
000AF2r 1  85 rr        	sta     ptr1+1
000AF4r 1  88           	dey
000AF5r 1  B1 rr        	lda     (sp),y
000AF7r 1  85 rr        	sta     ptr1
000AF9r 1  A0 05        	ldy     #$05
000AFBr 1  B1 rr        	lda     (ptr1),y
000AFDr 1  8D rr rr     	sta     _damage_left+1
000B00r 1  88           	dey
000B01r 1  B1 rr        	lda     (ptr1),y
000B03r 1  8D rr rr     	sta     _damage_left
000B06r 1  B1 rr        L054C:	lda     (sp),y
000B08r 1  85 rr        	sta     ptr1+1
000B0Ar 1  88           	dey
000B0Br 1  B1 rr        	lda     (sp),y
000B0Dr 1  85 rr        	sta     ptr1
000B0Fr 1  A0 06        	ldy     #$06
000B11r 1  B1 rr        	lda     (ptr1),y
000B13r 1  CD rr rr     	cmp     _damage_top
000B16r 1  B0 12        	bcs     L010F
000B18r 1  A0 04        	ldy     #$04
000B1Ar 1  B1 rr        	lda     (sp),y
000B1Cr 1  85 rr        	sta     ptr1+1
000B1Er 1  88           	dey
000B1Fr 1  B1 rr        	lda     (sp),y
000B21r 1  85 rr        	sta     ptr1
000B23r 1  A0 06        	ldy     #$06
000B25r 1  B1 rr        	lda     (ptr1),y
000B27r 1  8D rr rr     	sta     _damage_top
000B2Ar 1  A0 02        L010F:	ldy     #$02
000B2Cr 1  B1 rr        	lda     (sp),y
000B2Er 1  AA           	tax
000B2Fr 1  88           	dey
000B30r 1  B1 rr        	lda     (sp),y
000B32r 1  38           	sec
000B33r 1  ED rr rr     	sbc     _damage_right
000B36r 1  85 rr        	sta     tmp1
000B38r 1  8A           	txa
000B39r 1  ED rr rr     	sbc     _damage_right+1
000B3Cr 1  05 rr        	ora     tmp1
000B3Er 1  90 0E        	bcc     L0113
000B40r 1  F0 0C        	beq     L0113
000B42r 1  C8           	iny
000B43r 1  B1 rr        	lda     (sp),y
000B45r 1  8D rr rr     	sta     _damage_right+1
000B48r 1  88           	dey
000B49r 1  B1 rr        	lda     (sp),y
000B4Br 1  8D rr rr     	sta     _damage_right
000B4Er 1  88           L0113:	dey
000B4Fr 1  B1 rr        	lda     (sp),y
000B51r 1  38           	sec
000B52r 1  ED rr rr     	sbc     _damage_bottom
000B55r 1  90 07        	bcc     L0117
000B57r 1  F0 05        	beq     L0117
000B59r 1  B1 rr        	lda     (sp),y
000B5Br 1  8D rr rr     	sta     _damage_bottom
000B5Er 1  4C rr rr     L0117:	jmp     incsp5
000B61r 1               
000B61r 1               .endproc
000B61r 1               
000B61r 1               ; ---------------------------------------------------------------
000B61r 1               ; unsigned char __near__ set_damage_intersection (unsigned int, unsigned char, unsigned int, unsigned char)
000B61r 1               ; ---------------------------------------------------------------
000B61r 1               
000B61r 1               .segment	"CODE"
000B61r 1               
000B61r 1               .proc	_set_damage_intersection: near
000B61r 1               
000B61r 1               .segment	"CODE"
000B61r 1               
000B61r 1  20 rr rr     	jsr     pusha
000B64r 1  20 rr rr     	jsr     decsp6
000B67r 1  A0 0B        	ldy     #$0B
000B69r 1  B1 rr        	lda     (sp),y
000B6Br 1  AA           	tax
000B6Cr 1  88           	dey
000B6Dr 1  B1 rr        	lda     (sp),y
000B6Fr 1  38           	sec
000B70r 1  ED rr rr     	sbc     _damage_left
000B73r 1  85 rr        	sta     tmp1
000B75r 1  8A           	txa
000B76r 1  ED rr rr     	sbc     _damage_left+1
000B79r 1  05 rr        	ora     tmp1
000B7Br 1  90 0C        	bcc     L011E
000B7Dr 1  F0 0A        	beq     L011E
000B7Fr 1  C8           	iny
000B80r 1  B1 rr        	lda     (sp),y
000B82r 1  AA           	tax
000B83r 1  88           	dey
000B84r 1  B1 rr        	lda     (sp),y
000B86r 1  4C rr rr     	jmp     L0120
000B89r 1  AD rr rr     L011E:	lda     _damage_left
000B8Cr 1  AE rr rr     	ldx     _damage_left+1
000B8Fr 1  A0 04        L0120:	ldy     #$04
000B91r 1  20 rr rr     	jsr     staxysp
000B94r 1  A0 09        	ldy     #$09
000B96r 1  B1 rr        	lda     (sp),y
000B98r 1  38           	sec
000B99r 1  ED rr rr     	sbc     _damage_top
000B9Cr 1  90 07        	bcc     L054F
000B9Er 1  F0 05        	beq     L054F
000BA0r 1  B1 rr        	lda     (sp),y
000BA2r 1  4C rr rr     	jmp     L0551
000BA5r 1  AD rr rr     L054F:	lda     _damage_top
000BA8r 1  A0 03        L0551:	ldy     #$03
000BAAr 1  91 rr        	sta     (sp),y
000BACr 1  A0 0A        	ldy     #$0A
000BAEr 1  B1 rr        	lda     (sp),y
000BB0r 1  A0 07        	ldy     #$07
000BB2r 1  18           	clc
000BB3r 1  71 rr        	adc     (sp),y
000BB5r 1  48           	pha
000BB6r 1  A0 0B        	ldy     #$0B
000BB8r 1  B1 rr        	lda     (sp),y
000BBAr 1  A0 08        	ldy     #$08
000BBCr 1  71 rr        	adc     (sp),y
000BBEr 1  AA           	tax
000BBFr 1  68           	pla
000BC0r 1  A0 01        	ldy     #$01
000BC2r 1  20 rr rr     	jsr     staxysp
000BC5r 1  38           	sec
000BC6r 1  ED rr rr     	sbc     _damage_right
000BC9r 1  85 rr        	sta     tmp1
000BCBr 1  8A           	txa
000BCCr 1  ED rr rr     	sbc     _damage_right+1
000BCFr 1  05 rr        	ora     tmp1
000BD1r 1  90 0D        	bcc     L012A
000BD3r 1  F0 0B        	beq     L012A
000BD5r 1  AD rr rr     	lda     _damage_right
000BD8r 1  AE rr rr     	ldx     _damage_right+1
000BDBr 1  A0 01        	ldy     #$01
000BDDr 1  20 rr rr     	jsr     staxysp
000BE0r 1  A0 06        L012A:	ldy     #$06
000BE2r 1  B1 rr        	lda     (sp),y
000BE4r 1  18           	clc
000BE5r 1  A0 09        	ldy     #$09
000BE7r 1  71 rr        	adc     (sp),y
000BE9r 1  A0 00        	ldy     #$00
000BEBr 1  91 rr        	sta     (sp),y
000BEDr 1  38           	sec
000BEEr 1  ED rr rr     	sbc     _damage_bottom
000BF1r 1  90 07        	bcc     L0131
000BF3r 1  F0 05        	beq     L0131
000BF5r 1  AD rr rr     	lda     _damage_bottom
000BF8r 1  91 rr        	sta     (sp),y
000BFAr 1  A0 05        L0131:	ldy     #$05
000BFCr 1  B1 rr        	lda     (sp),y
000BFEr 1  AA           	tax
000BFFr 1  88           	dey
000C00r 1  B1 rr        	lda     (sp),y
000C02r 1  A0 01        	ldy     #$01
000C04r 1  D1 rr        	cmp     (sp),y
000C06r 1  8A           	txa
000C07r 1  C8           	iny
000C08r 1  F1 rr        	sbc     (sp),y
000C0Ar 1  B0 09        	bcs     L0552
000C0Cr 1  C8           	iny
000C0Dr 1  B1 rr        	lda     (sp),y
000C0Fr 1  A0 00        	ldy     #$00
000C11r 1  D1 rr        	cmp     (sp),y
000C13r 1  90 06        	bcc     L0135
000C15r 1  A2 00        L0552:	ldx     #$00
000C17r 1  8A           	txa
000C18r 1  4C rr rr     	jmp     L011B
000C1Br 1  20 rr rr     L0135:	jsr     decsp6
000C1Er 1  A0 0B        	ldy     #$0B
000C20r 1  B1 rr        	lda     (sp),y
000C22r 1  AA           	tax
000C23r 1  88           	dey
000C24r 1  B1 rr        	lda     (sp),y
000C26r 1  A0 04        	ldy     #$04
000C28r 1  91 rr        	sta     (sp),y
000C2Ar 1  C8           	iny
000C2Br 1  8A           	txa
000C2Cr 1  91 rr        	sta     (sp),y
000C2Er 1  A0 09        	ldy     #$09
000C30r 1  B1 rr        	lda     (sp),y
000C32r 1  A0 02        	ldy     #$02
000C34r 1  91 rr        	sta     (sp),y
000C36r 1  C8           	iny
000C37r 1  A9 00        	lda     #$00
000C39r 1  91 rr        	sta     (sp),y
000C3Br 1  A0 08        	ldy     #$08
000C3Dr 1  B1 rr        	lda     (sp),y
000C3Fr 1  AA           	tax
000C40r 1  88           	dey
000C41r 1  B1 rr        	lda     (sp),y
000C43r 1  38           	sec
000C44r 1  A0 0A        	ldy     #$0A
000C46r 1  F1 rr        	sbc     (sp),y
000C48r 1  48           	pha
000C49r 1  8A           	txa
000C4Ar 1  C8           	iny
000C4Br 1  F1 rr        	sbc     (sp),y
000C4Dr 1  AA           	tax
000C4Er 1  68           	pla
000C4Fr 1  A0 00        	ldy     #$00
000C51r 1  91 rr        	sta     (sp),y
000C53r 1  C8           	iny
000C54r 1  8A           	txa
000C55r 1  91 rr        	sta     (sp),y
000C57r 1  A0 06        	ldy     #$06
000C59r 1  B1 rr        	lda     (sp),y
000C5Br 1  38           	sec
000C5Cr 1  A0 09        	ldy     #$09
000C5Er 1  F1 rr        	sbc     (sp),y
000C60r 1  A2 00        	ldx     #$00
000C62r 1  20 rr rr     	jsr     _udeks_vic_bitmap_set_clip
000C65r 1  A2 00        	ldx     #$00
000C67r 1  A9 01        	lda     #$01
000C69r 1  A0 0C        L011B:	ldy     #$0C
000C6Br 1  4C rr rr     	jmp     addysp
000C6Er 1               
000C6Er 1               .endproc
000C6Er 1               
000C6Er 1               ; ---------------------------------------------------------------
000C6Er 1               ; void __near__ draw_glyph (int, int, __near__ const unsigned char *)
000C6Er 1               ; ---------------------------------------------------------------
000C6Er 1               
000C6Er 1               .segment	"CODE"
000C6Er 1               
000C6Er 1               .proc	_draw_glyph: near
000C6Er 1               
000C6Er 1               .segment	"CODE"
000C6Er 1               
000C6Er 1  20 rr rr     	jsr     pushax
000C71r 1  20 rr rr     	jsr     decsp2
000C74r 1  A9 00        	lda     #$00
000C76r 1  A0 01        	ldy     #$01
000C78r 1  91 rr        L0555:	sta     (sp),y
000C7Ar 1  C9 05        	cmp     #$05
000C7Cr 1  B0 7B        	bcs     L0141
000C7Er 1  A9 00        	lda     #$00
000C80r 1  88           	dey
000C81r 1  91 rr        L0554:	sta     (sp),y
000C83r 1  C9 03        	cmp     #$03
000C85r 1  B0 6A        	bcs     L0142
000C87r 1  A0 03        	ldy     #$03
000C89r 1  B1 rr        	lda     (sp),y
000C8Br 1  85 rr        	sta     ptr1+1
000C8Dr 1  88           	dey
000C8Er 1  B1 rr        	lda     (sp),y
000C90r 1  85 rr        	sta     ptr1
000C92r 1  88           	dey
000C93r 1  B1 rr        	lda     (sp),y
000C95r 1  A8           	tay
000C96r 1  B1 rr        	lda     (ptr1),y
000C98r 1  85 rr        	sta     ptr1
000C9Ar 1  A0 00        	ldy     #$00
000C9Cr 1  B1 rr        	lda     (sp),y
000C9Er 1  A8           	tay
000C9Fr 1  A9 04        	lda     #$04
000CA1r 1  4A           L0553:	lsr     a
000CA2r 1  88           	dey
000CA3r 1  10 FC        	bpl     L0553
000CA5r 1  2A           	rol     a
000CA6r 1  A2 00        	ldx     #$00
000CA8r 1  25 rr        	and     ptr1
000CAAr 1  48           	pha
000CABr 1  68           	pla
000CACr 1  F0 39        	beq     L014A
000CAEr 1  20 rr rr     	jsr     decsp4
000CB1r 1  A0 04        	ldy     #$04
000CB3r 1  B1 rr        	lda     (sp),y
000CB5r 1  18           	clc
000CB6r 1  A0 0A        	ldy     #$0A
000CB8r 1  71 rr        	adc     (sp),y
000CBAr 1  48           	pha
000CBBr 1  8A           	txa
000CBCr 1  C8           	iny
000CBDr 1  71 rr        	adc     (sp),y
000CBFr 1  AA           	tax
000CC0r 1  68           	pla
000CC1r 1  A0 02        	ldy     #$02
000CC3r 1  91 rr        	sta     (sp),y
000CC5r 1  C8           	iny
000CC6r 1  8A           	txa
000CC7r 1  91 rr        	sta     (sp),y
000CC9r 1  A0 05        	ldy     #$05
000CCBr 1  B1 rr        	lda     (sp),y
000CCDr 1  18           	clc
000CCEr 1  A0 08        	ldy     #$08
000CD0r 1  71 rr        	adc     (sp),y
000CD2r 1  48           	pha
000CD3r 1  A9 00        	lda     #$00
000CD5r 1  C8           	iny
000CD6r 1  71 rr        	adc     (sp),y
000CD8r 1  AA           	tax
000CD9r 1  68           	pla
000CDAr 1  A0 00        	ldy     #$00
000CDCr 1  91 rr        	sta     (sp),y
000CDEr 1  C8           	iny
000CDFr 1  8A           	txa
000CE0r 1  91 rr        	sta     (sp),y
000CE2r 1  A9 00        	lda     #$00
000CE4r 1  20 rr rr     	jsr     _udeks_vic_bitmap_pixel
000CE7r 1  A0 00        L014A:	ldy     #$00
000CE9r 1  18           	clc
000CEAr 1  A9 01        	lda     #$01
000CECr 1  71 rr        	adc     (sp),y
000CEEr 1  4C rr rr     	jmp     L0554
000CF1r 1  C8           L0142:	iny
000CF2r 1  18           	clc
000CF3r 1  98           	tya
000CF4r 1  71 rr        	adc     (sp),y
000CF6r 1  4C rr rr     	jmp     L0555
000CF9r 1  4C rr rr     L0141:	jmp     incsp8
000CFCr 1               
000CFCr 1               .endproc
000CFCr 1               
000CFCr 1               ; ---------------------------------------------------------------
000CFCr 1               ; void __near__ draw_title (__near__ const struct udeks_window *)
000CFCr 1               ; ---------------------------------------------------------------
000CFCr 1               
000CFCr 1               .segment	"CODE"
000CFCr 1               
000CFCr 1               .proc	_draw_title: near
000CFCr 1               
000CFCr 1               .segment	"CODE"
000CFCr 1               
000CFCr 1  20 rr rr     	jsr     pushax
000CFFr 1  20 rr rr     	jsr     decsp7
000D02r 1  A0 08        	ldy     #$08
000D04r 1  B1 rr        	lda     (sp),y
000D06r 1  85 rr        	sta     ptr1+1
000D08r 1  88           	dey
000D09r 1  B1 rr        	lda     (sp),y
000D0Br 1  85 rr        	sta     ptr1
000D0Dr 1  A0 0C        	ldy     #$0C
000D0Fr 1  B1 rr        	lda     (ptr1),y
000D11r 1  AA           	tax
000D12r 1  88           	dey
000D13r 1  B1 rr        	lda     (ptr1),y
000D15r 1  A0 05        	ldy     #$05
000D17r 1  20 rr rr     	jsr     staxysp
000D1Ar 1  A0 08        	ldy     #$08
000D1Cr 1  B1 rr        	lda     (sp),y
000D1Er 1  85 rr        	sta     ptr1+1
000D20r 1  88           	dey
000D21r 1  B1 rr        	lda     (sp),y
000D23r 1  85 rr        	sta     ptr1
000D25r 1  A0 05        	ldy     #$05
000D27r 1  B1 rr        	lda     (ptr1),y
000D29r 1  AA           	tax
000D2Ar 1  88           	dey
000D2Br 1  B1 rr        	lda     (ptr1),y
000D2Dr 1  18           	clc
000D2Er 1  69 04        	adc     #$04
000D30r 1  90 01        	bcc     L015F
000D32r 1  E8           	inx
000D33r 1  A0 02        L015F:	ldy     #$02
000D35r 1  20 rr rr     	jsr     staxysp
000D38r 1  A0 08        	ldy     #$08
000D3Ar 1  B1 rr        	lda     (sp),y
000D3Cr 1  85 rr        	sta     ptr1+1
000D3Er 1  88           	dey
000D3Fr 1  B1 rr        	lda     (sp),y
000D41r 1  85 rr        	sta     ptr1
000D43r 1  A0 05        	ldy     #$05
000D45r 1  B1 rr        	lda     (ptr1),y
000D47r 1  AA           	tax
000D48r 1  88           	dey
000D49r 1  B1 rr        	lda     (ptr1),y
000D4Br 1  20 rr rr     	jsr     pushax
000D4Er 1  A0 0A        	ldy     #$0A
000D50r 1  B1 rr        	lda     (sp),y
000D52r 1  85 rr        	sta     ptr1+1
000D54r 1  88           	dey
000D55r 1  B1 rr        	lda     (sp),y
000D57r 1  85 rr        	sta     ptr1
000D59r 1  88           	dey
000D5Ar 1  B1 rr        	lda     (ptr1),y
000D5Cr 1  AA           	tax
000D5Dr 1  88           	dey
000D5Er 1  B1 rr        	lda     (ptr1),y
000D60r 1  20 rr rr     	jsr     tosaddax
000D63r 1  38           	sec
000D64r 1  E9 0E        	sbc     #$0E
000D66r 1  B0 01        	bcs     L0163
000D68r 1  CA           	dex
000D69r 1  20 rr rr     L0163:	jsr     stax0sp
000D6Cr 1  4C rr rr     	jmp     L0166
000D6Fr 1  A0 06        L0164:	ldy     #$06
000D71r 1  B1 rr        	lda     (sp),y
000D73r 1  AA           	tax
000D74r 1  88           	dey
000D75r 1  B1 rr        	lda     (sp),y
000D77r 1  85 rr        	sta     regsave
000D79r 1  86 rr        	stx     regsave+1
000D7Br 1  18           	clc
000D7Cr 1  69 01        	adc     #$01
000D7Er 1  90 01        	bcc     L016E
000D80r 1  E8           	inx
000D81r 1  20 rr rr     L016E:	jsr     staxysp
000D84r 1  A0 00        	ldy     #$00
000D86r 1  B1 rr        	lda     (regsave),y
000D88r 1  A0 04        	ldy     #$04
000D8Ar 1  91 rr        	sta     (sp),y
000D8Cr 1  C9 61        	cmp     #$61
000D8Er 1  90 0B        	bcc     L055B
000D90r 1  B1 rr        	lda     (sp),y
000D92r 1  C9 7B        	cmp     #$7B
000D94r 1  B0 05        	bcs     L055B
000D96r 1  38           	sec
000D97r 1  E9 20        	sbc     #$20
000D99r 1  91 rr        	sta     (sp),y
000D9Br 1  B1 rr        L055B:	lda     (sp),y
000D9Dr 1  C9 41        	cmp     #$41
000D9Fr 1  90 51        	bcc     L0178
000DA1r 1  C9 5B        	cmp     #$5B
000DA3r 1  B0 4D        	bcs     L0178
000DA5r 1  20 rr rr     	jsr     decsp4
000DA8r 1  A0 07        	ldy     #$07
000DAAr 1  B1 rr        	lda     (sp),y
000DACr 1  AA           	tax
000DADr 1  88           	dey
000DAEr 1  B1 rr        	lda     (sp),y
000DB0r 1  A0 02        	ldy     #$02
000DB2r 1  91 rr        	sta     (sp),y
000DB4r 1  C8           	iny
000DB5r 1  8A           	txa
000DB6r 1  91 rr        	sta     (sp),y
000DB8r 1  A0 0C        	ldy     #$0C
000DBAr 1  B1 rr        	lda     (sp),y
000DBCr 1  85 rr        	sta     ptr1+1
000DBEr 1  88           	dey
000DBFr 1  B1 rr        	lda     (sp),y
000DC1r 1  85 rr        	sta     ptr1
000DC3r 1  A0 06        	ldy     #$06
000DC5r 1  A2 00        	ldx     #$00
000DC7r 1  B1 rr        	lda     (ptr1),y
000DC9r 1  18           	clc
000DCAr 1  69 04        	adc     #$04
000DCCr 1  90 01        	bcc     L017F
000DCEr 1  E8           	inx
000DCFr 1  A0 00        L017F:	ldy     #$00
000DD1r 1  91 rr        	sta     (sp),y
000DD3r 1  C8           	iny
000DD4r 1  8A           	txa
000DD5r 1  91 rr        	sta     (sp),y
000DD7r 1  A0 08        	ldy     #$08
000DD9r 1  A2 00        	ldx     #$00
000DDBr 1  B1 rr        	lda     (sp),y
000DDDr 1  38           	sec
000DDEr 1  E9 41        	sbc     #$41
000DE0r 1  B0 01        	bcs     L0182
000DE2r 1  CA           	dex
000DE3r 1  20 rr rr     L0182:	jsr     mulax5
000DE6r 1  18           	clc
000DE7r 1  69 rr        	adc     #<(_title_glyphs)
000DE9r 1  A8           	tay
000DEAr 1  8A           	txa
000DEBr 1  69 rr        	adc     #>(_title_glyphs)
000DEDr 1  AA           	tax
000DEEr 1  98           	tya
000DEFr 1  20 rr rr     	jsr     _draw_glyph
000DF2r 1  A0 02        L0178:	ldy     #$02
000DF4r 1  A2 00        	ldx     #$00
000DF6r 1  A9 04        	lda     #$04
000DF8r 1  20 rr rr     	jsr     addeqysp
000DFBr 1  A0 05        L0166:	ldy     #$05
000DFDr 1  B1 rr        	lda     (sp),y
000DFFr 1  C8           	iny
000E00r 1  11 rr        	ora     (sp),y
000E02r 1  F0 35        	beq     L0556
000E04r 1  B1 rr        	lda     (sp),y
000E06r 1  85 rr        	sta     ptr1+1
000E08r 1  88           	dey
000E09r 1  B1 rr        	lda     (sp),y
000E0Br 1  85 rr        	sta     ptr1
000E0Dr 1  A0 00        	ldy     #$00
000E0Fr 1  B1 rr        	lda     (ptr1),y
000E11r 1  F0 26        	beq     L0556
000E13r 1  A0 03        	ldy     #$03
000E15r 1  B1 rr        	lda     (sp),y
000E17r 1  AA           	tax
000E18r 1  88           	dey
000E19r 1  B1 rr        	lda     (sp),y
000E1Br 1  18           	clc
000E1Cr 1  69 03        	adc     #$03
000E1Er 1  90 01        	bcc     L016A
000E20r 1  E8           	inx
000E21r 1  20 rr rr     L016A:	jsr     pushax
000E24r 1  A0 03        	ldy     #$03
000E26r 1  B1 rr        	lda     (sp),y
000E28r 1  AA           	tax
000E29r 1  88           	dey
000E2Ar 1  B1 rr        	lda     (sp),y
000E2Cr 1  20 rr rr     	jsr     tosicmp
000E2Fr 1  10 03 4C rr  	jmi     L0164
000E33r 1  rr           
000E34r 1  D0 03 4C rr  	jeq     L0164
000E38r 1  rr           
000E39r 1  A0 09        L0556:	ldy     #$09
000E3Br 1  4C rr rr     	jmp     addysp
000E3Er 1               
000E3Er 1               .endproc
000E3Er 1               
000E3Er 1               ; ---------------------------------------------------------------
000E3Er 1               ; void __near__ draw_chrome (__near__ const struct udeks_window *)
000E3Er 1               ; ---------------------------------------------------------------
000E3Er 1               
000E3Er 1               .segment	"CODE"
000E3Er 1               
000E3Er 1               .proc	_draw_chrome: near
000E3Er 1               
000E3Er 1               .segment	"CODE"
000E3Er 1               
000E3Er 1  20 rr rr     	jsr     pushax
000E41r 1  20 rr rr     	jsr     decsp6
000E44r 1  A0 07        	ldy     #$07
000E46r 1  B1 rr        	lda     (sp),y
000E48r 1  85 rr        	sta     ptr1+1
000E4Ar 1  88           	dey
000E4Br 1  B1 rr        	lda     (sp),y
000E4Dr 1  85 rr        	sta     ptr1
000E4Fr 1  88           	dey
000E50r 1  B1 rr        	lda     (ptr1),y
000E52r 1  AA           	tax
000E53r 1  88           	dey
000E54r 1  B1 rr        	lda     (ptr1),y
000E56r 1  20 rr rr     	jsr     pushax
000E59r 1  A0 09        	ldy     #$09
000E5Br 1  B1 rr        	lda     (sp),y
000E5Dr 1  85 rr        	sta     ptr1+1
000E5Fr 1  88           	dey
000E60r 1  B1 rr        	lda     (sp),y
000E62r 1  85 rr        	sta     ptr1
000E64r 1  A0 06        	ldy     #$06
000E66r 1  B1 rr        	lda     (ptr1),y
000E68r 1  20 rr rr     	jsr     pusha0
000E6Br 1  A0 0B        	ldy     #$0B
000E6Dr 1  B1 rr        	lda     (sp),y
000E6Fr 1  85 rr        	sta     ptr1+1
000E71r 1  88           	dey
000E72r 1  B1 rr        	lda     (sp),y
000E74r 1  85 rr        	sta     ptr1
000E76r 1  A0 08        	ldy     #$08
000E78r 1  B1 rr        	lda     (ptr1),y
000E7Ar 1  AA           	tax
000E7Br 1  88           	dey
000E7Cr 1  B1 rr        	lda     (ptr1),y
000E7Er 1  20 rr rr     	jsr     pushax
000E81r 1  A0 0D        	ldy     #$0D
000E83r 1  B1 rr        	lda     (sp),y
000E85r 1  85 rr        	sta     ptr1+1
000E87r 1  88           	dey
000E88r 1  B1 rr        	lda     (sp),y
000E8Ar 1  85 rr        	sta     ptr1
000E8Cr 1  A0 09        	ldy     #$09
000E8Er 1  B1 rr        	lda     (ptr1),y
000E90r 1  20 rr rr     	jsr     pusha0
000E93r 1  20 rr rr     	jsr     decsp8
000E96r 1  A0 0F        	ldy     #$0F
000E98r 1  B1 rr        	lda     (sp),y
000E9Ar 1  AA           	tax
000E9Br 1  88           	dey
000E9Cr 1  B1 rr        	lda     (sp),y
000E9Er 1  A0 06        	ldy     #$06
000EA0r 1  91 rr        	sta     (sp),y
000EA2r 1  C8           	iny
000EA3r 1  8A           	txa
000EA4r 1  91 rr        	sta     (sp),y
000EA6r 1  A0 0D        	ldy     #$0D
000EA8r 1  B1 rr        	lda     (sp),y
000EAAr 1  AA           	tax
000EABr 1  88           	dey
000EACr 1  B1 rr        	lda     (sp),y
000EAEr 1  A0 04        	ldy     #$04
000EB0r 1  91 rr        	sta     (sp),y
000EB2r 1  C8           	iny
000EB3r 1  8A           	txa
000EB4r 1  91 rr        	sta     (sp),y
000EB6r 1  A0 0B        	ldy     #$0B
000EB8r 1  B1 rr        	lda     (sp),y
000EBAr 1  AA           	tax
000EBBr 1  88           	dey
000EBCr 1  B1 rr        	lda     (sp),y
000EBEr 1  A0 02        	ldy     #$02
000EC0r 1  91 rr        	sta     (sp),y
000EC2r 1  C8           	iny
000EC3r 1  8A           	txa
000EC4r 1  91 rr        	sta     (sp),y
000EC6r 1  A0 09        	ldy     #$09
000EC8r 1  B1 rr        	lda     (sp),y
000ECAr 1  AA           	tax
000ECBr 1  88           	dey
000ECCr 1  B1 rr        	lda     (sp),y
000ECEr 1  A0 00        	ldy     #$00
000ED0r 1  91 rr        	sta     (sp),y
000ED2r 1  C8           	iny
000ED3r 1  8A           	txa
000ED4r 1  91 rr        	sta     (sp),y
000ED6r 1  A9 00        	lda     #$00
000ED8r 1  20 rr rr     	jsr     _udeks_vic_bitmap_rectangle
000EDBr 1  20 rr rr     	jsr     decsp8
000EDEr 1  A0 0F        	ldy     #$0F
000EE0r 1  B1 rr        	lda     (sp),y
000EE2r 1  AA           	tax
000EE3r 1  88           	dey
000EE4r 1  B1 rr        	lda     (sp),y
000EE6r 1  18           	clc
000EE7r 1  69 02        	adc     #$02
000EE9r 1  90 01        	bcc     L0192
000EEBr 1  E8           	inx
000EECr 1  A0 06        L0192:	ldy     #$06
000EEEr 1  91 rr        	sta     (sp),y
000EF0r 1  C8           	iny
000EF1r 1  8A           	txa
000EF2r 1  91 rr        	sta     (sp),y
000EF4r 1  A0 0D        	ldy     #$0D
000EF6r 1  B1 rr        	lda     (sp),y
000EF8r 1  AA           	tax
000EF9r 1  88           	dey
000EFAr 1  B1 rr        	lda     (sp),y
000EFCr 1  18           	clc
000EFDr 1  69 02        	adc     #$02
000EFFr 1  90 01        	bcc     L0194
000F01r 1  E8           	inx
000F02r 1  A0 04        L0194:	ldy     #$04
000F04r 1  91 rr        	sta     (sp),y
000F06r 1  C8           	iny
000F07r 1  8A           	txa
000F08r 1  91 rr        	sta     (sp),y
000F0Ar 1  A0 0B        	ldy     #$0B
000F0Cr 1  B1 rr        	lda     (sp),y
000F0Er 1  AA           	tax
000F0Fr 1  88           	dey
000F10r 1  B1 rr        	lda     (sp),y
000F12r 1  38           	sec
000F13r 1  E9 04        	sbc     #$04
000F15r 1  B0 01        	bcs     L0196
000F17r 1  CA           	dex
000F18r 1  A0 02        L0196:	ldy     #$02
000F1Ar 1  91 rr        	sta     (sp),y
000F1Cr 1  C8           	iny
000F1Dr 1  8A           	txa
000F1Er 1  91 rr        	sta     (sp),y
000F20r 1  A0 09        	ldy     #$09
000F22r 1  B1 rr        	lda     (sp),y
000F24r 1  AA           	tax
000F25r 1  88           	dey
000F26r 1  B1 rr        	lda     (sp),y
000F28r 1  38           	sec
000F29r 1  E9 04        	sbc     #$04
000F2Br 1  B0 01        	bcs     L0198
000F2Dr 1  CA           	dex
000F2Er 1  A0 00        L0198:	ldy     #$00
000F30r 1  91 rr        	sta     (sp),y
000F32r 1  C8           	iny
000F33r 1  8A           	txa
000F34r 1  91 rr        	sta     (sp),y
000F36r 1  A9 00        	lda     #$00
000F38r 1  20 rr rr     	jsr     _udeks_vic_bitmap_rectangle
000F3Br 1  20 rr rr     	jsr     decsp8
000F3Er 1  A0 0F        	ldy     #$0F
000F40r 1  B1 rr        	lda     (sp),y
000F42r 1  AA           	tax
000F43r 1  88           	dey
000F44r 1  B1 rr        	lda     (sp),y
000F46r 1  18           	clc
000F47r 1  69 02        	adc     #$02
000F49r 1  90 01        	bcc     L019C
000F4Br 1  E8           	inx
000F4Cr 1  A0 06        L019C:	ldy     #$06
000F4Er 1  91 rr        	sta     (sp),y
000F50r 1  C8           	iny
000F51r 1  8A           	txa
000F52r 1  91 rr        	sta     (sp),y
000F54r 1  A0 0D        	ldy     #$0D
000F56r 1  B1 rr        	lda     (sp),y
000F58r 1  AA           	tax
000F59r 1  88           	dey
000F5Ar 1  B1 rr        	lda     (sp),y
000F5Cr 1  18           	clc
000F5Dr 1  69 0D        	adc     #$0D
000F5Fr 1  90 01        	bcc     L019E
000F61r 1  E8           	inx
000F62r 1  A0 04        L019E:	ldy     #$04
000F64r 1  91 rr        	sta     (sp),y
000F66r 1  C8           	iny
000F67r 1  8A           	txa
000F68r 1  91 rr        	sta     (sp),y
000F6Ar 1  A0 0E        	ldy     #$0E
000F6Cr 1  B1 rr        	lda     (sp),y
000F6Er 1  A0 0A        	ldy     #$0A
000F70r 1  18           	clc
000F71r 1  71 rr        	adc     (sp),y
000F73r 1  48           	pha
000F74r 1  A0 0F        	ldy     #$0F
000F76r 1  B1 rr        	lda     (sp),y
000F78r 1  A0 0B        	ldy     #$0B
000F7Ar 1  71 rr        	adc     (sp),y
000F7Cr 1  AA           	tax
000F7Dr 1  68           	pla
000F7Er 1  38           	sec
000F7Fr 1  E9 03        	sbc     #$03
000F81r 1  B0 01        	bcs     L01A0
000F83r 1  CA           	dex
000F84r 1  A0 02        L01A0:	ldy     #$02
000F86r 1  91 rr        	sta     (sp),y
000F88r 1  C8           	iny
000F89r 1  8A           	txa
000F8Ar 1  91 rr        	sta     (sp),y
000F8Cr 1  A0 0D        	ldy     #$0D
000F8Er 1  B1 rr        	lda     (sp),y
000F90r 1  AA           	tax
000F91r 1  88           	dey
000F92r 1  B1 rr        	lda     (sp),y
000F94r 1  18           	clc
000F95r 1  69 0D        	adc     #$0D
000F97r 1  90 01        	bcc     L01A2
000F99r 1  E8           	inx
000F9Ar 1  A0 00        L01A2:	ldy     #$00
000F9Cr 1  91 rr        	sta     (sp),y
000F9Er 1  C8           	iny
000F9Fr 1  8A           	txa
000FA0r 1  91 rr        	sta     (sp),y
000FA2r 1  A9 00        	lda     #$00
000FA4r 1  20 rr rr     	jsr     _udeks_vic_bitmap_line
000FA7r 1  A0 0F        	ldy     #$0F
000FA9r 1  B1 rr        	lda     (sp),y
000FABr 1  AA           	tax
000FACr 1  88           	dey
000FADr 1  B1 rr        	lda     (sp),y
000FAFr 1  20 rr rr     	jsr     _draw_title
000FB2r 1  A0 0F        	ldy     #$0F
000FB4r 1  B1 rr        	lda     (sp),y
000FB6r 1  85 rr        	sta     ptr1+1
000FB8r 1  88           	dey
000FB9r 1  B1 rr        	lda     (sp),y
000FBBr 1  85 rr        	sta     ptr1
000FBDr 1  A0 03        	ldy     #$03
000FBFr 1  B1 rr        	lda     (ptr1),y
000FC1r 1  29 04        	and     #$04
000FC3r 1  D0 03 4C rr  	jeq     L01A6
000FC7r 1  rr           
000FC8r 1  A0 06        	ldy     #$06
000FCAr 1  B1 rr        	lda     (sp),y
000FCCr 1  A0 02        	ldy     #$02
000FCEr 1  18           	clc
000FCFr 1  71 rr        	adc     (sp),y
000FD1r 1  48           	pha
000FD2r 1  A0 07        	ldy     #$07
000FD4r 1  B1 rr        	lda     (sp),y
000FD6r 1  A0 03        	ldy     #$03
000FD8r 1  71 rr        	adc     (sp),y
000FDAr 1  AA           	tax
000FDBr 1  68           	pla
000FDCr 1  38           	sec
000FDDr 1  E9 0C        	sbc     #$0C
000FDFr 1  B0 01        	bcs     L01AD
000FE1r 1  CA           	dex
000FE2r 1  A0 0C        L01AD:	ldy     #$0C
000FE4r 1  20 rr rr     	jsr     staxysp
000FE7r 1  20 rr rr     	jsr     decsp8
000FEAr 1  A0 15        	ldy     #$15
000FECr 1  B1 rr        	lda     (sp),y
000FEEr 1  AA           	tax
000FEFr 1  88           	dey
000FF0r 1  B1 rr        	lda     (sp),y
000FF2r 1  A0 06        	ldy     #$06
000FF4r 1  91 rr        	sta     (sp),y
000FF6r 1  C8           	iny
000FF7r 1  8A           	txa
000FF8r 1  91 rr        	sta     (sp),y
000FFAr 1  A0 0D        	ldy     #$0D
000FFCr 1  B1 rr        	lda     (sp),y
000FFEr 1  AA           	tax
000FFFr 1  88           	dey
001000r 1  B1 rr        	lda     (sp),y
001002r 1  18           	clc
001003r 1  69 03        	adc     #$03
001005r 1  90 01        	bcc     L01B1
001007r 1  E8           	inx
001008r 1  A0 04        L01B1:	ldy     #$04
00100Ar 1  91 rr        	sta     (sp),y
00100Cr 1  C8           	iny
00100Dr 1  8A           	txa
00100Er 1  91 rr        	sta     (sp),y
001010r 1  A9 08        	lda     #$08
001012r 1  A0 02        	ldy     #$02
001014r 1  91 rr        	sta     (sp),y
001016r 1  C8           	iny
001017r 1  A9 00        	lda     #$00
001019r 1  91 rr        	sta     (sp),y
00101Br 1  A9 08        	lda     #$08
00101Dr 1  A0 00        	ldy     #$00
00101Fr 1  91 rr        	sta     (sp),y
001021r 1  C8           	iny
001022r 1  A9 00        	lda     #$00
001024r 1  91 rr        	sta     (sp),y
001026r 1  20 rr rr     	jsr     _udeks_vic_bitmap_rectangle
001029r 1  20 rr rr     	jsr     decsp8
00102Cr 1  A0 15        	ldy     #$15
00102Er 1  B1 rr        	lda     (sp),y
001030r 1  AA           	tax
001031r 1  88           	dey
001032r 1  B1 rr        	lda     (sp),y
001034r 1  18           	clc
001035r 1  69 02        	adc     #$02
001037r 1  90 01        	bcc     L01B7
001039r 1  E8           	inx
00103Ar 1  A0 06        L01B7:	ldy     #$06
00103Cr 1  91 rr        	sta     (sp),y
00103Er 1  C8           	iny
00103Fr 1  8A           	txa
001040r 1  91 rr        	sta     (sp),y
001042r 1  A0 0D        	ldy     #$0D
001044r 1  B1 rr        	lda     (sp),y
001046r 1  AA           	tax
001047r 1  88           	dey
001048r 1  B1 rr        	lda     (sp),y
00104Ar 1  18           	clc
00104Br 1  69 05        	adc     #$05
00104Dr 1  90 01        	bcc     L01B9
00104Fr 1  E8           	inx
001050r 1  A0 04        L01B9:	ldy     #$04
001052r 1  91 rr        	sta     (sp),y
001054r 1  C8           	iny
001055r 1  8A           	txa
001056r 1  91 rr        	sta     (sp),y
001058r 1  A0 15        	ldy     #$15
00105Ar 1  B1 rr        	lda     (sp),y
00105Cr 1  AA           	tax
00105Dr 1  88           	dey
00105Er 1  B1 rr        	lda     (sp),y
001060r 1  18           	clc
001061r 1  69 05        	adc     #$05
001063r 1  90 01        	bcc     L01BB
001065r 1  E8           	inx
001066r 1  A0 02        L01BB:	ldy     #$02
001068r 1  91 rr        	sta     (sp),y
00106Ar 1  C8           	iny
00106Br 1  8A           	txa
00106Cr 1  91 rr        	sta     (sp),y
00106Er 1  A0 0D        	ldy     #$0D
001070r 1  B1 rr        	lda     (sp),y
001072r 1  AA           	tax
001073r 1  88           	dey
001074r 1  B1 rr        	lda     (sp),y
001076r 1  18           	clc
001077r 1  69 08        	adc     #$08
001079r 1  90 01        	bcc     L01BD
00107Br 1  E8           	inx
00107Cr 1  A0 00        L01BD:	ldy     #$00
00107Er 1  91 rr        	sta     (sp),y
001080r 1  C8           	iny
001081r 1  8A           	txa
001082r 1  91 rr        	sta     (sp),y
001084r 1  A9 00        	lda     #$00
001086r 1  20 rr rr     	jsr     _udeks_vic_bitmap_line
001089r 1  20 rr rr     	jsr     decsp8
00108Cr 1  A0 15        	ldy     #$15
00108Er 1  B1 rr        	lda     (sp),y
001090r 1  AA           	tax
001091r 1  88           	dey
001092r 1  B1 rr        	lda     (sp),y
001094r 1  18           	clc
001095r 1  69 05        	adc     #$05
001097r 1  90 01        	bcc     L01C1
001099r 1  E8           	inx
00109Ar 1  A0 06        L01C1:	ldy     #$06
00109Cr 1  91 rr        	sta     (sp),y
00109Er 1  C8           	iny
00109Fr 1  8A           	txa
0010A0r 1  91 rr        	sta     (sp),y
0010A2r 1  A0 0D        	ldy     #$0D
0010A4r 1  B1 rr        	lda     (sp),y
0010A6r 1  AA           	tax
0010A7r 1  88           	dey
0010A8r 1  B1 rr        	lda     (sp),y
0010AAr 1  18           	clc
0010ABr 1  69 05        	adc     #$05
0010ADr 1  90 01        	bcc     L01C3
0010AFr 1  E8           	inx
0010B0r 1  A0 04        L01C3:	ldy     #$04
0010B2r 1  91 rr        	sta     (sp),y
0010B4r 1  C8           	iny
0010B5r 1  8A           	txa
0010B6r 1  91 rr        	sta     (sp),y
0010B8r 1  A0 15        	ldy     #$15
0010BAr 1  B1 rr        	lda     (sp),y
0010BCr 1  AA           	tax
0010BDr 1  88           	dey
0010BEr 1  B1 rr        	lda     (sp),y
0010C0r 1  18           	clc
0010C1r 1  69 02        	adc     #$02
0010C3r 1  90 01        	bcc     L01C5
0010C5r 1  E8           	inx
0010C6r 1  A0 02        L01C5:	ldy     #$02
0010C8r 1  91 rr        	sta     (sp),y
0010CAr 1  C8           	iny
0010CBr 1  8A           	txa
0010CCr 1  91 rr        	sta     (sp),y
0010CEr 1  A0 0D        	ldy     #$0D
0010D0r 1  B1 rr        	lda     (sp),y
0010D2r 1  AA           	tax
0010D3r 1  88           	dey
0010D4r 1  B1 rr        	lda     (sp),y
0010D6r 1  18           	clc
0010D7r 1  69 08        	adc     #$08
0010D9r 1  90 01        	bcc     L01C7
0010DBr 1  E8           	inx
0010DCr 1  A0 00        L01C7:	ldy     #$00
0010DEr 1  91 rr        	sta     (sp),y
0010E0r 1  C8           	iny
0010E1r 1  8A           	txa
0010E2r 1  91 rr        	sta     (sp),y
0010E4r 1  A9 00        	lda     #$00
0010E6r 1  20 rr rr     	jsr     _udeks_vic_bitmap_line
0010E9r 1  A0 0F        L01A6:	ldy     #$0F
0010EBr 1  B1 rr        	lda     (sp),y
0010EDr 1  85 rr        	sta     ptr1+1
0010EFr 1  88           	dey
0010F0r 1  B1 rr        	lda     (sp),y
0010F2r 1  85 rr        	sta     ptr1
0010F4r 1  A0 03        	ldy     #$03
0010F6r 1  B1 rr        	lda     (ptr1),y
0010F8r 1  29 08        	and     #$08
0010FAr 1  D0 03 4C rr  	jeq     L0185
0010FEr 1  rr           
0010FFr 1  A0 06        	ldy     #$06
001101r 1  B1 rr        	lda     (sp),y
001103r 1  A0 02        	ldy     #$02
001105r 1  18           	clc
001106r 1  71 rr        	adc     (sp),y
001108r 1  48           	pha
001109r 1  A0 07        	ldy     #$07
00110Br 1  B1 rr        	lda     (sp),y
00110Dr 1  A0 03        	ldy     #$03
00110Fr 1  71 rr        	adc     (sp),y
001111r 1  AA           	tax
001112r 1  68           	pla
001113r 1  38           	sec
001114r 1  E9 05        	sbc     #$05
001116r 1  B0 01        	bcs     L01CF
001118r 1  CA           	dex
001119r 1  A0 0A        L01CF:	ldy     #$0A
00111Br 1  20 rr rr     	jsr     staxysp
00111Er 1  A0 04        	ldy     #$04
001120r 1  B1 rr        	lda     (sp),y
001122r 1  A0 00        	ldy     #$00
001124r 1  18           	clc
001125r 1  71 rr        	adc     (sp),y
001127r 1  48           	pha
001128r 1  A0 05        	ldy     #$05
00112Ar 1  B1 rr        	lda     (sp),y
00112Cr 1  A0 01        	ldy     #$01
00112Er 1  71 rr        	adc     (sp),y
001130r 1  AA           	tax
001131r 1  68           	pla
001132r 1  38           	sec
001133r 1  E9 05        	sbc     #$05
001135r 1  B0 01        	bcs     L01D2
001137r 1  CA           	dex
001138r 1  A0 08        L01D2:	ldy     #$08
00113Ar 1  20 rr rr     	jsr     staxysp
00113Dr 1  20 rr rr     	jsr     decsp8
001140r 1  A0 13        	ldy     #$13
001142r 1  B1 rr        	lda     (sp),y
001144r 1  AA           	tax
001145r 1  88           	dey
001146r 1  B1 rr        	lda     (sp),y
001148r 1  38           	sec
001149r 1  E9 06        	sbc     #$06
00114Br 1  B0 01        	bcs     L01D5
00114Dr 1  CA           	dex
00114Er 1  A0 06        L01D5:	ldy     #$06
001150r 1  91 rr        	sta     (sp),y
001152r 1  C8           	iny
001153r 1  8A           	txa
001154r 1  91 rr        	sta     (sp),y
001156r 1  A0 11        	ldy     #$11
001158r 1  B1 rr        	lda     (sp),y
00115Ar 1  AA           	tax
00115Br 1  88           	dey
00115Cr 1  B1 rr        	lda     (sp),y
00115Er 1  A0 04        	ldy     #$04
001160r 1  91 rr        	sta     (sp),y
001162r 1  C8           	iny
001163r 1  8A           	txa
001164r 1  91 rr        	sta     (sp),y
001166r 1  A0 13        	ldy     #$13
001168r 1  B1 rr        	lda     (sp),y
00116Ar 1  AA           	tax
00116Br 1  88           	dey
00116Cr 1  B1 rr        	lda     (sp),y
00116Er 1  A0 02        	ldy     #$02
001170r 1  91 rr        	sta     (sp),y
001172r 1  C8           	iny
001173r 1  8A           	txa
001174r 1  91 rr        	sta     (sp),y
001176r 1  A0 11        	ldy     #$11
001178r 1  B1 rr        	lda     (sp),y
00117Ar 1  AA           	tax
00117Br 1  88           	dey
00117Cr 1  B1 rr        	lda     (sp),y
00117Er 1  38           	sec
00117Fr 1  E9 06        	sbc     #$06
001181r 1  B0 01        	bcs     L01D9
001183r 1  CA           	dex
001184r 1  A0 00        L01D9:	ldy     #$00
001186r 1  91 rr        	sta     (sp),y
001188r 1  C8           	iny
001189r 1  8A           	txa
00118Ar 1  91 rr        	sta     (sp),y
00118Cr 1  A9 00        	lda     #$00
00118Er 1  20 rr rr     	jsr     _udeks_vic_bitmap_line
001191r 1  20 rr rr     	jsr     decsp8
001194r 1  A0 13        	ldy     #$13
001196r 1  B1 rr        	lda     (sp),y
001198r 1  AA           	tax
001199r 1  88           	dey
00119Ar 1  B1 rr        	lda     (sp),y
00119Cr 1  38           	sec
00119Dr 1  E9 03        	sbc     #$03
00119Fr 1  B0 01        	bcs     L01DD
0011A1r 1  CA           	dex
0011A2r 1  A0 06        L01DD:	ldy     #$06
0011A4r 1  91 rr        	sta     (sp),y
0011A6r 1  C8           	iny
0011A7r 1  8A           	txa
0011A8r 1  91 rr        	sta     (sp),y
0011AAr 1  A0 11        	ldy     #$11
0011ACr 1  B1 rr        	lda     (sp),y
0011AEr 1  AA           	tax
0011AFr 1  88           	dey
0011B0r 1  B1 rr        	lda     (sp),y
0011B2r 1  A0 04        	ldy     #$04
0011B4r 1  91 rr        	sta     (sp),y
0011B6r 1  C8           	iny
0011B7r 1  8A           	txa
0011B8r 1  91 rr        	sta     (sp),y
0011BAr 1  A0 13        	ldy     #$13
0011BCr 1  B1 rr        	lda     (sp),y
0011BEr 1  AA           	tax
0011BFr 1  88           	dey
0011C0r 1  B1 rr        	lda     (sp),y
0011C2r 1  A0 02        	ldy     #$02
0011C4r 1  91 rr        	sta     (sp),y
0011C6r 1  C8           	iny
0011C7r 1  8A           	txa
0011C8r 1  91 rr        	sta     (sp),y
0011CAr 1  A0 11        	ldy     #$11
0011CCr 1  B1 rr        	lda     (sp),y
0011CEr 1  AA           	tax
0011CFr 1  88           	dey
0011D0r 1  B1 rr        	lda     (sp),y
0011D2r 1  38           	sec
0011D3r 1  E9 03        	sbc     #$03
0011D5r 1  B0 01        	bcs     L01E1
0011D7r 1  CA           	dex
0011D8r 1  A0 00        L01E1:	ldy     #$00
0011DAr 1  91 rr        	sta     (sp),y
0011DCr 1  C8           	iny
0011DDr 1  8A           	txa
0011DEr 1  91 rr        	sta     (sp),y
0011E0r 1  A9 00        	lda     #$00
0011E2r 1  20 rr rr     	jsr     _udeks_vic_bitmap_line
0011E5r 1  A0 10        L0185:	ldy     #$10
0011E7r 1  4C rr rr     	jmp     addysp
0011EAr 1               
0011EAr 1               .endproc
0011EAr 1               
0011EAr 1               ; ---------------------------------------------------------------
0011EAr 1               ; unsigned char __near__ paint_window_damage (unsigned char)
0011EAr 1               ; ---------------------------------------------------------------
0011EAr 1               
0011EAr 1               .segment	"CODE"
0011EAr 1               
0011EAr 1               .proc	_paint_window_damage: near
0011EAr 1               
0011EAr 1               .segment	"CODE"
0011EAr 1               
0011EAr 1  20 rr rr     	jsr     pusha
0011EDr 1  20 rr rr     	jsr     decsp2
0011F0r 1  A0 02        	ldy     #$02
0011F2r 1  B1 rr        	lda     (sp),y
0011F4r 1  20 rr rr     	jsr     _window_by_handle
0011F7r 1  20 rr rr     	jsr     stax0sp
0011FAr 1  E0 00        	cpx     #$00
0011FCr 1  D0 04        	bne     L0564
0011FEr 1  C9 00        	cmp     #$00
001200r 1  F0 14        	beq     L0566
001202r 1  A0 01        L0564:	ldy     #$01
001204r 1  B1 rr        	lda     (sp),y
001206r 1  85 rr        	sta     ptr1+1
001208r 1  88           	dey
001209r 1  B1 rr        	lda     (sp),y
00120Br 1  85 rr        	sta     ptr1
00120Dr 1  A0 03        	ldy     #$03
00120Fr 1  B1 rr        	lda     (ptr1),y
001211r 1  29 01        	and     #$01
001213r 1  D0 04        	bne     L020F
001215r 1  AA           	tax
001216r 1  4C rr rr     L0566:	jmp     incsp3
001219r 1  20 rr rr     L020F:	jsr     decsp5
00121Cr 1  A0 06        	ldy     #$06
00121Er 1  B1 rr        	lda     (sp),y
001220r 1  85 rr        	sta     ptr1+1
001222r 1  88           	dey
001223r 1  B1 rr        	lda     (sp),y
001225r 1  85 rr        	sta     ptr1
001227r 1  B1 rr        	lda     (ptr1),y
001229r 1  AA           	tax
00122Ar 1  88           	dey
00122Br 1  B1 rr        	lda     (ptr1),y
00122Dr 1  88           	dey
00122Er 1  91 rr        	sta     (sp),y
001230r 1  C8           	iny
001231r 1  8A           	txa
001232r 1  91 rr        	sta     (sp),y
001234r 1  A0 06        	ldy     #$06
001236r 1  B1 rr        	lda     (sp),y
001238r 1  85 rr        	sta     ptr1+1
00123Ar 1  88           	dey
00123Br 1  B1 rr        	lda     (sp),y
00123Dr 1  85 rr        	sta     ptr1
00123Fr 1  C8           	iny
001240r 1  B1 rr        	lda     (ptr1),y
001242r 1  A0 02        	ldy     #$02
001244r 1  91 rr        	sta     (sp),y
001246r 1  A0 06        	ldy     #$06
001248r 1  B1 rr        	lda     (sp),y
00124Ar 1  85 rr        	sta     ptr1+1
00124Cr 1  88           	dey
00124Dr 1  B1 rr        	lda     (sp),y
00124Fr 1  85 rr        	sta     ptr1
001251r 1  A0 08        	ldy     #$08
001253r 1  B1 rr        	lda     (ptr1),y
001255r 1  AA           	tax
001256r 1  88           	dey
001257r 1  B1 rr        	lda     (ptr1),y
001259r 1  A0 00        	ldy     #$00
00125Br 1  91 rr        	sta     (sp),y
00125Dr 1  C8           	iny
00125Er 1  8A           	txa
00125Fr 1  91 rr        	sta     (sp),y
001261r 1  A0 06        	ldy     #$06
001263r 1  B1 rr        	lda     (sp),y
001265r 1  85 rr        	sta     ptr1+1
001267r 1  88           	dey
001268r 1  B1 rr        	lda     (sp),y
00126Ar 1  85 rr        	sta     ptr1
00126Cr 1  A0 09        	ldy     #$09
00126Er 1  B1 rr        	lda     (ptr1),y
001270r 1  20 rr rr     	jsr     _set_damage_intersection
001273r 1  C9 00        	cmp     #$00
001275r 1  D0 04        	bne     L0216
001277r 1  AA           	tax
001278r 1  4C rr rr     	jmp     incsp3
00127Br 1  A0 01        L0216:	ldy     #$01
00127Dr 1  B1 rr        	lda     (sp),y
00127Fr 1  85 rr        	sta     ptr1+1
001281r 1  88           	dey
001282r 1  B1 rr        	lda     (sp),y
001284r 1  85 rr        	sta     ptr1
001286r 1  A0 03        	ldy     #$03
001288r 1  B1 rr        	lda     (ptr1),y
00128Ar 1  29 7F        	and     #$7F
00128Cr 1  91 rr        	sta     (ptr1),y
00128Er 1  20 rr rr     	jsr     decsp8
001291r 1  A0 09        	ldy     #$09
001293r 1  B1 rr        	lda     (sp),y
001295r 1  85 rr        	sta     ptr1+1
001297r 1  88           	dey
001298r 1  B1 rr        	lda     (sp),y
00129Ar 1  85 rr        	sta     ptr1
00129Cr 1  A0 05        	ldy     #$05
00129Er 1  B1 rr        	lda     (ptr1),y
0012A0r 1  AA           	tax
0012A1r 1  88           	dey
0012A2r 1  B1 rr        	lda     (ptr1),y
0012A4r 1  A0 06        	ldy     #$06
0012A6r 1  91 rr        	sta     (sp),y
0012A8r 1  C8           	iny
0012A9r 1  8A           	txa
0012AAr 1  91 rr        	sta     (sp),y
0012ACr 1  A0 09        	ldy     #$09
0012AEr 1  B1 rr        	lda     (sp),y
0012B0r 1  85 rr        	sta     ptr1+1
0012B2r 1  88           	dey
0012B3r 1  B1 rr        	lda     (sp),y
0012B5r 1  85 rr        	sta     ptr1
0012B7r 1  A0 06        	ldy     #$06
0012B9r 1  B1 rr        	lda     (ptr1),y
0012BBr 1  A0 04        	ldy     #$04
0012BDr 1  91 rr        	sta     (sp),y
0012BFr 1  C8           	iny
0012C0r 1  A9 00        	lda     #$00
0012C2r 1  91 rr        	sta     (sp),y
0012C4r 1  A0 09        	ldy     #$09
0012C6r 1  B1 rr        	lda     (sp),y
0012C8r 1  85 rr        	sta     ptr1+1
0012CAr 1  88           	dey
0012CBr 1  B1 rr        	lda     (sp),y
0012CDr 1  85 rr        	sta     ptr1
0012CFr 1  B1 rr        	lda     (ptr1),y
0012D1r 1  AA           	tax
0012D2r 1  88           	dey
0012D3r 1  B1 rr        	lda     (ptr1),y
0012D5r 1  A0 02        	ldy     #$02
0012D7r 1  91 rr        	sta     (sp),y
0012D9r 1  C8           	iny
0012DAr 1  8A           	txa
0012DBr 1  91 rr        	sta     (sp),y
0012DDr 1  A0 09        	ldy     #$09
0012DFr 1  B1 rr        	lda     (sp),y
0012E1r 1  85 rr        	sta     ptr1+1
0012E3r 1  88           	dey
0012E4r 1  B1 rr        	lda     (sp),y
0012E6r 1  85 rr        	sta     ptr1
0012E8r 1  C8           	iny
0012E9r 1  B1 rr        	lda     (ptr1),y
0012EBr 1  A0 00        	ldy     #$00
0012EDr 1  91 rr        	sta     (sp),y
0012EFr 1  C8           	iny
0012F0r 1  A9 00        	lda     #$00
0012F2r 1  91 rr        	sta     (sp),y
0012F4r 1  A9 07        	lda     #$07
0012F6r 1  20 rr rr     	jsr     _udeks_vic_bitmap_fill
0012F9r 1  A0 01        	ldy     #$01
0012FBr 1  B1 rr        	lda     (sp),y
0012FDr 1  AA           	tax
0012FEr 1  88           	dey
0012FFr 1  B1 rr        	lda     (sp),y
001301r 1  20 rr rr     	jsr     _draw_chrome
001304r 1  A0 01        	ldy     #$01
001306r 1  B1 rr        	lda     (sp),y
001308r 1  85 rr        	sta     ptr1+1
00130Ar 1  88           	dey
00130Br 1  B1 rr        	lda     (sp),y
00130Dr 1  85 rr        	sta     ptr1
00130Fr 1  A0 0E        	ldy     #$0E
001311r 1  B1 rr        	lda     (ptr1),y
001313r 1  AA           	tax
001314r 1  88           	dey
001315r 1  B1 rr        	lda     (ptr1),y
001317r 1  E0 00        	cpx     #$00
001319r 1  D0 07        	bne     L0565
00131Br 1  C9 00        	cmp     #$00
00131Dr 1  D0 03 4C rr  	jeq     L0227
001321r 1  rr           
001322r 1  20 rr rr     L0565:	jsr     decsp5
001325r 1  A0 06        	ldy     #$06
001327r 1  B1 rr        	lda     (sp),y
001329r 1  85 rr        	sta     ptr1+1
00132Br 1  88           	dey
00132Cr 1  B1 rr        	lda     (sp),y
00132Er 1  85 rr        	sta     ptr1
001330r 1  B1 rr        	lda     (ptr1),y
001332r 1  AA           	tax
001333r 1  88           	dey
001334r 1  B1 rr        	lda     (ptr1),y
001336r 1  18           	clc
001337r 1  69 03        	adc     #$03
001339r 1  90 01        	bcc     L022C
00133Br 1  E8           	inx
00133Cr 1  88           L022C:	dey
00133Dr 1  91 rr        	sta     (sp),y
00133Fr 1  C8           	iny
001340r 1  8A           	txa
001341r 1  91 rr        	sta     (sp),y
001343r 1  A0 06        	ldy     #$06
001345r 1  B1 rr        	lda     (sp),y
001347r 1  85 rr        	sta     ptr1+1
001349r 1  88           	dey
00134Ar 1  B1 rr        	lda     (sp),y
00134Cr 1  85 rr        	sta     ptr1
00134Er 1  C8           	iny
00134Fr 1  B1 rr        	lda     (ptr1),y
001351r 1  18           	clc
001352r 1  69 0D        	adc     #$0D
001354r 1  90 01        	bcc     L0561
001356r 1  18           	clc
001357r 1  69 01        L0561:	adc     #$01
001359r 1  A0 02        	ldy     #$02
00135Br 1  91 rr        	sta     (sp),y
00135Dr 1  A0 06        	ldy     #$06
00135Fr 1  B1 rr        	lda     (sp),y
001361r 1  85 rr        	sta     ptr1+1
001363r 1  88           	dey
001364r 1  B1 rr        	lda     (sp),y
001366r 1  85 rr        	sta     ptr1
001368r 1  A0 08        	ldy     #$08
00136Ar 1  B1 rr        	lda     (ptr1),y
00136Cr 1  AA           	tax
00136Dr 1  88           	dey
00136Er 1  B1 rr        	lda     (ptr1),y
001370r 1  38           	sec
001371r 1  E9 06        	sbc     #$06
001373r 1  B0 01        	bcs     L0232
001375r 1  CA           	dex
001376r 1  A0 00        L0232:	ldy     #$00
001378r 1  91 rr        	sta     (sp),y
00137Ar 1  C8           	iny
00137Br 1  8A           	txa
00137Cr 1  91 rr        	sta     (sp),y
00137Er 1  A0 06        	ldy     #$06
001380r 1  B1 rr        	lda     (sp),y
001382r 1  85 rr        	sta     ptr1+1
001384r 1  88           	dey
001385r 1  B1 rr        	lda     (sp),y
001387r 1  85 rr        	sta     ptr1
001389r 1  A0 09        	ldy     #$09
00138Br 1  B1 rr        	lda     (ptr1),y
00138Dr 1  38           	sec
00138Er 1  E9 0D        	sbc     #$0D
001390r 1  B0 01        	bcs     L0562
001392r 1  38           	sec
001393r 1  E9 04        L0562:	sbc     #$04
001395r 1  20 rr rr     	jsr     _set_damage_intersection
001398r 1  C9 00        	cmp     #$00
00139Ar 1  F0 2F        	beq     L0227
00139Cr 1  A0 01        	ldy     #$01
00139Er 1  B1 rr        	lda     (sp),y
0013A0r 1  85 rr        	sta     ptr1+1
0013A2r 1  88           	dey
0013A3r 1  B1 rr        	lda     (sp),y
0013A5r 1  85 rr        	sta     ptr1
0013A7r 1  A0 0E        	ldy     #$0E
0013A9r 1  B1 rr        	lda     (ptr1),y
0013ABr 1  AA           	tax
0013ACr 1  88           	dey
0013ADr 1  B1 rr        	lda     (ptr1),y
0013AFr 1  20 rr rr     	jsr     pushax
0013B2r 1  A0 04        	ldy     #$04
0013B4r 1  B1 rr        	lda     (sp),y
0013B6r 1  48           	pha
0013B7r 1  A0 00        	ldy     #$00
0013B9r 1  B1 rr        	lda     (sp),y
0013BBr 1  8D rr rr     	sta     jmpvec+1
0013BEr 1  C8           	iny
0013BFr 1  B1 rr        	lda     (sp),y
0013C1r 1  8D rr rr     	sta     jmpvec+2
0013C4r 1  68           	pla
0013C5r 1  20 rr rr     	jsr     jmpvec
0013C8r 1  20 rr rr     	jsr     incsp2
0013CBr 1  A9 14        L0227:	lda     #$14
0013CDr 1  20 rr rr     	jsr     _increment_counter
0013D0r 1  A2 00        	ldx     #$00
0013D2r 1  A9 01        	lda     #$01
0013D4r 1  4C rr rr     	jmp     incsp3
0013D7r 1               
0013D7r 1               .endproc
0013D7r 1               
0013D7r 1               ; ---------------------------------------------------------------
0013D7r 1               ; void __near__ compose_damage (unsigned char)
0013D7r 1               ; ---------------------------------------------------------------
0013D7r 1               
0013D7r 1               .segment	"CODE"
0013D7r 1               
0013D7r 1               .proc	_compose_damage: near
0013D7r 1               
0013D7r 1               .segment	"CODE"
0013D7r 1               
0013D7r 1  20 rr rr     	jsr     pusha
0013DAr 1  20 rr rr     	jsr     decsp2
0013DDr 1  A9 02        	lda     #$02
0013DFr 1  20 rr rr     	jsr     _udeks_vic_pointer_busy_begin
0013E2r 1  20 rr rr     	jsr     decsp6
0013E5r 1  AD rr rr     	lda     _damage_left
0013E8r 1  A0 04        	ldy     #$04
0013EAr 1  91 rr        	sta     (sp),y
0013ECr 1  C8           	iny
0013EDr 1  AD rr rr     	lda     _damage_left+1
0013F0r 1  91 rr        	sta     (sp),y
0013F2r 1  AD rr rr     	lda     _damage_top
0013F5r 1  A0 02        	ldy     #$02
0013F7r 1  91 rr        	sta     (sp),y
0013F9r 1  C8           	iny
0013FAr 1  A9 00        	lda     #$00
0013FCr 1  91 rr        	sta     (sp),y
0013FEr 1  AD rr rr     	lda     _damage_right
001401r 1  38           	sec
001402r 1  ED rr rr     	sbc     _damage_left
001405r 1  48           	pha
001406r 1  AD rr rr     	lda     _damage_right+1
001409r 1  ED rr rr     	sbc     _damage_left+1
00140Cr 1  AA           	tax
00140Dr 1  68           	pla
00140Er 1  A0 00        	ldy     #$00
001410r 1  91 rr        	sta     (sp),y
001412r 1  C8           	iny
001413r 1  8A           	txa
001414r 1  91 rr        	sta     (sp),y
001416r 1  A2 00        	ldx     #$00
001418r 1  AD rr rr     	lda     _damage_bottom
00141Br 1  38           	sec
00141Cr 1  ED rr rr     	sbc     _damage_top
00141Fr 1  20 rr rr     	jsr     _udeks_vic_bitmap_set_clip
001422r 1  20 rr rr     	jsr     decsp8
001425r 1  AD rr rr     	lda     _damage_left
001428r 1  A0 06        	ldy     #$06
00142Ar 1  91 rr        	sta     (sp),y
00142Cr 1  C8           	iny
00142Dr 1  AD rr rr     	lda     _damage_left+1
001430r 1  91 rr        	sta     (sp),y
001432r 1  AD rr rr     	lda     _damage_top
001435r 1  A0 04        	ldy     #$04
001437r 1  91 rr        	sta     (sp),y
001439r 1  C8           	iny
00143Ar 1  A9 00        	lda     #$00
00143Cr 1  91 rr        	sta     (sp),y
00143Er 1  AD rr rr     	lda     _damage_right
001441r 1  38           	sec
001442r 1  ED rr rr     	sbc     _damage_left
001445r 1  48           	pha
001446r 1  AD rr rr     	lda     _damage_right+1
001449r 1  ED rr rr     	sbc     _damage_left+1
00144Cr 1  AA           	tax
00144Dr 1  68           	pla
00144Er 1  A0 02        	ldy     #$02
001450r 1  91 rr        	sta     (sp),y
001452r 1  C8           	iny
001453r 1  8A           	txa
001454r 1  91 rr        	sta     (sp),y
001456r 1  AD rr rr     	lda     _damage_bottom
001459r 1  38           	sec
00145Ar 1  ED rr rr     	sbc     _damage_top
00145Dr 1  A0 00        	ldy     #$00
00145Fr 1  91 rr        	sta     (sp),y
001461r 1  C8           	iny
001462r 1  A9 00        	lda     #$00
001464r 1  91 rr        	sta     (sp),y
001466r 1  A9 07        	lda     #$07
001468r 1  20 rr rr     	jsr     _udeks_vic_bitmap_fill
00146Br 1  A9 01        	lda     #$01
00146Dr 1  A8           	tay
00146Er 1  91 rr        L056A:	sta     (sp),y
001470r 1  38           	sec
001471r 1  ED rr rr     	sbc     _active_count
001474r 1  90 02        	bcc     L056B
001476r 1  D0 6D        	bne     L024E
001478r 1  A9 00        L056B:	lda     #$00
00147Ar 1  88           	dey
00147Br 1  91 rr        L0569:	sta     (sp),y
00147Dr 1  C9 04        	cmp     #$04
00147Fr 1  B0 5B        	bcs     L024F
001481r 1  B1 rr        	lda     (sp),y
001483r 1  20 rr rr     	jsr     pusha0
001486r 1  A9 11        	lda     #$11
001488r 1  20 rr rr     	jsr     tosmula0
00148Br 1  85 rr        	sta     ptr1
00148Dr 1  8A           	txa
00148Er 1  18           	clc
00148Fr 1  69 rr        	adc     #>(_windows)
001491r 1  85 rr        	sta     ptr1+1
001493r 1  A0 rr        	ldy     #<(_windows)
001495r 1  B1 rr        	lda     (ptr1),y
001497r 1  F0 39        	beq     L0257
001499r 1  A2 00        	ldx     #$00
00149Br 1  A1 rr        	lda     (sp,x)
00149Dr 1  20 rr rr     	jsr     pusha0
0014A0r 1  A9 11        	lda     #$11
0014A2r 1  20 rr rr     	jsr     tosmula0
0014A5r 1  18           	clc
0014A6r 1  69 rr        	adc     #<(_windows)
0014A8r 1  85 rr        	sta     ptr1
0014AAr 1  8A           	txa
0014ABr 1  69 rr        	adc     #>(_windows)
0014ADr 1  85 rr        	sta     ptr1+1
0014AFr 1  A0 0A        	ldy     #$0A
0014B1r 1  B1 rr        	lda     (ptr1),y
0014B3r 1  A0 01        	ldy     #$01
0014B5r 1  D1 rr        	cmp     (sp),y
0014B7r 1  D0 19        	bne     L0257
0014B9r 1  88           	dey
0014BAr 1  B1 rr        	lda     (sp),y
0014BCr 1  18           	clc
0014BDr 1  69 01        	adc     #$01
0014BFr 1  A0 02        	ldy     #$02
0014C1r 1  D1 rr        	cmp     (sp),y
0014C3r 1  F0 17        	beq     L024F
0014C5r 1  A0 00        	ldy     #$00
0014C7r 1  B1 rr        	lda     (sp),y
0014C9r 1  18           	clc
0014CAr 1  69 01        	adc     #$01
0014CCr 1  20 rr rr     	jsr     _paint_window_damage
0014CFr 1  4C rr rr     	jmp     L024F
0014D2r 1  A0 00        L0257:	ldy     #$00
0014D4r 1  18           	clc
0014D5r 1  A9 01        	lda     #$01
0014D7r 1  71 rr        	adc     (sp),y
0014D9r 1  4C rr rr     	jmp     L0569
0014DCr 1  A0 01        L024F:	ldy     #$01
0014DEr 1  18           	clc
0014DFr 1  98           	tya
0014E0r 1  71 rr        	adc     (sp),y
0014E2r 1  4C rr rr     	jmp     L056A
0014E5r 1  20 rr rr     L024E:	jsr     _udeks_vic_bitmap_reset_clip
0014E8r 1  20 rr rr     	jsr     _udeks_vic_bitmap_commit
0014EBr 1  A9 02        	lda     #$02
0014EDr 1  20 rr rr     	jsr     _udeks_vic_pointer_busy_end
0014F0r 1  A9 1E        	lda     #$1E
0014F2r 1  20 rr rr     	jsr     _increment_counter
0014F5r 1  4C rr rr     	jmp     incsp3
0014F8r 1               
0014F8r 1               .endproc
0014F8r 1               
0014F8r 1               ; ---------------------------------------------------------------
0014F8r 1               ; unsigned char __near__ top_window (void)
0014F8r 1               ; ---------------------------------------------------------------
0014F8r 1               
0014F8r 1               .segment	"CODE"
0014F8r 1               
0014F8r 1               .proc	_top_window: near
0014F8r 1               
0014F8r 1               .segment	"CODE"
0014F8r 1               
0014F8r 1  20 rr rr     	jsr     decsp1
0014FBr 1  A9 00        	lda     #$00
0014FDr 1  A8           	tay
0014FEr 1  91 rr        L0572:	sta     (sp),y
001500r 1  A2 00        	ldx     #$00
001502r 1  B1 rr        	lda     (sp),y
001504r 1  C9 04        	cmp     #$04
001506r 1  B0 4B        	bcs     L0576
001508r 1  20 rr rr     	jsr     pusha0
00150Br 1  A9 11        	lda     #$11
00150Dr 1  20 rr rr     	jsr     tosmula0
001510r 1  85 rr        	sta     ptr1
001512r 1  8A           	txa
001513r 1  18           	clc
001514r 1  69 rr        	adc     #>(_windows)
001516r 1  85 rr        	sta     ptr1+1
001518r 1  A0 rr        	ldy     #<(_windows)
00151Ar 1  B1 rr        	lda     (ptr1),y
00151Cr 1  F0 2B        	beq     L0274
00151Er 1  A2 00        	ldx     #$00
001520r 1  A1 rr        	lda     (sp,x)
001522r 1  20 rr rr     	jsr     pusha0
001525r 1  A9 11        	lda     #$11
001527r 1  20 rr rr     	jsr     tosmula0
00152Ar 1  18           	clc
00152Br 1  69 rr        	adc     #<(_windows)
00152Dr 1  85 rr        	sta     ptr1
00152Fr 1  8A           	txa
001530r 1  69 rr        	adc     #>(_windows)
001532r 1  85 rr        	sta     ptr1+1
001534r 1  A0 0A        	ldy     #$0A
001536r 1  B1 rr        	lda     (ptr1),y
001538r 1  CD rr rr     	cmp     _active_count
00153Br 1  D0 0C        	bne     L0274
00153Dr 1  A0 00        	ldy     #$00
00153Fr 1  B1 rr        	lda     (sp),y
001541r 1  18           	clc
001542r 1  69 01        	adc     #$01
001544r 1  A2 00        	ldx     #$00
001546r 1  4C rr rr     	jmp     incsp1
001549r 1  A0 00        L0274:	ldy     #$00
00154Br 1  18           	clc
00154Cr 1  A9 01        	lda     #$01
00154Er 1  71 rr        	adc     (sp),y
001550r 1  4C rr rr     	jmp     L0572
001553r 1  8A           L0576:	txa
001554r 1  4C rr rr     	jmp     incsp1
001557r 1               
001557r 1               .endproc
001557r 1               
001557r 1               ; ---------------------------------------------------------------
001557r 1               ; unsigned char __near__ raise_window (unsigned char)
001557r 1               ; ---------------------------------------------------------------
001557r 1               
001557r 1               .segment	"CODE"
001557r 1               
001557r 1               .proc	_raise_window: near
001557r 1               
001557r 1               .segment	"CODE"
001557r 1               
001557r 1  20 rr rr     	jsr     pusha
00155Ar 1  20 rr rr     	jsr     decsp4
00155Dr 1  A0 04        	ldy     #$04
00155Fr 1  B1 rr        	lda     (sp),y
001561r 1  20 rr rr     	jsr     _window_by_handle
001564r 1  20 rr rr     	jsr     stax0sp
001567r 1  E0 00        	cpx     #$00
001569r 1  D0 04        	bne     L057D
00156Br 1  C9 00        	cmp     #$00
00156Dr 1  F0 17        	beq     L057F
00156Fr 1  A0 01        L057D:	ldy     #$01
001571r 1  B1 rr        	lda     (sp),y
001573r 1  85 rr        	sta     ptr1+1
001575r 1  88           	dey
001576r 1  B1 rr        	lda     (sp),y
001578r 1  85 rr        	sta     ptr1
00157Ar 1  A0 0A        	ldy     #$0A
00157Cr 1  B1 rr        	lda     (ptr1),y
00157Er 1  CD rr rr     	cmp     _active_count
001581r 1  D0 06        	bne     L0288
001583r 1  A2 00        	ldx     #$00
001585r 1  8A           	txa
001586r 1  4C rr rr     L057F:	jmp     incsp5
001589r 1  A0 01        L0288:	ldy     #$01
00158Br 1  B1 rr        	lda     (sp),y
00158Dr 1  85 rr        	sta     ptr1+1
00158Fr 1  88           	dey
001590r 1  B1 rr        	lda     (sp),y
001592r 1  85 rr        	sta     ptr1
001594r 1  A0 0A        	ldy     #$0A
001596r 1  B1 rr        	lda     (ptr1),y
001598r 1  A0 02        	ldy     #$02
00159Ar 1  91 rr        	sta     (sp),y
00159Cr 1  A9 00        	lda     #$00
00159Er 1  C8           	iny
00159Fr 1  91 rr        L0578:	sta     (sp),y
0015A1r 1  C9 04        	cmp     #$04
0015A3r 1  B0 67        	bcs     L0290
0015A5r 1  B1 rr        	lda     (sp),y
0015A7r 1  20 rr rr     	jsr     pusha0
0015AAr 1  A9 11        	lda     #$11
0015ACr 1  20 rr rr     	jsr     tosmula0
0015AFr 1  85 rr        	sta     ptr1
0015B1r 1  8A           	txa
0015B2r 1  18           	clc
0015B3r 1  69 rr        	adc     #>(_windows)
0015B5r 1  85 rr        	sta     ptr1+1
0015B7r 1  A0 rr        	ldy     #<(_windows)
0015B9r 1  B1 rr        	lda     (ptr1),y
0015BBr 1  F0 45        	beq     L0291
0015BDr 1  A0 03        	ldy     #$03
0015BFr 1  B1 rr        	lda     (sp),y
0015C1r 1  20 rr rr     	jsr     pusha0
0015C4r 1  A9 11        	lda     #$11
0015C6r 1  20 rr rr     	jsr     tosmula0
0015C9r 1  18           	clc
0015CAr 1  69 rr        	adc     #<(_windows)
0015CCr 1  85 rr        	sta     ptr1
0015CEr 1  8A           	txa
0015CFr 1  69 rr        	adc     #>(_windows)
0015D1r 1  85 rr        	sta     ptr1+1
0015D3r 1  A0 0A        	ldy     #$0A
0015D5r 1  B1 rr        	lda     (ptr1),y
0015D7r 1  38           	sec
0015D8r 1  A0 02        	ldy     #$02
0015DAr 1  F1 rr        	sbc     (sp),y
0015DCr 1  85 rr        	sta     tmp1
0015DEr 1  A5 rr        	lda     tmp1
0015E0r 1  F0 20        	beq     L0291
0015E2r 1  90 1E        	bcc     L0291
0015E4r 1  C8           	iny
0015E5r 1  B1 rr        	lda     (sp),y
0015E7r 1  20 rr rr     	jsr     pusha0
0015EAr 1  A9 11        	lda     #$11
0015ECr 1  20 rr rr     	jsr     tosmula0
0015EFr 1  18           	clc
0015F0r 1  69 rr        	adc     #<(_windows)
0015F2r 1  85 rr        	sta     ptr1
0015F4r 1  8A           	txa
0015F5r 1  69 rr        	adc     #>(_windows)
0015F7r 1  85 rr        	sta     ptr1+1
0015F9r 1  A0 0A        	ldy     #$0A
0015FBr 1  B1 rr        	lda     (ptr1),y
0015FDr 1  38           	sec
0015FEr 1  E9 01        	sbc     #$01
001600r 1  91 rr        	sta     (ptr1),y
001602r 1  A0 03        L0291:	ldy     #$03
001604r 1  18           	clc
001605r 1  A9 01        	lda     #$01
001607r 1  71 rr        	adc     (sp),y
001609r 1  4C rr rr     	jmp     L0578
00160Cr 1  A0 01        L0290:	ldy     #$01
00160Er 1  B1 rr        	lda     (sp),y
001610r 1  85 rr        	sta     ptr1+1
001612r 1  88           	dey
001613r 1  B1 rr        	lda     (sp),y
001615r 1  85 rr        	sta     ptr1
001617r 1  AD rr rr     	lda     _active_count
00161Ar 1  A0 0A        	ldy     #$0A
00161Cr 1  91 rr        	sta     (ptr1),y
00161Er 1  A2 00        	ldx     #$00
001620r 1  A9 01        	lda     #$01
001622r 1  4C rr rr     	jmp     incsp5
001625r 1               
001625r 1               .endproc
001625r 1               
001625r 1               ; ---------------------------------------------------------------
001625r 1               ; unsigned char __near__ top_window_at (unsigned int, unsigned char)
001625r 1               ; ---------------------------------------------------------------
001625r 1               
001625r 1               .segment	"CODE"
001625r 1               
001625r 1               .proc	_top_window_at: near
001625r 1               
001625r 1               .segment	"CODE"
001625r 1               
001625r 1  20 rr rr     	jsr     pusha
001628r 1  20 rr rr     	jsr     decsp3
00162Br 1  A9 00        	lda     #$00
00162Dr 1  A0 01        	ldy     #$01
00162Fr 1  91 rr        	sta     (sp),y
001631r 1  88           	dey
001632r 1  91 rr        	sta     (sp),y
001634r 1  A0 02        	ldy     #$02
001636r 1  91 rr        L0580:	sta     (sp),y
001638r 1  C9 04        	cmp     #$04
00163Ar 1  90 03 4C rr  	jcs     L02A8
00163Er 1  rr           
00163Fr 1  B1 rr        	lda     (sp),y
001641r 1  20 rr rr     	jsr     pusha0
001644r 1  A9 11        	lda     #$11
001646r 1  20 rr rr     	jsr     tosmula0
001649r 1  85 rr        	sta     ptr1
00164Br 1  8A           	txa
00164Cr 1  18           	clc
00164Dr 1  69 rr        	adc     #>(_windows)
00164Fr 1  85 rr        	sta     ptr1+1
001651r 1  A0 rr        	ldy     #<(_windows)
001653r 1  B1 rr        	lda     (ptr1),y
001655r 1  D0 03 4C rr  	jeq     L02A9
001659r 1  rr           
00165Ar 1  A0 02        	ldy     #$02
00165Cr 1  B1 rr        	lda     (sp),y
00165Er 1  20 rr rr     	jsr     pusha0
001661r 1  A9 11        	lda     #$11
001663r 1  20 rr rr     	jsr     tosmula0
001666r 1  18           	clc
001667r 1  69 rr        	adc     #<(_windows)
001669r 1  85 rr        	sta     ptr1
00166Br 1  8A           	txa
00166Cr 1  69 rr        	adc     #>(_windows)
00166Er 1  85 rr        	sta     ptr1+1
001670r 1  A0 03        	ldy     #$03
001672r 1  B1 rr        	lda     (ptr1),y
001674r 1  29 01        	and     #$01
001676r 1  D0 03 4C rr  	jeq     L02A9
00167Ar 1  rr           
00167Br 1  20 rr rr     	jsr     decsp3
00167Er 1  A0 08        	ldy     #$08
001680r 1  B1 rr        	lda     (sp),y
001682r 1  AA           	tax
001683r 1  88           	dey
001684r 1  B1 rr        	lda     (sp),y
001686r 1  A0 01        	ldy     #$01
001688r 1  91 rr        	sta     (sp),y
00168Ar 1  C8           	iny
00168Br 1  8A           	txa
00168Cr 1  91 rr        	sta     (sp),y
00168Er 1  A0 06        	ldy     #$06
001690r 1  B1 rr        	lda     (sp),y
001692r 1  A0 00        	ldy     #$00
001694r 1  91 rr        	sta     (sp),y
001696r 1  A0 05        	ldy     #$05
001698r 1  B1 rr        	lda     (sp),y
00169Ar 1  20 rr rr     	jsr     pusha0
00169Dr 1  A9 11        	lda     #$11
00169Fr 1  20 rr rr     	jsr     tosmula0
0016A2r 1  18           	clc
0016A3r 1  69 rr        	adc     #<(_windows)
0016A5r 1  A8           	tay
0016A6r 1  8A           	txa
0016A7r 1  69 rr        	adc     #>(_windows)
0016A9r 1  AA           	tax
0016AAr 1  98           	tya
0016ABr 1  20 rr rr     	jsr     _point_inside
0016AEr 1  C9 00        	cmp     #$00
0016B0r 1  F0 4C        	beq     L02A9
0016B2r 1  A0 01        	ldy     #$01
0016B4r 1  B1 rr        	lda     (sp),y
0016B6r 1  F0 1F        	beq     L0585
0016B8r 1  C8           	iny
0016B9r 1  B1 rr        	lda     (sp),y
0016BBr 1  20 rr rr     	jsr     pusha0
0016BEr 1  A9 11        	lda     #$11
0016C0r 1  20 rr rr     	jsr     tosmula0
0016C3r 1  18           	clc
0016C4r 1  69 rr        	adc     #<(_windows)
0016C6r 1  85 rr        	sta     ptr1
0016C8r 1  8A           	txa
0016C9r 1  69 rr        	adc     #>(_windows)
0016CBr 1  85 rr        	sta     ptr1+1
0016CDr 1  A0 0A        	ldy     #$0A
0016CFr 1  B1 rr        	lda     (ptr1),y
0016D1r 1  A0 00        	ldy     #$00
0016D3r 1  D1 rr        	cmp     (sp),y
0016D5r 1  90 27        	bcc     L02A9
0016D7r 1  A0 02        L0585:	ldy     #$02
0016D9r 1  B1 rr        	lda     (sp),y
0016DBr 1  18           	clc
0016DCr 1  69 01        	adc     #$01
0016DEr 1  88           	dey
0016DFr 1  91 rr        	sta     (sp),y
0016E1r 1  C8           	iny
0016E2r 1  B1 rr        	lda     (sp),y
0016E4r 1  20 rr rr     	jsr     pusha0
0016E7r 1  A9 11        	lda     #$11
0016E9r 1  20 rr rr     	jsr     tosmula0
0016ECr 1  18           	clc
0016EDr 1  69 rr        	adc     #<(_windows)
0016EFr 1  85 rr        	sta     ptr1
0016F1r 1  8A           	txa
0016F2r 1  69 rr        	adc     #>(_windows)
0016F4r 1  85 rr        	sta     ptr1+1
0016F6r 1  A0 0A        	ldy     #$0A
0016F8r 1  B1 rr        	lda     (ptr1),y
0016FAr 1  A0 00        	ldy     #$00
0016FCr 1  91 rr        	sta     (sp),y
0016FEr 1  A0 02        L02A9:	ldy     #$02
001700r 1  18           	clc
001701r 1  A9 01        	lda     #$01
001703r 1  71 rr        	adc     (sp),y
001705r 1  4C rr rr     	jmp     L0580
001708r 1  88           L02A8:	dey
001709r 1  A2 00        	ldx     #$00
00170Br 1  B1 rr        	lda     (sp),y
00170Dr 1  4C rr rr     	jmp     incsp6
001710r 1               
001710r 1               .endproc
001710r 1               
001710r 1               ; ---------------------------------------------------------------
001710r 1               ; unsigned char __near__ close_hit (unsigned int, unsigned char, __near__ const struct udeks_window *)
001710r 1               ; ---------------------------------------------------------------
001710r 1               
001710r 1               .segment	"CODE"
001710r 1               
001710r 1               .proc	_close_hit: near
001710r 1               
001710r 1               .segment	"CODE"
001710r 1               
001710r 1  20 rr rr     	jsr     pushax
001713r 1  20 rr rr     	jsr     decsp2
001716r 1  A0 03        	ldy     #$03
001718r 1  B1 rr        	lda     (sp),y
00171Ar 1  85 rr        	sta     ptr1+1
00171Cr 1  88           	dey
00171Dr 1  B1 rr        	lda     (sp),y
00171Fr 1  85 rr        	sta     ptr1
001721r 1  C8           	iny
001722r 1  B1 rr        	lda     (ptr1),y
001724r 1  29 04        	and     #$04
001726r 1  D0 04        	bne     L0586
001728r 1  AA           	tax
001729r 1  4C rr rr     	jmp     incsp7
00172Cr 1  B1 rr        L0586:	lda     (sp),y
00172Er 1  85 rr        	sta     ptr1+1
001730r 1  88           	dey
001731r 1  B1 rr        	lda     (sp),y
001733r 1  85 rr        	sta     ptr1
001735r 1  A0 05        	ldy     #$05
001737r 1  B1 rr        	lda     (ptr1),y
001739r 1  AA           	tax
00173Ar 1  88           	dey
00173Br 1  B1 rr        	lda     (ptr1),y
00173Dr 1  20 rr rr     	jsr     pushax
001740r 1  A0 05        	ldy     #$05
001742r 1  B1 rr        	lda     (sp),y
001744r 1  85 rr        	sta     ptr1+1
001746r 1  88           	dey
001747r 1  B1 rr        	lda     (sp),y
001749r 1  85 rr        	sta     ptr1
00174Br 1  A0 08        	ldy     #$08
00174Dr 1  B1 rr        	lda     (ptr1),y
00174Fr 1  AA           	tax
001750r 1  88           	dey
001751r 1  B1 rr        	lda     (ptr1),y
001753r 1  20 rr rr     	jsr     tosaddax
001756r 1  38           	sec
001757r 1  E9 0C        	sbc     #$0C
001759r 1  B0 01        	bcs     L02CE
00175Br 1  CA           	dex
00175Cr 1  20 rr rr     L02CE:	jsr     stax0sp
00175Fr 1  A0 06        	ldy     #$06
001761r 1  B1 rr        	lda     (sp),y
001763r 1  AA           	tax
001764r 1  88           	dey
001765r 1  B1 rr        	lda     (sp),y
001767r 1  A0 00        	ldy     #$00
001769r 1  D1 rr        	cmp     (sp),y
00176Br 1  8A           	txa
00176Cr 1  C8           	iny
00176Dr 1  F1 rr        	sbc     (sp),y
00176Fr 1  A9 00        	lda     #$00
001771r 1  AA           	tax
001772r 1  90 66        	bcc     L02C6
001774r 1  A0 08        	ldy     #$08
001776r 1  20 rr rr     	jsr     pushwysp
001779r 1  A0 03        	ldy     #$03
00177Br 1  B1 rr        	lda     (sp),y
00177Dr 1  AA           	tax
00177Er 1  88           	dey
00177Fr 1  B1 rr        	lda     (sp),y
001781r 1  18           	clc
001782r 1  69 08        	adc     #$08
001784r 1  90 01        	bcc     L02D1
001786r 1  E8           	inx
001787r 1  20 rr rr     L02D1:	jsr     tosicmp
00178Ar 1  B0 44        	bcs     L02D0
00178Cr 1  A0 04        	ldy     #$04
00178Er 1  B1 rr        	lda     (sp),y
001790r 1  20 rr rr     	jsr     pusha0
001793r 1  A0 05        	ldy     #$05
001795r 1  B1 rr        	lda     (sp),y
001797r 1  85 rr        	sta     ptr1+1
001799r 1  88           	dey
00179Ar 1  B1 rr        	lda     (sp),y
00179Cr 1  85 rr        	sta     ptr1
00179Er 1  A0 06        	ldy     #$06
0017A0r 1  B1 rr        	lda     (ptr1),y
0017A2r 1  18           	clc
0017A3r 1  69 03        	adc     #$03
0017A5r 1  90 02        	bcc     L02D2
0017A7r 1  A2 01        	ldx     #$01
0017A9r 1  20 rr rr     L02D2:	jsr     tosicmp
0017ACr 1  90 22        	bcc     L02D0
0017AEr 1  A0 04        	ldy     #$04
0017B0r 1  B1 rr        	lda     (sp),y
0017B2r 1  20 rr rr     	jsr     pusha0
0017B5r 1  A0 05        	ldy     #$05
0017B7r 1  B1 rr        	lda     (sp),y
0017B9r 1  85 rr        	sta     ptr1+1
0017BBr 1  88           	dey
0017BCr 1  B1 rr        	lda     (sp),y
0017BEr 1  85 rr        	sta     ptr1
0017C0r 1  A0 06        	ldy     #$06
0017C2r 1  B1 rr        	lda     (ptr1),y
0017C4r 1  18           	clc
0017C5r 1  69 0B        	adc     #$0B
0017C7r 1  90 02        	bcc     L02D3
0017C9r 1  A2 01        	ldx     #$01
0017CBr 1  20 rr rr     L02D3:	jsr     tosicmp
0017CEr 1  90 06        	bcc     L02CF
0017D0r 1  A2 00        L02D0:	ldx     #$00
0017D2r 1  8A           	txa
0017D3r 1  4C rr rr     	jmp     incsp7
0017D6r 1  A9 01        L02CF:	lda     #$01
0017D8r 1  A2 00        	ldx     #$00
0017DAr 1  4C rr rr     L02C6:	jmp     incsp7
0017DDr 1               
0017DDr 1               .endproc
0017DDr 1               
0017DDr 1               ; ---------------------------------------------------------------
0017DDr 1               ; unsigned char __near__ title_hit (unsigned int, unsigned char, __near__ const struct udeks_window *)
0017DDr 1               ; ---------------------------------------------------------------
0017DDr 1               
0017DDr 1               .segment	"CODE"
0017DDr 1               
0017DDr 1               .proc	_title_hit: near
0017DDr 1               
0017DDr 1               .segment	"CODE"
0017DDr 1               
0017DDr 1  20 rr rr     	jsr     pushax
0017E0r 1  A0 01        	ldy     #$01
0017E2r 1  B1 rr        	lda     (sp),y
0017E4r 1  85 rr        	sta     ptr1+1
0017E6r 1  88           	dey
0017E7r 1  B1 rr        	lda     (sp),y
0017E9r 1  85 rr        	sta     ptr1
0017EBr 1  A0 03        	ldy     #$03
0017EDr 1  B1 rr        	lda     (ptr1),y
0017EFr 1  A2 00        	ldx     #$00
0017F1r 1  29 02        	and     #$02
0017F3r 1  D0 03        	bne     L058C
0017F5r 1  4C rr rr     	jmp     incsp5
0017F8r 1  A0 06        L058C:	ldy     #$06
0017FAr 1  20 rr rr     	jsr     pushwysp
0017FDr 1  A0 03        	ldy     #$03
0017FFr 1  B1 rr        	lda     (sp),y
001801r 1  85 rr        	sta     ptr1+1
001803r 1  88           	dey
001804r 1  B1 rr        	lda     (sp),y
001806r 1  85 rr        	sta     ptr1
001808r 1  A0 05        	ldy     #$05
00180Ar 1  B1 rr        	lda     (ptr1),y
00180Cr 1  AA           	tax
00180Dr 1  88           	dey
00180Er 1  B1 rr        	lda     (ptr1),y
001810r 1  20 rr rr     	jsr     tosicmp
001813r 1  90 73        	bcc     L02D9
001815r 1  A0 06        	ldy     #$06
001817r 1  20 rr rr     	jsr     pushwysp
00181Ar 1  A0 03        	ldy     #$03
00181Cr 1  B1 rr        	lda     (sp),y
00181Er 1  85 rr        	sta     ptr1+1
001820r 1  88           	dey
001821r 1  B1 rr        	lda     (sp),y
001823r 1  85 rr        	sta     ptr1
001825r 1  A0 05        	ldy     #$05
001827r 1  B1 rr        	lda     (ptr1),y
001829r 1  AA           	tax
00182Ar 1  88           	dey
00182Br 1  B1 rr        	lda     (ptr1),y
00182Dr 1  20 rr rr     	jsr     pushax
001830r 1  A0 05        	ldy     #$05
001832r 1  B1 rr        	lda     (sp),y
001834r 1  85 rr        	sta     ptr1+1
001836r 1  88           	dey
001837r 1  B1 rr        	lda     (sp),y
001839r 1  85 rr        	sta     ptr1
00183Br 1  A0 08        	ldy     #$08
00183Dr 1  B1 rr        	lda     (ptr1),y
00183Fr 1  AA           	tax
001840r 1  88           	dey
001841r 1  B1 rr        	lda     (ptr1),y
001843r 1  20 rr rr     	jsr     tosaddax
001846r 1  20 rr rr     	jsr     tosicmp
001849r 1  B0 3D        	bcs     L02D9
00184Br 1  A0 02        	ldy     #$02
00184Dr 1  B1 rr        	lda     (sp),y
00184Fr 1  20 rr rr     	jsr     pusha0
001852r 1  A0 03        	ldy     #$03
001854r 1  B1 rr        	lda     (sp),y
001856r 1  85 rr        	sta     ptr1+1
001858r 1  88           	dey
001859r 1  B1 rr        	lda     (sp),y
00185Br 1  85 rr        	sta     ptr1
00185Dr 1  A0 06        	ldy     #$06
00185Fr 1  B1 rr        	lda     (ptr1),y
001861r 1  20 rr rr     	jsr     tosicmp0
001864r 1  90 22        	bcc     L02D9
001866r 1  A0 02        	ldy     #$02
001868r 1  B1 rr        	lda     (sp),y
00186Ar 1  20 rr rr     	jsr     pusha0
00186Dr 1  A0 03        	ldy     #$03
00186Fr 1  B1 rr        	lda     (sp),y
001871r 1  85 rr        	sta     ptr1+1
001873r 1  88           	dey
001874r 1  B1 rr        	lda     (sp),y
001876r 1  85 rr        	sta     ptr1
001878r 1  A0 06        	ldy     #$06
00187Ar 1  B1 rr        	lda     (ptr1),y
00187Cr 1  18           	clc
00187Dr 1  69 0D        	adc     #$0D
00187Fr 1  90 02        	bcc     L02DA
001881r 1  A2 01        	ldx     #$01
001883r 1  20 rr rr     L02DA:	jsr     tosicmp
001886r 1  90 06        	bcc     L02D6
001888r 1  A2 00        L02D9:	ldx     #$00
00188Ar 1  8A           	txa
00188Br 1  4C rr rr     	jmp     incsp5
00188Er 1  A9 01        L02D6:	lda     #$01
001890r 1  A2 00        	ldx     #$00
001892r 1  4C rr rr     	jmp     incsp5
001895r 1               
001895r 1               .endproc
001895r 1               
001895r 1               ; ---------------------------------------------------------------
001895r 1               ; unsigned char __near__ resize_hit (unsigned int, unsigned char, __near__ const struct udeks_window *)
001895r 1               ; ---------------------------------------------------------------
001895r 1               
001895r 1               .segment	"CODE"
001895r 1               
001895r 1               .proc	_resize_hit: near
001895r 1               
001895r 1               .segment	"CODE"
001895r 1               
001895r 1  20 rr rr     	jsr     pushax
001898r 1  A0 01        	ldy     #$01
00189Ar 1  B1 rr        	lda     (sp),y
00189Cr 1  85 rr        	sta     ptr1+1
00189Er 1  88           	dey
00189Fr 1  B1 rr        	lda     (sp),y
0018A1r 1  85 rr        	sta     ptr1
0018A3r 1  A0 03        	ldy     #$03
0018A5r 1  B1 rr        	lda     (ptr1),y
0018A7r 1  A2 00        	ldx     #$00
0018A9r 1  29 08        	and     #$08
0018ABr 1  F0 7C        	beq     L058F
0018ADr 1  A0 06        	ldy     #$06
0018AFr 1  20 rr rr     	jsr     pushwysp
0018B2r 1  A0 03        	ldy     #$03
0018B4r 1  B1 rr        	lda     (sp),y
0018B6r 1  85 rr        	sta     ptr1+1
0018B8r 1  88           	dey
0018B9r 1  B1 rr        	lda     (sp),y
0018BBr 1  85 rr        	sta     ptr1
0018BDr 1  A0 05        	ldy     #$05
0018BFr 1  B1 rr        	lda     (ptr1),y
0018C1r 1  AA           	tax
0018C2r 1  88           	dey
0018C3r 1  B1 rr        	lda     (ptr1),y
0018C5r 1  20 rr rr     	jsr     pushax
0018C8r 1  A0 05        	ldy     #$05
0018CAr 1  B1 rr        	lda     (sp),y
0018CCr 1  85 rr        	sta     ptr1+1
0018CEr 1  88           	dey
0018CFr 1  B1 rr        	lda     (sp),y
0018D1r 1  85 rr        	sta     ptr1
0018D3r 1  A0 08        	ldy     #$08
0018D5r 1  B1 rr        	lda     (ptr1),y
0018D7r 1  AA           	tax
0018D8r 1  88           	dey
0018D9r 1  B1 rr        	lda     (ptr1),y
0018DBr 1  20 rr rr     	jsr     tosaddax
0018DEr 1  38           	sec
0018DFr 1  E9 0A        	sbc     #$0A
0018E1r 1  B0 01        	bcs     L02E1
0018E3r 1  CA           	dex
0018E4r 1  20 rr rr     L02E1:	jsr     tosicmp
0018E7r 1  90 36        	bcc     L02E0
0018E9r 1  A0 02        	ldy     #$02
0018EBr 1  B1 rr        	lda     (sp),y
0018EDr 1  20 rr rr     	jsr     pusha0
0018F0r 1  A0 03        	ldy     #$03
0018F2r 1  B1 rr        	lda     (sp),y
0018F4r 1  85 rr        	sta     ptr1+1
0018F6r 1  88           	dey
0018F7r 1  B1 rr        	lda     (sp),y
0018F9r 1  85 rr        	sta     ptr1
0018FBr 1  A0 06        	ldy     #$06
0018FDr 1  B1 rr        	lda     (ptr1),y
0018FFr 1  20 rr rr     	jsr     pusha0
001902r 1  A0 05        	ldy     #$05
001904r 1  B1 rr        	lda     (sp),y
001906r 1  85 rr        	sta     ptr1+1
001908r 1  88           	dey
001909r 1  B1 rr        	lda     (sp),y
00190Br 1  85 rr        	sta     ptr1
00190Dr 1  A0 09        	ldy     #$09
00190Fr 1  B1 rr        	lda     (ptr1),y
001911r 1  20 rr rr     	jsr     tosadda0
001914r 1  38           	sec
001915r 1  E9 0A        	sbc     #$0A
001917r 1  B0 01        	bcs     L02E2
001919r 1  CA           	dex
00191Ar 1  20 rr rr     L02E2:	jsr     tosicmp
00191Dr 1  B0 06        	bcs     L02DD
00191Fr 1  A2 00        L02E0:	ldx     #$00
001921r 1  8A           	txa
001922r 1  4C rr rr     	jmp     incsp5
001925r 1  A9 01        L02DD:	lda     #$01
001927r 1  A2 00        	ldx     #$00
001929r 1  4C rr rr     L058F:	jmp     incsp5
00192Cr 1               
00192Cr 1               .endproc
00192Cr 1               
00192Cr 1               ; ---------------------------------------------------------------
00192Cr 1               ; void __near__ begin_drag (unsigned char, unsigned int, unsigned char, unsigned char)
00192Cr 1               ; ---------------------------------------------------------------
00192Cr 1               
00192Cr 1               .segment	"CODE"
00192Cr 1               
00192Cr 1               .proc	_begin_drag: near
00192Cr 1               
00192Cr 1               .segment	"CODE"
00192Cr 1               
00192Cr 1  20 rr rr     	jsr     pusha
00192Fr 1  20 rr rr     	jsr     decsp2
001932r 1  A0 06        	ldy     #$06
001934r 1  B1 rr        	lda     (sp),y
001936r 1  20 rr rr     	jsr     _window_by_handle
001939r 1  20 rr rr     	jsr     stax0sp
00193Cr 1  E0 00        	cpx     #$00
00193Er 1  D0 07        	bne     L0590
001940r 1  C9 00        	cmp     #$00
001942r 1  D0 03        	bne     L0590
001944r 1  4C rr rr     	jmp     incsp7
001947r 1  A0 06        L0590:	ldy     #$06
001949r 1  B1 rr        	lda     (sp),y
00194Br 1  8D rr rr     	sta     _dragging_handle
00194Er 1  A0 02        	ldy     #$02
001950r 1  B1 rr        	lda     (sp),y
001952r 1  8D rr rr     	sta     _drag_mode
001955r 1  A0 07        	ldy     #$07
001957r 1  20 rr rr     	jsr     pushwysp
00195Ar 1  A0 03        	ldy     #$03
00195Cr 1  B1 rr        	lda     (sp),y
00195Er 1  85 rr        	sta     ptr1+1
001960r 1  88           	dey
001961r 1  B1 rr        	lda     (sp),y
001963r 1  85 rr        	sta     ptr1
001965r 1  A0 05        	ldy     #$05
001967r 1  B1 rr        	lda     (ptr1),y
001969r 1  AA           	tax
00196Ar 1  88           	dey
00196Br 1  B1 rr        	lda     (ptr1),y
00196Dr 1  20 rr rr     	jsr     tossubax
001970r 1  8D rr rr     	sta     _drag_pointer_x
001973r 1  8E rr rr     	stx     _drag_pointer_x+1
001976r 1  A0 03        	ldy     #$03
001978r 1  B1 rr        	lda     (sp),y
00197Ar 1  20 rr rr     	jsr     pusha0
00197Dr 1  A0 03        	ldy     #$03
00197Fr 1  B1 rr        	lda     (sp),y
001981r 1  85 rr        	sta     ptr1+1
001983r 1  88           	dey
001984r 1  B1 rr        	lda     (sp),y
001986r 1  85 rr        	sta     ptr1
001988r 1  A0 06        	ldy     #$06
00198Ar 1  B1 rr        	lda     (ptr1),y
00198Cr 1  20 rr rr     	jsr     tossuba0
00198Fr 1  8D rr rr     	sta     _drag_pointer_y
001992r 1  A0 01        	ldy     #$01
001994r 1  B1 rr        	lda     (sp),y
001996r 1  85 rr        	sta     ptr1+1
001998r 1  88           	dey
001999r 1  B1 rr        	lda     (sp),y
00199Br 1  85 rr        	sta     ptr1
00199Dr 1  A0 05        	ldy     #$05
00199Fr 1  B1 rr        	lda     (ptr1),y
0019A1r 1  8D rr rr     	sta     _drag_x+1
0019A4r 1  88           	dey
0019A5r 1  B1 rr        	lda     (ptr1),y
0019A7r 1  8D rr rr     	sta     _drag_x
0019AAr 1  A0 01        	ldy     #$01
0019ACr 1  B1 rr        	lda     (sp),y
0019AEr 1  85 rr        	sta     ptr1+1
0019B0r 1  88           	dey
0019B1r 1  B1 rr        	lda     (sp),y
0019B3r 1  85 rr        	sta     ptr1
0019B5r 1  A0 06        	ldy     #$06
0019B7r 1  B1 rr        	lda     (ptr1),y
0019B9r 1  8D rr rr     	sta     _drag_y
0019BCr 1  A0 01        	ldy     #$01
0019BEr 1  B1 rr        	lda     (sp),y
0019C0r 1  85 rr        	sta     ptr1+1
0019C2r 1  88           	dey
0019C3r 1  B1 rr        	lda     (sp),y
0019C5r 1  85 rr        	sta     ptr1
0019C7r 1  A0 08        	ldy     #$08
0019C9r 1  B1 rr        	lda     (ptr1),y
0019CBr 1  8D rr rr     	sta     _drag_width+1
0019CEr 1  88           	dey
0019CFr 1  B1 rr        	lda     (ptr1),y
0019D1r 1  8D rr rr     	sta     _drag_width
0019D4r 1  A0 01        	ldy     #$01
0019D6r 1  B1 rr        	lda     (sp),y
0019D8r 1  85 rr        	sta     ptr1+1
0019DAr 1  88           	dey
0019DBr 1  B1 rr        	lda     (sp),y
0019DDr 1  85 rr        	sta     ptr1
0019DFr 1  A0 09        	ldy     #$09
0019E1r 1  B1 rr        	lda     (ptr1),y
0019E3r 1  8D rr rr     	sta     _drag_height
0019E6r 1  A0 01        	ldy     #$01
0019E8r 1  B1 rr        	lda     (sp),y
0019EAr 1  AA           	tax
0019EBr 1  88           	dey
0019ECr 1  B1 rr        	lda     (sp),y
0019EEr 1  20 rr rr     	jsr     _damage_set
0019F1r 1  A0 06        	ldy     #$06
0019F3r 1  B1 rr        	lda     (sp),y
0019F5r 1  20 rr rr     	jsr     _compose_damage
0019F8r 1  20 rr rr     	jsr     decsp5
0019FBr 1  AD rr rr     	lda     _drag_x
0019FEr 1  A0 03        	ldy     #$03
001A00r 1  91 rr        	sta     (sp),y
001A02r 1  C8           	iny
001A03r 1  AD rr rr     	lda     _drag_x+1
001A06r 1  91 rr        	sta     (sp),y
001A08r 1  AD rr rr     	lda     _drag_y
001A0Br 1  A0 02        	ldy     #$02
001A0Dr 1  91 rr        	sta     (sp),y
001A0Fr 1  A0 06        	ldy     #$06
001A11r 1  B1 rr        	lda     (sp),y
001A13r 1  85 rr        	sta     ptr1+1
001A15r 1  88           	dey
001A16r 1  B1 rr        	lda     (sp),y
001A18r 1  85 rr        	sta     ptr1
001A1Ar 1  A0 08        	ldy     #$08
001A1Cr 1  B1 rr        	lda     (ptr1),y
001A1Er 1  AA           	tax
001A1Fr 1  88           	dey
001A20r 1  B1 rr        	lda     (ptr1),y
001A22r 1  A0 00        	ldy     #$00
001A24r 1  91 rr        	sta     (sp),y
001A26r 1  C8           	iny
001A27r 1  8A           	txa
001A28r 1  91 rr        	sta     (sp),y
001A2Ar 1  A0 06        	ldy     #$06
001A2Cr 1  B1 rr        	lda     (sp),y
001A2Er 1  85 rr        	sta     ptr1+1
001A30r 1  88           	dey
001A31r 1  B1 rr        	lda     (sp),y
001A33r 1  85 rr        	sta     ptr1
001A35r 1  A0 09        	ldy     #$09
001A37r 1  B1 rr        	lda     (ptr1),y
001A39r 1  20 rr rr     	jsr     _udeks_vic_bitmap_outline_toggle
001A3Cr 1  A9 18        	lda     #$18
001A3Er 1  20 rr rr     	jsr     _increment_counter
001A41r 1  4C rr rr     	jmp     incsp7
001A44r 1               
001A44r 1               .endproc
001A44r 1               
001A44r 1               ; ---------------------------------------------------------------
001A44r 1               ; void __near__ move_drag (unsigned int, unsigned char)
001A44r 1               ; ---------------------------------------------------------------
001A44r 1               
001A44r 1               .segment	"CODE"
001A44r 1               
001A44r 1               .proc	_move_drag: near
001A44r 1               
001A44r 1               .segment	"CODE"
001A44r 1               
001A44r 1  20 rr rr     	jsr     pusha
001A47r 1  20 rr rr     	jsr     decsp5
001A4Ar 1  AD rr rr     	lda     _dragging_handle
001A4Dr 1  20 rr rr     	jsr     _window_by_handle
001A50r 1  A0 03        	ldy     #$03
001A52r 1  20 rr rr     	jsr     staxysp
001A55r 1  E0 00        	cpx     #$00
001A57r 1  D0 0A        	bne     L030B
001A59r 1  C9 00        	cmp     #$00
001A5Br 1  D0 06        	bne     L030B
001A5Dr 1  8D rr rr     	sta     _dragging_handle
001A60r 1  4C rr rr     	jmp     incsp8
001A63r 1  A0 07        L030B:	ldy     #$07
001A65r 1  B1 rr        	lda     (sp),y
001A67r 1  AA           	tax
001A68r 1  88           	dey
001A69r 1  B1 rr        	lda     (sp),y
001A6Br 1  38           	sec
001A6Cr 1  ED rr rr     	sbc     _drag_pointer_x
001A6Fr 1  85 rr        	sta     tmp1
001A71r 1  8A           	txa
001A72r 1  ED rr rr     	sbc     _drag_pointer_x+1
001A75r 1  05 rr        	ora     tmp1
001A77r 1  90 17        	bcc     L0312
001A79r 1  F0 15        	beq     L0312
001A7Br 1  C8           	iny
001A7Cr 1  B1 rr        	lda     (sp),y
001A7Er 1  AA           	tax
001A7Fr 1  88           	dey
001A80r 1  B1 rr        	lda     (sp),y
001A82r 1  38           	sec
001A83r 1  ED rr rr     	sbc     _drag_pointer_x
001A86r 1  48           	pha
001A87r 1  8A           	txa
001A88r 1  ED rr rr     	sbc     _drag_pointer_x+1
001A8Br 1  AA           	tax
001A8Cr 1  68           	pla
001A8Dr 1  4C rr rr     	jmp     L0314
001A90r 1  A2 00        L0312:	ldx     #$00
001A92r 1  8A           	txa
001A93r 1  A0 01        L0314:	ldy     #$01
001A95r 1  20 rr rr     	jsr     staxysp
001A98r 1  A0 05        	ldy     #$05
001A9Ar 1  B1 rr        	lda     (sp),y
001A9Cr 1  38           	sec
001A9Dr 1  ED rr rr     	sbc     _drag_pointer_y
001AA0r 1  90 0B        	bcc     L0593
001AA2r 1  F0 09        	beq     L0593
001AA4r 1  B1 rr        	lda     (sp),y
001AA6r 1  38           	sec
001AA7r 1  ED rr rr     	sbc     _drag_pointer_y
001AAAr 1  4C rr rr     	jmp     L0594
001AADr 1  A9 00        L0593:	lda     #$00
001AAFr 1  A0 00        L0594:	ldy     #$00
001AB1r 1  91 rr        	sta     (sp),y
001AB3r 1  A0 04        	ldy     #$04
001AB5r 1  20 rr rr     	jsr     pushwysp
001AB8r 1  A2 01        	ldx     #$01
001ABAr 1  A9 40        	lda     #$40
001ABCr 1  20 rr rr     	jsr     pushax
001ABFr 1  A0 08        	ldy     #$08
001AC1r 1  B1 rr        	lda     (sp),y
001AC3r 1  85 rr        	sta     ptr1+1
001AC5r 1  88           	dey
001AC6r 1  B1 rr        	lda     (sp),y
001AC8r 1  85 rr        	sta     ptr1
001ACAr 1  C8           	iny
001ACBr 1  B1 rr        	lda     (ptr1),y
001ACDr 1  AA           	tax
001ACEr 1  88           	dey
001ACFr 1  B1 rr        	lda     (ptr1),y
001AD1r 1  20 rr rr     	jsr     tossubax
001AD4r 1  20 rr rr     	jsr     tosicmp
001AD7r 1  90 24        	bcc     L031D
001AD9r 1  F0 22        	beq     L031D
001ADBr 1  A2 01        	ldx     #$01
001ADDr 1  A9 40        	lda     #$40
001ADFr 1  20 rr rr     	jsr     pushax
001AE2r 1  A0 06        	ldy     #$06
001AE4r 1  B1 rr        	lda     (sp),y
001AE6r 1  85 rr        	sta     ptr1+1
001AE8r 1  88           	dey
001AE9r 1  B1 rr        	lda     (sp),y
001AEBr 1  85 rr        	sta     ptr1
001AEDr 1  A0 08        	ldy     #$08
001AEFr 1  B1 rr        	lda     (ptr1),y
001AF1r 1  AA           	tax
001AF2r 1  88           	dey
001AF3r 1  B1 rr        	lda     (ptr1),y
001AF5r 1  20 rr rr     	jsr     tossubax
001AF8r 1  A0 01        	ldy     #$01
001AFAr 1  20 rr rr     	jsr     staxysp
001AFDr 1  A2 00        L031D:	ldx     #$00
001AFFr 1  A1 rr        	lda     (sp,x)
001B01r 1  20 rr rr     	jsr     pusha0
001B04r 1  A9 C8        	lda     #$C8
001B06r 1  20 rr rr     	jsr     pusha0
001B09r 1  A0 08        	ldy     #$08
001B0Br 1  B1 rr        	lda     (sp),y
001B0Dr 1  85 rr        	sta     ptr1+1
001B0Fr 1  88           	dey
001B10r 1  B1 rr        	lda     (sp),y
001B12r 1  85 rr        	sta     ptr1
001B14r 1  A0 09        	ldy     #$09
001B16r 1  B1 rr        	lda     (ptr1),y
001B18r 1  20 rr rr     	jsr     tossuba0
001B1Br 1  20 rr rr     	jsr     tosicmp
001B1Er 1  90 1D        	bcc     L0321
001B20r 1  F0 1B        	beq     L0321
001B22r 1  A9 C8        	lda     #$C8
001B24r 1  20 rr rr     	jsr     pusha0
001B27r 1  A0 06        	ldy     #$06
001B29r 1  B1 rr        	lda     (sp),y
001B2Br 1  85 rr        	sta     ptr1+1
001B2Dr 1  88           	dey
001B2Er 1  B1 rr        	lda     (sp),y
001B30r 1  85 rr        	sta     ptr1
001B32r 1  A0 09        	ldy     #$09
001B34r 1  B1 rr        	lda     (ptr1),y
001B36r 1  20 rr rr     	jsr     tossuba0
001B39r 1  A0 00        	ldy     #$00
001B3Br 1  91 rr        	sta     (sp),y
001B3Dr 1  A0 02        L0321:	ldy     #$02
001B3Fr 1  B1 rr        	lda     (sp),y
001B41r 1  AA           	tax
001B42r 1  88           	dey
001B43r 1  B1 rr        	lda     (sp),y
001B45r 1  EC rr rr     	cpx     _drag_x+1
001B48r 1  D0 0D        	bne     L0325
001B4Ar 1  CD rr rr     	cmp     _drag_x
001B4Dr 1  D0 08        	bne     L0325
001B4Fr 1  88           	dey
001B50r 1  B1 rr        	lda     (sp),y
001B52r 1  CD rr rr     	cmp     _drag_y
001B55r 1  F0 77        	beq     L0307
001B57r 1  20 rr rr     L0325:	jsr     _udeks_vic_bitmap_reset_clip
001B5Ar 1  20 rr rr     	jsr     decsp8
001B5Dr 1  AD rr rr     	lda     _drag_x
001B60r 1  A0 06        	ldy     #$06
001B62r 1  91 rr        	sta     (sp),y
001B64r 1  C8           	iny
001B65r 1  AD rr rr     	lda     _drag_x+1
001B68r 1  91 rr        	sta     (sp),y
001B6Ar 1  AD rr rr     	lda     _drag_y
001B6Dr 1  A0 05        	ldy     #$05
001B6Fr 1  91 rr        	sta     (sp),y
001B71r 1  A0 0A        	ldy     #$0A
001B73r 1  B1 rr        	lda     (sp),y
001B75r 1  AA           	tax
001B76r 1  88           	dey
001B77r 1  B1 rr        	lda     (sp),y
001B79r 1  A0 03        	ldy     #$03
001B7Br 1  91 rr        	sta     (sp),y
001B7Dr 1  C8           	iny
001B7Er 1  8A           	txa
001B7Fr 1  91 rr        	sta     (sp),y
001B81r 1  A0 08        	ldy     #$08
001B83r 1  B1 rr        	lda     (sp),y
001B85r 1  A0 02        	ldy     #$02
001B87r 1  91 rr        	sta     (sp),y
001B89r 1  A0 0C        	ldy     #$0C
001B8Br 1  B1 rr        	lda     (sp),y
001B8Dr 1  85 rr        	sta     ptr1+1
001B8Fr 1  88           	dey
001B90r 1  B1 rr        	lda     (sp),y
001B92r 1  85 rr        	sta     ptr1
001B94r 1  A0 08        	ldy     #$08
001B96r 1  B1 rr        	lda     (ptr1),y
001B98r 1  AA           	tax
001B99r 1  88           	dey
001B9Ar 1  B1 rr        	lda     (ptr1),y
001B9Cr 1  A0 00        	ldy     #$00
001B9Er 1  91 rr        	sta     (sp),y
001BA0r 1  C8           	iny
001BA1r 1  8A           	txa
001BA2r 1  91 rr        	sta     (sp),y
001BA4r 1  A0 0C        	ldy     #$0C
001BA6r 1  B1 rr        	lda     (sp),y
001BA8r 1  85 rr        	sta     ptr1+1
001BAAr 1  88           	dey
001BABr 1  B1 rr        	lda     (sp),y
001BADr 1  85 rr        	sta     ptr1
001BAFr 1  A0 09        	ldy     #$09
001BB1r 1  B1 rr        	lda     (ptr1),y
001BB3r 1  20 rr rr     	jsr     _udeks_vic_bitmap_outline_move
001BB6r 1  A0 02        	ldy     #$02
001BB8r 1  B1 rr        	lda     (sp),y
001BBAr 1  8D rr rr     	sta     _drag_x+1
001BBDr 1  88           	dey
001BBEr 1  B1 rr        	lda     (sp),y
001BC0r 1  8D rr rr     	sta     _drag_x
001BC3r 1  88           	dey
001BC4r 1  B1 rr        	lda     (sp),y
001BC6r 1  8D rr rr     	sta     _drag_y
001BC9r 1  A9 16        	lda     #$16
001BCBr 1  20 rr rr     	jsr     _increment_counter
001BCEr 1  4C rr rr     L0307:	jmp     incsp8
001BD1r 1               
001BD1r 1               .endproc
001BD1r 1               
001BD1r 1               ; ---------------------------------------------------------------
001BD1r 1               ; void __near__ resize_drag (unsigned int, unsigned char)
001BD1r 1               ; ---------------------------------------------------------------
001BD1r 1               
001BD1r 1               .segment	"CODE"
001BD1r 1               
001BD1r 1               .proc	_resize_drag: near
001BD1r 1               
001BD1r 1               .segment	"CODE"
001BD1r 1               
001BD1r 1  20 rr rr     	jsr     pusha
001BD4r 1  20 rr rr     	jsr     decsp3
001BD7r 1  A0 05        	ldy     #$05
001BD9r 1  B1 rr        	lda     (sp),y
001BDBr 1  AA           	tax
001BDCr 1  88           	dey
001BDDr 1  B1 rr        	lda     (sp),y
001BDFr 1  38           	sec
001BE0r 1  ED rr rr     	sbc     _drag_x
001BE3r 1  85 rr        	sta     tmp1
001BE5r 1  8A           	txa
001BE6r 1  ED rr rr     	sbc     _drag_x+1
001BE9r 1  05 rr        	ora     tmp1
001BEBr 1  90 1D        	bcc     L033A
001BEDr 1  F0 1B        	beq     L033A
001BEFr 1  C8           	iny
001BF0r 1  B1 rr        	lda     (sp),y
001BF2r 1  AA           	tax
001BF3r 1  88           	dey
001BF4r 1  B1 rr        	lda     (sp),y
001BF6r 1  38           	sec
001BF7r 1  ED rr rr     	sbc     _drag_x
001BFAr 1  48           	pha
001BFBr 1  8A           	txa
001BFCr 1  ED rr rr     	sbc     _drag_x+1
001BFFr 1  AA           	tax
001C00r 1  68           	pla
001C01r 1  18           	clc
001C02r 1  69 01        	adc     #$01
001C04r 1  90 08        	bcc     L033D
001C06r 1  E8           	inx
001C07r 1  4C rr rr     	jmp     L033D
001C0Ar 1  A2 00        L033A:	ldx     #$00
001C0Cr 1  A9 30        	lda     #$30
001C0Er 1  A0 01        L033D:	ldy     #$01
001C10r 1  20 rr rr     	jsr     staxysp
001C13r 1  A0 03        	ldy     #$03
001C15r 1  B1 rr        	lda     (sp),y
001C17r 1  38           	sec
001C18r 1  ED rr rr     	sbc     _drag_y
001C1Br 1  90 0E        	bcc     L0598
001C1Dr 1  F0 0C        	beq     L0598
001C1Fr 1  B1 rr        	lda     (sp),y
001C21r 1  38           	sec
001C22r 1  ED rr rr     	sbc     _drag_y
001C25r 1  18           	clc
001C26r 1  69 01        	adc     #$01
001C28r 1  4C rr rr     	jmp     L0599
001C2Br 1  A9 30        L0598:	lda     #$30
001C2Dr 1  A0 00        L0599:	ldy     #$00
001C2Fr 1  91 rr        	sta     (sp),y
001C31r 1  A0 02        	ldy     #$02
001C33r 1  B1 rr        	lda     (sp),y
001C35r 1  C9 00        	cmp     #$00
001C37r 1  D0 05        	bne     L0349
001C39r 1  88           	dey
001C3Ar 1  B1 rr        	lda     (sp),y
001C3Cr 1  C9 30        	cmp     #$30
001C3Er 1  B0 0B        L0349:	bcs     L0347
001C40r 1  A0 01        	ldy     #$01
001C42r 1  A9 30        	lda     #$30
001C44r 1  91 rr        	sta     (sp),y
001C46r 1  A9 00        	lda     #$00
001C48r 1  C8           	iny
001C49r 1  91 rr        	sta     (sp),y
001C4Br 1  A0 00        L0347:	ldy     #$00
001C4Dr 1  B1 rr        	lda     (sp),y
001C4Fr 1  C9 30        	cmp     #$30
001C51r 1  B0 04        	bcs     L034C
001C53r 1  A9 30        	lda     #$30
001C55r 1  91 rr        	sta     (sp),y
001C57r 1  A0 04        L034C:	ldy     #$04
001C59r 1  20 rr rr     	jsr     pushwysp
001C5Cr 1  A9 40        	lda     #$40
001C5Er 1  38           	sec
001C5Fr 1  ED rr rr     	sbc     _drag_x
001C62r 1  48           	pha
001C63r 1  A9 01        	lda     #$01
001C65r 1  ED rr rr     	sbc     _drag_x+1
001C68r 1  AA           	tax
001C69r 1  68           	pla
001C6Ar 1  20 rr rr     	jsr     tosicmp
001C6Dr 1  90 15        	bcc     L0350
001C6Fr 1  F0 13        	beq     L0350
001C71r 1  A9 40        	lda     #$40
001C73r 1  38           	sec
001C74r 1  ED rr rr     	sbc     _drag_x
001C77r 1  48           	pha
001C78r 1  A9 01        	lda     #$01
001C7Ar 1  ED rr rr     	sbc     _drag_x+1
001C7Dr 1  AA           	tax
001C7Er 1  68           	pla
001C7Fr 1  A0 01        	ldy     #$01
001C81r 1  20 rr rr     	jsr     staxysp
001C84r 1  A2 00        L0350:	ldx     #$00
001C86r 1  A1 rr        	lda     (sp,x)
001C88r 1  20 rr rr     	jsr     pusha0
001C8Br 1  A9 C8        	lda     #$C8
001C8Dr 1  38           	sec
001C8Er 1  ED rr rr     	sbc     _drag_y
001C91r 1  20 rr rr     	jsr     tosicmp0
001C94r 1  90 0C        	bcc     L0354
001C96r 1  F0 0A        	beq     L0354
001C98r 1  A9 C8        	lda     #$C8
001C9Ar 1  38           	sec
001C9Br 1  ED rr rr     	sbc     _drag_y
001C9Er 1  A0 00        	ldy     #$00
001CA0r 1  91 rr        	sta     (sp),y
001CA2r 1  A0 02        L0354:	ldy     #$02
001CA4r 1  B1 rr        	lda     (sp),y
001CA6r 1  AA           	tax
001CA7r 1  88           	dey
001CA8r 1  B1 rr        	lda     (sp),y
001CAAr 1  EC rr rr     	cpx     _drag_width+1
001CADr 1  D0 0D        	bne     L0359
001CAFr 1  CD rr rr     	cmp     _drag_width
001CB2r 1  D0 08        	bne     L0359
001CB4r 1  88           	dey
001CB5r 1  B1 rr        	lda     (sp),y
001CB7r 1  CD rr rr     	cmp     _drag_height
001CBAr 1  F0 73        	beq     L0337
001CBCr 1  20 rr rr     L0359:	jsr     _udeks_vic_bitmap_reset_clip
001CBFr 1  20 rr rr     	jsr     decsp5
001CC2r 1  AD rr rr     	lda     _drag_x
001CC5r 1  A0 03        	ldy     #$03
001CC7r 1  91 rr        	sta     (sp),y
001CC9r 1  C8           	iny
001CCAr 1  AD rr rr     	lda     _drag_x+1
001CCDr 1  91 rr        	sta     (sp),y
001CCFr 1  AD rr rr     	lda     _drag_y
001CD2r 1  A0 02        	ldy     #$02
001CD4r 1  91 rr        	sta     (sp),y
001CD6r 1  AD rr rr     	lda     _drag_width
001CD9r 1  A0 00        	ldy     #$00
001CDBr 1  91 rr        	sta     (sp),y
001CDDr 1  C8           	iny
001CDEr 1  AD rr rr     	lda     _drag_width+1
001CE1r 1  91 rr        	sta     (sp),y
001CE3r 1  AD rr rr     	lda     _drag_height
001CE6r 1  20 rr rr     	jsr     _udeks_vic_bitmap_outline_toggle
001CE9r 1  20 rr rr     	jsr     decsp5
001CECr 1  AD rr rr     	lda     _drag_x
001CEFr 1  A0 03        	ldy     #$03
001CF1r 1  91 rr        	sta     (sp),y
001CF3r 1  C8           	iny
001CF4r 1  AD rr rr     	lda     _drag_x+1
001CF7r 1  91 rr        	sta     (sp),y
001CF9r 1  AD rr rr     	lda     _drag_y
001CFCr 1  A0 02        	ldy     #$02
001CFEr 1  91 rr        	sta     (sp),y
001D00r 1  A0 07        	ldy     #$07
001D02r 1  B1 rr        	lda     (sp),y
001D04r 1  AA           	tax
001D05r 1  88           	dey
001D06r 1  B1 rr        	lda     (sp),y
001D08r 1  A0 00        	ldy     #$00
001D0Ar 1  91 rr        	sta     (sp),y
001D0Cr 1  C8           	iny
001D0Dr 1  8A           	txa
001D0Er 1  91 rr        	sta     (sp),y
001D10r 1  A0 05        	ldy     #$05
001D12r 1  B1 rr        	lda     (sp),y
001D14r 1  20 rr rr     	jsr     _udeks_vic_bitmap_outline_toggle
001D17r 1  A0 02        	ldy     #$02
001D19r 1  B1 rr        	lda     (sp),y
001D1Br 1  8D rr rr     	sta     _drag_width+1
001D1Er 1  88           	dey
001D1Fr 1  B1 rr        	lda     (sp),y
001D21r 1  8D rr rr     	sta     _drag_width
001D24r 1  88           	dey
001D25r 1  B1 rr        	lda     (sp),y
001D27r 1  8D rr rr     	sta     _drag_height
001D2Ar 1  A9 16        	lda     #$16
001D2Cr 1  20 rr rr     	jsr     _increment_counter
001D2Fr 1  4C rr rr     L0337:	jmp     incsp6
001D32r 1               
001D32r 1               .endproc
001D32r 1               
001D32r 1               ; ---------------------------------------------------------------
001D32r 1               ; void __near__ finish_drag (void)
001D32r 1               ; ---------------------------------------------------------------
001D32r 1               
001D32r 1               .segment	"CODE"
001D32r 1               
001D32r 1               .proc	_finish_drag: near
001D32r 1               
001D32r 1               .segment	"CODE"
001D32r 1               
001D32r 1  20 rr rr     	jsr     decsp3
001D35r 1  AD rr rr     	lda     _dragging_handle
001D38r 1  A0 00        	ldy     #$00
001D3Ar 1  91 rr        	sta     (sp),y
001D3Cr 1  20 rr rr     	jsr     _window_by_handle
001D3Fr 1  A0 01        	ldy     #$01
001D41r 1  20 rr rr     	jsr     staxysp
001D44r 1  E0 00        	cpx     #$00
001D46r 1  D0 0A        	bne     L0374
001D48r 1  C9 00        	cmp     #$00
001D4Ar 1  D0 06        	bne     L0374
001D4Cr 1  8D rr rr     	sta     _dragging_handle
001D4Fr 1  4C rr rr     	jmp     incsp3
001D52r 1  20 rr rr     L0374:	jsr     _udeks_vic_bitmap_reset_clip
001D55r 1  20 rr rr     	jsr     decsp5
001D58r 1  AD rr rr     	lda     _drag_x
001D5Br 1  A0 03        	ldy     #$03
001D5Dr 1  91 rr        	sta     (sp),y
001D5Fr 1  C8           	iny
001D60r 1  AD rr rr     	lda     _drag_x+1
001D63r 1  91 rr        	sta     (sp),y
001D65r 1  AD rr rr     	lda     _drag_y
001D68r 1  A0 02        	ldy     #$02
001D6Ar 1  91 rr        	sta     (sp),y
001D6Cr 1  AD rr rr     	lda     _drag_width
001D6Fr 1  A0 00        	ldy     #$00
001D71r 1  91 rr        	sta     (sp),y
001D73r 1  C8           	iny
001D74r 1  AD rr rr     	lda     _drag_width+1
001D77r 1  91 rr        	sta     (sp),y
001D79r 1  AD rr rr     	lda     _drag_height
001D7Cr 1  20 rr rr     	jsr     _udeks_vic_bitmap_outline_toggle
001D7Fr 1  A0 02        	ldy     #$02
001D81r 1  B1 rr        	lda     (sp),y
001D83r 1  AA           	tax
001D84r 1  88           	dey
001D85r 1  B1 rr        	lda     (sp),y
001D87r 1  20 rr rr     	jsr     _damage_set
001D8Ar 1  A0 02        	ldy     #$02
001D8Cr 1  B1 rr        	lda     (sp),y
001D8Er 1  85 rr        	sta     ptr1+1
001D90r 1  88           	dey
001D91r 1  B1 rr        	lda     (sp),y
001D93r 1  85 rr        	sta     ptr1
001D95r 1  AD rr rr     	lda     _drag_x
001D98r 1  A0 04        	ldy     #$04
001D9Ar 1  91 rr        	sta     (ptr1),y
001D9Cr 1  C8           	iny
001D9Dr 1  AD rr rr     	lda     _drag_x+1
001DA0r 1  91 rr        	sta     (ptr1),y
001DA2r 1  A0 02        	ldy     #$02
001DA4r 1  B1 rr        	lda     (sp),y
001DA6r 1  85 rr        	sta     ptr1+1
001DA8r 1  88           	dey
001DA9r 1  B1 rr        	lda     (sp),y
001DABr 1  85 rr        	sta     ptr1
001DADr 1  AD rr rr     	lda     _drag_y
001DB0r 1  A0 06        	ldy     #$06
001DB2r 1  91 rr        	sta     (ptr1),y
001DB4r 1  A0 02        	ldy     #$02
001DB6r 1  B1 rr        	lda     (sp),y
001DB8r 1  85 rr        	sta     ptr1+1
001DBAr 1  88           	dey
001DBBr 1  B1 rr        	lda     (sp),y
001DBDr 1  85 rr        	sta     ptr1
001DBFr 1  AD rr rr     	lda     _drag_width
001DC2r 1  A0 07        	ldy     #$07
001DC4r 1  91 rr        	sta     (ptr1),y
001DC6r 1  C8           	iny
001DC7r 1  AD rr rr     	lda     _drag_width+1
001DCAr 1  91 rr        	sta     (ptr1),y
001DCCr 1  A0 02        	ldy     #$02
001DCEr 1  B1 rr        	lda     (sp),y
001DD0r 1  85 rr        	sta     ptr1+1
001DD2r 1  88           	dey
001DD3r 1  B1 rr        	lda     (sp),y
001DD5r 1  85 rr        	sta     ptr1
001DD7r 1  AD rr rr     	lda     _drag_height
001DDAr 1  A0 09        	ldy     #$09
001DDCr 1  91 rr        	sta     (ptr1),y
001DDEr 1  A0 02        	ldy     #$02
001DE0r 1  B1 rr        	lda     (sp),y
001DE2r 1  AA           	tax
001DE3r 1  88           	dey
001DE4r 1  B1 rr        	lda     (sp),y
001DE6r 1  20 rr rr     	jsr     _damage_add
001DE9r 1  A9 00        	lda     #$00
001DEBr 1  8D rr rr     	sta     _dragging_handle
001DEEr 1  8D rr rr     	sta     _drag_mode
001DF1r 1  20 rr rr     	jsr     _compose_damage
001DF4r 1  20 rr rr     	jsr     _udeks_pointer_resynchronize
001DF7r 1  A9 1A        	lda     #$1A
001DF9r 1  20 rr rr     	jsr     _increment_counter
001DFCr 1  4C rr rr     	jmp     incsp3
001DFFr 1               
001DFFr 1               .endproc
001DFFr 1               
001DFFr 1               
