ca65 V2.18 - Fedora 2.19-15.fc44
Main file   : /var/home/salvogendut/Dev/UDEKS/build/window-manager-budget/reset.s
Current file: /var/home/salvogendut/Dev/UDEKS/build/window-manager-budget/reset.s

000000r 1               ;
000000r 1               ; File generated by cc65 v 2.18 - Fedora 2.19-15.fc44
000000r 1               ;
000000r 1               	.fopt		compiler,"cc65 v 2.18 - Fedora 2.19-15.fc44"
000000r 1               	.setcpu		"6502"
000000r 1               	.smart		on
000000r 1               	.autoimport	on
000000r 1               	.case		on
000000r 1               	.debuginfo	off
000000r 1               	.importzp	sp, sreg, regsave, regbank
000000r 1               	.importzp	tmp1, tmp2, tmp3, tmp4, ptr1, ptr2, ptr3, ptr4
000000r 1               	.macpack	longbranch
000000r 2               .macro  jeq     Target
000000r 2                       .if     .match(Target, 0)
000000r 2                       bne     *+5
000000r 2                       jmp     Target
000000r 2                       .elseif .def(Target) .and .const((*-2)-(Target)) .and ((*+2)-(Target) <= 127)
000000r 2                               beq     Target
000000r 2                       .else
000000r 2                               bne     *+5
000000r 2                               jmp     Target
000000r 2                       .endif
000000r 2               .endmacro
000000r 2               .macro  jne     Target
000000r 2                       .if     .match(Target, 0)
000000r 2                               beq     *+5
000000r 2                               jmp     Target
000000r 2                       .elseif .def(Target) .and .const((*-2)-(Target)) .and ((*+2)-(Target) <= 127)
000000r 2                               bne     Target
000000r 2                       .else
000000r 2                               beq     *+5
000000r 2                               jmp     Target
000000r 2                       .endif
000000r 2               .endmacro
000000r 2               .macro  jmi     Target
000000r 2                       .if     .match(Target, 0)
000000r 2                               bpl     *+5
000000r 2                               jmp     Target
000000r 2                       .elseif .def(Target) .and .const((*-2)-(Target)) .and ((*+2)-(Target) <= 127)
000000r 2                               bmi     Target
000000r 2                       .else
000000r 2                               bpl     *+5
000000r 2                               jmp     Target
000000r 2                       .endif
000000r 2               .endmacro
000000r 2               .macro  jpl     Target
000000r 2                       .if     .match(Target, 0)
000000r 2                               bmi     *+5
000000r 2                               jmp     Target
000000r 2                       .elseif .def(Target) .and .const((*-2)-(Target)) .and ((*+2)-(Target) <= 127)
000000r 2                               bpl     Target
000000r 2                       .else
000000r 2                               bmi     *+5
000000r 2                               jmp     Target
000000r 2                       .endif
000000r 2               .endmacro
000000r 2               .macro  jcs     Target
000000r 2                       .if     .match(Target, 0)
000000r 2                               bcc     *+5
000000r 2                               jmp     Target
000000r 2                       .elseif .def(Target) .and .const((*-2)-(Target)) .and ((*+2)-(Target) <= 127)
000000r 2                               bcs     Target
000000r 2                       .else
000000r 2                               bcc     *+5
000000r 2                               jmp     Target
000000r 2                       .endif
000000r 2               .endmacro
000000r 2               .macro  jcc     Target
000000r 2                       .if     .match(Target, 0)
000000r 2                               bcs     *+5
000000r 2                               jmp     Target
000000r 2                       .elseif .def(Target) .and .const((*-2)-(Target)) .and ((*+2)-(Target) <= 127)
000000r 2                               bcc     Target
000000r 2                       .else
000000r 2                               bcs     *+5
000000r 2                               jmp     Target
000000r 2                       .endif
000000r 2               .endmacro
000000r 2               .macro  jvs     Target
000000r 2                       .if     .match(Target, 0)
000000r 2                               bvc     *+5
000000r 2                               jmp     Target
000000r 2                       .elseif .def(Target) .and .const((*-2)-(Target)) .and ((*+2)-(Target) <= 127)
000000r 2                               bvs     Target
000000r 2                       .else
000000r 2                               bvc     *+5
000000r 2                               jmp     Target
000000r 2                       .endif
000000r 2               .endmacro
000000r 2               .macro  jvc     Target
000000r 2                       .if     .match(Target, 0)
000000r 2                               bvs     *+5
000000r 2                               jmp     Target
000000r 2                       .elseif .def(Target) .and .const((*-2)-(Target)) .and ((*+2)-(Target) <= 127)
000000r 2                               bvc     Target
000000r 2                       .else
000000r 2                               bvs     *+5
000000r 2                               jmp     Target
000000r 2                       .endif
000000r 2               .endmacro
000000r 2               
000000r 1               	.import		_udeks_pointer_resynchronize
000000r 1               	.import		_udeks_pointer_x
000000r 1               	.import		_udeks_pointer_y
000000r 1               	.import		_udeks_pointer_buttons
000000r 1               	.import		_udeks_vic_graphics_is_active
000000r 1               	.import		_udeks_vic_pointer_busy_begin
000000r 1               	.import		_udeks_vic_pointer_busy_end
000000r 1               	.import		_udeks_vic_bitmap_pixel
000000r 1               	.import		_udeks_vic_bitmap_line
000000r 1               	.import		_udeks_vic_bitmap_rectangle
000000r 1               	.import		_udeks_vic_bitmap_fill
000000r 1               	.import		_udeks_vic_bitmap_set_clip
000000r 1               	.import		_udeks_vic_bitmap_reset_clip
000000r 1               	.import		_udeks_vic_bitmap_outline_toggle
000000r 1               	.import		_udeks_vic_bitmap_outline_move
000000r 1               	.import		_udeks_vic_bitmap_commit
000000r 1               	.export		_udeks_window_manager_start
000000r 1               	.export		_udeks_window_manager_poll
000000r 1               	.export		_udeks_window_manager_stop
000000r 1               	.export		_udeks_window_manager_reset
000000r 1               	.export		_udeks_window_create
000000r 1               	.export		_udeks_window_destroy
000000r 1               	.export		_udeks_window_repaint
000000r 1               	.export		_udeks_window_begin_paint
000000r 1               	.export		_udeks_window_end_paint
000000r 1               	.export		_udeks_window_image_complete
000000r 1               	.export		_udeks_window_get_geometry
000000r 1               	.export		_udeks_window_is_dragging
000000r 1               	.export		_udeks_window_is_focused
000000r 1               
000000r 1               .segment	"RODATA"
000000r 1               
000000r 1               _title_glyphs:
000000r 1  02           	.byte	$02
000001r 1  05           	.byte	$05
000002r 1  07           	.byte	$07
000003r 1  05           	.byte	$05
000004r 1  05           	.byte	$05
000005r 1  06           	.byte	$06
000006r 1  05           	.byte	$05
000007r 1  06           	.byte	$06
000008r 1  05           	.byte	$05
000009r 1  06           	.byte	$06
00000Ar 1  03           	.byte	$03
00000Br 1  04           	.byte	$04
00000Cr 1  04           	.byte	$04
00000Dr 1  04           	.byte	$04
00000Er 1  03           	.byte	$03
00000Fr 1  06           	.byte	$06
000010r 1  05           	.byte	$05
000011r 1  05           	.byte	$05
000012r 1  05           	.byte	$05
000013r 1  06           	.byte	$06
000014r 1  07           	.byte	$07
000015r 1  04           	.byte	$04
000016r 1  06           	.byte	$06
000017r 1  04           	.byte	$04
000018r 1  07           	.byte	$07
000019r 1  07           	.byte	$07
00001Ar 1  04           	.byte	$04
00001Br 1  06           	.byte	$06
00001Cr 1  04           	.byte	$04
00001Dr 1  04           	.byte	$04
00001Er 1  03           	.byte	$03
00001Fr 1  04           	.byte	$04
000020r 1  05           	.byte	$05
000021r 1  05           	.byte	$05
000022r 1  03           	.byte	$03
000023r 1  05           	.byte	$05
000024r 1  05           	.byte	$05
000025r 1  07           	.byte	$07
000026r 1  05           	.byte	$05
000027r 1  05           	.byte	$05
000028r 1  07           	.byte	$07
000029r 1  02           	.byte	$02
00002Ar 1  02           	.byte	$02
00002Br 1  02           	.byte	$02
00002Cr 1  07           	.byte	$07
00002Dr 1  01           	.byte	$01
00002Er 1  01           	.byte	$01
00002Fr 1  01           	.byte	$01
000030r 1  05           	.byte	$05
000031r 1  02           	.byte	$02
000032r 1  05           	.byte	$05
000033r 1  05           	.byte	$05
000034r 1  06           	.byte	$06
000035r 1  05           	.byte	$05
000036r 1  05           	.byte	$05
000037r 1  04           	.byte	$04
000038r 1  04           	.byte	$04
000039r 1  04           	.byte	$04
00003Ar 1  04           	.byte	$04
00003Br 1  07           	.byte	$07
00003Cr 1  05           	.byte	$05
00003Dr 1  07           	.byte	$07
00003Er 1  07           	.byte	$07
00003Fr 1  05           	.byte	$05
000040r 1  05           	.byte	$05
000041r 1  05           	.byte	$05
000042r 1  07           	.byte	$07
000043r 1  07           	.byte	$07
000044r 1  07           	.byte	$07
000045r 1  05           	.byte	$05
000046r 1  02           	.byte	$02
000047r 1  05           	.byte	$05
000048r 1  05           	.byte	$05
000049r 1  05           	.byte	$05
00004Ar 1  02           	.byte	$02
00004Br 1  06           	.byte	$06
00004Cr 1  05           	.byte	$05
00004Dr 1  06           	.byte	$06
00004Er 1  04           	.byte	$04
00004Fr 1  04           	.byte	$04
000050r 1  02           	.byte	$02
000051r 1  05           	.byte	$05
000052r 1  05           	.byte	$05
000053r 1  03           	.byte	$03
000054r 1  01           	.byte	$01
000055r 1  06           	.byte	$06
000056r 1  05           	.byte	$05
000057r 1  06           	.byte	$06
000058r 1  05           	.byte	$05
000059r 1  05           	.byte	$05
00005Ar 1  03           	.byte	$03
00005Br 1  04           	.byte	$04
00005Cr 1  02           	.byte	$02
00005Dr 1  01           	.byte	$01
00005Er 1  06           	.byte	$06
00005Fr 1  07           	.byte	$07
000060r 1  02           	.byte	$02
000061r 1  02           	.byte	$02
000062r 1  02           	.byte	$02
000063r 1  02           	.byte	$02
000064r 1  05           	.byte	$05
000065r 1  05           	.byte	$05
000066r 1  05           	.byte	$05
000067r 1  05           	.byte	$05
000068r 1  07           	.byte	$07
000069r 1  05           	.byte	$05
00006Ar 1  05           	.byte	$05
00006Br 1  05           	.byte	$05
00006Cr 1  05           	.byte	$05
00006Dr 1  02           	.byte	$02
00006Er 1  05           	.byte	$05
00006Fr 1  05           	.byte	$05
000070r 1  07           	.byte	$07
000071r 1  07           	.byte	$07
000072r 1  05           	.byte	$05
000073r 1  05           	.byte	$05
000074r 1  05           	.byte	$05
000075r 1  02           	.byte	$02
000076r 1  05           	.byte	$05
000077r 1  05           	.byte	$05
000078r 1  05           	.byte	$05
000079r 1  05           	.byte	$05
00007Ar 1  02           	.byte	$02
00007Br 1  02           	.byte	$02
00007Cr 1  02           	.byte	$02
00007Dr 1  07           	.byte	$07
00007Er 1  01           	.byte	$01
00007Fr 1  02           	.byte	$02
000080r 1  04           	.byte	$04
000081r 1  07           	.byte	$07
000082r 1               
000082r 1               .segment	"BSS"
000000r 1               
000000r 1               .segment	"HIGHBSS"
000000r 1               _windows:
000000r 1  00 00 00 00  	.res	68,$00
000004r 1  00 00 00 00  
000008r 1  00 00 00 00  
000044r 1               _active_count:
000044r 1  00           	.res	1,$00
000045r 1               _focused_handle:
000045r 1  00           	.res	1,$00
000046r 1               _dragging_handle:
000046r 1  00           	.res	1,$00
000047r 1               _previous_buttons:
000047r 1  00           	.res	1,$00
000048r 1               _drag_pointer_x:
000048r 1  00 00        	.res	2,$00
00004Ar 1               _drag_pointer_y:
00004Ar 1  00           	.res	1,$00
00004Br 1               _drag_x:
00004Br 1  00 00        	.res	2,$00
00004Dr 1               _drag_y:
00004Dr 1  00           	.res	1,$00
00004Er 1               _drag_width:
00004Er 1  00 00        	.res	2,$00
000050r 1               _drag_height:
000050r 1  00           	.res	1,$00
000051r 1               _drag_mode:
000051r 1  00           	.res	1,$00
000052r 1               _damage_left:
000052r 1  00 00        	.res	2,$00
000054r 1               _damage_top:
000054r 1  00           	.res	1,$00
000055r 1               _damage_right:
000055r 1  00 00        	.res	2,$00
000057r 1               _damage_bottom:
000057r 1  00           	.res	1,$00
000058r 1               
000058r 1               ; ---------------------------------------------------------------
000058r 1               ; unsigned char __near__ udeks_window_manager_start (void)
000058r 1               ; ---------------------------------------------------------------
000058r 1               
000058r 1               .segment	"CODE"
000000r 1               
000000r 1               .proc	_udeks_window_manager_start: near
000000r 1               
000000r 1               .segment	"CODE"
000000r 1               
000000r 1  20 rr rr     	jsr     decsp1
000003r 1  A9 00        	lda     #$00
000005r 1  A8           	tay
000006r 1  91 rr        L04FA:	sta     (sp),y
000008r 1  C9 20        	cmp     #$20
00000Ar 1  B0 19        	bcs     L04FB
00000Cr 1  B1 rr        	lda     (sp),y
00000Er 1  18           	clc
00000Fr 1  69 40        	adc     #$40
000011r 1  85 rr        	sta     ptr1
000013r 1  A9 00        	lda     #$00
000015r 1  69 F2        	adc     #$F2
000017r 1  85 rr        	sta     ptr1+1
000019r 1  A9 00        	lda     #$00
00001Br 1  91 rr        	sta     (ptr1),y
00001Dr 1  18           	clc
00001Er 1  A9 01        	lda     #$01
000020r 1  71 rr        	adc     (sp),y
000022r 1  4C rr rr     	jmp     L04FA
000025r 1  A9 57        L04FB:	lda     #$57
000027r 1  8D 40 F2     	sta     $F240
00002Ar 1  A9 4D        	lda     #$4D
00002Cr 1  8D 41 F2     	sta     $F241
00002Fr 1  A9 47        	lda     #$47
000031r 1  8D 42 F2     	sta     $F242
000034r 1  A9 52        	lda     #$52
000036r 1  8D 43 F2     	sta     $F243
000039r 1  A9 01        	lda     #$01
00003Br 1  8D 44 F2     	sta     $F244
00003Er 1  A9 02        	lda     #$02
000040r 1  8D 45 F2     	sta     $F245
000043r 1  20 rr rr     	jsr     _udeks_window_manager_reset
000046r 1  A2 00        	ldx     #$00
000048r 1  8A           	txa
000049r 1  4C rr rr     	jmp     incsp1
00004Cr 1               
00004Cr 1               .endproc
00004Cr 1               
00004Cr 1               ; ---------------------------------------------------------------
00004Cr 1               ; unsigned char __near__ udeks_window_manager_poll (void)
00004Cr 1               ; ---------------------------------------------------------------
00004Cr 1               
00004Cr 1               .segment	"CODE"
00004Cr 1               
00004Cr 1               .proc	_udeks_window_manager_poll: near
00004Cr 1               
00004Cr 1               .segment	"CODE"
00004Cr 1               
00004Cr 1  A0 09        	ldy     #$09
00004Er 1  20 rr rr     	jsr     subysp
000051r 1  20 rr rr     	jsr     _udeks_vic_graphics_is_active
000054r 1  C9 00        	cmp     #$00
000056r 1  D0 04        	bne     L0495
000058r 1  AA           	tax
000059r 1  4C rr rr     	jmp     L050B
00005Cr 1  20 rr rr     L0495:	jsr     _udeks_pointer_x
00005Fr 1  38           	sec
000060r 1  E9 0C        	sbc     #$0C
000062r 1  B0 01        	bcs     L049A
000064r 1  CA           	dex
000065r 1  A0 07        L049A:	ldy     #$07
000067r 1  20 rr rr     	jsr     staxysp
00006Ar 1  20 rr rr     	jsr     _udeks_pointer_y
00006Dr 1  38           	sec
00006Er 1  E9 28        	sbc     #$28
000070r 1  A0 06        	ldy     #$06
000072r 1  91 rr        	sta     (sp),y
000074r 1  20 rr rr     	jsr     _udeks_pointer_buttons
000077r 1  A0 05        	ldy     #$05
000079r 1  91 rr        	sta     (sp),y
00007Br 1  29 05        	and     #$05
00007Dr 1  88           	dey
00007Er 1  91 rr        	sta     (sp),y
000080r 1  B1 rr        	lda     (sp),y
000082r 1  D0 03 4C rr  	jeq     L0501
000086r 1  rr           
000087r 1  AD rr rr     	lda     _previous_buttons
00008Ar 1  F0 03 4C rr  	jne     L0501
00008Er 1  rr           
00008Fr 1  A0 0A        	ldy     #$0A
000091r 1  20 rr rr     	jsr     pushwysp
000094r 1  A0 08        	ldy     #$08
000096r 1  B1 rr        	lda     (sp),y
000098r 1  20 rr rr     	jsr     _top_window_at
00009Br 1  A0 03        	ldy     #$03
00009Dr 1  91 rr        	sta     (sp),y
00009Fr 1  20 rr rr     	jsr     _window_by_handle
0000A2r 1  20 rr rr     	jsr     stax0sp
0000A5r 1  E0 00        	cpx     #$00
0000A7r 1  D0 07        	bne     L050C
0000A9r 1  C9 00        	cmp     #$00
0000ABr 1  D0 03 4C rr  	jeq     L04AF
0000AFr 1  rr           
0000B0r 1  A0 03        L050C:	ldy     #$03
0000B2r 1  B1 rr        	lda     (sp),y
0000B4r 1  8D rr rr     	sta     _focused_handle
0000B7r 1  B1 rr        	lda     (sp),y
0000B9r 1  20 rr rr     	jsr     _raise_window
0000BCr 1  A0 02        	ldy     #$02
0000BEr 1  91 rr        	sta     (sp),y
0000C0r 1  20 rr rr     	jsr     decsp3
0000C3r 1  A0 0B        	ldy     #$0B
0000C5r 1  B1 rr        	lda     (sp),y
0000C7r 1  AA           	tax
0000C8r 1  88           	dey
0000C9r 1  B1 rr        	lda     (sp),y
0000CBr 1  A0 01        	ldy     #$01
0000CDr 1  91 rr        	sta     (sp),y
0000CFr 1  C8           	iny
0000D0r 1  8A           	txa
0000D1r 1  91 rr        	sta     (sp),y
0000D3r 1  A0 09        	ldy     #$09
0000D5r 1  B1 rr        	lda     (sp),y
0000D7r 1  A0 00        	ldy     #$00
0000D9r 1  91 rr        	sta     (sp),y
0000DBr 1  A0 04        	ldy     #$04
0000DDr 1  B1 rr        	lda     (sp),y
0000DFr 1  AA           	tax
0000E0r 1  88           	dey
0000E1r 1  B1 rr        	lda     (sp),y
0000E3r 1  20 rr rr     	jsr     _close_hit
0000E6r 1  C9 00        	cmp     #$00
0000E8r 1  F0 15        	beq     L04B7
0000EAr 1  A9 1C        	lda     #$1C
0000ECr 1  20 rr rr     	jsr     _increment_counter
0000EFr 1  A0 04        	ldy     #$04
0000F1r 1  B1 rr        	lda     (sp),y
0000F3r 1  8D rr rr     	sta     _previous_buttons
0000F6r 1  88           	dey
0000F7r 1  B1 rr        	lda     (sp),y
0000F9r 1  20 rr rr     	jsr     _udeks_window_destroy
0000FCr 1  4C rr rr     	jmp     L050E
0000FFr 1  20 rr rr     L04B7:	jsr     decsp3
000102r 1  A0 0B        	ldy     #$0B
000104r 1  B1 rr        	lda     (sp),y
000106r 1  AA           	tax
000107r 1  88           	dey
000108r 1  B1 rr        	lda     (sp),y
00010Ar 1  A0 01        	ldy     #$01
00010Cr 1  91 rr        	sta     (sp),y
00010Er 1  C8           	iny
00010Fr 1  8A           	txa
000110r 1  91 rr        	sta     (sp),y
000112r 1  A0 09        	ldy     #$09
000114r 1  B1 rr        	lda     (sp),y
000116r 1  A0 00        	ldy     #$00
000118r 1  91 rr        	sta     (sp),y
00011Ar 1  A0 04        	ldy     #$04
00011Cr 1  B1 rr        	lda     (sp),y
00011Er 1  AA           	tax
00011Fr 1  88           	dey
000120r 1  B1 rr        	lda     (sp),y
000122r 1  20 rr rr     	jsr     _resize_hit
000125r 1  C9 00        	cmp     #$00
000127r 1  F0 2B        	beq     L04C4
000129r 1  20 rr rr     	jsr     decsp4
00012Cr 1  A0 07        	ldy     #$07
00012Er 1  B1 rr        	lda     (sp),y
000130r 1  A0 03        	ldy     #$03
000132r 1  91 rr        	sta     (sp),y
000134r 1  A0 0C        	ldy     #$0C
000136r 1  B1 rr        	lda     (sp),y
000138r 1  AA           	tax
000139r 1  88           	dey
00013Ar 1  B1 rr        	lda     (sp),y
00013Cr 1  A0 01        	ldy     #$01
00013Er 1  91 rr        	sta     (sp),y
000140r 1  C8           	iny
000141r 1  8A           	txa
000142r 1  91 rr        	sta     (sp),y
000144r 1  A0 0A        	ldy     #$0A
000146r 1  B1 rr        	lda     (sp),y
000148r 1  A0 00        	ldy     #$00
00014Ar 1  91 rr        	sta     (sp),y
00014Cr 1  A9 02        	lda     #$02
00014Er 1  20 rr rr     	jsr     _begin_drag
000151r 1  4C rr rr     	jmp     L04E0
000154r 1  20 rr rr     L04C4:	jsr     decsp3
000157r 1  A0 0B        	ldy     #$0B
000159r 1  B1 rr        	lda     (sp),y
00015Br 1  AA           	tax
00015Cr 1  88           	dey
00015Dr 1  B1 rr        	lda     (sp),y
00015Fr 1  A0 01        	ldy     #$01
000161r 1  91 rr        	sta     (sp),y
000163r 1  C8           	iny
000164r 1  8A           	txa
000165r 1  91 rr        	sta     (sp),y
000167r 1  A0 09        	ldy     #$09
000169r 1  B1 rr        	lda     (sp),y
00016Br 1  A0 00        	ldy     #$00
00016Dr 1  91 rr        	sta     (sp),y
00016Fr 1  A0 04        	ldy     #$04
000171r 1  B1 rr        	lda     (sp),y
000173r 1  AA           	tax
000174r 1  88           	dey
000175r 1  B1 rr        	lda     (sp),y
000177r 1  20 rr rr     	jsr     _title_hit
00017Ar 1  C9 00        	cmp     #$00
00017Cr 1  F0 2B        	beq     L04CF
00017Er 1  20 rr rr     	jsr     decsp4
000181r 1  A0 07        	ldy     #$07
000183r 1  B1 rr        	lda     (sp),y
000185r 1  A0 03        	ldy     #$03
000187r 1  91 rr        	sta     (sp),y
000189r 1  A0 0C        	ldy     #$0C
00018Br 1  B1 rr        	lda     (sp),y
00018Dr 1  AA           	tax
00018Er 1  88           	dey
00018Fr 1  B1 rr        	lda     (sp),y
000191r 1  A0 01        	ldy     #$01
000193r 1  91 rr        	sta     (sp),y
000195r 1  C8           	iny
000196r 1  8A           	txa
000197r 1  91 rr        	sta     (sp),y
000199r 1  A0 0A        	ldy     #$0A
00019Br 1  B1 rr        	lda     (sp),y
00019Dr 1  A0 00        	ldy     #$00
00019Fr 1  91 rr        	sta     (sp),y
0001A1r 1  A9 01        	lda     #$01
0001A3r 1  20 rr rr     	jsr     _begin_drag
0001A6r 1  4C rr rr     	jmp     L04E0
0001A9r 1  A0 02        L04CF:	ldy     #$02
0001ABr 1  B1 rr        	lda     (sp),y
0001ADr 1  F0 15        	beq     L04E0
0001AFr 1  88           	dey
0001B0r 1  B1 rr        	lda     (sp),y
0001B2r 1  AA           	tax
0001B3r 1  88           	dey
0001B4r 1  B1 rr        	lda     (sp),y
0001B6r 1  20 rr rr     	jsr     _damage_set
0001B9r 1  A9 00        	lda     #$00
0001BBr 1  20 rr rr     	jsr     _compose_damage
0001BEr 1  4C rr rr     	jmp     L04E0
0001C1r 1  8D rr rr     L04AF:	sta     _focused_handle
0001C4r 1  A0 04        L04E0:	ldy     #$04
0001C6r 1  B1 rr        L0501:	lda     (sp),y
0001C8r 1  D0 0B        	bne     L0505
0001CAr 1  AD rr rr     	lda     _dragging_handle
0001CDr 1  F0 06        	beq     L0505
0001CFr 1  20 rr rr     	jsr     _finish_drag
0001D2r 1  4C rr rr     	jmp     L04F2
0001D5r 1  B1 rr        L0505:	lda     (sp),y
0001D7r 1  F0 29        	beq     L050A
0001D9r 1  AD rr rr     	lda     _dragging_handle
0001DCr 1  F0 24        	beq     L050A
0001DEr 1  AD rr rr     	lda     _drag_mode
0001E1r 1  C9 02        	cmp     #$02
0001E3r 1  D0 0F        	bne     L04ED
0001E5r 1  A0 0A        	ldy     #$0A
0001E7r 1  20 rr rr     	jsr     pushwysp
0001EAr 1  A0 08        	ldy     #$08
0001ECr 1  B1 rr        	lda     (sp),y
0001EEr 1  20 rr rr     	jsr     _resize_drag
0001F1r 1  4C rr rr     	jmp     L04F2
0001F4r 1  A0 0A        L04ED:	ldy     #$0A
0001F6r 1  20 rr rr     	jsr     pushwysp
0001F9r 1  A0 08        	ldy     #$08
0001FBr 1  B1 rr        	lda     (sp),y
0001FDr 1  20 rr rr     	jsr     _move_drag
000200r 1  A0 04        L04F2:	ldy     #$04
000202r 1  B1 rr        L050A:	lda     (sp),y
000204r 1  8D rr rr     	sta     _previous_buttons
000207r 1  20 rr rr     L050E:	jsr     _publish_state
00020Ar 1  A2 00        	ldx     #$00
00020Cr 1  8A           	txa
00020Dr 1  A0 09        L050B:	ldy     #$09
00020Fr 1  4C rr rr     	jmp     addysp
000212r 1               
000212r 1               .endproc
000212r 1               
000212r 1               ; ---------------------------------------------------------------
000212r 1               ; unsigned char __near__ udeks_window_manager_stop (void)
000212r 1               ; ---------------------------------------------------------------
000212r 1               
000212r 1               .segment	"CODE"
000212r 1               
000212r 1               .proc	_udeks_window_manager_stop: near
000212r 1               
000212r 1               .segment	"CODE"
000212r 1               
000212r 1  20 rr rr     	jsr     _udeks_window_manager_reset
000215r 1  A2 00        	ldx     #$00
000217r 1  8A           	txa
000218r 1  60           	rts
000219r 1               
000219r 1               .endproc
000219r 1               
000219r 1               ; ---------------------------------------------------------------
000219r 1               ; void __near__ udeks_window_manager_reset (void)
000219r 1               ; ---------------------------------------------------------------
000219r 1               
000219r 1               .segment	"CODE"
000219r 1               
000219r 1               .proc	_udeks_window_manager_reset: near
000219r 1               
000219r 1               .segment	"CODE"
000219r 1               
000219r 1  20 rr rr     	jsr     decsp1
00021Cr 1  A9 00        	lda     #$00
00021Er 1  A8           	tay
00021Fr 1  91 rr        L050F:	sta     (sp),y
000221r 1  C9 04        	cmp     #$04
000223r 1  B0 21        	bcs     L0510
000225r 1  B1 rr        	lda     (sp),y
000227r 1  20 rr rr     	jsr     pusha0
00022Ar 1  A9 11        	lda     #$11
00022Cr 1  20 rr rr     	jsr     tosmula0
00022Fr 1  18           	clc
000230r 1  69 rr        	adc     #<(_windows)
000232r 1  85 rr        	sta     ptr1
000234r 1  8A           	txa
000235r 1  69 rr        	adc     #>(_windows)
000237r 1  85 rr        	sta     ptr1+1
000239r 1  A9 00        	lda     #$00
00023Br 1  A8           	tay
00023Cr 1  91 rr        	sta     (ptr1),y
00023Er 1  18           	clc
00023Fr 1  A9 01        	lda     #$01
000241r 1  71 rr        	adc     (sp),y
000243r 1  4C rr rr     	jmp     L050F
000246r 1  98           L0510:	tya
000247r 1  8D rr rr     	sta     _active_count
00024Ar 1  8D rr rr     	sta     _focused_handle
00024Dr 1  8D rr rr     	sta     _dragging_handle
000250r 1  8D rr rr     	sta     _drag_mode
000253r 1  8D rr rr     	sta     _previous_buttons
000256r 1  20 rr rr     	jsr     _publish_state
000259r 1  4C rr rr     	jmp     incsp1
00025Cr 1               
00025Cr 1               .endproc
00025Cr 1               
00025Cr 1               ; ---------------------------------------------------------------
00025Cr 1               ; unsigned char __near__ udeks_window_create (unsigned char, unsigned char, unsigned char, unsigned int, unsigned char, unsigned int, unsigned char, __near__ const unsigned char *, __near__ __near__ function returning void *, __near__ __near__ function returning void *)
00025Cr 1               ; ---------------------------------------------------------------
00025Cr 1               
00025Cr 1               .segment	"CODE"
00025Cr 1               
00025Cr 1               .proc	_udeks_window_create: near
00025Cr 1               
00025Cr 1               .segment	"CODE"
00025Cr 1               
00025Cr 1  20 rr rr     	jsr     pushax
00025Fr 1  20 rr rr     	jsr     decsp3
000262r 1  A0 0B        	ldy     #$0B
000264r 1  B1 rr        	lda     (sp),y
000266r 1  C9 00        	cmp     #$00
000268r 1  D0 05        	bne     L03DC
00026Ar 1  88           	dey
00026Br 1  B1 rr        	lda     (sp),y
00026Dr 1  C9 10        	cmp     #$10
00026Fr 1  90 45        L03DC:	bcc     L0513
000271r 1  A0 09        	ldy     #$09
000273r 1  B1 rr        	lda     (sp),y
000275r 1  C9 12        	cmp     #$12
000277r 1  90 3D        	bcc     L0513
000279r 1  A0 0D        	ldy     #$0D
00027Br 1  B1 rr        	lda     (sp),y
00027Dr 1  A0 0A        	ldy     #$0A
00027Fr 1  18           	clc
000280r 1  71 rr        	adc     (sp),y
000282r 1  48           	pha
000283r 1  A0 0E        	ldy     #$0E
000285r 1  B1 rr        	lda     (sp),y
000287r 1  A0 0B        	ldy     #$0B
000289r 1  71 rr        	adc     (sp),y
00028Br 1  AA           	tax
00028Cr 1  68           	pla
00028Dr 1  C9 41        	cmp     #$41
00028Fr 1  8A           	txa
000290r 1  E9 01        	sbc     #$01
000292r 1  B0 22        	bcs     L0513
000294r 1  A2 00        	ldx     #$00
000296r 1  A0 09        	ldy     #$09
000298r 1  B1 rr        	lda     (sp),y
00029Ar 1  18           	clc
00029Br 1  A0 0C        	ldy     #$0C
00029Dr 1  71 rr        	adc     (sp),y
00029Fr 1  90 01        	bcc     L0511
0002A1r 1  E8           	inx
0002A2r 1  C9 C9        L0511:	cmp     #$C9
0002A4r 1  8A           	txa
0002A5r 1  E9 00        	sbc     #$00
0002A7r 1  B0 0D        	bcs     L0513
0002A9r 1  A0 10        	ldy     #$10
0002ABr 1  B1 rr        	lda     (sp),y
0002ADr 1  C9 01        	cmp     #$01
0002AFr 1  D0 05        	bne     L0513
0002B1r 1  A9 00        	lda     #$00
0002B3r 1  4C rr rr     	jmp     L0515
0002B6r 1  A2 00        L0513:	ldx     #$00
0002B8r 1  8A           	txa
0002B9r 1  4C rr rr     	jmp     L03D9
0002BCr 1  A0 02        L0515:	ldy     #$02
0002BEr 1  91 rr        L0512:	sta     (sp),y
0002C0r 1  A2 00        	ldx     #$00
0002C2r 1  B1 rr        	lda     (sp),y
0002C4r 1  C9 04        	cmp     #$04
0002C6r 1  B0 23        	bcs     L0517
0002C8r 1  20 rr rr     	jsr     pusha0
0002CBr 1  A9 11        	lda     #$11
0002CDr 1  20 rr rr     	jsr     tosmula0
0002D0r 1  85 rr        	sta     ptr1
0002D2r 1  8A           	txa
0002D3r 1  18           	clc
0002D4r 1  69 rr        	adc     #>(_windows)
0002D6r 1  85 rr        	sta     ptr1+1
0002D8r 1  A0 rr        	ldy     #<(_windows)
0002DAr 1  B1 rr        	lda     (ptr1),y
0002DCr 1  F0 0A        	beq     L03E0
0002DEr 1  A0 02        	ldy     #$02
0002E0r 1  18           	clc
0002E1r 1  A9 01        	lda     #$01
0002E3r 1  71 rr        	adc     (sp),y
0002E5r 1  4C rr rr     	jmp     L0512
0002E8r 1  A0 02        L03E0:	ldy     #$02
0002EAr 1  AA           	tax
0002EBr 1  B1 rr        L0517:	lda     (sp),y
0002EDr 1  C9 04        	cmp     #$04
0002EFr 1  D0 04        	bne     L0519
0002F1r 1  8A           	txa
0002F2r 1  4C rr rr     	jmp     L03D9
0002F5r 1  B1 rr        L0519:	lda     (sp),y
0002F7r 1  20 rr rr     	jsr     pusha0
0002FAr 1  A9 11        	lda     #$11
0002FCr 1  20 rr rr     	jsr     tosmula0
0002FFr 1  18           	clc
000300r 1  69 rr        	adc     #<(_windows)
000302r 1  A8           	tay
000303r 1  8A           	txa
000304r 1  69 rr        	adc     #>(_windows)
000306r 1  AA           	tax
000307r 1  98           	tya
000308r 1  20 rr rr     	jsr     stax0sp
00030Br 1  85 rr        	sta     ptr1
00030Dr 1  86 rr        	stx     ptr1+1
00030Fr 1  A9 01        	lda     #$01
000311r 1  A0 00        	ldy     #$00
000313r 1  91 rr        	sta     (ptr1),y
000315r 1  C8           	iny
000316r 1  B1 rr        	lda     (sp),y
000318r 1  85 rr        	sta     ptr1+1
00031Ar 1  88           	dey
00031Br 1  B1 rr        	lda     (sp),y
00031Dr 1  85 rr        	sta     ptr1
00031Fr 1  A0 11        	ldy     #$11
000321r 1  B1 rr        	lda     (sp),y
000323r 1  A0 01        	ldy     #$01
000325r 1  91 rr        	sta     (ptr1),y
000327r 1  B1 rr        	lda     (sp),y
000329r 1  85 rr        	sta     ptr1+1
00032Br 1  88           	dey
00032Cr 1  B1 rr        	lda     (sp),y
00032Er 1  85 rr        	sta     ptr1
000330r 1  A0 10        	ldy     #$10
000332r 1  B1 rr        	lda     (sp),y
000334r 1  A0 02        	ldy     #$02
000336r 1  91 rr        	sta     (ptr1),y
000338r 1  88           	dey
000339r 1  B1 rr        	lda     (sp),y
00033Br 1  85 rr        	sta     ptr1+1
00033Dr 1  88           	dey
00033Er 1  B1 rr        	lda     (sp),y
000340r 1  85 rr        	sta     ptr1
000342r 1  A0 0F        	ldy     #$0F
000344r 1  B1 rr        	lda     (sp),y
000346r 1  29 0F        	and     #$0F
000348r 1  09 01        	ora     #$01
00034Ar 1  09 08        	ora     #$08
00034Cr 1  A0 03        	ldy     #$03
00034Er 1  91 rr        	sta     (ptr1),y
000350r 1  A0 01        	ldy     #$01
000352r 1  B1 rr        	lda     (sp),y
000354r 1  85 rr        	sta     ptr1+1
000356r 1  88           	dey
000357r 1  B1 rr        	lda     (sp),y
000359r 1  85 rr        	sta     ptr1
00035Br 1  A0 0E        	ldy     #$0E
00035Dr 1  B1 rr        	lda     (sp),y
00035Fr 1  AA           	tax
000360r 1  88           	dey
000361r 1  B1 rr        	lda     (sp),y
000363r 1  A0 04        	ldy     #$04
000365r 1  91 rr        	sta     (ptr1),y
000367r 1  C8           	iny
000368r 1  8A           	txa
000369r 1  91 rr        	sta     (ptr1),y
00036Br 1  A0 01        	ldy     #$01
00036Dr 1  B1 rr        	lda     (sp),y
00036Fr 1  85 rr        	sta     ptr1+1
000371r 1  88           	dey
000372r 1  B1 rr        	lda     (sp),y
000374r 1  85 rr        	sta     ptr1
000376r 1  A0 0C        	ldy     #$0C
000378r 1  B1 rr        	lda     (sp),y
00037Ar 1  A0 06        	ldy     #$06
00037Cr 1  91 rr        	sta     (ptr1),y
00037Er 1  A0 01        	ldy     #$01
000380r 1  B1 rr        	lda     (sp),y
000382r 1  85 rr        	sta     ptr1+1
000384r 1  88           	dey
000385r 1  B1 rr        	lda     (sp),y
000387r 1  85 rr        	sta     ptr1
000389r 1  A0 0B        	ldy     #$0B
00038Br 1  B1 rr        	lda     (sp),y
00038Dr 1  AA           	tax
00038Er 1  88           	dey
00038Fr 1  B1 rr        	lda     (sp),y
000391r 1  A0 07        	ldy     #$07
000393r 1  91 rr        	sta     (ptr1),y
000395r 1  C8           	iny
000396r 1  8A           	txa
000397r 1  91 rr        	sta     (ptr1),y
000399r 1  A0 01        	ldy     #$01
00039Br 1  B1 rr        	lda     (sp),y
00039Dr 1  85 rr        	sta     ptr1+1
00039Fr 1  88           	dey
0003A0r 1  B1 rr        	lda     (sp),y
0003A2r 1  85 rr        	sta     ptr1
0003A4r 1  A0 09        	ldy     #$09
0003A6r 1  B1 rr        	lda     (sp),y
0003A8r 1  91 rr        	sta     (ptr1),y
0003AAr 1  A0 01        	ldy     #$01
0003ACr 1  B1 rr        	lda     (sp),y
0003AEr 1  85 rr        	sta     ptr1+1
0003B0r 1  88           	dey
0003B1r 1  B1 rr        	lda     (sp),y
0003B3r 1  85 rr        	sta     ptr1
0003B5r 1  AD rr rr     	lda     _active_count
0003B8r 1  18           	clc
0003B9r 1  69 01        	adc     #$01
0003BBr 1  A0 0A        	ldy     #$0A
0003BDr 1  91 rr        	sta     (ptr1),y
0003BFr 1  A0 01        	ldy     #$01
0003C1r 1  B1 rr        	lda     (sp),y
0003C3r 1  85 rr        	sta     ptr1+1
0003C5r 1  88           	dey
0003C6r 1  B1 rr        	lda     (sp),y
0003C8r 1  85 rr        	sta     ptr1
0003CAr 1  A0 08        	ldy     #$08
0003CCr 1  B1 rr        	lda     (sp),y
0003CEr 1  AA           	tax
0003CFr 1  88           	dey
0003D0r 1  B1 rr        	lda     (sp),y
0003D2r 1  A0 0B        	ldy     #$0B
0003D4r 1  91 rr        	sta     (ptr1),y
0003D6r 1  C8           	iny
0003D7r 1  8A           	txa
0003D8r 1  91 rr        	sta     (ptr1),y
0003DAr 1  A0 01        	ldy     #$01
0003DCr 1  B1 rr        	lda     (sp),y
0003DEr 1  85 rr        	sta     ptr1+1
0003E0r 1  88           	dey
0003E1r 1  B1 rr        	lda     (sp),y
0003E3r 1  85 rr        	sta     ptr1
0003E5r 1  A0 06        	ldy     #$06
0003E7r 1  B1 rr        	lda     (sp),y
0003E9r 1  AA           	tax
0003EAr 1  88           	dey
0003EBr 1  B1 rr        	lda     (sp),y
0003EDr 1  A0 0D        	ldy     #$0D
0003EFr 1  91 rr        	sta     (ptr1),y
0003F1r 1  C8           	iny
0003F2r 1  8A           	txa
0003F3r 1  91 rr        	sta     (ptr1),y
0003F5r 1  A0 01        	ldy     #$01
0003F7r 1  B1 rr        	lda     (sp),y
0003F9r 1  85 rr        	sta     ptr1+1
0003FBr 1  88           	dey
0003FCr 1  B1 rr        	lda     (sp),y
0003FEr 1  85 rr        	sta     ptr1
000400r 1  A0 04        	ldy     #$04
000402r 1  B1 rr        	lda     (sp),y
000404r 1  AA           	tax
000405r 1  88           	dey
000406r 1  B1 rr        	lda     (sp),y
000408r 1  A0 0F        	ldy     #$0F
00040Ar 1  91 rr        	sta     (ptr1),y
00040Cr 1  C8           	iny
00040Dr 1  8A           	txa
00040Er 1  91 rr        	sta     (ptr1),y
000410r 1  EE rr rr     	inc     _active_count
000413r 1  A0 02        	ldy     #$02
000415r 1  B1 rr        	lda     (sp),y
000417r 1  18           	clc
000418r 1  69 01        	adc     #$01
00041Ar 1  8D rr rr     	sta     _focused_handle
00041Dr 1  A9 10        	lda     #$10
00041Fr 1  20 rr rr     	jsr     _increment_counter
000422r 1  20 rr rr     	jsr     _publish_state
000425r 1  A0 01        	ldy     #$01
000427r 1  B1 rr        	lda     (sp),y
000429r 1  AA           	tax
00042Ar 1  88           	dey
00042Br 1  B1 rr        	lda     (sp),y
00042Dr 1  20 rr rr     	jsr     _damage_set
000430r 1  A9 00        	lda     #$00
000432r 1  20 rr rr     	jsr     _compose_damage
000435r 1  A2 00        	ldx     #$00
000437r 1  AD rr rr     	lda     _focused_handle
00043Ar 1  A0 12        L03D9:	ldy     #$12
00043Cr 1  4C rr rr     	jmp     addysp
00043Fr 1               
00043Fr 1               .endproc
00043Fr 1               
00043Fr 1               ; ---------------------------------------------------------------
00043Fr 1               ; unsigned char __near__ udeks_window_destroy (unsigned char)
00043Fr 1               ; ---------------------------------------------------------------
00043Fr 1               
00043Fr 1               .segment	"CODE"
00043Fr 1               
00043Fr 1               .proc	_udeks_window_destroy: near
00043Fr 1               
00043Fr 1               .segment	"CODE"
00043Fr 1               
00043Fr 1  20 rr rr     	jsr     pusha
000442r 1  20 rr rr     	jsr     decsp6
000445r 1  A0 06        	ldy     #$06
000447r 1  B1 rr        	lda     (sp),y
000449r 1  20 rr rr     	jsr     _window_by_handle
00044Cr 1  A0 04        	ldy     #$04
00044Er 1  20 rr rr     	jsr     staxysp
000451r 1  E0 00        	cpx     #$00
000453r 1  D0 09        	bne     L041D
000455r 1  C9 00        	cmp     #$00
000457r 1  D0 05        	bne     L041D
000459r 1  A9 01        	lda     #$01
00045Br 1  4C rr rr     	jmp     incsp7
00045Er 1  A0 05        L041D:	ldy     #$05
000460r 1  B1 rr        	lda     (sp),y
000462r 1  85 rr        	sta     ptr1+1
000464r 1  88           	dey
000465r 1  B1 rr        	lda     (sp),y
000467r 1  85 rr        	sta     ptr1
000469r 1  A0 10        	ldy     #$10
00046Br 1  B1 rr        	lda     (ptr1),y
00046Dr 1  AA           	tax
00046Er 1  88           	dey
00046Fr 1  B1 rr        	lda     (ptr1),y
000471r 1  A0 02        	ldy     #$02
000473r 1  20 rr rr     	jsr     staxysp
000476r 1  A0 05        	ldy     #$05
000478r 1  B1 rr        	lda     (sp),y
00047Ar 1  85 rr        	sta     ptr1+1
00047Cr 1  88           	dey
00047Dr 1  B1 rr        	lda     (sp),y
00047Fr 1  85 rr        	sta     ptr1
000481r 1  A0 0A        	ldy     #$0A
000483r 1  B1 rr        	lda     (ptr1),y
000485r 1  A0 00        	ldy     #$00
000487r 1  91 rr        	sta     (sp),y
000489r 1  A0 05        	ldy     #$05
00048Br 1  B1 rr        	lda     (sp),y
00048Dr 1  AA           	tax
00048Er 1  88           	dey
00048Fr 1  B1 rr        	lda     (sp),y
000491r 1  20 rr rr     	jsr     _damage_set
000494r 1  A0 06        	ldy     #$06
000496r 1  B1 rr        	lda     (sp),y
000498r 1  CD rr rr     	cmp     _dragging_handle
00049Br 1  D0 35        	bne     L0427
00049Dr 1  20 rr rr     	jsr     _udeks_vic_bitmap_reset_clip
0004A0r 1  20 rr rr     	jsr     decsp5
0004A3r 1  AD rr rr     	lda     _drag_x
0004A6r 1  A0 03        	ldy     #$03
0004A8r 1  91 rr        	sta     (sp),y
0004AAr 1  C8           	iny
0004ABr 1  AD rr rr     	lda     _drag_x+1
0004AEr 1  91 rr        	sta     (sp),y
0004B0r 1  AD rr rr     	lda     _drag_y
0004B3r 1  A0 02        	ldy     #$02
0004B5r 1  91 rr        	sta     (sp),y
0004B7r 1  AD rr rr     	lda     _drag_width
0004BAr 1  A0 00        	ldy     #$00
0004BCr 1  91 rr        	sta     (sp),y
0004BEr 1  C8           	iny
0004BFr 1  AD rr rr     	lda     _drag_width+1
0004C2r 1  91 rr        	sta     (sp),y
0004C4r 1  AD rr rr     	lda     _drag_height
0004C7r 1  20 rr rr     	jsr     _udeks_vic_bitmap_outline_toggle
0004CAr 1  A9 00        	lda     #$00
0004CCr 1  8D rr rr     	sta     _dragging_handle
0004CFr 1  8D rr rr     	sta     _drag_mode
0004D2r 1  A0 05        L0427:	ldy     #$05
0004D4r 1  B1 rr        	lda     (sp),y
0004D6r 1  85 rr        	sta     ptr1+1
0004D8r 1  88           	dey
0004D9r 1  B1 rr        	lda     (sp),y
0004DBr 1  85 rr        	sta     ptr1
0004DDr 1  A9 00        	lda     #$00
0004DFr 1  A8           	tay
0004E0r 1  91 rr        	sta     (ptr1),y
0004E2r 1  CE rr rr     	dec     _active_count
0004E5r 1  C8           	iny
0004E6r 1  91 rr        L051B:	sta     (sp),y
0004E8r 1  C9 04        	cmp     #$04
0004EAr 1  B0 66        	bcs     L0437
0004ECr 1  B1 rr        	lda     (sp),y
0004EEr 1  20 rr rr     	jsr     pusha0
0004F1r 1  A9 11        	lda     #$11
0004F3r 1  20 rr rr     	jsr     tosmula0
0004F6r 1  85 rr        	sta     ptr1
0004F8r 1  8A           	txa
0004F9r 1  18           	clc
0004FAr 1  69 rr        	adc     #>(_windows)
0004FCr 1  85 rr        	sta     ptr1+1
0004FEr 1  A0 rr        	ldy     #<(_windows)
000500r 1  B1 rr        	lda     (ptr1),y
000502r 1  F0 45        	beq     L0438
000504r 1  A0 01        	ldy     #$01
000506r 1  B1 rr        	lda     (sp),y
000508r 1  20 rr rr     	jsr     pusha0
00050Br 1  A9 11        	lda     #$11
00050Dr 1  20 rr rr     	jsr     tosmula0
000510r 1  18           	clc
000511r 1  69 rr        	adc     #<(_windows)
000513r 1  85 rr        	sta     ptr1
000515r 1  8A           	txa
000516r 1  69 rr        	adc     #>(_windows)
000518r 1  85 rr        	sta     ptr1+1
00051Ar 1  A0 0A        	ldy     #$0A
00051Cr 1  B1 rr        	lda     (ptr1),y
00051Er 1  38           	sec
00051Fr 1  A0 00        	ldy     #$00
000521r 1  F1 rr        	sbc     (sp),y
000523r 1  85 rr        	sta     tmp1
000525r 1  A5 rr        	lda     tmp1
000527r 1  F0 20        	beq     L0438
000529r 1  90 1E        	bcc     L0438
00052Br 1  C8           	iny
00052Cr 1  B1 rr        	lda     (sp),y
00052Er 1  20 rr rr     	jsr     pusha0
000531r 1  A9 11        	lda     #$11
000533r 1  20 rr rr     	jsr     tosmula0
000536r 1  18           	clc
000537r 1  69 rr        	adc     #<(_windows)
000539r 1  85 rr        	sta     ptr1
00053Br 1  8A           	txa
00053Cr 1  69 rr        	adc     #>(_windows)
00053Er 1  85 rr        	sta     ptr1+1
000540r 1  A0 0A        	ldy     #$0A
000542r 1  B1 rr        	lda     (ptr1),y
000544r 1  38           	sec
000545r 1  E9 01        	sbc     #$01
000547r 1  91 rr        	sta     (ptr1),y
000549r 1  A0 01        L0438:	ldy     #$01
00054Br 1  18           	clc
00054Cr 1  98           	tya
00054Dr 1  71 rr        	adc     (sp),y
00054Fr 1  4C rr rr     	jmp     L051B
000552r 1  20 rr rr     L0437:	jsr     _top_window
000555r 1  8D rr rr     	sta     _focused_handle
000558r 1  A9 00        	lda     #$00
00055Ar 1  20 rr rr     	jsr     _compose_damage
00055Dr 1  A9 12        	lda     #$12
00055Fr 1  20 rr rr     	jsr     _increment_counter
000562r 1  20 rr rr     	jsr     _publish_state
000565r 1  A0 02        	ldy     #$02
000567r 1  B1 rr        	lda     (sp),y
000569r 1  C8           	iny
00056Ar 1  11 rr        	ora     (sp),y
00056Cr 1  F0 22        	beq     L044D
00056Er 1  B1 rr        	lda     (sp),y
000570r 1  AA           	tax
000571r 1  88           	dey
000572r 1  B1 rr        	lda     (sp),y
000574r 1  20 rr rr     	jsr     pushax
000577r 1  A0 08        	ldy     #$08
000579r 1  B1 rr        	lda     (sp),y
00057Br 1  48           	pha
00057Cr 1  A0 00        	ldy     #$00
00057Er 1  B1 rr        	lda     (sp),y
000580r 1  8D rr rr     	sta     jmpvec+1
000583r 1  C8           	iny
000584r 1  B1 rr        	lda     (sp),y
000586r 1  8D rr rr     	sta     jmpvec+2
000589r 1  68           	pla
00058Ar 1  20 rr rr     	jsr     jmpvec
00058Dr 1  20 rr rr     	jsr     incsp2
000590r 1  A2 00        L044D:	ldx     #$00
000592r 1  8A           	txa
000593r 1  4C rr rr     	jmp     incsp7
000596r 1               
000596r 1               .endproc
000596r 1               
000596r 1               ; ---------------------------------------------------------------
000596r 1               ; unsigned char __near__ udeks_window_repaint (unsigned char)
000596r 1               ; ---------------------------------------------------------------
000596r 1               
000596r 1               .segment	"CODE"
000596r 1               
000596r 1               .proc	_udeks_window_repaint: near
000596r 1               
000596r 1               .segment	"CODE"
000596r 1               
000596r 1  20 rr rr     	jsr     pusha
000599r 1  20 rr rr     	jsr     decsp2
00059Cr 1  A0 02        	ldy     #$02
00059Er 1  B1 rr        	lda     (sp),y
0005A0r 1  20 rr rr     	jsr     _window_by_handle
0005A3r 1  20 rr rr     	jsr     stax0sp
0005A6r 1  E0 00        	cpx     #$00
0005A8r 1  D0 09        	bne     L0457
0005AAr 1  C9 00        	cmp     #$00
0005ACr 1  D0 05        	bne     L0457
0005AEr 1  A9 01        	lda     #$01
0005B0r 1  4C rr rr     	jmp     incsp3
0005B3r 1  AD rr rr     L0457:	lda     _dragging_handle
0005B6r 1  D0 10        	bne     L0520
0005B8r 1  A0 01        	ldy     #$01
0005BAr 1  B1 rr        	lda     (sp),y
0005BCr 1  AA           	tax
0005BDr 1  88           	dey
0005BEr 1  B1 rr        	lda     (sp),y
0005C0r 1  20 rr rr     	jsr     _damage_set
0005C3r 1  A9 00        	lda     #$00
0005C5r 1  20 rr rr     	jsr     _compose_damage
0005C8r 1  A2 00        L0520:	ldx     #$00
0005CAr 1  8A           	txa
0005CBr 1  4C rr rr     	jmp     incsp3
0005CEr 1               
0005CEr 1               .endproc
0005CEr 1               
0005CEr 1               ; ---------------------------------------------------------------
0005CEr 1               ; unsigned char __near__ udeks_window_begin_paint (unsigned char)
0005CEr 1               ; ---------------------------------------------------------------
0005CEr 1               
0005CEr 1               .segment	"CODE"
0005CEr 1               
0005CEr 1               .proc	_udeks_window_begin_paint: near
0005CEr 1               
0005CEr 1               .segment	"CODE"
0005CEr 1               
0005CEr 1  20 rr rr     	jsr     pusha
0005D1r 1  20 rr rr     	jsr     decsp2
0005D4r 1  A0 02        	ldy     #$02
0005D6r 1  B1 rr        	lda     (sp),y
0005D8r 1  20 rr rr     	jsr     _window_by_handle
0005DBr 1  20 rr rr     	jsr     stax0sp
0005DEr 1  E0 00        	cpx     #$00
0005E0r 1  D0 04        	bne     L0526
0005E2r 1  C9 00        	cmp     #$00
0005E4r 1  F0 1B        	beq     L0527
0005E6r 1  AD rr rr     L0526:	lda     _dragging_handle
0005E9r 1  D0 14        	bne     L0524
0005EBr 1  A0 01        	ldy     #$01
0005EDr 1  B1 rr        	lda     (sp),y
0005EFr 1  85 rr        	sta     ptr1+1
0005F1r 1  88           	dey
0005F2r 1  B1 rr        	lda     (sp),y
0005F4r 1  85 rr        	sta     ptr1
0005F6r 1  A0 0A        	ldy     #$0A
0005F8r 1  B1 rr        	lda     (ptr1),y
0005FAr 1  CD rr rr     	cmp     _active_count
0005FDr 1  F0 07        	beq     L01E4
0005FFr 1  A2 00        L0524:	ldx     #$00
000601r 1  A9 01        L0527:	lda     #$01
000603r 1  4C rr rr     	jmp     incsp3
000606r 1  A0 01        L01E4:	ldy     #$01
000608r 1  B1 rr        	lda     (sp),y
00060Ar 1  85 rr        	sta     ptr1+1
00060Cr 1  88           	dey
00060Dr 1  B1 rr        	lda     (sp),y
00060Fr 1  85 rr        	sta     ptr1
000611r 1  A0 03        	ldy     #$03
000613r 1  B1 rr        	lda     (ptr1),y
000615r 1  29 7F        	and     #$7F
000617r 1  91 rr        	sta     (ptr1),y
000619r 1  20 rr rr     	jsr     decsp6
00061Cr 1  A0 07        	ldy     #$07
00061Er 1  B1 rr        	lda     (sp),y
000620r 1  85 rr        	sta     ptr1+1
000622r 1  88           	dey
000623r 1  B1 rr        	lda     (sp),y
000625r 1  85 rr        	sta     ptr1
000627r 1  88           	dey
000628r 1  B1 rr        	lda     (ptr1),y
00062Ar 1  AA           	tax
00062Br 1  88           	dey
00062Cr 1  B1 rr        	lda     (ptr1),y
00062Er 1  18           	clc
00062Fr 1  69 03        	adc     #$03
000631r 1  90 01        	bcc     L0525
000633r 1  E8           	inx
000634r 1  91 rr        L0525:	sta     (sp),y
000636r 1  C8           	iny
000637r 1  8A           	txa
000638r 1  91 rr        	sta     (sp),y
00063Ar 1  A0 07        	ldy     #$07
00063Cr 1  B1 rr        	lda     (sp),y
00063Er 1  85 rr        	sta     ptr1+1
000640r 1  88           	dey
000641r 1  B1 rr        	lda     (sp),y
000643r 1  85 rr        	sta     ptr1
000645r 1  A2 00        	ldx     #$00
000647r 1  B1 rr        	lda     (ptr1),y
000649r 1  18           	clc
00064Ar 1  69 0D        	adc     #$0D
00064Cr 1  90 02        	bcc     L0522
00064Er 1  E8           	inx
00064Fr 1  18           	clc
000650r 1  69 01        L0522:	adc     #$01
000652r 1  90 01        	bcc     L01F0
000654r 1  E8           	inx
000655r 1  A0 02        L01F0:	ldy     #$02
000657r 1  91 rr        	sta     (sp),y
000659r 1  C8           	iny
00065Ar 1  8A           	txa
00065Br 1  91 rr        	sta     (sp),y
00065Dr 1  A0 07        	ldy     #$07
00065Fr 1  B1 rr        	lda     (sp),y
000661r 1  85 rr        	sta     ptr1+1
000663r 1  88           	dey
000664r 1  B1 rr        	lda     (sp),y
000666r 1  85 rr        	sta     ptr1
000668r 1  A0 08        	ldy     #$08
00066Ar 1  B1 rr        	lda     (ptr1),y
00066Cr 1  AA           	tax
00066Dr 1  88           	dey
00066Er 1  B1 rr        	lda     (ptr1),y
000670r 1  38           	sec
000671r 1  E9 06        	sbc     #$06
000673r 1  B0 01        	bcs     L01F2
000675r 1  CA           	dex
000676r 1  A0 00        L01F2:	ldy     #$00
000678r 1  91 rr        	sta     (sp),y
00067Ar 1  C8           	iny
00067Br 1  8A           	txa
00067Cr 1  91 rr        	sta     (sp),y
00067Er 1  A0 07        	ldy     #$07
000680r 1  B1 rr        	lda     (sp),y
000682r 1  85 rr        	sta     ptr1+1
000684r 1  88           	dey
000685r 1  B1 rr        	lda     (sp),y
000687r 1  85 rr        	sta     ptr1
000689r 1  A0 09        	ldy     #$09
00068Br 1  A2 00        	ldx     #$00
00068Dr 1  B1 rr        	lda     (ptr1),y
00068Fr 1  38           	sec
000690r 1  E9 0D        	sbc     #$0D
000692r 1  B0 02        	bcs     L0523
000694r 1  CA           	dex
000695r 1  38           	sec
000696r 1  E9 04        L0523:	sbc     #$04
000698r 1  B0 01        	bcs     L01F5
00069Ar 1  CA           	dex
00069Br 1  20 rr rr     L01F5:	jsr     _udeks_vic_bitmap_set_clip
00069Er 1  A2 00        	ldx     #$00
0006A0r 1  8A           	txa
0006A1r 1  4C rr rr     	jmp     incsp3
0006A4r 1               
0006A4r 1               .endproc
0006A4r 1               
0006A4r 1               ; ---------------------------------------------------------------
0006A4r 1               ; void __near__ udeks_window_end_paint (void)
0006A4r 1               ; ---------------------------------------------------------------
0006A4r 1               
0006A4r 1               .segment	"CODE"
0006A4r 1               
0006A4r 1               .proc	_udeks_window_end_paint: near
0006A4r 1               
0006A4r 1               .segment	"CODE"
0006A4r 1               
0006A4r 1  20 rr rr     	jsr     _udeks_vic_bitmap_reset_clip
0006A7r 1  4C rr rr     	jmp     _udeks_vic_bitmap_commit
0006AAr 1               
0006AAr 1               .endproc
0006AAr 1               
0006AAr 1               ; ---------------------------------------------------------------
0006AAr 1               ; unsigned char __near__ __fastcall__ udeks_window_image_complete (unsigned char)
0006AAr 1               ; ---------------------------------------------------------------
0006AAr 1               
0006AAr 1               .segment	"CODE"
0006AAr 1               
0006AAr 1               .proc	_udeks_window_image_complete: near
0006AAr 1               
0006AAr 1               .segment	"CODE"
0006AAr 1               
0006AAr 1  20 rr rr     	jsr     pusha
0006ADr 1  20 rr rr     	jsr     decsp2
0006B0r 1  A0 02        	ldy     #$02
0006B2r 1  B1 rr        	lda     (sp),y
0006B4r 1  20 rr rr     	jsr     _window_by_handle
0006B7r 1  20 rr rr     	jsr     stax0sp
0006BAr 1  E0 00        	cpx     #$00
0006BCr 1  D0 04        	bne     L052A
0006BEr 1  C9 00        	cmp     #$00
0006C0r 1  F0 41        	beq     L052B
0006C2r 1  AD rr rr     L052A:	lda     _dragging_handle
0006C5r 1  D0 3A        	bne     L0529
0006C7r 1  A0 01        	ldy     #$01
0006C9r 1  B1 rr        	lda     (sp),y
0006CBr 1  85 rr        	sta     ptr1+1
0006CDr 1  88           	dey
0006CEr 1  B1 rr        	lda     (sp),y
0006D0r 1  85 rr        	sta     ptr1
0006D2r 1  A0 0A        	ldy     #$0A
0006D4r 1  B1 rr        	lda     (ptr1),y
0006D6r 1  CD rr rr     	cmp     _active_count
0006D9r 1  D0 26        	bne     L0529
0006DBr 1  A0 01        	ldy     #$01
0006DDr 1  B1 rr        	lda     (sp),y
0006DFr 1  85 rr        	sta     ptr1+1
0006E1r 1  88           	dey
0006E2r 1  B1 rr        	lda     (sp),y
0006E4r 1  85 rr        	sta     ptr1
0006E6r 1  A0 03        	ldy     #$03
0006E8r 1  B1 rr        	lda     (ptr1),y
0006EAr 1  29 01        	and     #$01
0006ECr 1  F0 13        	beq     L0529
0006EEr 1  A0 01        	ldy     #$01
0006F0r 1  B1 rr        	lda     (sp),y
0006F2r 1  85 rr        	sta     ptr1+1
0006F4r 1  88           	dey
0006F5r 1  B1 rr        	lda     (sp),y
0006F7r 1  85 rr        	sta     ptr1
0006F9r 1  A0 02        	ldy     #$02
0006FBr 1  B1 rr        	lda     (ptr1),y
0006FDr 1  C9 01        	cmp     #$01
0006FFr 1  F0 07        	beq     L01FE
000701r 1  A2 00        L0529:	ldx     #$00
000703r 1  A9 01        L052B:	lda     #$01
000705r 1  4C rr rr     	jmp     incsp3
000708r 1  88           L01FE:	dey
000709r 1  B1 rr        	lda     (sp),y
00070Br 1  85 rr        	sta     ptr1+1
00070Dr 1  88           	dey
00070Er 1  B1 rr        	lda     (sp),y
000710r 1  85 rr        	sta     ptr1
000712r 1  A0 03        	ldy     #$03
000714r 1  B1 rr        	lda     (ptr1),y
000716r 1  09 80        	ora     #$80
000718r 1  91 rr        	sta     (ptr1),y
00071Ar 1  A2 00        	ldx     #$00
00071Cr 1  8A           	txa
00071Dr 1  4C rr rr     	jmp     incsp3
000720r 1               
000720r 1               .endproc
000720r 1               
000720r 1               ; ---------------------------------------------------------------
000720r 1               ; unsigned char __near__ udeks_window_get_geometry (unsigned char, __near__ unsigned int *, __near__ unsigned char *, __near__ unsigned int *, __near__ unsigned char *)
000720r 1               ; ---------------------------------------------------------------
000720r 1               
000720r 1               .segment	"CODE"
000720r 1               
000720r 1               .proc	_udeks_window_get_geometry: near
000720r 1               
000720r 1               .segment	"CODE"
000720r 1               
000720r 1  20 rr rr     	jsr     pushax
000723r 1  20 rr rr     	jsr     decsp2
000726r 1  A0 0A        	ldy     #$0A
000728r 1  B1 rr        	lda     (sp),y
00072Ar 1  20 rr rr     	jsr     _window_by_handle
00072Dr 1  20 rr rr     	jsr     stax0sp
000730r 1  E0 00        	cpx     #$00
000732r 1  D0 09        	bne     L0467
000734r 1  C9 00        	cmp     #$00
000736r 1  D0 05        	bne     L0467
000738r 1  A9 01        	lda     #$01
00073Ar 1  4C rr rr     	jmp     L0463
00073Dr 1  A0 09        L0467:	ldy     #$09
00073Fr 1  B1 rr        	lda     (sp),y
000741r 1  85 rr        	sta     sreg+1
000743r 1  88           	dey
000744r 1  B1 rr        	lda     (sp),y
000746r 1  85 rr        	sta     sreg
000748r 1  A0 0A        	ldy     #$0A
00074Ar 1  B1 rr        	lda     (sp),y
00074Cr 1  CD rr rr     	cmp     _dragging_handle
00074Fr 1  D0 09        	bne     L046D
000751r 1  AD rr rr     	lda     _drag_x
000754r 1  AE rr rr     	ldx     _drag_x+1
000757r 1  4C rr rr     	jmp     L046F
00075Ar 1  A0 01        L046D:	ldy     #$01
00075Cr 1  B1 rr        	lda     (sp),y
00075Er 1  85 rr        	sta     ptr1+1
000760r 1  88           	dey
000761r 1  B1 rr        	lda     (sp),y
000763r 1  85 rr        	sta     ptr1
000765r 1  A0 05        	ldy     #$05
000767r 1  B1 rr        	lda     (ptr1),y
000769r 1  AA           	tax
00076Ar 1  88           	dey
00076Br 1  B1 rr        	lda     (ptr1),y
00076Dr 1  A0 00        L046F:	ldy     #$00
00076Fr 1  91 rr        	sta     (sreg),y
000771r 1  C8           	iny
000772r 1  8A           	txa
000773r 1  91 rr        	sta     (sreg),y
000775r 1  A0 07        	ldy     #$07
000777r 1  B1 rr        	lda     (sp),y
000779r 1  85 rr        	sta     sreg+1
00077Br 1  88           	dey
00077Cr 1  B1 rr        	lda     (sp),y
00077Er 1  85 rr        	sta     sreg
000780r 1  A0 0A        	ldy     #$0A
000782r 1  B1 rr        	lda     (sp),y
000784r 1  CD rr rr     	cmp     _dragging_handle
000787r 1  D0 06        	bne     L0473
000789r 1  AD rr rr     	lda     _drag_y
00078Cr 1  4C rr rr     	jmp     L0533
00078Fr 1  A0 01        L0473:	ldy     #$01
000791r 1  B1 rr        	lda     (sp),y
000793r 1  85 rr        	sta     ptr1+1
000795r 1  88           	dey
000796r 1  B1 rr        	lda     (sp),y
000798r 1  85 rr        	sta     ptr1
00079Ar 1  A0 06        	ldy     #$06
00079Cr 1  B1 rr        	lda     (ptr1),y
00079Er 1  A0 00        L0533:	ldy     #$00
0007A0r 1  91 rr        	sta     (sreg),y
0007A2r 1  A0 05        	ldy     #$05
0007A4r 1  B1 rr        	lda     (sp),y
0007A6r 1  85 rr        	sta     sreg+1
0007A8r 1  88           	dey
0007A9r 1  B1 rr        	lda     (sp),y
0007ABr 1  85 rr        	sta     sreg
0007ADr 1  A0 0A        	ldy     #$0A
0007AFr 1  B1 rr        	lda     (sp),y
0007B1r 1  CD rr rr     	cmp     _dragging_handle
0007B4r 1  D0 09        	bne     L0479
0007B6r 1  AD rr rr     	lda     _drag_width
0007B9r 1  AE rr rr     	ldx     _drag_width+1
0007BCr 1  4C rr rr     	jmp     L047B
0007BFr 1  A0 01        L0479:	ldy     #$01
0007C1r 1  B1 rr        	lda     (sp),y
0007C3r 1  85 rr        	sta     ptr1+1
0007C5r 1  88           	dey
0007C6r 1  B1 rr        	lda     (sp),y
0007C8r 1  85 rr        	sta     ptr1
0007CAr 1  A0 08        	ldy     #$08
0007CCr 1  B1 rr        	lda     (ptr1),y
0007CEr 1  AA           	tax
0007CFr 1  88           	dey
0007D0r 1  B1 rr        	lda     (ptr1),y
0007D2r 1  A0 00        L047B:	ldy     #$00
0007D4r 1  91 rr        	sta     (sreg),y
0007D6r 1  C8           	iny
0007D7r 1  8A           	txa
0007D8r 1  91 rr        	sta     (sreg),y
0007DAr 1  A0 03        	ldy     #$03
0007DCr 1  B1 rr        	lda     (sp),y
0007DEr 1  85 rr        	sta     sreg+1
0007E0r 1  88           	dey
0007E1r 1  B1 rr        	lda     (sp),y
0007E3r 1  85 rr        	sta     sreg
0007E5r 1  A0 0A        	ldy     #$0A
0007E7r 1  B1 rr        	lda     (sp),y
0007E9r 1  CD rr rr     	cmp     _dragging_handle
0007ECr 1  D0 06        	bne     L047F
0007EEr 1  AD rr rr     	lda     _drag_height
0007F1r 1  4C rr rr     	jmp     L0535
0007F4r 1  A0 01        L047F:	ldy     #$01
0007F6r 1  B1 rr        	lda     (sp),y
0007F8r 1  85 rr        	sta     ptr1+1
0007FAr 1  88           	dey
0007FBr 1  B1 rr        	lda     (sp),y
0007FDr 1  85 rr        	sta     ptr1
0007FFr 1  A0 09        	ldy     #$09
000801r 1  B1 rr        	lda     (ptr1),y
000803r 1  A0 00        L0535:	ldy     #$00
000805r 1  91 rr        	sta     (sreg),y
000807r 1  A2 00        	ldx     #$00
000809r 1  8A           	txa
00080Ar 1  A0 0B        L0463:	ldy     #$0B
00080Cr 1  4C rr rr     	jmp     addysp
00080Fr 1               
00080Fr 1               .endproc
00080Fr 1               
00080Fr 1               ; ---------------------------------------------------------------
00080Fr 1               ; unsigned char __near__ udeks_window_is_dragging (unsigned char)
00080Fr 1               ; ---------------------------------------------------------------
00080Fr 1               
00080Fr 1               .segment	"CODE"
00080Fr 1               
00080Fr 1               .proc	_udeks_window_is_dragging: near
00080Fr 1               
00080Fr 1               .segment	"CODE"
00080Fr 1               
00080Fr 1  20 rr rr     	jsr     pusha
000812r 1  A2 00        	ldx     #$00
000814r 1  A1 rr        	lda     (sp,x)
000816r 1  F0 0E        	beq     L053B
000818r 1  CD rr rr     	cmp     _dragging_handle
00081Br 1  F0 04        	beq     L0539
00081Dr 1  8A           	txa
00081Er 1  4C rr rr     	jmp     incsp1
000821r 1  A9 01        L0539:	lda     #$01
000823r 1  4C rr rr     	jmp     incsp1
000826r 1  4C rr rr     L053B:	jmp     incsp1
000829r 1               
000829r 1               .endproc
000829r 1               
000829r 1               ; ---------------------------------------------------------------
000829r 1               ; unsigned char __near__ udeks_window_is_focused (unsigned char)
000829r 1               ; ---------------------------------------------------------------
000829r 1               
000829r 1               .segment	"CODE"
000829r 1               
000829r 1               .proc	_udeks_window_is_focused: near
000829r 1               
000829r 1               .segment	"CODE"
000829r 1               
000829r 1  20 rr rr     	jsr     pusha
00082Cr 1  A2 00        	ldx     #$00
00082Er 1  A1 rr        	lda     (sp,x)
000830r 1  F0 0E        	beq     L0541
000832r 1  CD rr rr     	cmp     _focused_handle
000835r 1  F0 04        	beq     L053F
000837r 1  8A           	txa
000838r 1  4C rr rr     	jmp     incsp1
00083Br 1  A9 01        L053F:	lda     #$01
00083Dr 1  4C rr rr     	jmp     incsp1
000840r 1  4C rr rr     L0541:	jmp     incsp1
000843r 1               
000843r 1               .endproc
000843r 1               
000843r 1               ; ---------------------------------------------------------------
000843r 1               ; void __near__ increment_counter (unsigned char)
000843r 1               ; ---------------------------------------------------------------
000843r 1               
000843r 1               .segment	"CODE"
000843r 1               
000843r 1               .proc	_increment_counter: near
000843r 1               
000843r 1               .segment	"CODE"
000843r 1               
000843r 1  20 rr rr     	jsr     pusha
000846r 1  A0 00        	ldy     #$00
000848r 1  B1 rr        	lda     (sp),y
00084Ar 1  18           	clc
00084Br 1  69 40        	adc     #$40
00084Dr 1  85 rr        	sta     ptr1
00084Fr 1  98           	tya
000850r 1  69 F2        	adc     #$F2
000852r 1  85 rr        	sta     ptr1+1
000854r 1  A9 01        	lda     #$01
000856r 1  18           	clc
000857r 1  71 rr        	adc     (ptr1),y
000859r 1  91 rr        	sta     (ptr1),y
00085Br 1  B1 rr        	lda     (sp),y
00085Dr 1  18           	clc
00085Er 1  69 40        	adc     #$40
000860r 1  85 rr        	sta     ptr1
000862r 1  98           	tya
000863r 1  69 F2        	adc     #$F2
000865r 1  85 rr        	sta     ptr1+1
000867r 1  B1 rr        	lda     (ptr1),y
000869r 1  D0 1A        	bne     L008D
00086Br 1  AA           	tax
00086Cr 1  B1 rr        	lda     (sp),y
00086Er 1  18           	clc
00086Fr 1  69 01        	adc     #$01
000871r 1  90 02        	bcc     L0542
000873r 1  E8           	inx
000874r 1  18           	clc
000875r 1  69 40        L0542:	adc     #$40
000877r 1  85 rr        	sta     ptr1
000879r 1  8A           	txa
00087Ar 1  69 F2        	adc     #$F2
00087Cr 1  85 rr        	sta     ptr1+1
00087Er 1  A9 01        	lda     #$01
000880r 1  18           	clc
000881r 1  71 rr        	adc     (ptr1),y
000883r 1  91 rr        	sta     (ptr1),y
000885r 1  4C rr rr     L008D:	jmp     incsp1
000888r 1               
000888r 1               .endproc
000888r 1               
000888r 1               ; ---------------------------------------------------------------
000888r 1               ; __near__ struct udeks_window * __near__ window_by_handle (unsigned char)
000888r 1               ; ---------------------------------------------------------------
000888r 1               
000888r 1               .segment	"CODE"
000888r 1               
000888r 1               .proc	_window_by_handle: near
000888r 1               
000888r 1               .segment	"CODE"
000888r 1               
000888r 1  20 rr rr     	jsr     pusha
00088Br 1  A0 00        	ldy     #$00
00088Dr 1  B1 rr        	lda     (sp),y
00088Fr 1  F0 24        	beq     L0543
000891r 1  C9 05        	cmp     #$05
000893r 1  B0 20        	bcs     L0543
000895r 1  A2 00        	ldx     #$00
000897r 1  B1 rr        	lda     (sp),y
000899r 1  38           	sec
00089Ar 1  E9 01        	sbc     #$01
00089Cr 1  B0 01        	bcs     L009B
00089Er 1  CA           	dex
00089Fr 1  20 rr rr     L009B:	jsr     pushax
0008A2r 1  A9 11        	lda     #$11
0008A4r 1  20 rr rr     	jsr     tosmula0
0008A7r 1  85 rr        	sta     ptr1
0008A9r 1  8A           	txa
0008AAr 1  18           	clc
0008ABr 1  69 rr        	adc     #>(_windows)
0008ADr 1  85 rr        	sta     ptr1+1
0008AFr 1  A0 rr        	ldy     #<(_windows)
0008B1r 1  B1 rr        	lda     (ptr1),y
0008B3r 1  D0 06        	bne     L0098
0008B5r 1  A2 00        L0543:	ldx     #$00
0008B7r 1  8A           	txa
0008B8r 1  4C rr rr     	jmp     incsp1
0008BBr 1  A2 00        L0098:	ldx     #$00
0008BDr 1  A1 rr        	lda     (sp,x)
0008BFr 1  38           	sec
0008C0r 1  E9 01        	sbc     #$01
0008C2r 1  B0 01        	bcs     L00A0
0008C4r 1  CA           	dex
0008C5r 1  20 rr rr     L00A0:	jsr     pushax
0008C8r 1  A9 11        	lda     #$11
0008CAr 1  20 rr rr     	jsr     tosmula0
0008CDr 1  18           	clc
0008CEr 1  69 rr        	adc     #<(_windows)
0008D0r 1  A8           	tay
0008D1r 1  8A           	txa
0008D2r 1  69 rr        	adc     #>(_windows)
0008D4r 1  AA           	tax
0008D5r 1  98           	tya
0008D6r 1  4C rr rr     	jmp     incsp1
0008D9r 1               
0008D9r 1               .endproc
0008D9r 1               
0008D9r 1               ; ---------------------------------------------------------------
0008D9r 1               ; void __near__ publish_state (void)
0008D9r 1               ; ---------------------------------------------------------------
0008D9r 1               
0008D9r 1               .segment	"CODE"
0008D9r 1               
0008D9r 1               .proc	_publish_state: near
0008D9r 1               
0008D9r 1               .segment	"CODE"
0008D9r 1               
0008D9r 1  20 rr rr     	jsr     decsp2
0008DCr 1  AD rr rr     	lda     _active_count
0008DFr 1  8D 46 F2     	sta     $F246
0008E2r 1  AD rr rr     	lda     _focused_handle
0008E5r 1  8D 47 F2     	sta     $F247
0008E8r 1  AD rr rr     	lda     _dragging_handle
0008EBr 1  8D 48 F2     	sta     $F248
0008EEr 1  A9 04        	lda     #$04
0008F0r 1  8D 4E F2     	sta     $F24E
0008F3r 1  A9 3F        	lda     #$3F
0008F5r 1  8D 4F F2     	sta     $F24F
0008F8r 1  AD rr rr     	lda     _dragging_handle
0008FBr 1  D0 0C        	bne     L00BB
0008FDr 1  8D 49 F2     	sta     $F249
000900r 1  8D 4A F2     	sta     $F24A
000903r 1  8D 4B F2     	sta     $F24B
000906r 1  4C rr rr     	jmp     L0547
000909r 1  AD rr rr     L00BB:	lda     _dragging_handle
00090Cr 1  20 rr rr     	jsr     _window_by_handle
00090Fr 1  20 rr rr     	jsr     stax0sp
000912r 1  E0 00        	cpx     #$00
000914r 1  D0 04        	bne     L0545
000916r 1  C9 00        	cmp     #$00
000918r 1  F0 1E        	beq     L00A1
00091Ar 1  AD rr rr     L0545:	lda     _drag_x
00091Dr 1  8D 49 F2     	sta     $F249
000920r 1  AD rr rr     	lda     _drag_x+1
000923r 1  8D 4A F2     	sta     $F24A
000926r 1  AD rr rr     	lda     _drag_y
000929r 1  8D 4B F2     	sta     $F24B
00092Cr 1  AD rr rr     	lda     _drag_width
00092Fr 1  8D 4C F2     L0547:	sta     $F24C
000932r 1  AD rr rr     	lda     _previous_buttons
000935r 1  8D 4D F2     	sta     $F24D
000938r 1  4C rr rr     L00A1:	jmp     incsp2
00093Br 1               
00093Br 1               .endproc
00093Br 1               
00093Br 1               ; ---------------------------------------------------------------
00093Br 1               ; unsigned char __near__ point_inside (unsigned int, unsigned char, __near__ const struct udeks_window *)
00093Br 1               ; ---------------------------------------------------------------
00093Br 1               
00093Br 1               .segment	"CODE"
00093Br 1               
00093Br 1               .proc	_point_inside: near
00093Br 1               
00093Br 1               .segment	"CODE"
00093Br 1               
00093Br 1  20 rr rr     	jsr     pushax
00093Er 1  A0 06        	ldy     #$06
000940r 1  20 rr rr     	jsr     pushwysp
000943r 1  A0 03        	ldy     #$03
000945r 1  B1 rr        	lda     (sp),y
000947r 1  85 rr        	sta     ptr1+1
000949r 1  88           	dey
00094Ar 1  B1 rr        	lda     (sp),y
00094Cr 1  85 rr        	sta     ptr1
00094Er 1  A0 05        	ldy     #$05
000950r 1  B1 rr        	lda     (ptr1),y
000952r 1  AA           	tax
000953r 1  88           	dey
000954r 1  B1 rr        	lda     (ptr1),y
000956r 1  20 rr rr     	jsr     tosicmp
000959r 1  B0 03 4C rr  	jcc     L00F8
00095Dr 1  rr           
00095Er 1  A0 06        	ldy     #$06
000960r 1  20 rr rr     	jsr     pushwysp
000963r 1  A0 03        	ldy     #$03
000965r 1  B1 rr        	lda     (sp),y
000967r 1  85 rr        	sta     ptr1+1
000969r 1  88           	dey
00096Ar 1  B1 rr        	lda     (sp),y
00096Cr 1  85 rr        	sta     ptr1
00096Er 1  A0 05        	ldy     #$05
000970r 1  B1 rr        	lda     (ptr1),y
000972r 1  AA           	tax
000973r 1  88           	dey
000974r 1  B1 rr        	lda     (ptr1),y
000976r 1  20 rr rr     	jsr     pushax
000979r 1  A0 05        	ldy     #$05
00097Br 1  B1 rr        	lda     (sp),y
00097Dr 1  85 rr        	sta     ptr1+1
00097Fr 1  88           	dey
000980r 1  B1 rr        	lda     (sp),y
000982r 1  85 rr        	sta     ptr1
000984r 1  A0 08        	ldy     #$08
000986r 1  B1 rr        	lda     (ptr1),y
000988r 1  AA           	tax
000989r 1  88           	dey
00098Ar 1  B1 rr        	lda     (ptr1),y
00098Cr 1  20 rr rr     	jsr     tosaddax
00098Fr 1  20 rr rr     	jsr     tosicmp
000992r 1  B0 4B        	bcs     L00F8
000994r 1  A0 02        	ldy     #$02
000996r 1  B1 rr        	lda     (sp),y
000998r 1  20 rr rr     	jsr     pusha0
00099Br 1  A0 03        	ldy     #$03
00099Dr 1  B1 rr        	lda     (sp),y
00099Fr 1  85 rr        	sta     ptr1+1
0009A1r 1  88           	dey
0009A2r 1  B1 rr        	lda     (sp),y
0009A4r 1  85 rr        	sta     ptr1
0009A6r 1  A0 06        	ldy     #$06
0009A8r 1  B1 rr        	lda     (ptr1),y
0009AAr 1  20 rr rr     	jsr     tosicmp0
0009ADr 1  90 30        	bcc     L00F8
0009AFr 1  A0 02        	ldy     #$02
0009B1r 1  B1 rr        	lda     (sp),y
0009B3r 1  20 rr rr     	jsr     pusha0
0009B6r 1  A0 03        	ldy     #$03
0009B8r 1  B1 rr        	lda     (sp),y
0009BAr 1  85 rr        	sta     ptr1+1
0009BCr 1  88           	dey
0009BDr 1  B1 rr        	lda     (sp),y
0009BFr 1  85 rr        	sta     ptr1
0009C1r 1  A0 06        	ldy     #$06
0009C3r 1  B1 rr        	lda     (ptr1),y
0009C5r 1  20 rr rr     	jsr     pusha0
0009C8r 1  A0 05        	ldy     #$05
0009CAr 1  B1 rr        	lda     (sp),y
0009CCr 1  85 rr        	sta     ptr1+1
0009CEr 1  88           	dey
0009CFr 1  B1 rr        	lda     (sp),y
0009D1r 1  85 rr        	sta     ptr1
0009D3r 1  A0 09        	ldy     #$09
0009D5r 1  B1 rr        	lda     (ptr1),y
0009D7r 1  20 rr rr     	jsr     tosadda0
0009DAr 1  20 rr rr     	jsr     tosicmp0
0009DDr 1  90 06        	bcc     L00F7
0009DFr 1  A2 00        L00F8:	ldx     #$00
0009E1r 1  8A           	txa
0009E2r 1  4C rr rr     	jmp     incsp5
0009E5r 1  A9 01        L00F7:	lda     #$01
0009E7r 1  A2 00        	ldx     #$00
0009E9r 1  4C rr rr     	jmp     incsp5
0009ECr 1               
0009ECr 1               .endproc
0009ECr 1               
0009ECr 1               ; ---------------------------------------------------------------
0009ECr 1               ; void __near__ damage_set (__near__ const struct udeks_window *)
0009ECr 1               ; ---------------------------------------------------------------
0009ECr 1               
0009ECr 1               .segment	"CODE"
0009ECr 1               
0009ECr 1               .proc	_damage_set: near
0009ECr 1               
0009ECr 1               .segment	"CODE"
0009ECr 1               
0009ECr 1  20 rr rr     	jsr     pushax
0009EFr 1  A0 01        	ldy     #$01
0009F1r 1  B1 rr        	lda     (sp),y
0009F3r 1  85 rr        	sta     ptr1+1
0009F5r 1  88           	dey
0009F6r 1  B1 rr        	lda     (sp),y
0009F8r 1  85 rr        	sta     ptr1
0009FAr 1  A0 05        	ldy     #$05
0009FCr 1  B1 rr        	lda     (ptr1),y
0009FEr 1  8D rr rr     	sta     _damage_left+1
000A01r 1  88           	dey
000A02r 1  B1 rr        	lda     (ptr1),y
000A04r 1  8D rr rr     	sta     _damage_left
000A07r 1  A0 01        	ldy     #$01
000A09r 1  B1 rr        	lda     (sp),y
000A0Br 1  85 rr        	sta     ptr1+1
000A0Dr 1  88           	dey
000A0Er 1  B1 rr        	lda     (sp),y
000A10r 1  85 rr        	sta     ptr1
000A12r 1  A0 06        	ldy     #$06
000A14r 1  B1 rr        	lda     (ptr1),y
000A16r 1  8D rr rr     	sta     _damage_top
000A19r 1  A0 01        	ldy     #$01
000A1Br 1  B1 rr        	lda     (sp),y
000A1Dr 1  85 rr        	sta     ptr1+1
000A1Fr 1  88           	dey
000A20r 1  B1 rr        	lda     (sp),y
000A22r 1  85 rr        	sta     ptr1
000A24r 1  A0 05        	ldy     #$05
000A26r 1  B1 rr        	lda     (ptr1),y
000A28r 1  AA           	tax
000A29r 1  88           	dey
000A2Ar 1  B1 rr        	lda     (ptr1),y
000A2Cr 1  20 rr rr     	jsr     pushax
000A2Fr 1  A0 03        	ldy     #$03
000A31r 1  B1 rr        	lda     (sp),y
000A33r 1  85 rr        	sta     ptr1+1
000A35r 1  88           	dey
000A36r 1  B1 rr        	lda     (sp),y
000A38r 1  85 rr        	sta     ptr1
000A3Ar 1  A0 08        	ldy     #$08
000A3Cr 1  B1 rr        	lda     (ptr1),y
000A3Er 1  AA           	tax
000A3Fr 1  88           	dey
000A40r 1  B1 rr        	lda     (ptr1),y
000A42r 1  20 rr rr     	jsr     tosaddax
000A45r 1  8D rr rr     	sta     _damage_right
000A48r 1  8E rr rr     	stx     _damage_right+1
000A4Br 1  A0 01        	ldy     #$01
000A4Dr 1  B1 rr        	lda     (sp),y
000A4Fr 1  85 rr        	sta     ptr1+1
000A51r 1  88           	dey
000A52r 1  B1 rr        	lda     (sp),y
000A54r 1  85 rr        	sta     ptr1
000A56r 1  A0 06        	ldy     #$06
000A58r 1  B1 rr        	lda     (ptr1),y
000A5Ar 1  20 rr rr     	jsr     pusha0
000A5Dr 1  A0 03        	ldy     #$03
000A5Fr 1  B1 rr        	lda     (sp),y
000A61r 1  85 rr        	sta     ptr1+1
000A63r 1  88           	dey
000A64r 1  B1 rr        	lda     (sp),y
000A66r 1  85 rr        	sta     ptr1
000A68r 1  A0 09        	ldy     #$09
000A6Ar 1  B1 rr        	lda     (ptr1),y
000A6Cr 1  20 rr rr     	jsr     tosadda0
000A6Fr 1  8D rr rr     	sta     _damage_bottom
000A72r 1  4C rr rr     	jmp     incsp2
000A75r 1               
000A75r 1               .endproc
000A75r 1               
000A75r 1               ; ---------------------------------------------------------------
000A75r 1               ; void __near__ damage_add (__near__ const struct udeks_window *)
000A75r 1               ; ---------------------------------------------------------------
000A75r 1               
000A75r 1               .segment	"CODE"
000A75r 1               
000A75r 1               .proc	_damage_add: near
000A75r 1               
000A75r 1               .segment	"CODE"
000A75r 1               
000A75r 1  20 rr rr     	jsr     pushax
000A78r 1  20 rr rr     	jsr     decsp3
000A7Br 1  A0 04        	ldy     #$04
000A7Dr 1  B1 rr        	lda     (sp),y
000A7Fr 1  85 rr        	sta     ptr1+1
000A81r 1  88           	dey
000A82r 1  B1 rr        	lda     (sp),y
000A84r 1  85 rr        	sta     ptr1
000A86r 1  A0 05        	ldy     #$05
000A88r 1  B1 rr        	lda     (ptr1),y
000A8Ar 1  AA           	tax
000A8Br 1  88           	dey
000A8Cr 1  B1 rr        	lda     (ptr1),y
000A8Er 1  20 rr rr     	jsr     pushax
000A91r 1  A0 06        	ldy     #$06
000A93r 1  B1 rr        	lda     (sp),y
000A95r 1  85 rr        	sta     ptr1+1
000A97r 1  88           	dey
000A98r 1  B1 rr        	lda     (sp),y
000A9Ar 1  85 rr        	sta     ptr1
000A9Cr 1  A0 08        	ldy     #$08
000A9Er 1  B1 rr        	lda     (ptr1),y
000AA0r 1  AA           	tax
000AA1r 1  88           	dey
000AA2r 1  B1 rr        	lda     (ptr1),y
000AA4r 1  20 rr rr     	jsr     tosaddax
000AA7r 1  A0 01        	ldy     #$01
000AA9r 1  20 rr rr     	jsr     staxysp
000AACr 1  A0 04        	ldy     #$04
000AAEr 1  B1 rr        	lda     (sp),y
000AB0r 1  85 rr        	sta     ptr1+1
000AB2r 1  88           	dey
000AB3r 1  B1 rr        	lda     (sp),y
000AB5r 1  85 rr        	sta     ptr1
000AB7r 1  A0 06        	ldy     #$06
000AB9r 1  B1 rr        	lda     (ptr1),y
000ABBr 1  20 rr rr     	jsr     pusha0
000ABEr 1  A0 06        	ldy     #$06
000AC0r 1  B1 rr        	lda     (sp),y
000AC2r 1  85 rr        	sta     ptr1+1
000AC4r 1  88           	dey
000AC5r 1  B1 rr        	lda     (sp),y
000AC7r 1  85 rr        	sta     ptr1
000AC9r 1  A0 09        	ldy     #$09
000ACBr 1  B1 rr        	lda     (ptr1),y
000ACDr 1  20 rr rr     	jsr     tosadda0
000AD0r 1  A0 00        	ldy     #$00
000AD2r 1  91 rr        	sta     (sp),y
000AD4r 1  A0 04        	ldy     #$04
000AD6r 1  B1 rr        	lda     (sp),y
000AD8r 1  85 rr        	sta     ptr1+1
000ADAr 1  88           	dey
000ADBr 1  B1 rr        	lda     (sp),y
000ADDr 1  85 rr        	sta     ptr1
000ADFr 1  A0 05        	ldy     #$05
000AE1r 1  B1 rr        	lda     (ptr1),y
000AE3r 1  AA           	tax
000AE4r 1  88           	dey
000AE5r 1  B1 rr        	lda     (ptr1),y
000AE7r 1  CD rr rr     	cmp     _damage_left
000AEAr 1  8A           	txa
000AEBr 1  ED rr rr     	sbc     _damage_left+1
000AEEr 1  B0 16        	bcs     L0549
000AF0r 1  B1 rr        	lda     (sp),y
000AF2r 1  85 rr        	sta     ptr1+1
000AF4r 1  88           	dey
000AF5r 1  B1 rr        	lda     (sp),y
000AF7r 1  85 rr        	sta     ptr1
000AF9r 1  A0 05        	ldy     #$05
000AFBr 1  B1 rr        	lda     (ptr1),y
000AFDr 1  8D rr rr     	sta     _damage_left+1
000B00r 1  88           	dey
000B01r 1  B1 rr        	lda     (ptr1),y
000B03r 1  8D rr rr     	sta     _damage_left
000B06r 1  B1 rr        L0549:	lda     (sp),y
000B08r 1  85 rr        	sta     ptr1+1
000B0Ar 1  88           	dey
000B0Br 1  B1 rr        	lda     (sp),y
000B0Dr 1  85 rr        	sta     ptr1
000B0Fr 1  A0 06        	ldy     #$06
000B11r 1  B1 rr        	lda     (ptr1),y
000B13r 1  CD rr rr     	cmp     _damage_top
000B16r 1  B0 12        	bcs     L010F
000B18r 1  A0 04        	ldy     #$04
000B1Ar 1  B1 rr        	lda     (sp),y
000B1Cr 1  85 rr        	sta     ptr1+1
000B1Er 1  88           	dey
000B1Fr 1  B1 rr        	lda     (sp),y
000B21r 1  85 rr        	sta     ptr1
000B23r 1  A0 06        	ldy     #$06
000B25r 1  B1 rr        	lda     (ptr1),y
000B27r 1  8D rr rr     	sta     _damage_top
000B2Ar 1  A0 02        L010F:	ldy     #$02
000B2Cr 1  B1 rr        	lda     (sp),y
000B2Er 1  AA           	tax
000B2Fr 1  88           	dey
000B30r 1  B1 rr        	lda     (sp),y
000B32r 1  38           	sec
000B33r 1  ED rr rr     	sbc     _damage_right
000B36r 1  85 rr        	sta     tmp1
000B38r 1  8A           	txa
000B39r 1  ED rr rr     	sbc     _damage_right+1
000B3Cr 1  05 rr        	ora     tmp1
000B3Er 1  90 0E        	bcc     L0113
000B40r 1  F0 0C        	beq     L0113
000B42r 1  C8           	iny
000B43r 1  B1 rr        	lda     (sp),y
000B45r 1  8D rr rr     	sta     _damage_right+1
000B48r 1  88           	dey
000B49r 1  B1 rr        	lda     (sp),y
000B4Br 1  8D rr rr     	sta     _damage_right
000B4Er 1  88           L0113:	dey
000B4Fr 1  B1 rr        	lda     (sp),y
000B51r 1  38           	sec
000B52r 1  ED rr rr     	sbc     _damage_bottom
000B55r 1  90 07        	bcc     L0117
000B57r 1  F0 05        	beq     L0117
000B59r 1  B1 rr        	lda     (sp),y
000B5Br 1  8D rr rr     	sta     _damage_bottom
000B5Er 1  4C rr rr     L0117:	jmp     incsp5
000B61r 1               
000B61r 1               .endproc
000B61r 1               
000B61r 1               ; ---------------------------------------------------------------
000B61r 1               ; unsigned char __near__ set_damage_intersection (unsigned int, unsigned char, unsigned int, unsigned char)
000B61r 1               ; ---------------------------------------------------------------
000B61r 1               
000B61r 1               .segment	"CODE"
000B61r 1               
000B61r 1               .proc	_set_damage_intersection: near
000B61r 1               
000B61r 1               .segment	"CODE"
000B61r 1               
000B61r 1  20 rr rr     	jsr     pusha
000B64r 1  20 rr rr     	jsr     decsp6
000B67r 1  A0 0B        	ldy     #$0B
000B69r 1  B1 rr        	lda     (sp),y
000B6Br 1  AA           	tax
000B6Cr 1  88           	dey
000B6Dr 1  B1 rr        	lda     (sp),y
000B6Fr 1  38           	sec
000B70r 1  ED rr rr     	sbc     _damage_left
000B73r 1  85 rr        	sta     tmp1
000B75r 1  8A           	txa
000B76r 1  ED rr rr     	sbc     _damage_left+1
000B79r 1  05 rr        	ora     tmp1
000B7Br 1  90 0C        	bcc     L011E
000B7Dr 1  F0 0A        	beq     L011E
000B7Fr 1  C8           	iny
000B80r 1  B1 rr        	lda     (sp),y
000B82r 1  AA           	tax
000B83r 1  88           	dey
000B84r 1  B1 rr        	lda     (sp),y
000B86r 1  4C rr rr     	jmp     L0120
000B89r 1  AD rr rr     L011E:	lda     _damage_left
000B8Cr 1  AE rr rr     	ldx     _damage_left+1
000B8Fr 1  A0 04        L0120:	ldy     #$04
000B91r 1  20 rr rr     	jsr     staxysp
000B94r 1  A0 09        	ldy     #$09
000B96r 1  B1 rr        	lda     (sp),y
000B98r 1  38           	sec
000B99r 1  ED rr rr     	sbc     _damage_top
000B9Cr 1  90 07        	bcc     L054E
000B9Er 1  F0 05        	beq     L054E
000BA0r 1  B1 rr        	lda     (sp),y
000BA2r 1  4C rr rr     	jmp     L0550
000BA5r 1  AD rr rr     L054E:	lda     _damage_top
000BA8r 1  A0 03        L0550:	ldy     #$03
000BAAr 1  91 rr        	sta     (sp),y
000BACr 1  A0 0A        	ldy     #$0A
000BAEr 1  B1 rr        	lda     (sp),y
000BB0r 1  A0 07        	ldy     #$07
000BB2r 1  18           	clc
000BB3r 1  71 rr        	adc     (sp),y
000BB5r 1  48           	pha
000BB6r 1  A0 0B        	ldy     #$0B
000BB8r 1  B1 rr        	lda     (sp),y
000BBAr 1  A0 08        	ldy     #$08
000BBCr 1  71 rr        	adc     (sp),y
000BBEr 1  AA           	tax
000BBFr 1  68           	pla
000BC0r 1  CD rr rr     	cmp     _damage_right
000BC3r 1  8A           	txa
000BC4r 1  ED rr rr     	sbc     _damage_right+1
000BC7r 1  B0 17        	bcs     L012A
000BC9r 1  A0 0A        	ldy     #$0A
000BCBr 1  B1 rr        	lda     (sp),y
000BCDr 1  A0 07        	ldy     #$07
000BCFr 1  18           	clc
000BD0r 1  71 rr        	adc     (sp),y
000BD2r 1  48           	pha
000BD3r 1  A0 0B        	ldy     #$0B
000BD5r 1  B1 rr        	lda     (sp),y
000BD7r 1  A0 08        	ldy     #$08
000BD9r 1  71 rr        	adc     (sp),y
000BDBr 1  AA           	tax
000BDCr 1  68           	pla
000BDDr 1  4C rr rr     	jmp     L012C
000BE0r 1  AD rr rr     L012A:	lda     _damage_right
000BE3r 1  AE rr rr     	ldx     _damage_right+1
000BE6r 1  A0 01        L012C:	ldy     #$01
000BE8r 1  20 rr rr     	jsr     staxysp
000BEBr 1  A0 06        	ldy     #$06
000BEDr 1  B1 rr        	lda     (sp),y
000BEFr 1  18           	clc
000BF0r 1  A0 09        	ldy     #$09
000BF2r 1  71 rr        	adc     (sp),y
000BF4r 1  CD rr rr     	cmp     _damage_bottom
000BF7r 1  B0 0C        	bcs     L0551
000BF9r 1  A0 06        	ldy     #$06
000BFBr 1  B1 rr        	lda     (sp),y
000BFDr 1  18           	clc
000BFEr 1  A0 09        	ldy     #$09
000C00r 1  71 rr        	adc     (sp),y
000C02r 1  4C rr rr     	jmp     L0553
000C05r 1  AD rr rr     L0551:	lda     _damage_bottom
000C08r 1  A0 00        L0553:	ldy     #$00
000C0Ar 1  91 rr        	sta     (sp),y
000C0Cr 1  A0 05        	ldy     #$05
000C0Er 1  B1 rr        	lda     (sp),y
000C10r 1  AA           	tax
000C11r 1  88           	dey
000C12r 1  B1 rr        	lda     (sp),y
000C14r 1  A0 01        	ldy     #$01
000C16r 1  D1 rr        	cmp     (sp),y
000C18r 1  8A           	txa
000C19r 1  C8           	iny
000C1Ar 1  F1 rr        	sbc     (sp),y
000C1Cr 1  B0 09        	bcs     L0554
000C1Er 1  C8           	iny
000C1Fr 1  B1 rr        	lda     (sp),y
000C21r 1  A0 00        	ldy     #$00
000C23r 1  D1 rr        	cmp     (sp),y
000C25r 1  90 06        	bcc     L0136
000C27r 1  A2 00        L0554:	ldx     #$00
000C29r 1  8A           	txa
000C2Ar 1  4C rr rr     	jmp     L011B
000C2Dr 1  20 rr rr     L0136:	jsr     decsp6
000C30r 1  A0 0B        	ldy     #$0B
000C32r 1  B1 rr        	lda     (sp),y
000C34r 1  AA           	tax
000C35r 1  88           	dey
000C36r 1  B1 rr        	lda     (sp),y
000C38r 1  A0 04        	ldy     #$04
000C3Ar 1  91 rr        	sta     (sp),y
000C3Cr 1  C8           	iny
000C3Dr 1  8A           	txa
000C3Er 1  91 rr        	sta     (sp),y
000C40r 1  A0 09        	ldy     #$09
000C42r 1  B1 rr        	lda     (sp),y
000C44r 1  A0 02        	ldy     #$02
000C46r 1  91 rr        	sta     (sp),y
000C48r 1  C8           	iny
000C49r 1  A9 00        	lda     #$00
000C4Br 1  91 rr        	sta     (sp),y
000C4Dr 1  A0 08        	ldy     #$08
000C4Fr 1  B1 rr        	lda     (sp),y
000C51r 1  AA           	tax
000C52r 1  88           	dey
000C53r 1  B1 rr        	lda     (sp),y
000C55r 1  38           	sec
000C56r 1  A0 0A        	ldy     #$0A
000C58r 1  F1 rr        	sbc     (sp),y
000C5Ar 1  48           	pha
000C5Br 1  8A           	txa
000C5Cr 1  C8           	iny
000C5Dr 1  F1 rr        	sbc     (sp),y
000C5Fr 1  AA           	tax
000C60r 1  68           	pla
000C61r 1  A0 00        	ldy     #$00
000C63r 1  91 rr        	sta     (sp),y
000C65r 1  C8           	iny
000C66r 1  8A           	txa
000C67r 1  91 rr        	sta     (sp),y
000C69r 1  A0 06        	ldy     #$06
000C6Br 1  B1 rr        	lda     (sp),y
000C6Dr 1  38           	sec
000C6Er 1  A0 09        	ldy     #$09
000C70r 1  F1 rr        	sbc     (sp),y
000C72r 1  A2 00        	ldx     #$00
000C74r 1  20 rr rr     	jsr     _udeks_vic_bitmap_set_clip
000C77r 1  A2 00        	ldx     #$00
000C79r 1  A9 01        	lda     #$01
000C7Br 1  A0 0C        L011B:	ldy     #$0C
000C7Dr 1  4C rr rr     	jmp     addysp
000C80r 1               
000C80r 1               .endproc
000C80r 1               
000C80r 1               ; ---------------------------------------------------------------
000C80r 1               ; void __near__ draw_glyph (int, int, __near__ const unsigned char *)
000C80r 1               ; ---------------------------------------------------------------
000C80r 1               
000C80r 1               .segment	"CODE"
000C80r 1               
000C80r 1               .proc	_draw_glyph: near
000C80r 1               
000C80r 1               .segment	"CODE"
000C80r 1               
000C80r 1  20 rr rr     	jsr     pushax
000C83r 1  20 rr rr     	jsr     decsp2
000C86r 1  A9 00        	lda     #$00
000C88r 1  A0 01        	ldy     #$01
000C8Ar 1  91 rr        L0557:	sta     (sp),y
000C8Cr 1  C9 05        	cmp     #$05
000C8Er 1  B0 7B        	bcs     L0142
000C90r 1  A9 00        	lda     #$00
000C92r 1  88           	dey
000C93r 1  91 rr        L0556:	sta     (sp),y
000C95r 1  C9 03        	cmp     #$03
000C97r 1  B0 6A        	bcs     L0143
000C99r 1  A0 03        	ldy     #$03
000C9Br 1  B1 rr        	lda     (sp),y
000C9Dr 1  85 rr        	sta     ptr1+1
000C9Fr 1  88           	dey
000CA0r 1  B1 rr        	lda     (sp),y
000CA2r 1  85 rr        	sta     ptr1
000CA4r 1  88           	dey
000CA5r 1  B1 rr        	lda     (sp),y
000CA7r 1  A8           	tay
000CA8r 1  B1 rr        	lda     (ptr1),y
000CAAr 1  85 rr        	sta     ptr1
000CACr 1  A0 00        	ldy     #$00
000CAEr 1  B1 rr        	lda     (sp),y
000CB0r 1  A8           	tay
000CB1r 1  A9 04        	lda     #$04
000CB3r 1  4A           L0555:	lsr     a
000CB4r 1  88           	dey
000CB5r 1  10 FC        	bpl     L0555
000CB7r 1  2A           	rol     a
000CB8r 1  A2 00        	ldx     #$00
000CBAr 1  25 rr        	and     ptr1
000CBCr 1  48           	pha
000CBDr 1  68           	pla
000CBEr 1  F0 39        	beq     L014B
000CC0r 1  20 rr rr     	jsr     decsp4
000CC3r 1  A0 04        	ldy     #$04
000CC5r 1  B1 rr        	lda     (sp),y
000CC7r 1  18           	clc
000CC8r 1  A0 0A        	ldy     #$0A
000CCAr 1  71 rr        	adc     (sp),y
000CCCr 1  48           	pha
000CCDr 1  8A           	txa
000CCEr 1  C8           	iny
000CCFr 1  71 rr        	adc     (sp),y
000CD1r 1  AA           	tax
000CD2r 1  68           	pla
000CD3r 1  A0 02        	ldy     #$02
000CD5r 1  91 rr        	sta     (sp),y
000CD7r 1  C8           	iny
000CD8r 1  8A           	txa
000CD9r 1  91 rr        	sta     (sp),y
000CDBr 1  A0 05        	ldy     #$05
000CDDr 1  B1 rr        	lda     (sp),y
000CDFr 1  18           	clc
000CE0r 1  A0 08        	ldy     #$08
000CE2r 1  71 rr        	adc     (sp),y
000CE4r 1  48           	pha
000CE5r 1  A9 00        	lda     #$00
000CE7r 1  C8           	iny
000CE8r 1  71 rr        	adc     (sp),y
000CEAr 1  AA           	tax
000CEBr 1  68           	pla
000CECr 1  A0 00        	ldy     #$00
000CEEr 1  91 rr        	sta     (sp),y
000CF0r 1  C8           	iny
000CF1r 1  8A           	txa
000CF2r 1  91 rr        	sta     (sp),y
000CF4r 1  A9 00        	lda     #$00
000CF6r 1  20 rr rr     	jsr     _udeks_vic_bitmap_pixel
000CF9r 1  A0 00        L014B:	ldy     #$00
000CFBr 1  18           	clc
000CFCr 1  A9 01        	lda     #$01
000CFEr 1  71 rr        	adc     (sp),y
000D00r 1  4C rr rr     	jmp     L0556
000D03r 1  C8           L0143:	iny
000D04r 1  18           	clc
000D05r 1  98           	tya
000D06r 1  71 rr        	adc     (sp),y
000D08r 1  4C rr rr     	jmp     L0557
000D0Br 1  4C rr rr     L0142:	jmp     incsp8
000D0Er 1               
000D0Er 1               .endproc
000D0Er 1               
000D0Er 1               ; ---------------------------------------------------------------
000D0Er 1               ; void __near__ draw_title (__near__ const struct udeks_window *)
000D0Er 1               ; ---------------------------------------------------------------
000D0Er 1               
000D0Er 1               .segment	"CODE"
000D0Er 1               
000D0Er 1               .proc	_draw_title: near
000D0Er 1               
000D0Er 1               .segment	"CODE"
000D0Er 1               
000D0Er 1  20 rr rr     	jsr     pushax
000D11r 1  20 rr rr     	jsr     decsp7
000D14r 1  A0 08        	ldy     #$08
000D16r 1  B1 rr        	lda     (sp),y
000D18r 1  85 rr        	sta     ptr1+1
000D1Ar 1  88           	dey
000D1Br 1  B1 rr        	lda     (sp),y
000D1Dr 1  85 rr        	sta     ptr1
000D1Fr 1  A0 0C        	ldy     #$0C
000D21r 1  B1 rr        	lda     (ptr1),y
000D23r 1  AA           	tax
000D24r 1  88           	dey
000D25r 1  B1 rr        	lda     (ptr1),y
000D27r 1  A0 05        	ldy     #$05
000D29r 1  20 rr rr     	jsr     staxysp
000D2Cr 1  A0 08        	ldy     #$08
000D2Er 1  B1 rr        	lda     (sp),y
000D30r 1  85 rr        	sta     ptr1+1
000D32r 1  88           	dey
000D33r 1  B1 rr        	lda     (sp),y
000D35r 1  85 rr        	sta     ptr1
000D37r 1  A0 05        	ldy     #$05
000D39r 1  B1 rr        	lda     (ptr1),y
000D3Br 1  AA           	tax
000D3Cr 1  88           	dey
000D3Dr 1  B1 rr        	lda     (ptr1),y
000D3Fr 1  18           	clc
000D40r 1  69 04        	adc     #$04
000D42r 1  90 01        	bcc     L0160
000D44r 1  E8           	inx
000D45r 1  A0 02        L0160:	ldy     #$02
000D47r 1  20 rr rr     	jsr     staxysp
000D4Ar 1  A0 08        	ldy     #$08
000D4Cr 1  B1 rr        	lda     (sp),y
000D4Er 1  85 rr        	sta     ptr1+1
000D50r 1  88           	dey
000D51r 1  B1 rr        	lda     (sp),y
000D53r 1  85 rr        	sta     ptr1
000D55r 1  A0 05        	ldy     #$05
000D57r 1  B1 rr        	lda     (ptr1),y
000D59r 1  AA           	tax
000D5Ar 1  88           	dey
000D5Br 1  B1 rr        	lda     (ptr1),y
000D5Dr 1  20 rr rr     	jsr     pushax
000D60r 1  A0 0A        	ldy     #$0A
000D62r 1  B1 rr        	lda     (sp),y
000D64r 1  85 rr        	sta     ptr1+1
000D66r 1  88           	dey
000D67r 1  B1 rr        	lda     (sp),y
000D69r 1  85 rr        	sta     ptr1
000D6Br 1  88           	dey
000D6Cr 1  B1 rr        	lda     (ptr1),y
000D6Er 1  AA           	tax
000D6Fr 1  88           	dey
000D70r 1  B1 rr        	lda     (ptr1),y
000D72r 1  20 rr rr     	jsr     tosaddax
000D75r 1  38           	sec
000D76r 1  E9 0E        	sbc     #$0E
000D78r 1  B0 01        	bcs     L0164
000D7Ar 1  CA           	dex
000D7Br 1  20 rr rr     L0164:	jsr     stax0sp
000D7Er 1  4C rr rr     	jmp     L0167
000D81r 1  A0 06        L0165:	ldy     #$06
000D83r 1  B1 rr        	lda     (sp),y
000D85r 1  AA           	tax
000D86r 1  88           	dey
000D87r 1  B1 rr        	lda     (sp),y
000D89r 1  85 rr        	sta     regsave
000D8Br 1  86 rr        	stx     regsave+1
000D8Dr 1  18           	clc
000D8Er 1  69 01        	adc     #$01
000D90r 1  90 01        	bcc     L016F
000D92r 1  E8           	inx
000D93r 1  20 rr rr     L016F:	jsr     staxysp
000D96r 1  A0 00        	ldy     #$00
000D98r 1  B1 rr        	lda     (regsave),y
000D9Ar 1  A0 04        	ldy     #$04
000D9Cr 1  91 rr        	sta     (sp),y
000D9Er 1  C9 61        	cmp     #$61
000DA0r 1  90 0B        	bcc     L055D
000DA2r 1  B1 rr        	lda     (sp),y
000DA4r 1  C9 7B        	cmp     #$7B
000DA6r 1  B0 05        	bcs     L055D
000DA8r 1  38           	sec
000DA9r 1  E9 20        	sbc     #$20
000DABr 1  91 rr        	sta     (sp),y
000DADr 1  B1 rr        L055D:	lda     (sp),y
000DAFr 1  C9 41        	cmp     #$41
000DB1r 1  90 51        	bcc     L0179
000DB3r 1  C9 5B        	cmp     #$5B
000DB5r 1  B0 4D        	bcs     L0179
000DB7r 1  20 rr rr     	jsr     decsp4
000DBAr 1  A0 07        	ldy     #$07
000DBCr 1  B1 rr        	lda     (sp),y
000DBEr 1  AA           	tax
000DBFr 1  88           	dey
000DC0r 1  B1 rr        	lda     (sp),y
000DC2r 1  A0 02        	ldy     #$02
000DC4r 1  91 rr        	sta     (sp),y
000DC6r 1  C8           	iny
000DC7r 1  8A           	txa
000DC8r 1  91 rr        	sta     (sp),y
000DCAr 1  A0 0C        	ldy     #$0C
000DCCr 1  B1 rr        	lda     (sp),y
000DCEr 1  85 rr        	sta     ptr1+1
000DD0r 1  88           	dey
000DD1r 1  B1 rr        	lda     (sp),y
000DD3r 1  85 rr        	sta     ptr1
000DD5r 1  A0 06        	ldy     #$06
000DD7r 1  A2 00        	ldx     #$00
000DD9r 1  B1 rr        	lda     (ptr1),y
000DDBr 1  18           	clc
000DDCr 1  69 04        	adc     #$04
000DDEr 1  90 01        	bcc     L0180
000DE0r 1  E8           	inx
000DE1r 1  A0 00        L0180:	ldy     #$00
000DE3r 1  91 rr        	sta     (sp),y
000DE5r 1  C8           	iny
000DE6r 1  8A           	txa
000DE7r 1  91 rr        	sta     (sp),y
000DE9r 1  A0 08        	ldy     #$08
000DEBr 1  A2 00        	ldx     #$00
000DEDr 1  B1 rr        	lda     (sp),y
000DEFr 1  38           	sec
000DF0r 1  E9 41        	sbc     #$41
000DF2r 1  B0 01        	bcs     L0183
000DF4r 1  CA           	dex
000DF5r 1  20 rr rr     L0183:	jsr     mulax5
000DF8r 1  18           	clc
000DF9r 1  69 rr        	adc     #<(_title_glyphs)
000DFBr 1  A8           	tay
000DFCr 1  8A           	txa
000DFDr 1  69 rr        	adc     #>(_title_glyphs)
000DFFr 1  AA           	tax
000E00r 1  98           	tya
000E01r 1  20 rr rr     	jsr     _draw_glyph
000E04r 1  A0 02        L0179:	ldy     #$02
000E06r 1  A2 00        	ldx     #$00
000E08r 1  A9 04        	lda     #$04
000E0Ar 1  20 rr rr     	jsr     addeqysp
000E0Dr 1  A0 05        L0167:	ldy     #$05
000E0Fr 1  B1 rr        	lda     (sp),y
000E11r 1  C8           	iny
000E12r 1  11 rr        	ora     (sp),y
000E14r 1  F0 35        	beq     L0558
000E16r 1  B1 rr        	lda     (sp),y
000E18r 1  85 rr        	sta     ptr1+1
000E1Ar 1  88           	dey
000E1Br 1  B1 rr        	lda     (sp),y
000E1Dr 1  85 rr        	sta     ptr1
000E1Fr 1  A0 00        	ldy     #$00
000E21r 1  B1 rr        	lda     (ptr1),y
000E23r 1  F0 26        	beq     L0558
000E25r 1  A0 03        	ldy     #$03
000E27r 1  B1 rr        	lda     (sp),y
000E29r 1  AA           	tax
000E2Ar 1  88           	dey
000E2Br 1  B1 rr        	lda     (sp),y
000E2Dr 1  18           	clc
000E2Er 1  69 03        	adc     #$03
000E30r 1  90 01        	bcc     L016B
000E32r 1  E8           	inx
000E33r 1  20 rr rr     L016B:	jsr     pushax
000E36r 1  A0 03        	ldy     #$03
000E38r 1  B1 rr        	lda     (sp),y
000E3Ar 1  AA           	tax
000E3Br 1  88           	dey
000E3Cr 1  B1 rr        	lda     (sp),y
000E3Er 1  20 rr rr     	jsr     tosicmp
000E41r 1  10 03 4C rr  	jmi     L0165
000E45r 1  rr           
000E46r 1  D0 03 4C rr  	jeq     L0165
000E4Ar 1  rr           
000E4Br 1  A0 09        L0558:	ldy     #$09
000E4Dr 1  4C rr rr     	jmp     addysp
000E50r 1               
000E50r 1               .endproc
000E50r 1               
000E50r 1               ; ---------------------------------------------------------------
000E50r 1               ; void __near__ draw_chrome (__near__ const struct udeks_window *)
000E50r 1               ; ---------------------------------------------------------------
000E50r 1               
000E50r 1               .segment	"CODE"
000E50r 1               
000E50r 1               .proc	_draw_chrome: near
000E50r 1               
000E50r 1               .segment	"CODE"
000E50r 1               
000E50r 1  20 rr rr     	jsr     pushax
000E53r 1  A0 0E        	ldy     #$0E
000E55r 1  20 rr rr     	jsr     subysp
000E58r 1  A0 0F        	ldy     #$0F
000E5Ar 1  B1 rr        	lda     (sp),y
000E5Cr 1  85 rr        	sta     ptr1+1
000E5Er 1  88           	dey
000E5Fr 1  B1 rr        	lda     (sp),y
000E61r 1  85 rr        	sta     ptr1
000E63r 1  A0 05        	ldy     #$05
000E65r 1  B1 rr        	lda     (ptr1),y
000E67r 1  AA           	tax
000E68r 1  88           	dey
000E69r 1  B1 rr        	lda     (ptr1),y
000E6Br 1  A0 06        	ldy     #$06
000E6Dr 1  91 rr        	sta     (sp),y
000E6Fr 1  C8           	iny
000E70r 1  8A           	txa
000E71r 1  91 rr        	sta     (sp),y
000E73r 1  A0 0F        	ldy     #$0F
000E75r 1  B1 rr        	lda     (sp),y
000E77r 1  85 rr        	sta     ptr1+1
000E79r 1  88           	dey
000E7Ar 1  B1 rr        	lda     (sp),y
000E7Cr 1  85 rr        	sta     ptr1
000E7Er 1  A0 06        	ldy     #$06
000E80r 1  B1 rr        	lda     (ptr1),y
000E82r 1  A0 04        	ldy     #$04
000E84r 1  91 rr        	sta     (sp),y
000E86r 1  C8           	iny
000E87r 1  A9 00        	lda     #$00
000E89r 1  91 rr        	sta     (sp),y
000E8Br 1  A0 0F        	ldy     #$0F
000E8Dr 1  B1 rr        	lda     (sp),y
000E8Fr 1  85 rr        	sta     ptr1+1
000E91r 1  88           	dey
000E92r 1  B1 rr        	lda     (sp),y
000E94r 1  85 rr        	sta     ptr1
000E96r 1  A0 08        	ldy     #$08
000E98r 1  B1 rr        	lda     (ptr1),y
000E9Ar 1  AA           	tax
000E9Br 1  88           	dey
000E9Cr 1  B1 rr        	lda     (ptr1),y
000E9Er 1  A0 02        	ldy     #$02
000EA0r 1  91 rr        	sta     (sp),y
000EA2r 1  C8           	iny
000EA3r 1  8A           	txa
000EA4r 1  91 rr        	sta     (sp),y
000EA6r 1  A0 0F        	ldy     #$0F
000EA8r 1  B1 rr        	lda     (sp),y
000EAAr 1  85 rr        	sta     ptr1+1
000EACr 1  88           	dey
000EADr 1  B1 rr        	lda     (sp),y
000EAFr 1  85 rr        	sta     ptr1
000EB1r 1  A0 09        	ldy     #$09
000EB3r 1  B1 rr        	lda     (ptr1),y
000EB5r 1  A0 00        	ldy     #$00
000EB7r 1  91 rr        	sta     (sp),y
000EB9r 1  C8           	iny
000EBAr 1  A9 00        	lda     #$00
000EBCr 1  91 rr        	sta     (sp),y
000EBEr 1  20 rr rr     	jsr     _udeks_vic_bitmap_rectangle
000EC1r 1  20 rr rr     	jsr     decsp8
000EC4r 1  A0 0F        	ldy     #$0F
000EC6r 1  B1 rr        	lda     (sp),y
000EC8r 1  85 rr        	sta     ptr1+1
000ECAr 1  88           	dey
000ECBr 1  B1 rr        	lda     (sp),y
000ECDr 1  85 rr        	sta     ptr1
000ECFr 1  A0 05        	ldy     #$05
000ED1r 1  B1 rr        	lda     (ptr1),y
000ED3r 1  AA           	tax
000ED4r 1  88           	dey
000ED5r 1  B1 rr        	lda     (ptr1),y
000ED7r 1  18           	clc
000ED8r 1  69 02        	adc     #$02
000EDAr 1  90 01        	bcc     L018F
000EDCr 1  E8           	inx
000EDDr 1  A0 06        L018F:	ldy     #$06
000EDFr 1  91 rr        	sta     (sp),y
000EE1r 1  C8           	iny
000EE2r 1  8A           	txa
000EE3r 1  91 rr        	sta     (sp),y
000EE5r 1  A0 0F        	ldy     #$0F
000EE7r 1  B1 rr        	lda     (sp),y
000EE9r 1  85 rr        	sta     ptr1+1
000EEBr 1  88           	dey
000EECr 1  B1 rr        	lda     (sp),y
000EEEr 1  85 rr        	sta     ptr1
000EF0r 1  A0 06        	ldy     #$06
000EF2r 1  A2 00        	ldx     #$00
000EF4r 1  B1 rr        	lda     (ptr1),y
000EF6r 1  18           	clc
000EF7r 1  69 02        	adc     #$02
000EF9r 1  90 01        	bcc     L0191
000EFBr 1  E8           	inx
000EFCr 1  A0 04        L0191:	ldy     #$04
000EFEr 1  91 rr        	sta     (sp),y
000F00r 1  C8           	iny
000F01r 1  8A           	txa
000F02r 1  91 rr        	sta     (sp),y
000F04r 1  A0 0F        	ldy     #$0F
000F06r 1  B1 rr        	lda     (sp),y
000F08r 1  85 rr        	sta     ptr1+1
000F0Ar 1  88           	dey
000F0Br 1  B1 rr        	lda     (sp),y
000F0Dr 1  85 rr        	sta     ptr1
000F0Fr 1  A0 08        	ldy     #$08
000F11r 1  B1 rr        	lda     (ptr1),y
000F13r 1  AA           	tax
000F14r 1  88           	dey
000F15r 1  B1 rr        	lda     (ptr1),y
000F17r 1  38           	sec
000F18r 1  E9 04        	sbc     #$04
000F1Ar 1  B0 01        	bcs     L0193
000F1Cr 1  CA           	dex
000F1Dr 1  A0 02        L0193:	ldy     #$02
000F1Fr 1  91 rr        	sta     (sp),y
000F21r 1  C8           	iny
000F22r 1  8A           	txa
000F23r 1  91 rr        	sta     (sp),y
000F25r 1  A0 0F        	ldy     #$0F
000F27r 1  B1 rr        	lda     (sp),y
000F29r 1  85 rr        	sta     ptr1+1
000F2Br 1  88           	dey
000F2Cr 1  B1 rr        	lda     (sp),y
000F2Er 1  85 rr        	sta     ptr1
000F30r 1  A0 09        	ldy     #$09
000F32r 1  A2 00        	ldx     #$00
000F34r 1  B1 rr        	lda     (ptr1),y
000F36r 1  38           	sec
000F37r 1  E9 04        	sbc     #$04
000F39r 1  B0 01        	bcs     L0195
000F3Br 1  CA           	dex
000F3Cr 1  A0 00        L0195:	ldy     #$00
000F3Er 1  91 rr        	sta     (sp),y
000F40r 1  C8           	iny
000F41r 1  8A           	txa
000F42r 1  91 rr        	sta     (sp),y
000F44r 1  A9 00        	lda     #$00
000F46r 1  20 rr rr     	jsr     _udeks_vic_bitmap_rectangle
000F49r 1  20 rr rr     	jsr     decsp8
000F4Cr 1  A0 0F        	ldy     #$0F
000F4Er 1  B1 rr        	lda     (sp),y
000F50r 1  85 rr        	sta     ptr1+1
000F52r 1  88           	dey
000F53r 1  B1 rr        	lda     (sp),y
000F55r 1  85 rr        	sta     ptr1
000F57r 1  A0 05        	ldy     #$05
000F59r 1  B1 rr        	lda     (ptr1),y
000F5Br 1  AA           	tax
000F5Cr 1  88           	dey
000F5Dr 1  B1 rr        	lda     (ptr1),y
000F5Fr 1  18           	clc
000F60r 1  69 02        	adc     #$02
000F62r 1  90 01        	bcc     L0199
000F64r 1  E8           	inx
000F65r 1  A0 06        L0199:	ldy     #$06
000F67r 1  91 rr        	sta     (sp),y
000F69r 1  C8           	iny
000F6Ar 1  8A           	txa
000F6Br 1  91 rr        	sta     (sp),y
000F6Dr 1  A0 0F        	ldy     #$0F
000F6Fr 1  B1 rr        	lda     (sp),y
000F71r 1  85 rr        	sta     ptr1+1
000F73r 1  88           	dey
000F74r 1  B1 rr        	lda     (sp),y
000F76r 1  85 rr        	sta     ptr1
000F78r 1  A0 06        	ldy     #$06
000F7Ar 1  A2 00        	ldx     #$00
000F7Cr 1  B1 rr        	lda     (ptr1),y
000F7Er 1  18           	clc
000F7Fr 1  69 0D        	adc     #$0D
000F81r 1  90 01        	bcc     L019B
000F83r 1  E8           	inx
000F84r 1  A0 04        L019B:	ldy     #$04
000F86r 1  91 rr        	sta     (sp),y
000F88r 1  C8           	iny
000F89r 1  8A           	txa
000F8Ar 1  91 rr        	sta     (sp),y
000F8Cr 1  A0 0F        	ldy     #$0F
000F8Er 1  B1 rr        	lda     (sp),y
000F90r 1  85 rr        	sta     ptr1+1
000F92r 1  88           	dey
000F93r 1  B1 rr        	lda     (sp),y
000F95r 1  85 rr        	sta     ptr1
000F97r 1  A0 05        	ldy     #$05
000F99r 1  B1 rr        	lda     (ptr1),y
000F9Br 1  AA           	tax
000F9Cr 1  88           	dey
000F9Dr 1  B1 rr        	lda     (ptr1),y
000F9Fr 1  20 rr rr     	jsr     pushax
000FA2r 1  A0 11        	ldy     #$11
000FA4r 1  B1 rr        	lda     (sp),y
000FA6r 1  85 rr        	sta     ptr1+1
000FA8r 1  88           	dey
000FA9r 1  B1 rr        	lda     (sp),y
000FABr 1  85 rr        	sta     ptr1
000FADr 1  A0 08        	ldy     #$08
000FAFr 1  B1 rr        	lda     (ptr1),y
000FB1r 1  AA           	tax
000FB2r 1  88           	dey
000FB3r 1  B1 rr        	lda     (ptr1),y
000FB5r 1  20 rr rr     	jsr     tosaddax
000FB8r 1  38           	sec
000FB9r 1  E9 03        	sbc     #$03
000FBBr 1  B0 01        	bcs     L019D
000FBDr 1  CA           	dex
000FBEr 1  A0 02        L019D:	ldy     #$02
000FC0r 1  91 rr        	sta     (sp),y
000FC2r 1  C8           	iny
000FC3r 1  8A           	txa
000FC4r 1  91 rr        	sta     (sp),y
000FC6r 1  A0 0F        	ldy     #$0F
000FC8r 1  B1 rr        	lda     (sp),y
000FCAr 1  85 rr        	sta     ptr1+1
000FCCr 1  88           	dey
000FCDr 1  B1 rr        	lda     (sp),y
000FCFr 1  85 rr        	sta     ptr1
000FD1r 1  A0 06        	ldy     #$06
000FD3r 1  A2 00        	ldx     #$00
000FD5r 1  B1 rr        	lda     (ptr1),y
000FD7r 1  18           	clc
000FD8r 1  69 0D        	adc     #$0D
000FDAr 1  90 01        	bcc     L019F
000FDCr 1  E8           	inx
000FDDr 1  A0 00        L019F:	ldy     #$00
000FDFr 1  91 rr        	sta     (sp),y
000FE1r 1  C8           	iny
000FE2r 1  8A           	txa
000FE3r 1  91 rr        	sta     (sp),y
000FE5r 1  A9 00        	lda     #$00
000FE7r 1  20 rr rr     	jsr     _udeks_vic_bitmap_line
000FEAr 1  A0 07        	ldy     #$07
000FECr 1  B1 rr        	lda     (sp),y
000FEEr 1  AA           	tax
000FEFr 1  88           	dey
000FF0r 1  B1 rr        	lda     (sp),y
000FF2r 1  20 rr rr     	jsr     _draw_title
000FF5r 1  A0 07        	ldy     #$07
000FF7r 1  B1 rr        	lda     (sp),y
000FF9r 1  85 rr        	sta     ptr1+1
000FFBr 1  88           	dey
000FFCr 1  B1 rr        	lda     (sp),y
000FFEr 1  85 rr        	sta     ptr1
001000r 1  A0 03        	ldy     #$03
001002r 1  B1 rr        	lda     (ptr1),y
001004r 1  29 04        	and     #$04
001006r 1  D0 03 4C rr  	jeq     L01A3
00100Ar 1  rr           
00100Br 1  A0 07        	ldy     #$07
00100Dr 1  B1 rr        	lda     (sp),y
00100Fr 1  85 rr        	sta     ptr1+1
001011r 1  88           	dey
001012r 1  B1 rr        	lda     (sp),y
001014r 1  85 rr        	sta     ptr1
001016r 1  88           	dey
001017r 1  B1 rr        	lda     (ptr1),y
001019r 1  AA           	tax
00101Ar 1  88           	dey
00101Br 1  B1 rr        	lda     (ptr1),y
00101Dr 1  20 rr rr     	jsr     pushax
001020r 1  A0 09        	ldy     #$09
001022r 1  B1 rr        	lda     (sp),y
001024r 1  85 rr        	sta     ptr1+1
001026r 1  88           	dey
001027r 1  B1 rr        	lda     (sp),y
001029r 1  85 rr        	sta     ptr1
00102Br 1  B1 rr        	lda     (ptr1),y
00102Dr 1  AA           	tax
00102Er 1  88           	dey
00102Fr 1  B1 rr        	lda     (ptr1),y
001031r 1  20 rr rr     	jsr     tosaddax
001034r 1  38           	sec
001035r 1  E9 0C        	sbc     #$0C
001037r 1  B0 01        	bcs     L01AA
001039r 1  CA           	dex
00103Ar 1  A0 04        L01AA:	ldy     #$04
00103Cr 1  20 rr rr     	jsr     staxysp
00103Fr 1  20 rr rr     	jsr     decsp8
001042r 1  A0 0D        	ldy     #$0D
001044r 1  B1 rr        	lda     (sp),y
001046r 1  AA           	tax
001047r 1  88           	dey
001048r 1  B1 rr        	lda     (sp),y
00104Ar 1  A0 06        	ldy     #$06
00104Cr 1  91 rr        	sta     (sp),y
00104Er 1  C8           	iny
00104Fr 1  8A           	txa
001050r 1  91 rr        	sta     (sp),y
001052r 1  A0 0F        	ldy     #$0F
001054r 1  B1 rr        	lda     (sp),y
001056r 1  85 rr        	sta     ptr1+1
001058r 1  88           	dey
001059r 1  B1 rr        	lda     (sp),y
00105Br 1  85 rr        	sta     ptr1
00105Dr 1  A0 06        	ldy     #$06
00105Fr 1  A2 00        	ldx     #$00
001061r 1  B1 rr        	lda     (ptr1),y
001063r 1  18           	clc
001064r 1  69 03        	adc     #$03
001066r 1  90 01        	bcc     L01AE
001068r 1  E8           	inx
001069r 1  A0 04        L01AE:	ldy     #$04
00106Br 1  91 rr        	sta     (sp),y
00106Dr 1  C8           	iny
00106Er 1  8A           	txa
00106Fr 1  91 rr        	sta     (sp),y
001071r 1  A9 08        	lda     #$08
001073r 1  A0 02        	ldy     #$02
001075r 1  91 rr        	sta     (sp),y
001077r 1  C8           	iny
001078r 1  A9 00        	lda     #$00
00107Ar 1  91 rr        	sta     (sp),y
00107Cr 1  A9 08        	lda     #$08
00107Er 1  A0 00        	ldy     #$00
001080r 1  91 rr        	sta     (sp),y
001082r 1  C8           	iny
001083r 1  A9 00        	lda     #$00
001085r 1  91 rr        	sta     (sp),y
001087r 1  20 rr rr     	jsr     _udeks_vic_bitmap_rectangle
00108Ar 1  20 rr rr     	jsr     decsp8
00108Dr 1  A0 0D        	ldy     #$0D
00108Fr 1  B1 rr        	lda     (sp),y
001091r 1  AA           	tax
001092r 1  88           	dey
001093r 1  B1 rr        	lda     (sp),y
001095r 1  18           	clc
001096r 1  69 02        	adc     #$02
001098r 1  90 01        	bcc     L01B4
00109Ar 1  E8           	inx
00109Br 1  A0 06        L01B4:	ldy     #$06
00109Dr 1  91 rr        	sta     (sp),y
00109Fr 1  C8           	iny
0010A0r 1  8A           	txa
0010A1r 1  91 rr        	sta     (sp),y
0010A3r 1  A0 0F        	ldy     #$0F
0010A5r 1  B1 rr        	lda     (sp),y
0010A7r 1  85 rr        	sta     ptr1+1
0010A9r 1  88           	dey
0010AAr 1  B1 rr        	lda     (sp),y
0010ACr 1  85 rr        	sta     ptr1
0010AEr 1  A0 06        	ldy     #$06
0010B0r 1  A2 00        	ldx     #$00
0010B2r 1  B1 rr        	lda     (ptr1),y
0010B4r 1  18           	clc
0010B5r 1  69 05        	adc     #$05
0010B7r 1  90 01        	bcc     L01B6
0010B9r 1  E8           	inx
0010BAr 1  A0 04        L01B6:	ldy     #$04
0010BCr 1  91 rr        	sta     (sp),y
0010BEr 1  C8           	iny
0010BFr 1  8A           	txa
0010C0r 1  91 rr        	sta     (sp),y
0010C2r 1  A0 0D        	ldy     #$0D
0010C4r 1  B1 rr        	lda     (sp),y
0010C6r 1  AA           	tax
0010C7r 1  88           	dey
0010C8r 1  B1 rr        	lda     (sp),y
0010CAr 1  18           	clc
0010CBr 1  69 05        	adc     #$05
0010CDr 1  90 01        	bcc     L01B8
0010CFr 1  E8           	inx
0010D0r 1  A0 02        L01B8:	ldy     #$02
0010D2r 1  91 rr        	sta     (sp),y
0010D4r 1  C8           	iny
0010D5r 1  8A           	txa
0010D6r 1  91 rr        	sta     (sp),y
0010D8r 1  A0 0F        	ldy     #$0F
0010DAr 1  B1 rr        	lda     (sp),y
0010DCr 1  85 rr        	sta     ptr1+1
0010DEr 1  88           	dey
0010DFr 1  B1 rr        	lda     (sp),y
0010E1r 1  85 rr        	sta     ptr1
0010E3r 1  A0 06        	ldy     #$06
0010E5r 1  A2 00        	ldx     #$00
0010E7r 1  B1 rr        	lda     (ptr1),y
0010E9r 1  18           	clc
0010EAr 1  69 08        	adc     #$08
0010ECr 1  90 01        	bcc     L01BA
0010EEr 1  E8           	inx
0010EFr 1  A0 00        L01BA:	ldy     #$00
0010F1r 1  91 rr        	sta     (sp),y
0010F3r 1  C8           	iny
0010F4r 1  8A           	txa
0010F5r 1  91 rr        	sta     (sp),y
0010F7r 1  A9 00        	lda     #$00
0010F9r 1  20 rr rr     	jsr     _udeks_vic_bitmap_line
0010FCr 1  20 rr rr     	jsr     decsp8
0010FFr 1  A0 0D        	ldy     #$0D
001101r 1  B1 rr        	lda     (sp),y
001103r 1  AA           	tax
001104r 1  88           	dey
001105r 1  B1 rr        	lda     (sp),y
001107r 1  18           	clc
001108r 1  69 05        	adc     #$05
00110Ar 1  90 01        	bcc     L01BE
00110Cr 1  E8           	inx
00110Dr 1  A0 06        L01BE:	ldy     #$06
00110Fr 1  91 rr        	sta     (sp),y
001111r 1  C8           	iny
001112r 1  8A           	txa
001113r 1  91 rr        	sta     (sp),y
001115r 1  A0 0F        	ldy     #$0F
001117r 1  B1 rr        	lda     (sp),y
001119r 1  85 rr        	sta     ptr1+1
00111Br 1  88           	dey
00111Cr 1  B1 rr        	lda     (sp),y
00111Er 1  85 rr        	sta     ptr1
001120r 1  A0 06        	ldy     #$06
001122r 1  A2 00        	ldx     #$00
001124r 1  B1 rr        	lda     (ptr1),y
001126r 1  18           	clc
001127r 1  69 05        	adc     #$05
001129r 1  90 01        	bcc     L01C0
00112Br 1  E8           	inx
00112Cr 1  A0 04        L01C0:	ldy     #$04
00112Er 1  91 rr        	sta     (sp),y
001130r 1  C8           	iny
001131r 1  8A           	txa
001132r 1  91 rr        	sta     (sp),y
001134r 1  A0 0D        	ldy     #$0D
001136r 1  B1 rr        	lda     (sp),y
001138r 1  AA           	tax
001139r 1  88           	dey
00113Ar 1  B1 rr        	lda     (sp),y
00113Cr 1  18           	clc
00113Dr 1  69 02        	adc     #$02
00113Fr 1  90 01        	bcc     L01C2
001141r 1  E8           	inx
001142r 1  A0 02        L01C2:	ldy     #$02
001144r 1  91 rr        	sta     (sp),y
001146r 1  C8           	iny
001147r 1  8A           	txa
001148r 1  91 rr        	sta     (sp),y
00114Ar 1  A0 0F        	ldy     #$0F
00114Cr 1  B1 rr        	lda     (sp),y
00114Er 1  85 rr        	sta     ptr1+1
001150r 1  88           	dey
001151r 1  B1 rr        	lda     (sp),y
001153r 1  85 rr        	sta     ptr1
001155r 1  A0 06        	ldy     #$06
001157r 1  A2 00        	ldx     #$00
001159r 1  B1 rr        	lda     (ptr1),y
00115Br 1  18           	clc
00115Cr 1  69 08        	adc     #$08
00115Er 1  90 01        	bcc     L01C4
001160r 1  E8           	inx
001161r 1  A0 00        L01C4:	ldy     #$00
001163r 1  91 rr        	sta     (sp),y
001165r 1  C8           	iny
001166r 1  8A           	txa
001167r 1  91 rr        	sta     (sp),y
001169r 1  A9 00        	lda     #$00
00116Br 1  20 rr rr     	jsr     _udeks_vic_bitmap_line
00116Er 1  A0 07        L01A3:	ldy     #$07
001170r 1  B1 rr        	lda     (sp),y
001172r 1  85 rr        	sta     ptr1+1
001174r 1  88           	dey
001175r 1  B1 rr        	lda     (sp),y
001177r 1  85 rr        	sta     ptr1
001179r 1  A0 03        	ldy     #$03
00117Br 1  B1 rr        	lda     (ptr1),y
00117Dr 1  29 08        	and     #$08
00117Fr 1  D0 03        	bne     L0563
001181r 1  4C rr rr     	jmp     incsp8
001184r 1  A0 07        L0563:	ldy     #$07
001186r 1  B1 rr        	lda     (sp),y
001188r 1  85 rr        	sta     ptr1+1
00118Ar 1  88           	dey
00118Br 1  B1 rr        	lda     (sp),y
00118Dr 1  85 rr        	sta     ptr1
00118Fr 1  88           	dey
001190r 1  B1 rr        	lda     (ptr1),y
001192r 1  AA           	tax
001193r 1  88           	dey
001194r 1  B1 rr        	lda     (ptr1),y
001196r 1  20 rr rr     	jsr     pushax
001199r 1  A0 09        	ldy     #$09
00119Br 1  B1 rr        	lda     (sp),y
00119Dr 1  85 rr        	sta     ptr1+1
00119Fr 1  88           	dey
0011A0r 1  B1 rr        	lda     (sp),y
0011A2r 1  85 rr        	sta     ptr1
0011A4r 1  B1 rr        	lda     (ptr1),y
0011A6r 1  AA           	tax
0011A7r 1  88           	dey
0011A8r 1  B1 rr        	lda     (ptr1),y
0011AAr 1  20 rr rr     	jsr     tosaddax
0011ADr 1  38           	sec
0011AEr 1  E9 05        	sbc     #$05
0011B0r 1  B0 01        	bcs     L01CC
0011B2r 1  CA           	dex
0011B3r 1  A0 02        L01CC:	ldy     #$02
0011B5r 1  20 rr rr     	jsr     staxysp
0011B8r 1  A0 07        	ldy     #$07
0011BAr 1  B1 rr        	lda     (sp),y
0011BCr 1  85 rr        	sta     ptr1+1
0011BEr 1  88           	dey
0011BFr 1  B1 rr        	lda     (sp),y
0011C1r 1  85 rr        	sta     ptr1
0011C3r 1  B1 rr        	lda     (ptr1),y
0011C5r 1  20 rr rr     	jsr     pusha0
0011C8r 1  A0 09        	ldy     #$09
0011CAr 1  B1 rr        	lda     (sp),y
0011CCr 1  85 rr        	sta     ptr1+1
0011CEr 1  88           	dey
0011CFr 1  B1 rr        	lda     (sp),y
0011D1r 1  85 rr        	sta     ptr1
0011D3r 1  C8           	iny
0011D4r 1  B1 rr        	lda     (ptr1),y
0011D6r 1  20 rr rr     	jsr     tosadda0
0011D9r 1  38           	sec
0011DAr 1  E9 05        	sbc     #$05
0011DCr 1  B0 01        	bcs     L01CF
0011DEr 1  CA           	dex
0011DFr 1  20 rr rr     L01CF:	jsr     stax0sp
0011E2r 1  20 rr rr     	jsr     decsp8
0011E5r 1  A0 0B        	ldy     #$0B
0011E7r 1  B1 rr        	lda     (sp),y
0011E9r 1  AA           	tax
0011EAr 1  88           	dey
0011EBr 1  B1 rr        	lda     (sp),y
0011EDr 1  38           	sec
0011EEr 1  E9 06        	sbc     #$06
0011F0r 1  B0 01        	bcs     L01D2
0011F2r 1  CA           	dex
0011F3r 1  A0 06        L01D2:	ldy     #$06
0011F5r 1  91 rr        	sta     (sp),y
0011F7r 1  C8           	iny
0011F8r 1  8A           	txa
0011F9r 1  91 rr        	sta     (sp),y
0011FBr 1  A0 09        	ldy     #$09
0011FDr 1  B1 rr        	lda     (sp),y
0011FFr 1  AA           	tax
001200r 1  88           	dey
001201r 1  B1 rr        	lda     (sp),y
001203r 1  A0 04        	ldy     #$04
001205r 1  91 rr        	sta     (sp),y
001207r 1  C8           	iny
001208r 1  8A           	txa
001209r 1  91 rr        	sta     (sp),y
00120Br 1  A0 0B        	ldy     #$0B
00120Dr 1  B1 rr        	lda     (sp),y
00120Fr 1  AA           	tax
001210r 1  88           	dey
001211r 1  B1 rr        	lda     (sp),y
001213r 1  A0 02        	ldy     #$02
001215r 1  91 rr        	sta     (sp),y
001217r 1  C8           	iny
001218r 1  8A           	txa
001219r 1  91 rr        	sta     (sp),y
00121Br 1  A0 09        	ldy     #$09
00121Dr 1  B1 rr        	lda     (sp),y
00121Fr 1  AA           	tax
001220r 1  88           	dey
001221r 1  B1 rr        	lda     (sp),y
001223r 1  38           	sec
001224r 1  E9 06        	sbc     #$06
001226r 1  B0 01        	bcs     L01D6
001228r 1  CA           	dex
001229r 1  A0 00        L01D6:	ldy     #$00
00122Br 1  91 rr        	sta     (sp),y
00122Dr 1  C8           	iny
00122Er 1  8A           	txa
00122Fr 1  91 rr        	sta     (sp),y
001231r 1  A9 00        	lda     #$00
001233r 1  20 rr rr     	jsr     _udeks_vic_bitmap_line
001236r 1  20 rr rr     	jsr     decsp8
001239r 1  A0 0B        	ldy     #$0B
00123Br 1  B1 rr        	lda     (sp),y
00123Dr 1  AA           	tax
00123Er 1  88           	dey
00123Fr 1  B1 rr        	lda     (sp),y
001241r 1  38           	sec
001242r 1  E9 03        	sbc     #$03
001244r 1  B0 01        	bcs     L01DA
001246r 1  CA           	dex
001247r 1  A0 06        L01DA:	ldy     #$06
001249r 1  91 rr        	sta     (sp),y
00124Br 1  C8           	iny
00124Cr 1  8A           	txa
00124Dr 1  91 rr        	sta     (sp),y
00124Fr 1  A0 09        	ldy     #$09
001251r 1  B1 rr        	lda     (sp),y
001253r 1  AA           	tax
001254r 1  88           	dey
001255r 1  B1 rr        	lda     (sp),y
001257r 1  A0 04        	ldy     #$04
001259r 1  91 rr        	sta     (sp),y
00125Br 1  C8           	iny
00125Cr 1  8A           	txa
00125Dr 1  91 rr        	sta     (sp),y
00125Fr 1  A0 0B        	ldy     #$0B
001261r 1  B1 rr        	lda     (sp),y
001263r 1  AA           	tax
001264r 1  88           	dey
001265r 1  B1 rr        	lda     (sp),y
001267r 1  A0 02        	ldy     #$02
001269r 1  91 rr        	sta     (sp),y
00126Br 1  C8           	iny
00126Cr 1  8A           	txa
00126Dr 1  91 rr        	sta     (sp),y
00126Fr 1  A0 09        	ldy     #$09
001271r 1  B1 rr        	lda     (sp),y
001273r 1  AA           	tax
001274r 1  88           	dey
001275r 1  B1 rr        	lda     (sp),y
001277r 1  38           	sec
001278r 1  E9 03        	sbc     #$03
00127Ar 1  B0 01        	bcs     L01DE
00127Cr 1  CA           	dex
00127Dr 1  A0 00        L01DE:	ldy     #$00
00127Fr 1  91 rr        	sta     (sp),y
001281r 1  C8           	iny
001282r 1  8A           	txa
001283r 1  91 rr        	sta     (sp),y
001285r 1  A9 00        	lda     #$00
001287r 1  20 rr rr     	jsr     _udeks_vic_bitmap_line
00128Ar 1  4C rr rr     	jmp     incsp8
00128Dr 1               
00128Dr 1               .endproc
00128Dr 1               
00128Dr 1               ; ---------------------------------------------------------------
00128Dr 1               ; unsigned char __near__ paint_window_damage (unsigned char)
00128Dr 1               ; ---------------------------------------------------------------
00128Dr 1               
00128Dr 1               .segment	"CODE"
00128Dr 1               
00128Dr 1               .proc	_paint_window_damage: near
00128Dr 1               
00128Dr 1               .segment	"CODE"
00128Dr 1               
00128Dr 1  20 rr rr     	jsr     pusha
001290r 1  20 rr rr     	jsr     decsp2
001293r 1  A0 02        	ldy     #$02
001295r 1  B1 rr        	lda     (sp),y
001297r 1  20 rr rr     	jsr     _window_by_handle
00129Ar 1  20 rr rr     	jsr     stax0sp
00129Dr 1  E0 00        	cpx     #$00
00129Fr 1  D0 04        	bne     L0567
0012A1r 1  C9 00        	cmp     #$00
0012A3r 1  F0 14        	beq     L0569
0012A5r 1  A0 01        L0567:	ldy     #$01
0012A7r 1  B1 rr        	lda     (sp),y
0012A9r 1  85 rr        	sta     ptr1+1
0012ABr 1  88           	dey
0012ACr 1  B1 rr        	lda     (sp),y
0012AEr 1  85 rr        	sta     ptr1
0012B0r 1  A0 03        	ldy     #$03
0012B2r 1  B1 rr        	lda     (ptr1),y
0012B4r 1  29 01        	and     #$01
0012B6r 1  D0 04        	bne     L020C
0012B8r 1  AA           	tax
0012B9r 1  4C rr rr     L0569:	jmp     incsp3
0012BCr 1  20 rr rr     L020C:	jsr     decsp5
0012BFr 1  A0 06        	ldy     #$06
0012C1r 1  B1 rr        	lda     (sp),y
0012C3r 1  85 rr        	sta     ptr1+1
0012C5r 1  88           	dey
0012C6r 1  B1 rr        	lda     (sp),y
0012C8r 1  85 rr        	sta     ptr1
0012CAr 1  B1 rr        	lda     (ptr1),y
0012CCr 1  AA           	tax
0012CDr 1  88           	dey
0012CEr 1  B1 rr        	lda     (ptr1),y
0012D0r 1  88           	dey
0012D1r 1  91 rr        	sta     (sp),y
0012D3r 1  C8           	iny
0012D4r 1  8A           	txa
0012D5r 1  91 rr        	sta     (sp),y
0012D7r 1  A0 06        	ldy     #$06
0012D9r 1  B1 rr        	lda     (sp),y
0012DBr 1  85 rr        	sta     ptr1+1
0012DDr 1  88           	dey
0012DEr 1  B1 rr        	lda     (sp),y
0012E0r 1  85 rr        	sta     ptr1
0012E2r 1  C8           	iny
0012E3r 1  B1 rr        	lda     (ptr1),y
0012E5r 1  A0 02        	ldy     #$02
0012E7r 1  91 rr        	sta     (sp),y
0012E9r 1  A0 06        	ldy     #$06
0012EBr 1  B1 rr        	lda     (sp),y
0012EDr 1  85 rr        	sta     ptr1+1
0012EFr 1  88           	dey
0012F0r 1  B1 rr        	lda     (sp),y
0012F2r 1  85 rr        	sta     ptr1
0012F4r 1  A0 08        	ldy     #$08
0012F6r 1  B1 rr        	lda     (ptr1),y
0012F8r 1  AA           	tax
0012F9r 1  88           	dey
0012FAr 1  B1 rr        	lda     (ptr1),y
0012FCr 1  A0 00        	ldy     #$00
0012FEr 1  91 rr        	sta     (sp),y
001300r 1  C8           	iny
001301r 1  8A           	txa
001302r 1  91 rr        	sta     (sp),y
001304r 1  A0 06        	ldy     #$06
001306r 1  B1 rr        	lda     (sp),y
001308r 1  85 rr        	sta     ptr1+1
00130Ar 1  88           	dey
00130Br 1  B1 rr        	lda     (sp),y
00130Dr 1  85 rr        	sta     ptr1
00130Fr 1  A0 09        	ldy     #$09
001311r 1  B1 rr        	lda     (ptr1),y
001313r 1  20 rr rr     	jsr     _set_damage_intersection
001316r 1  C9 00        	cmp     #$00
001318r 1  D0 04        	bne     L0213
00131Ar 1  AA           	tax
00131Br 1  4C rr rr     	jmp     incsp3
00131Er 1  A0 01        L0213:	ldy     #$01
001320r 1  B1 rr        	lda     (sp),y
001322r 1  85 rr        	sta     ptr1+1
001324r 1  88           	dey
001325r 1  B1 rr        	lda     (sp),y
001327r 1  85 rr        	sta     ptr1
001329r 1  A0 03        	ldy     #$03
00132Br 1  B1 rr        	lda     (ptr1),y
00132Dr 1  29 7F        	and     #$7F
00132Fr 1  91 rr        	sta     (ptr1),y
001331r 1  20 rr rr     	jsr     decsp8
001334r 1  A0 09        	ldy     #$09
001336r 1  B1 rr        	lda     (sp),y
001338r 1  85 rr        	sta     ptr1+1
00133Ar 1  88           	dey
00133Br 1  B1 rr        	lda     (sp),y
00133Dr 1  85 rr        	sta     ptr1
00133Fr 1  A0 05        	ldy     #$05
001341r 1  B1 rr        	lda     (ptr1),y
001343r 1  AA           	tax
001344r 1  88           	dey
001345r 1  B1 rr        	lda     (ptr1),y
001347r 1  A0 06        	ldy     #$06
001349r 1  91 rr        	sta     (sp),y
00134Br 1  C8           	iny
00134Cr 1  8A           	txa
00134Dr 1  91 rr        	sta     (sp),y
00134Fr 1  A0 09        	ldy     #$09
001351r 1  B1 rr        	lda     (sp),y
001353r 1  85 rr        	sta     ptr1+1
001355r 1  88           	dey
001356r 1  B1 rr        	lda     (sp),y
001358r 1  85 rr        	sta     ptr1
00135Ar 1  A0 06        	ldy     #$06
00135Cr 1  B1 rr        	lda     (ptr1),y
00135Er 1  A0 04        	ldy     #$04
001360r 1  91 rr        	sta     (sp),y
001362r 1  C8           	iny
001363r 1  A9 00        	lda     #$00
001365r 1  91 rr        	sta     (sp),y
001367r 1  A0 09        	ldy     #$09
001369r 1  B1 rr        	lda     (sp),y
00136Br 1  85 rr        	sta     ptr1+1
00136Dr 1  88           	dey
00136Er 1  B1 rr        	lda     (sp),y
001370r 1  85 rr        	sta     ptr1
001372r 1  B1 rr        	lda     (ptr1),y
001374r 1  AA           	tax
001375r 1  88           	dey
001376r 1  B1 rr        	lda     (ptr1),y
001378r 1  A0 02        	ldy     #$02
00137Ar 1  91 rr        	sta     (sp),y
00137Cr 1  C8           	iny
00137Dr 1  8A           	txa
00137Er 1  91 rr        	sta     (sp),y
001380r 1  A0 09        	ldy     #$09
001382r 1  B1 rr        	lda     (sp),y
001384r 1  85 rr        	sta     ptr1+1
001386r 1  88           	dey
001387r 1  B1 rr        	lda     (sp),y
001389r 1  85 rr        	sta     ptr1
00138Br 1  C8           	iny
00138Cr 1  B1 rr        	lda     (ptr1),y
00138Er 1  A0 00        	ldy     #$00
001390r 1  91 rr        	sta     (sp),y
001392r 1  C8           	iny
001393r 1  A9 00        	lda     #$00
001395r 1  91 rr        	sta     (sp),y
001397r 1  A9 07        	lda     #$07
001399r 1  20 rr rr     	jsr     _udeks_vic_bitmap_fill
00139Cr 1  A0 01        	ldy     #$01
00139Er 1  B1 rr        	lda     (sp),y
0013A0r 1  AA           	tax
0013A1r 1  88           	dey
0013A2r 1  B1 rr        	lda     (sp),y
0013A4r 1  20 rr rr     	jsr     _draw_chrome
0013A7r 1  A0 01        	ldy     #$01
0013A9r 1  B1 rr        	lda     (sp),y
0013ABr 1  85 rr        	sta     ptr1+1
0013ADr 1  88           	dey
0013AEr 1  B1 rr        	lda     (sp),y
0013B0r 1  85 rr        	sta     ptr1
0013B2r 1  A0 0E        	ldy     #$0E
0013B4r 1  B1 rr        	lda     (ptr1),y
0013B6r 1  AA           	tax
0013B7r 1  88           	dey
0013B8r 1  B1 rr        	lda     (ptr1),y
0013BAr 1  E0 00        	cpx     #$00
0013BCr 1  D0 07        	bne     L0568
0013BEr 1  C9 00        	cmp     #$00
0013C0r 1  D0 03 4C rr  	jeq     L0224
0013C4r 1  rr           
0013C5r 1  20 rr rr     L0568:	jsr     decsp5
0013C8r 1  A0 06        	ldy     #$06
0013CAr 1  B1 rr        	lda     (sp),y
0013CCr 1  85 rr        	sta     ptr1+1
0013CEr 1  88           	dey
0013CFr 1  B1 rr        	lda     (sp),y
0013D1r 1  85 rr        	sta     ptr1
0013D3r 1  B1 rr        	lda     (ptr1),y
0013D5r 1  AA           	tax
0013D6r 1  88           	dey
0013D7r 1  B1 rr        	lda     (ptr1),y
0013D9r 1  18           	clc
0013DAr 1  69 03        	adc     #$03
0013DCr 1  90 01        	bcc     L0229
0013DEr 1  E8           	inx
0013DFr 1  88           L0229:	dey
0013E0r 1  91 rr        	sta     (sp),y
0013E2r 1  C8           	iny
0013E3r 1  8A           	txa
0013E4r 1  91 rr        	sta     (sp),y
0013E6r 1  A0 06        	ldy     #$06
0013E8r 1  B1 rr        	lda     (sp),y
0013EAr 1  85 rr        	sta     ptr1+1
0013ECr 1  88           	dey
0013EDr 1  B1 rr        	lda     (sp),y
0013EFr 1  85 rr        	sta     ptr1
0013F1r 1  C8           	iny
0013F2r 1  B1 rr        	lda     (ptr1),y
0013F4r 1  18           	clc
0013F5r 1  69 0D        	adc     #$0D
0013F7r 1  90 01        	bcc     L0564
0013F9r 1  18           	clc
0013FAr 1  69 01        L0564:	adc     #$01
0013FCr 1  A0 02        	ldy     #$02
0013FEr 1  91 rr        	sta     (sp),y
001400r 1  A0 06        	ldy     #$06
001402r 1  B1 rr        	lda     (sp),y
001404r 1  85 rr        	sta     ptr1+1
001406r 1  88           	dey
001407r 1  B1 rr        	lda     (sp),y
001409r 1  85 rr        	sta     ptr1
00140Br 1  A0 08        	ldy     #$08
00140Dr 1  B1 rr        	lda     (ptr1),y
00140Fr 1  AA           	tax
001410r 1  88           	dey
001411r 1  B1 rr        	lda     (ptr1),y
001413r 1  38           	sec
001414r 1  E9 06        	sbc     #$06
001416r 1  B0 01        	bcs     L022F
001418r 1  CA           	dex
001419r 1  A0 00        L022F:	ldy     #$00
00141Br 1  91 rr        	sta     (sp),y
00141Dr 1  C8           	iny
00141Er 1  8A           	txa
00141Fr 1  91 rr        	sta     (sp),y
001421r 1  A0 06        	ldy     #$06
001423r 1  B1 rr        	lda     (sp),y
001425r 1  85 rr        	sta     ptr1+1
001427r 1  88           	dey
001428r 1  B1 rr        	lda     (sp),y
00142Ar 1  85 rr        	sta     ptr1
00142Cr 1  A0 09        	ldy     #$09
00142Er 1  B1 rr        	lda     (ptr1),y
001430r 1  38           	sec
001431r 1  E9 0D        	sbc     #$0D
001433r 1  B0 01        	bcs     L0565
001435r 1  38           	sec
001436r 1  E9 04        L0565:	sbc     #$04
001438r 1  20 rr rr     	jsr     _set_damage_intersection
00143Br 1  C9 00        	cmp     #$00
00143Dr 1  F0 2F        	beq     L0224
00143Fr 1  A0 01        	ldy     #$01
001441r 1  B1 rr        	lda     (sp),y
001443r 1  85 rr        	sta     ptr1+1
001445r 1  88           	dey
001446r 1  B1 rr        	lda     (sp),y
001448r 1  85 rr        	sta     ptr1
00144Ar 1  A0 0E        	ldy     #$0E
00144Cr 1  B1 rr        	lda     (ptr1),y
00144Er 1  AA           	tax
00144Fr 1  88           	dey
001450r 1  B1 rr        	lda     (ptr1),y
001452r 1  20 rr rr     	jsr     pushax
001455r 1  A0 04        	ldy     #$04
001457r 1  B1 rr        	lda     (sp),y
001459r 1  48           	pha
00145Ar 1  A0 00        	ldy     #$00
00145Cr 1  B1 rr        	lda     (sp),y
00145Er 1  8D rr rr     	sta     jmpvec+1
001461r 1  C8           	iny
001462r 1  B1 rr        	lda     (sp),y
001464r 1  8D rr rr     	sta     jmpvec+2
001467r 1  68           	pla
001468r 1  20 rr rr     	jsr     jmpvec
00146Br 1  20 rr rr     	jsr     incsp2
00146Er 1  A9 14        L0224:	lda     #$14
001470r 1  20 rr rr     	jsr     _increment_counter
001473r 1  A2 00        	ldx     #$00
001475r 1  A9 01        	lda     #$01
001477r 1  4C rr rr     	jmp     incsp3
00147Ar 1               
00147Ar 1               .endproc
00147Ar 1               
00147Ar 1               ; ---------------------------------------------------------------
00147Ar 1               ; void __near__ compose_damage (unsigned char)
00147Ar 1               ; ---------------------------------------------------------------
00147Ar 1               
00147Ar 1               .segment	"CODE"
00147Ar 1               
00147Ar 1               .proc	_compose_damage: near
00147Ar 1               
00147Ar 1               .segment	"CODE"
00147Ar 1               
00147Ar 1  20 rr rr     	jsr     pusha
00147Dr 1  20 rr rr     	jsr     decsp2
001480r 1  A9 02        	lda     #$02
001482r 1  20 rr rr     	jsr     _udeks_vic_pointer_busy_begin
001485r 1  20 rr rr     	jsr     decsp6
001488r 1  AD rr rr     	lda     _damage_left
00148Br 1  A0 04        	ldy     #$04
00148Dr 1  91 rr        	sta     (sp),y
00148Fr 1  C8           	iny
001490r 1  AD rr rr     	lda     _damage_left+1
001493r 1  91 rr        	sta     (sp),y
001495r 1  AD rr rr     	lda     _damage_top
001498r 1  A0 02        	ldy     #$02
00149Ar 1  91 rr        	sta     (sp),y
00149Cr 1  C8           	iny
00149Dr 1  A9 00        	lda     #$00
00149Fr 1  91 rr        	sta     (sp),y
0014A1r 1  AD rr rr     	lda     _damage_right
0014A4r 1  38           	sec
0014A5r 1  ED rr rr     	sbc     _damage_left
0014A8r 1  48           	pha
0014A9r 1  AD rr rr     	lda     _damage_right+1
0014ACr 1  ED rr rr     	sbc     _damage_left+1
0014AFr 1  AA           	tax
0014B0r 1  68           	pla
0014B1r 1  A0 00        	ldy     #$00
0014B3r 1  91 rr        	sta     (sp),y
0014B5r 1  C8           	iny
0014B6r 1  8A           	txa
0014B7r 1  91 rr        	sta     (sp),y
0014B9r 1  A2 00        	ldx     #$00
0014BBr 1  AD rr rr     	lda     _damage_bottom
0014BEr 1  38           	sec
0014BFr 1  ED rr rr     	sbc     _damage_top
0014C2r 1  20 rr rr     	jsr     _udeks_vic_bitmap_set_clip
0014C5r 1  20 rr rr     	jsr     decsp8
0014C8r 1  AD rr rr     	lda     _damage_left
0014CBr 1  A0 06        	ldy     #$06
0014CDr 1  91 rr        	sta     (sp),y
0014CFr 1  C8           	iny
0014D0r 1  AD rr rr     	lda     _damage_left+1
0014D3r 1  91 rr        	sta     (sp),y
0014D5r 1  AD rr rr     	lda     _damage_top
0014D8r 1  A0 04        	ldy     #$04
0014DAr 1  91 rr        	sta     (sp),y
0014DCr 1  C8           	iny
0014DDr 1  A9 00        	lda     #$00
0014DFr 1  91 rr        	sta     (sp),y
0014E1r 1  AD rr rr     	lda     _damage_right
0014E4r 1  38           	sec
0014E5r 1  ED rr rr     	sbc     _damage_left
0014E8r 1  48           	pha
0014E9r 1  AD rr rr     	lda     _damage_right+1
0014ECr 1  ED rr rr     	sbc     _damage_left+1
0014EFr 1  AA           	tax
0014F0r 1  68           	pla
0014F1r 1  A0 02        	ldy     #$02
0014F3r 1  91 rr        	sta     (sp),y
0014F5r 1  C8           	iny
0014F6r 1  8A           	txa
0014F7r 1  91 rr        	sta     (sp),y
0014F9r 1  AD rr rr     	lda     _damage_bottom
0014FCr 1  38           	sec
0014FDr 1  ED rr rr     	sbc     _damage_top
001500r 1  A0 00        	ldy     #$00
001502r 1  91 rr        	sta     (sp),y
001504r 1  C8           	iny
001505r 1  A9 00        	lda     #$00
001507r 1  91 rr        	sta     (sp),y
001509r 1  A9 07        	lda     #$07
00150Br 1  20 rr rr     	jsr     _udeks_vic_bitmap_fill
00150Er 1  A9 01        	lda     #$01
001510r 1  A8           	tay
001511r 1  91 rr        L056D:	sta     (sp),y
001513r 1  38           	sec
001514r 1  ED rr rr     	sbc     _active_count
001517r 1  90 02        	bcc     L056E
001519r 1  D0 6D        	bne     L024B
00151Br 1  A9 00        L056E:	lda     #$00
00151Dr 1  88           	dey
00151Er 1  91 rr        L056C:	sta     (sp),y
001520r 1  C9 04        	cmp     #$04
001522r 1  B0 5B        	bcs     L024C
001524r 1  B1 rr        	lda     (sp),y
001526r 1  20 rr rr     	jsr     pusha0
001529r 1  A9 11        	lda     #$11
00152Br 1  20 rr rr     	jsr     tosmula0
00152Er 1  85 rr        	sta     ptr1
001530r 1  8A           	txa
001531r 1  18           	clc
001532r 1  69 rr        	adc     #>(_windows)
001534r 1  85 rr        	sta     ptr1+1
001536r 1  A0 rr        	ldy     #<(_windows)
001538r 1  B1 rr        	lda     (ptr1),y
00153Ar 1  F0 39        	beq     L0254
00153Cr 1  A2 00        	ldx     #$00
00153Er 1  A1 rr        	lda     (sp,x)
001540r 1  20 rr rr     	jsr     pusha0
001543r 1  A9 11        	lda     #$11
001545r 1  20 rr rr     	jsr     tosmula0
001548r 1  18           	clc
001549r 1  69 rr        	adc     #<(_windows)
00154Br 1  85 rr        	sta     ptr1
00154Dr 1  8A           	txa
00154Er 1  69 rr        	adc     #>(_windows)
001550r 1  85 rr        	sta     ptr1+1
001552r 1  A0 0A        	ldy     #$0A
001554r 1  B1 rr        	lda     (ptr1),y
001556r 1  A0 01        	ldy     #$01
001558r 1  D1 rr        	cmp     (sp),y
00155Ar 1  D0 19        	bne     L0254
00155Cr 1  88           	dey
00155Dr 1  B1 rr        	lda     (sp),y
00155Fr 1  18           	clc
001560r 1  69 01        	adc     #$01
001562r 1  A0 02        	ldy     #$02
001564r 1  D1 rr        	cmp     (sp),y
001566r 1  F0 17        	beq     L024C
001568r 1  A0 00        	ldy     #$00
00156Ar 1  B1 rr        	lda     (sp),y
00156Cr 1  18           	clc
00156Dr 1  69 01        	adc     #$01
00156Fr 1  20 rr rr     	jsr     _paint_window_damage
001572r 1  4C rr rr     	jmp     L024C
001575r 1  A0 00        L0254:	ldy     #$00
001577r 1  18           	clc
001578r 1  A9 01        	lda     #$01
00157Ar 1  71 rr        	adc     (sp),y
00157Cr 1  4C rr rr     	jmp     L056C
00157Fr 1  A0 01        L024C:	ldy     #$01
001581r 1  18           	clc
001582r 1  98           	tya
001583r 1  71 rr        	adc     (sp),y
001585r 1  4C rr rr     	jmp     L056D
001588r 1  20 rr rr     L024B:	jsr     _udeks_vic_bitmap_reset_clip
00158Br 1  20 rr rr     	jsr     _udeks_vic_bitmap_commit
00158Er 1  A9 02        	lda     #$02
001590r 1  20 rr rr     	jsr     _udeks_vic_pointer_busy_end
001593r 1  A9 1E        	lda     #$1E
001595r 1  20 rr rr     	jsr     _increment_counter
001598r 1  4C rr rr     	jmp     incsp3
00159Br 1               
00159Br 1               .endproc
00159Br 1               
00159Br 1               ; ---------------------------------------------------------------
00159Br 1               ; unsigned char __near__ top_window (void)
00159Br 1               ; ---------------------------------------------------------------
00159Br 1               
00159Br 1               .segment	"CODE"
00159Br 1               
00159Br 1               .proc	_top_window: near
00159Br 1               
00159Br 1               .segment	"CODE"
00159Br 1               
00159Br 1  20 rr rr     	jsr     decsp1
00159Er 1  A9 00        	lda     #$00
0015A0r 1  A8           	tay
0015A1r 1  91 rr        L0575:	sta     (sp),y
0015A3r 1  A2 00        	ldx     #$00
0015A5r 1  B1 rr        	lda     (sp),y
0015A7r 1  C9 04        	cmp     #$04
0015A9r 1  B0 4B        	bcs     L0579
0015ABr 1  20 rr rr     	jsr     pusha0
0015AEr 1  A9 11        	lda     #$11
0015B0r 1  20 rr rr     	jsr     tosmula0
0015B3r 1  85 rr        	sta     ptr1
0015B5r 1  8A           	txa
0015B6r 1  18           	clc
0015B7r 1  69 rr        	adc     #>(_windows)
0015B9r 1  85 rr        	sta     ptr1+1
0015BBr 1  A0 rr        	ldy     #<(_windows)
0015BDr 1  B1 rr        	lda     (ptr1),y
0015BFr 1  F0 2B        	beq     L0271
0015C1r 1  A2 00        	ldx     #$00
0015C3r 1  A1 rr        	lda     (sp,x)
0015C5r 1  20 rr rr     	jsr     pusha0
0015C8r 1  A9 11        	lda     #$11
0015CAr 1  20 rr rr     	jsr     tosmula0
0015CDr 1  18           	clc
0015CEr 1  69 rr        	adc     #<(_windows)
0015D0r 1  85 rr        	sta     ptr1
0015D2r 1  8A           	txa
0015D3r 1  69 rr        	adc     #>(_windows)
0015D5r 1  85 rr        	sta     ptr1+1
0015D7r 1  A0 0A        	ldy     #$0A
0015D9r 1  B1 rr        	lda     (ptr1),y
0015DBr 1  CD rr rr     	cmp     _active_count
0015DEr 1  D0 0C        	bne     L0271
0015E0r 1  A0 00        	ldy     #$00
0015E2r 1  B1 rr        	lda     (sp),y
0015E4r 1  18           	clc
0015E5r 1  69 01        	adc     #$01
0015E7r 1  A2 00        	ldx     #$00
0015E9r 1  4C rr rr     	jmp     incsp1
0015ECr 1  A0 00        L0271:	ldy     #$00
0015EEr 1  18           	clc
0015EFr 1  A9 01        	lda     #$01
0015F1r 1  71 rr        	adc     (sp),y
0015F3r 1  4C rr rr     	jmp     L0575
0015F6r 1  8A           L0579:	txa
0015F7r 1  4C rr rr     	jmp     incsp1
0015FAr 1               
0015FAr 1               .endproc
0015FAr 1               
0015FAr 1               ; ---------------------------------------------------------------
0015FAr 1               ; unsigned char __near__ raise_window (unsigned char)
0015FAr 1               ; ---------------------------------------------------------------
0015FAr 1               
0015FAr 1               .segment	"CODE"
0015FAr 1               
0015FAr 1               .proc	_raise_window: near
0015FAr 1               
0015FAr 1               .segment	"CODE"
0015FAr 1               
0015FAr 1  20 rr rr     	jsr     pusha
0015FDr 1  20 rr rr     	jsr     decsp4
001600r 1  A0 04        	ldy     #$04
001602r 1  B1 rr        	lda     (sp),y
001604r 1  20 rr rr     	jsr     _window_by_handle
001607r 1  20 rr rr     	jsr     stax0sp
00160Ar 1  E0 00        	cpx     #$00
00160Cr 1  D0 04        	bne     L0580
00160Er 1  C9 00        	cmp     #$00
001610r 1  F0 17        	beq     L0582
001612r 1  A0 01        L0580:	ldy     #$01
001614r 1  B1 rr        	lda     (sp),y
001616r 1  85 rr        	sta     ptr1+1
001618r 1  88           	dey
001619r 1  B1 rr        	lda     (sp),y
00161Br 1  85 rr        	sta     ptr1
00161Dr 1  A0 0A        	ldy     #$0A
00161Fr 1  B1 rr        	lda     (ptr1),y
001621r 1  CD rr rr     	cmp     _active_count
001624r 1  D0 06        	bne     L0285
001626r 1  A2 00        	ldx     #$00
001628r 1  8A           	txa
001629r 1  4C rr rr     L0582:	jmp     incsp5
00162Cr 1  A0 01        L0285:	ldy     #$01
00162Er 1  B1 rr        	lda     (sp),y
001630r 1  85 rr        	sta     ptr1+1
001632r 1  88           	dey
001633r 1  B1 rr        	lda     (sp),y
001635r 1  85 rr        	sta     ptr1
001637r 1  A0 0A        	ldy     #$0A
001639r 1  B1 rr        	lda     (ptr1),y
00163Br 1  A0 02        	ldy     #$02
00163Dr 1  91 rr        	sta     (sp),y
00163Fr 1  A9 00        	lda     #$00
001641r 1  C8           	iny
001642r 1  91 rr        L057B:	sta     (sp),y
001644r 1  C9 04        	cmp     #$04
001646r 1  B0 67        	bcs     L028D
001648r 1  B1 rr        	lda     (sp),y
00164Ar 1  20 rr rr     	jsr     pusha0
00164Dr 1  A9 11        	lda     #$11
00164Fr 1  20 rr rr     	jsr     tosmula0
001652r 1  85 rr        	sta     ptr1
001654r 1  8A           	txa
001655r 1  18           	clc
001656r 1  69 rr        	adc     #>(_windows)
001658r 1  85 rr        	sta     ptr1+1
00165Ar 1  A0 rr        	ldy     #<(_windows)
00165Cr 1  B1 rr        	lda     (ptr1),y
00165Er 1  F0 45        	beq     L028E
001660r 1  A0 03        	ldy     #$03
001662r 1  B1 rr        	lda     (sp),y
001664r 1  20 rr rr     	jsr     pusha0
001667r 1  A9 11        	lda     #$11
001669r 1  20 rr rr     	jsr     tosmula0
00166Cr 1  18           	clc
00166Dr 1  69 rr        	adc     #<(_windows)
00166Fr 1  85 rr        	sta     ptr1
001671r 1  8A           	txa
001672r 1  69 rr        	adc     #>(_windows)
001674r 1  85 rr        	sta     ptr1+1
001676r 1  A0 0A        	ldy     #$0A
001678r 1  B1 rr        	lda     (ptr1),y
00167Ar 1  38           	sec
00167Br 1  A0 02        	ldy     #$02
00167Dr 1  F1 rr        	sbc     (sp),y
00167Fr 1  85 rr        	sta     tmp1
001681r 1  A5 rr        	lda     tmp1
001683r 1  F0 20        	beq     L028E
001685r 1  90 1E        	bcc     L028E
001687r 1  C8           	iny
001688r 1  B1 rr        	lda     (sp),y
00168Ar 1  20 rr rr     	jsr     pusha0
00168Dr 1  A9 11        	lda     #$11
00168Fr 1  20 rr rr     	jsr     tosmula0
001692r 1  18           	clc
001693r 1  69 rr        	adc     #<(_windows)
001695r 1  85 rr        	sta     ptr1
001697r 1  8A           	txa
001698r 1  69 rr        	adc     #>(_windows)
00169Ar 1  85 rr        	sta     ptr1+1
00169Cr 1  A0 0A        	ldy     #$0A
00169Er 1  B1 rr        	lda     (ptr1),y
0016A0r 1  38           	sec
0016A1r 1  E9 01        	sbc     #$01
0016A3r 1  91 rr        	sta     (ptr1),y
0016A5r 1  A0 03        L028E:	ldy     #$03
0016A7r 1  18           	clc
0016A8r 1  A9 01        	lda     #$01
0016AAr 1  71 rr        	adc     (sp),y
0016ACr 1  4C rr rr     	jmp     L057B
0016AFr 1  A0 01        L028D:	ldy     #$01
0016B1r 1  B1 rr        	lda     (sp),y
0016B3r 1  85 rr        	sta     ptr1+1
0016B5r 1  88           	dey
0016B6r 1  B1 rr        	lda     (sp),y
0016B8r 1  85 rr        	sta     ptr1
0016BAr 1  AD rr rr     	lda     _active_count
0016BDr 1  A0 0A        	ldy     #$0A
0016BFr 1  91 rr        	sta     (ptr1),y
0016C1r 1  A2 00        	ldx     #$00
0016C3r 1  A9 01        	lda     #$01
0016C5r 1  4C rr rr     	jmp     incsp5
0016C8r 1               
0016C8r 1               .endproc
0016C8r 1               
0016C8r 1               ; ---------------------------------------------------------------
0016C8r 1               ; unsigned char __near__ top_window_at (unsigned int, unsigned char)
0016C8r 1               ; ---------------------------------------------------------------
0016C8r 1               
0016C8r 1               .segment	"CODE"
0016C8r 1               
0016C8r 1               .proc	_top_window_at: near
0016C8r 1               
0016C8r 1               .segment	"CODE"
0016C8r 1               
0016C8r 1  20 rr rr     	jsr     pusha
0016CBr 1  20 rr rr     	jsr     decsp3
0016CEr 1  A9 00        	lda     #$00
0016D0r 1  A0 01        	ldy     #$01
0016D2r 1  91 rr        	sta     (sp),y
0016D4r 1  88           	dey
0016D5r 1  91 rr        	sta     (sp),y
0016D7r 1  A0 02        	ldy     #$02
0016D9r 1  91 rr        L0583:	sta     (sp),y
0016DBr 1  C9 04        	cmp     #$04
0016DDr 1  90 03 4C rr  	jcs     L02A5
0016E1r 1  rr           
0016E2r 1  B1 rr        	lda     (sp),y
0016E4r 1  20 rr rr     	jsr     pusha0
0016E7r 1  A9 11        	lda     #$11
0016E9r 1  20 rr rr     	jsr     tosmula0
0016ECr 1  85 rr        	sta     ptr1
0016EEr 1  8A           	txa
0016EFr 1  18           	clc
0016F0r 1  69 rr        	adc     #>(_windows)
0016F2r 1  85 rr        	sta     ptr1+1
0016F4r 1  A0 rr        	ldy     #<(_windows)
0016F6r 1  B1 rr        	lda     (ptr1),y
0016F8r 1  D0 03 4C rr  	jeq     L02A6
0016FCr 1  rr           
0016FDr 1  A0 02        	ldy     #$02
0016FFr 1  B1 rr        	lda     (sp),y
001701r 1  20 rr rr     	jsr     pusha0
001704r 1  A9 11        	lda     #$11
001706r 1  20 rr rr     	jsr     tosmula0
001709r 1  18           	clc
00170Ar 1  69 rr        	adc     #<(_windows)
00170Cr 1  85 rr        	sta     ptr1
00170Er 1  8A           	txa
00170Fr 1  69 rr        	adc     #>(_windows)
001711r 1  85 rr        	sta     ptr1+1
001713r 1  A0 03        	ldy     #$03
001715r 1  B1 rr        	lda     (ptr1),y
001717r 1  29 01        	and     #$01
001719r 1  D0 03 4C rr  	jeq     L02A6
00171Dr 1  rr           
00171Er 1  20 rr rr     	jsr     decsp3
001721r 1  A0 08        	ldy     #$08
001723r 1  B1 rr        	lda     (sp),y
001725r 1  AA           	tax
001726r 1  88           	dey
001727r 1  B1 rr        	lda     (sp),y
001729r 1  A0 01        	ldy     #$01
00172Br 1  91 rr        	sta     (sp),y
00172Dr 1  C8           	iny
00172Er 1  8A           	txa
00172Fr 1  91 rr        	sta     (sp),y
001731r 1  A0 06        	ldy     #$06
001733r 1  B1 rr        	lda     (sp),y
001735r 1  A0 00        	ldy     #$00
001737r 1  91 rr        	sta     (sp),y
001739r 1  A0 05        	ldy     #$05
00173Br 1  B1 rr        	lda     (sp),y
00173Dr 1  20 rr rr     	jsr     pusha0
001740r 1  A9 11        	lda     #$11
001742r 1  20 rr rr     	jsr     tosmula0
001745r 1  18           	clc
001746r 1  69 rr        	adc     #<(_windows)
001748r 1  A8           	tay
001749r 1  8A           	txa
00174Ar 1  69 rr        	adc     #>(_windows)
00174Cr 1  AA           	tax
00174Dr 1  98           	tya
00174Er 1  20 rr rr     	jsr     _point_inside
001751r 1  C9 00        	cmp     #$00
001753r 1  F0 4C        	beq     L02A6
001755r 1  A0 01        	ldy     #$01
001757r 1  B1 rr        	lda     (sp),y
001759r 1  F0 1F        	beq     L0588
00175Br 1  C8           	iny
00175Cr 1  B1 rr        	lda     (sp),y
00175Er 1  20 rr rr     	jsr     pusha0
001761r 1  A9 11        	lda     #$11
001763r 1  20 rr rr     	jsr     tosmula0
001766r 1  18           	clc
001767r 1  69 rr        	adc     #<(_windows)
001769r 1  85 rr        	sta     ptr1
00176Br 1  8A           	txa
00176Cr 1  69 rr        	adc     #>(_windows)
00176Er 1  85 rr        	sta     ptr1+1
001770r 1  A0 0A        	ldy     #$0A
001772r 1  B1 rr        	lda     (ptr1),y
001774r 1  A0 00        	ldy     #$00
001776r 1  D1 rr        	cmp     (sp),y
001778r 1  90 27        	bcc     L02A6
00177Ar 1  A0 02        L0588:	ldy     #$02
00177Cr 1  B1 rr        	lda     (sp),y
00177Er 1  18           	clc
00177Fr 1  69 01        	adc     #$01
001781r 1  88           	dey
001782r 1  91 rr        	sta     (sp),y
001784r 1  C8           	iny
001785r 1  B1 rr        	lda     (sp),y
001787r 1  20 rr rr     	jsr     pusha0
00178Ar 1  A9 11        	lda     #$11
00178Cr 1  20 rr rr     	jsr     tosmula0
00178Fr 1  18           	clc
001790r 1  69 rr        	adc     #<(_windows)
001792r 1  85 rr        	sta     ptr1
001794r 1  8A           	txa
001795r 1  69 rr        	adc     #>(_windows)
001797r 1  85 rr        	sta     ptr1+1
001799r 1  A0 0A        	ldy     #$0A
00179Br 1  B1 rr        	lda     (ptr1),y
00179Dr 1  A0 00        	ldy     #$00
00179Fr 1  91 rr        	sta     (sp),y
0017A1r 1  A0 02        L02A6:	ldy     #$02
0017A3r 1  18           	clc
0017A4r 1  A9 01        	lda     #$01
0017A6r 1  71 rr        	adc     (sp),y
0017A8r 1  4C rr rr     	jmp     L0583
0017ABr 1  88           L02A5:	dey
0017ACr 1  A2 00        	ldx     #$00
0017AEr 1  B1 rr        	lda     (sp),y
0017B0r 1  4C rr rr     	jmp     incsp6
0017B3r 1               
0017B3r 1               .endproc
0017B3r 1               
0017B3r 1               ; ---------------------------------------------------------------
0017B3r 1               ; unsigned char __near__ close_hit (unsigned int, unsigned char, __near__ const struct udeks_window *)
0017B3r 1               ; ---------------------------------------------------------------
0017B3r 1               
0017B3r 1               .segment	"CODE"
0017B3r 1               
0017B3r 1               .proc	_close_hit: near
0017B3r 1               
0017B3r 1               .segment	"CODE"
0017B3r 1               
0017B3r 1  20 rr rr     	jsr     pushax
0017B6r 1  20 rr rr     	jsr     decsp2
0017B9r 1  A0 03        	ldy     #$03
0017BBr 1  B1 rr        	lda     (sp),y
0017BDr 1  85 rr        	sta     ptr1+1
0017BFr 1  88           	dey
0017C0r 1  B1 rr        	lda     (sp),y
0017C2r 1  85 rr        	sta     ptr1
0017C4r 1  C8           	iny
0017C5r 1  B1 rr        	lda     (ptr1),y
0017C7r 1  29 04        	and     #$04
0017C9r 1  D0 04        	bne     L0589
0017CBr 1  AA           	tax
0017CCr 1  4C rr rr     	jmp     incsp7
0017CFr 1  B1 rr        L0589:	lda     (sp),y
0017D1r 1  85 rr        	sta     ptr1+1
0017D3r 1  88           	dey
0017D4r 1  B1 rr        	lda     (sp),y
0017D6r 1  85 rr        	sta     ptr1
0017D8r 1  A0 05        	ldy     #$05
0017DAr 1  B1 rr        	lda     (ptr1),y
0017DCr 1  AA           	tax
0017DDr 1  88           	dey
0017DEr 1  B1 rr        	lda     (ptr1),y
0017E0r 1  20 rr rr     	jsr     pushax
0017E3r 1  A0 05        	ldy     #$05
0017E5r 1  B1 rr        	lda     (sp),y
0017E7r 1  85 rr        	sta     ptr1+1
0017E9r 1  88           	dey
0017EAr 1  B1 rr        	lda     (sp),y
0017ECr 1  85 rr        	sta     ptr1
0017EEr 1  A0 08        	ldy     #$08
0017F0r 1  B1 rr        	lda     (ptr1),y
0017F2r 1  AA           	tax
0017F3r 1  88           	dey
0017F4r 1  B1 rr        	lda     (ptr1),y
0017F6r 1  20 rr rr     	jsr     tosaddax
0017F9r 1  38           	sec
0017FAr 1  E9 0C        	sbc     #$0C
0017FCr 1  B0 01        	bcs     L02CB
0017FEr 1  CA           	dex
0017FFr 1  20 rr rr     L02CB:	jsr     stax0sp
001802r 1  A0 06        	ldy     #$06
001804r 1  B1 rr        	lda     (sp),y
001806r 1  AA           	tax
001807r 1  88           	dey
001808r 1  B1 rr        	lda     (sp),y
00180Ar 1  A0 00        	ldy     #$00
00180Cr 1  D1 rr        	cmp     (sp),y
00180Er 1  8A           	txa
00180Fr 1  C8           	iny
001810r 1  F1 rr        	sbc     (sp),y
001812r 1  A9 00        	lda     #$00
001814r 1  AA           	tax
001815r 1  90 66        	bcc     L02C3
001817r 1  A0 08        	ldy     #$08
001819r 1  20 rr rr     	jsr     pushwysp
00181Cr 1  A0 03        	ldy     #$03
00181Er 1  B1 rr        	lda     (sp),y
001820r 1  AA           	tax
001821r 1  88           	dey
001822r 1  B1 rr        	lda     (sp),y
001824r 1  18           	clc
001825r 1  69 08        	adc     #$08
001827r 1  90 01        	bcc     L02CE
001829r 1  E8           	inx
00182Ar 1  20 rr rr     L02CE:	jsr     tosicmp
00182Dr 1  B0 44        	bcs     L02CD
00182Fr 1  A0 04        	ldy     #$04
001831r 1  B1 rr        	lda     (sp),y
001833r 1  20 rr rr     	jsr     pusha0
001836r 1  A0 05        	ldy     #$05
001838r 1  B1 rr        	lda     (sp),y
00183Ar 1  85 rr        	sta     ptr1+1
00183Cr 1  88           	dey
00183Dr 1  B1 rr        	lda     (sp),y
00183Fr 1  85 rr        	sta     ptr1
001841r 1  A0 06        	ldy     #$06
001843r 1  B1 rr        	lda     (ptr1),y
001845r 1  18           	clc
001846r 1  69 03        	adc     #$03
001848r 1  90 02        	bcc     L02CF
00184Ar 1  A2 01        	ldx     #$01
00184Cr 1  20 rr rr     L02CF:	jsr     tosicmp
00184Fr 1  90 22        	bcc     L02CD
001851r 1  A0 04        	ldy     #$04
001853r 1  B1 rr        	lda     (sp),y
001855r 1  20 rr rr     	jsr     pusha0
001858r 1  A0 05        	ldy     #$05
00185Ar 1  B1 rr        	lda     (sp),y
00185Cr 1  85 rr        	sta     ptr1+1
00185Er 1  88           	dey
00185Fr 1  B1 rr        	lda     (sp),y
001861r 1  85 rr        	sta     ptr1
001863r 1  A0 06        	ldy     #$06
001865r 1  B1 rr        	lda     (ptr1),y
001867r 1  18           	clc
001868r 1  69 0B        	adc     #$0B
00186Ar 1  90 02        	bcc     L02D0
00186Cr 1  A2 01        	ldx     #$01
00186Er 1  20 rr rr     L02D0:	jsr     tosicmp
001871r 1  90 06        	bcc     L02CC
001873r 1  A2 00        L02CD:	ldx     #$00
001875r 1  8A           	txa
001876r 1  4C rr rr     	jmp     incsp7
001879r 1  A9 01        L02CC:	lda     #$01
00187Br 1  A2 00        	ldx     #$00
00187Dr 1  4C rr rr     L02C3:	jmp     incsp7
001880r 1               
001880r 1               .endproc
001880r 1               
001880r 1               ; ---------------------------------------------------------------
001880r 1               ; unsigned char __near__ title_hit (unsigned int, unsigned char, __near__ const struct udeks_window *)
001880r 1               ; ---------------------------------------------------------------
001880r 1               
001880r 1               .segment	"CODE"
001880r 1               
001880r 1               .proc	_title_hit: near
001880r 1               
001880r 1               .segment	"CODE"
001880r 1               
001880r 1  20 rr rr     	jsr     pushax
001883r 1  A0 01        	ldy     #$01
001885r 1  B1 rr        	lda     (sp),y
001887r 1  85 rr        	sta     ptr1+1
001889r 1  88           	dey
00188Ar 1  B1 rr        	lda     (sp),y
00188Cr 1  85 rr        	sta     ptr1
00188Er 1  A0 03        	ldy     #$03
001890r 1  B1 rr        	lda     (ptr1),y
001892r 1  A2 00        	ldx     #$00
001894r 1  29 02        	and     #$02
001896r 1  D0 03        	bne     L058F
001898r 1  4C rr rr     	jmp     incsp5
00189Br 1  A0 06        L058F:	ldy     #$06
00189Dr 1  20 rr rr     	jsr     pushwysp
0018A0r 1  A0 03        	ldy     #$03
0018A2r 1  B1 rr        	lda     (sp),y
0018A4r 1  85 rr        	sta     ptr1+1
0018A6r 1  88           	dey
0018A7r 1  B1 rr        	lda     (sp),y
0018A9r 1  85 rr        	sta     ptr1
0018ABr 1  A0 05        	ldy     #$05
0018ADr 1  B1 rr        	lda     (ptr1),y
0018AFr 1  AA           	tax
0018B0r 1  88           	dey
0018B1r 1  B1 rr        	lda     (ptr1),y
0018B3r 1  20 rr rr     	jsr     tosicmp
0018B6r 1  90 73        	bcc     L02D6
0018B8r 1  A0 06        	ldy     #$06
0018BAr 1  20 rr rr     	jsr     pushwysp
0018BDr 1  A0 03        	ldy     #$03
0018BFr 1  B1 rr        	lda     (sp),y
0018C1r 1  85 rr        	sta     ptr1+1
0018C3r 1  88           	dey
0018C4r 1  B1 rr        	lda     (sp),y
0018C6r 1  85 rr        	sta     ptr1
0018C8r 1  A0 05        	ldy     #$05
0018CAr 1  B1 rr        	lda     (ptr1),y
0018CCr 1  AA           	tax
0018CDr 1  88           	dey
0018CEr 1  B1 rr        	lda     (ptr1),y
0018D0r 1  20 rr rr     	jsr     pushax
0018D3r 1  A0 05        	ldy     #$05
0018D5r 1  B1 rr        	lda     (sp),y
0018D7r 1  85 rr        	sta     ptr1+1
0018D9r 1  88           	dey
0018DAr 1  B1 rr        	lda     (sp),y
0018DCr 1  85 rr        	sta     ptr1
0018DEr 1  A0 08        	ldy     #$08
0018E0r 1  B1 rr        	lda     (ptr1),y
0018E2r 1  AA           	tax
0018E3r 1  88           	dey
0018E4r 1  B1 rr        	lda     (ptr1),y
0018E6r 1  20 rr rr     	jsr     tosaddax
0018E9r 1  20 rr rr     	jsr     tosicmp
0018ECr 1  B0 3D        	bcs     L02D6
0018EEr 1  A0 02        	ldy     #$02
0018F0r 1  B1 rr        	lda     (sp),y
0018F2r 1  20 rr rr     	jsr     pusha0
0018F5r 1  A0 03        	ldy     #$03
0018F7r 1  B1 rr        	lda     (sp),y
0018F9r 1  85 rr        	sta     ptr1+1
0018FBr 1  88           	dey
0018FCr 1  B1 rr        	lda     (sp),y
0018FEr 1  85 rr        	sta     ptr1
001900r 1  A0 06        	ldy     #$06
001902r 1  B1 rr        	lda     (ptr1),y
001904r 1  20 rr rr     	jsr     tosicmp0
001907r 1  90 22        	bcc     L02D6
001909r 1  A0 02        	ldy     #$02
00190Br 1  B1 rr        	lda     (sp),y
00190Dr 1  20 rr rr     	jsr     pusha0
001910r 1  A0 03        	ldy     #$03
001912r 1  B1 rr        	lda     (sp),y
001914r 1  85 rr        	sta     ptr1+1
001916r 1  88           	dey
001917r 1  B1 rr        	lda     (sp),y
001919r 1  85 rr        	sta     ptr1
00191Br 1  A0 06        	ldy     #$06
00191Dr 1  B1 rr        	lda     (ptr1),y
00191Fr 1  18           	clc
001920r 1  69 0D        	adc     #$0D
001922r 1  90 02        	bcc     L02D7
001924r 1  A2 01        	ldx     #$01
001926r 1  20 rr rr     L02D7:	jsr     tosicmp
001929r 1  90 06        	bcc     L02D3
00192Br 1  A2 00        L02D6:	ldx     #$00
00192Dr 1  8A           	txa
00192Er 1  4C rr rr     	jmp     incsp5
001931r 1  A9 01        L02D3:	lda     #$01
001933r 1  A2 00        	ldx     #$00
001935r 1  4C rr rr     	jmp     incsp5
001938r 1               
001938r 1               .endproc
001938r 1               
001938r 1               ; ---------------------------------------------------------------
001938r 1               ; unsigned char __near__ resize_hit (unsigned int, unsigned char, __near__ const struct udeks_window *)
001938r 1               ; ---------------------------------------------------------------
001938r 1               
001938r 1               .segment	"CODE"
001938r 1               
001938r 1               .proc	_resize_hit: near
001938r 1               
001938r 1               .segment	"CODE"
001938r 1               
001938r 1  20 rr rr     	jsr     pushax
00193Br 1  A0 01        	ldy     #$01
00193Dr 1  B1 rr        	lda     (sp),y
00193Fr 1  85 rr        	sta     ptr1+1
001941r 1  88           	dey
001942r 1  B1 rr        	lda     (sp),y
001944r 1  85 rr        	sta     ptr1
001946r 1  A0 03        	ldy     #$03
001948r 1  B1 rr        	lda     (ptr1),y
00194Ar 1  A2 00        	ldx     #$00
00194Cr 1  29 08        	and     #$08
00194Er 1  F0 7C        	beq     L0592
001950r 1  A0 06        	ldy     #$06
001952r 1  20 rr rr     	jsr     pushwysp
001955r 1  A0 03        	ldy     #$03
001957r 1  B1 rr        	lda     (sp),y
001959r 1  85 rr        	sta     ptr1+1
00195Br 1  88           	dey
00195Cr 1  B1 rr        	lda     (sp),y
00195Er 1  85 rr        	sta     ptr1
001960r 1  A0 05        	ldy     #$05
001962r 1  B1 rr        	lda     (ptr1),y
001964r 1  AA           	tax
001965r 1  88           	dey
001966r 1  B1 rr        	lda     (ptr1),y
001968r 1  20 rr rr     	jsr     pushax
00196Br 1  A0 05        	ldy     #$05
00196Dr 1  B1 rr        	lda     (sp),y
00196Fr 1  85 rr        	sta     ptr1+1
001971r 1  88           	dey
001972r 1  B1 rr        	lda     (sp),y
001974r 1  85 rr        	sta     ptr1
001976r 1  A0 08        	ldy     #$08
001978r 1  B1 rr        	lda     (ptr1),y
00197Ar 1  AA           	tax
00197Br 1  88           	dey
00197Cr 1  B1 rr        	lda     (ptr1),y
00197Er 1  20 rr rr     	jsr     tosaddax
001981r 1  38           	sec
001982r 1  E9 0A        	sbc     #$0A
001984r 1  B0 01        	bcs     L02DE
001986r 1  CA           	dex
001987r 1  20 rr rr     L02DE:	jsr     tosicmp
00198Ar 1  90 36        	bcc     L02DD
00198Cr 1  A0 02        	ldy     #$02
00198Er 1  B1 rr        	lda     (sp),y
001990r 1  20 rr rr     	jsr     pusha0
001993r 1  A0 03        	ldy     #$03
001995r 1  B1 rr        	lda     (sp),y
001997r 1  85 rr        	sta     ptr1+1
001999r 1  88           	dey
00199Ar 1  B1 rr        	lda     (sp),y
00199Cr 1  85 rr        	sta     ptr1
00199Er 1  A0 06        	ldy     #$06
0019A0r 1  B1 rr        	lda     (ptr1),y
0019A2r 1  20 rr rr     	jsr     pusha0
0019A5r 1  A0 05        	ldy     #$05
0019A7r 1  B1 rr        	lda     (sp),y
0019A9r 1  85 rr        	sta     ptr1+1
0019ABr 1  88           	dey
0019ACr 1  B1 rr        	lda     (sp),y
0019AEr 1  85 rr        	sta     ptr1
0019B0r 1  A0 09        	ldy     #$09
0019B2r 1  B1 rr        	lda     (ptr1),y
0019B4r 1  20 rr rr     	jsr     tosadda0
0019B7r 1  38           	sec
0019B8r 1  E9 0A        	sbc     #$0A
0019BAr 1  B0 01        	bcs     L02DF
0019BCr 1  CA           	dex
0019BDr 1  20 rr rr     L02DF:	jsr     tosicmp
0019C0r 1  B0 06        	bcs     L02DA
0019C2r 1  A2 00        L02DD:	ldx     #$00
0019C4r 1  8A           	txa
0019C5r 1  4C rr rr     	jmp     incsp5
0019C8r 1  A9 01        L02DA:	lda     #$01
0019CAr 1  A2 00        	ldx     #$00
0019CCr 1  4C rr rr     L0592:	jmp     incsp5
0019CFr 1               
0019CFr 1               .endproc
0019CFr 1               
0019CFr 1               ; ---------------------------------------------------------------
0019CFr 1               ; void __near__ begin_drag (unsigned char, unsigned int, unsigned char, unsigned char)
0019CFr 1               ; ---------------------------------------------------------------
0019CFr 1               
0019CFr 1               .segment	"CODE"
0019CFr 1               
0019CFr 1               .proc	_begin_drag: near
0019CFr 1               
0019CFr 1               .segment	"CODE"
0019CFr 1               
0019CFr 1  20 rr rr     	jsr     pusha
0019D2r 1  20 rr rr     	jsr     decsp2
0019D5r 1  A0 06        	ldy     #$06
0019D7r 1  B1 rr        	lda     (sp),y
0019D9r 1  20 rr rr     	jsr     _window_by_handle
0019DCr 1  20 rr rr     	jsr     stax0sp
0019DFr 1  E0 00        	cpx     #$00
0019E1r 1  D0 07        	bne     L0593
0019E3r 1  C9 00        	cmp     #$00
0019E5r 1  D0 03        	bne     L0593
0019E7r 1  4C rr rr     	jmp     incsp7
0019EAr 1  A0 06        L0593:	ldy     #$06
0019ECr 1  B1 rr        	lda     (sp),y
0019EEr 1  8D rr rr     	sta     _dragging_handle
0019F1r 1  A0 02        	ldy     #$02
0019F3r 1  B1 rr        	lda     (sp),y
0019F5r 1  8D rr rr     	sta     _drag_mode
0019F8r 1  A0 07        	ldy     #$07
0019FAr 1  20 rr rr     	jsr     pushwysp
0019FDr 1  A0 03        	ldy     #$03
0019FFr 1  B1 rr        	lda     (sp),y
001A01r 1  85 rr        	sta     ptr1+1
001A03r 1  88           	dey
001A04r 1  B1 rr        	lda     (sp),y
001A06r 1  85 rr        	sta     ptr1
001A08r 1  A0 05        	ldy     #$05
001A0Ar 1  B1 rr        	lda     (ptr1),y
001A0Cr 1  AA           	tax
001A0Dr 1  88           	dey
001A0Er 1  B1 rr        	lda     (ptr1),y
001A10r 1  20 rr rr     	jsr     tossubax
001A13r 1  8D rr rr     	sta     _drag_pointer_x
001A16r 1  8E rr rr     	stx     _drag_pointer_x+1
001A19r 1  A0 03        	ldy     #$03
001A1Br 1  B1 rr        	lda     (sp),y
001A1Dr 1  20 rr rr     	jsr     pusha0
001A20r 1  A0 03        	ldy     #$03
001A22r 1  B1 rr        	lda     (sp),y
001A24r 1  85 rr        	sta     ptr1+1
001A26r 1  88           	dey
001A27r 1  B1 rr        	lda     (sp),y
001A29r 1  85 rr        	sta     ptr1
001A2Br 1  A0 06        	ldy     #$06
001A2Dr 1  B1 rr        	lda     (ptr1),y
001A2Fr 1  20 rr rr     	jsr     tossuba0
001A32r 1  8D rr rr     	sta     _drag_pointer_y
001A35r 1  A0 01        	ldy     #$01
001A37r 1  B1 rr        	lda     (sp),y
001A39r 1  85 rr        	sta     ptr1+1
001A3Br 1  88           	dey
001A3Cr 1  B1 rr        	lda     (sp),y
001A3Er 1  85 rr        	sta     ptr1
001A40r 1  A0 05        	ldy     #$05
001A42r 1  B1 rr        	lda     (ptr1),y
001A44r 1  8D rr rr     	sta     _drag_x+1
001A47r 1  88           	dey
001A48r 1  B1 rr        	lda     (ptr1),y
001A4Ar 1  8D rr rr     	sta     _drag_x
001A4Dr 1  A0 01        	ldy     #$01
001A4Fr 1  B1 rr        	lda     (sp),y
001A51r 1  85 rr        	sta     ptr1+1
001A53r 1  88           	dey
001A54r 1  B1 rr        	lda     (sp),y
001A56r 1  85 rr        	sta     ptr1
001A58r 1  A0 06        	ldy     #$06
001A5Ar 1  B1 rr        	lda     (ptr1),y
001A5Cr 1  8D rr rr     	sta     _drag_y
001A5Fr 1  A0 01        	ldy     #$01
001A61r 1  B1 rr        	lda     (sp),y
001A63r 1  85 rr        	sta     ptr1+1
001A65r 1  88           	dey
001A66r 1  B1 rr        	lda     (sp),y
001A68r 1  85 rr        	sta     ptr1
001A6Ar 1  A0 08        	ldy     #$08
001A6Cr 1  B1 rr        	lda     (ptr1),y
001A6Er 1  8D rr rr     	sta     _drag_width+1
001A71r 1  88           	dey
001A72r 1  B1 rr        	lda     (ptr1),y
001A74r 1  8D rr rr     	sta     _drag_width
001A77r 1  A0 01        	ldy     #$01
001A79r 1  B1 rr        	lda     (sp),y
001A7Br 1  85 rr        	sta     ptr1+1
001A7Dr 1  88           	dey
001A7Er 1  B1 rr        	lda     (sp),y
001A80r 1  85 rr        	sta     ptr1
001A82r 1  A0 09        	ldy     #$09
001A84r 1  B1 rr        	lda     (ptr1),y
001A86r 1  8D rr rr     	sta     _drag_height
001A89r 1  A0 01        	ldy     #$01
001A8Br 1  B1 rr        	lda     (sp),y
001A8Dr 1  AA           	tax
001A8Er 1  88           	dey
001A8Fr 1  B1 rr        	lda     (sp),y
001A91r 1  20 rr rr     	jsr     _damage_set
001A94r 1  A0 06        	ldy     #$06
001A96r 1  B1 rr        	lda     (sp),y
001A98r 1  20 rr rr     	jsr     _compose_damage
001A9Br 1  20 rr rr     	jsr     decsp5
001A9Er 1  AD rr rr     	lda     _drag_x
001AA1r 1  A0 03        	ldy     #$03
001AA3r 1  91 rr        	sta     (sp),y
001AA5r 1  C8           	iny
001AA6r 1  AD rr rr     	lda     _drag_x+1
001AA9r 1  91 rr        	sta     (sp),y
001AABr 1  AD rr rr     	lda     _drag_y
001AAEr 1  A0 02        	ldy     #$02
001AB0r 1  91 rr        	sta     (sp),y
001AB2r 1  A0 06        	ldy     #$06
001AB4r 1  B1 rr        	lda     (sp),y
001AB6r 1  85 rr        	sta     ptr1+1
001AB8r 1  88           	dey
001AB9r 1  B1 rr        	lda     (sp),y
001ABBr 1  85 rr        	sta     ptr1
001ABDr 1  A0 08        	ldy     #$08
001ABFr 1  B1 rr        	lda     (ptr1),y
001AC1r 1  AA           	tax
001AC2r 1  88           	dey
001AC3r 1  B1 rr        	lda     (ptr1),y
001AC5r 1  A0 00        	ldy     #$00
001AC7r 1  91 rr        	sta     (sp),y
001AC9r 1  C8           	iny
001ACAr 1  8A           	txa
001ACBr 1  91 rr        	sta     (sp),y
001ACDr 1  A0 06        	ldy     #$06
001ACFr 1  B1 rr        	lda     (sp),y
001AD1r 1  85 rr        	sta     ptr1+1
001AD3r 1  88           	dey
001AD4r 1  B1 rr        	lda     (sp),y
001AD6r 1  85 rr        	sta     ptr1
001AD8r 1  A0 09        	ldy     #$09
001ADAr 1  B1 rr        	lda     (ptr1),y
001ADCr 1  20 rr rr     	jsr     _udeks_vic_bitmap_outline_toggle
001ADFr 1  A9 18        	lda     #$18
001AE1r 1  20 rr rr     	jsr     _increment_counter
001AE4r 1  4C rr rr     	jmp     incsp7
001AE7r 1               
001AE7r 1               .endproc
001AE7r 1               
001AE7r 1               ; ---------------------------------------------------------------
001AE7r 1               ; void __near__ move_drag (unsigned int, unsigned char)
001AE7r 1               ; ---------------------------------------------------------------
001AE7r 1               
001AE7r 1               .segment	"CODE"
001AE7r 1               
001AE7r 1               .proc	_move_drag: near
001AE7r 1               
001AE7r 1               .segment	"CODE"
001AE7r 1               
001AE7r 1  20 rr rr     	jsr     pusha
001AEAr 1  20 rr rr     	jsr     decsp5
001AEDr 1  AD rr rr     	lda     _dragging_handle
001AF0r 1  20 rr rr     	jsr     _window_by_handle
001AF3r 1  A0 03        	ldy     #$03
001AF5r 1  20 rr rr     	jsr     staxysp
001AF8r 1  E0 00        	cpx     #$00
001AFAr 1  D0 0A        	bne     L0308
001AFCr 1  C9 00        	cmp     #$00
001AFEr 1  D0 06        	bne     L0308
001B00r 1  8D rr rr     	sta     _dragging_handle
001B03r 1  4C rr rr     	jmp     incsp8
001B06r 1  A0 07        L0308:	ldy     #$07
001B08r 1  B1 rr        	lda     (sp),y
001B0Ar 1  AA           	tax
001B0Br 1  88           	dey
001B0Cr 1  B1 rr        	lda     (sp),y
001B0Er 1  38           	sec
001B0Fr 1  ED rr rr     	sbc     _drag_pointer_x
001B12r 1  85 rr        	sta     tmp1
001B14r 1  8A           	txa
001B15r 1  ED rr rr     	sbc     _drag_pointer_x+1
001B18r 1  05 rr        	ora     tmp1
001B1Ar 1  90 17        	bcc     L030F
001B1Cr 1  F0 15        	beq     L030F
001B1Er 1  C8           	iny
001B1Fr 1  B1 rr        	lda     (sp),y
001B21r 1  AA           	tax
001B22r 1  88           	dey
001B23r 1  B1 rr        	lda     (sp),y
001B25r 1  38           	sec
001B26r 1  ED rr rr     	sbc     _drag_pointer_x
001B29r 1  48           	pha
001B2Ar 1  8A           	txa
001B2Br 1  ED rr rr     	sbc     _drag_pointer_x+1
001B2Er 1  AA           	tax
001B2Fr 1  68           	pla
001B30r 1  4C rr rr     	jmp     L0311
001B33r 1  A2 00        L030F:	ldx     #$00
001B35r 1  8A           	txa
001B36r 1  A0 01        L0311:	ldy     #$01
001B38r 1  20 rr rr     	jsr     staxysp
001B3Br 1  A0 05        	ldy     #$05
001B3Dr 1  B1 rr        	lda     (sp),y
001B3Fr 1  38           	sec
001B40r 1  ED rr rr     	sbc     _drag_pointer_y
001B43r 1  90 0B        	bcc     L0596
001B45r 1  F0 09        	beq     L0596
001B47r 1  B1 rr        	lda     (sp),y
001B49r 1  38           	sec
001B4Ar 1  ED rr rr     	sbc     _drag_pointer_y
001B4Dr 1  4C rr rr     	jmp     L0597
001B50r 1  A9 00        L0596:	lda     #$00
001B52r 1  A0 00        L0597:	ldy     #$00
001B54r 1  91 rr        	sta     (sp),y
001B56r 1  A0 04        	ldy     #$04
001B58r 1  20 rr rr     	jsr     pushwysp
001B5Br 1  A2 01        	ldx     #$01
001B5Dr 1  A9 40        	lda     #$40
001B5Fr 1  20 rr rr     	jsr     pushax
001B62r 1  A0 08        	ldy     #$08
001B64r 1  B1 rr        	lda     (sp),y
001B66r 1  85 rr        	sta     ptr1+1
001B68r 1  88           	dey
001B69r 1  B1 rr        	lda     (sp),y
001B6Br 1  85 rr        	sta     ptr1
001B6Dr 1  C8           	iny
001B6Er 1  B1 rr        	lda     (ptr1),y
001B70r 1  AA           	tax
001B71r 1  88           	dey
001B72r 1  B1 rr        	lda     (ptr1),y
001B74r 1  20 rr rr     	jsr     tossubax
001B77r 1  20 rr rr     	jsr     tosicmp
001B7Ar 1  90 24        	bcc     L031A
001B7Cr 1  F0 22        	beq     L031A
001B7Er 1  A2 01        	ldx     #$01
001B80r 1  A9 40        	lda     #$40
001B82r 1  20 rr rr     	jsr     pushax
001B85r 1  A0 06        	ldy     #$06
001B87r 1  B1 rr        	lda     (sp),y
001B89r 1  85 rr        	sta     ptr1+1
001B8Br 1  88           	dey
001B8Cr 1  B1 rr        	lda     (sp),y
001B8Er 1  85 rr        	sta     ptr1
001B90r 1  A0 08        	ldy     #$08
001B92r 1  B1 rr        	lda     (ptr1),y
001B94r 1  AA           	tax
001B95r 1  88           	dey
001B96r 1  B1 rr        	lda     (ptr1),y
001B98r 1  20 rr rr     	jsr     tossubax
001B9Br 1  A0 01        	ldy     #$01
001B9Dr 1  20 rr rr     	jsr     staxysp
001BA0r 1  A2 00        L031A:	ldx     #$00
001BA2r 1  A1 rr        	lda     (sp,x)
001BA4r 1  20 rr rr     	jsr     pusha0
001BA7r 1  A9 C8        	lda     #$C8
001BA9r 1  20 rr rr     	jsr     pusha0
001BACr 1  A0 08        	ldy     #$08
001BAEr 1  B1 rr        	lda     (sp),y
001BB0r 1  85 rr        	sta     ptr1+1
001BB2r 1  88           	dey
001BB3r 1  B1 rr        	lda     (sp),y
001BB5r 1  85 rr        	sta     ptr1
001BB7r 1  A0 09        	ldy     #$09
001BB9r 1  B1 rr        	lda     (ptr1),y
001BBBr 1  20 rr rr     	jsr     tossuba0
001BBEr 1  20 rr rr     	jsr     tosicmp
001BC1r 1  90 1D        	bcc     L031E
001BC3r 1  F0 1B        	beq     L031E
001BC5r 1  A9 C8        	lda     #$C8
001BC7r 1  20 rr rr     	jsr     pusha0
001BCAr 1  A0 06        	ldy     #$06
001BCCr 1  B1 rr        	lda     (sp),y
001BCEr 1  85 rr        	sta     ptr1+1
001BD0r 1  88           	dey
001BD1r 1  B1 rr        	lda     (sp),y
001BD3r 1  85 rr        	sta     ptr1
001BD5r 1  A0 09        	ldy     #$09
001BD7r 1  B1 rr        	lda     (ptr1),y
001BD9r 1  20 rr rr     	jsr     tossuba0
001BDCr 1  A0 00        	ldy     #$00
001BDEr 1  91 rr        	sta     (sp),y
001BE0r 1  A0 02        L031E:	ldy     #$02
001BE2r 1  B1 rr        	lda     (sp),y
001BE4r 1  AA           	tax
001BE5r 1  88           	dey
001BE6r 1  B1 rr        	lda     (sp),y
001BE8r 1  EC rr rr     	cpx     _drag_x+1
001BEBr 1  D0 0D        	bne     L0322
001BEDr 1  CD rr rr     	cmp     _drag_x
001BF0r 1  D0 08        	bne     L0322
001BF2r 1  88           	dey
001BF3r 1  B1 rr        	lda     (sp),y
001BF5r 1  CD rr rr     	cmp     _drag_y
001BF8r 1  F0 77        	beq     L0304
001BFAr 1  20 rr rr     L0322:	jsr     _udeks_vic_bitmap_reset_clip
001BFDr 1  20 rr rr     	jsr     decsp8
001C00r 1  AD rr rr     	lda     _drag_x
001C03r 1  A0 06        	ldy     #$06
001C05r 1  91 rr        	sta     (sp),y
001C07r 1  C8           	iny
001C08r 1  AD rr rr     	lda     _drag_x+1
001C0Br 1  91 rr        	sta     (sp),y
001C0Dr 1  AD rr rr     	lda     _drag_y
001C10r 1  A0 05        	ldy     #$05
001C12r 1  91 rr        	sta     (sp),y
001C14r 1  A0 0A        	ldy     #$0A
001C16r 1  B1 rr        	lda     (sp),y
001C18r 1  AA           	tax
001C19r 1  88           	dey
001C1Ar 1  B1 rr        	lda     (sp),y
001C1Cr 1  A0 03        	ldy     #$03
001C1Er 1  91 rr        	sta     (sp),y
001C20r 1  C8           	iny
001C21r 1  8A           	txa
001C22r 1  91 rr        	sta     (sp),y
001C24r 1  A0 08        	ldy     #$08
001C26r 1  B1 rr        	lda     (sp),y
001C28r 1  A0 02        	ldy     #$02
001C2Ar 1  91 rr        	sta     (sp),y
001C2Cr 1  A0 0C        	ldy     #$0C
001C2Er 1  B1 rr        	lda     (sp),y
001C30r 1  85 rr        	sta     ptr1+1
001C32r 1  88           	dey
001C33r 1  B1 rr        	lda     (sp),y
001C35r 1  85 rr        	sta     ptr1
001C37r 1  A0 08        	ldy     #$08
001C39r 1  B1 rr        	lda     (ptr1),y
001C3Br 1  AA           	tax
001C3Cr 1  88           	dey
001C3Dr 1  B1 rr        	lda     (ptr1),y
001C3Fr 1  A0 00        	ldy     #$00
001C41r 1  91 rr        	sta     (sp),y
001C43r 1  C8           	iny
001C44r 1  8A           	txa
001C45r 1  91 rr        	sta     (sp),y
001C47r 1  A0 0C        	ldy     #$0C
001C49r 1  B1 rr        	lda     (sp),y
001C4Br 1  85 rr        	sta     ptr1+1
001C4Dr 1  88           	dey
001C4Er 1  B1 rr        	lda     (sp),y
001C50r 1  85 rr        	sta     ptr1
001C52r 1  A0 09        	ldy     #$09
001C54r 1  B1 rr        	lda     (ptr1),y
001C56r 1  20 rr rr     	jsr     _udeks_vic_bitmap_outline_move
001C59r 1  A0 02        	ldy     #$02
001C5Br 1  B1 rr        	lda     (sp),y
001C5Dr 1  8D rr rr     	sta     _drag_x+1
001C60r 1  88           	dey
001C61r 1  B1 rr        	lda     (sp),y
001C63r 1  8D rr rr     	sta     _drag_x
001C66r 1  88           	dey
001C67r 1  B1 rr        	lda     (sp),y
001C69r 1  8D rr rr     	sta     _drag_y
001C6Cr 1  A9 16        	lda     #$16
001C6Er 1  20 rr rr     	jsr     _increment_counter
001C71r 1  4C rr rr     L0304:	jmp     incsp8
001C74r 1               
001C74r 1               .endproc
001C74r 1               
001C74r 1               ; ---------------------------------------------------------------
001C74r 1               ; void __near__ resize_drag (unsigned int, unsigned char)
001C74r 1               ; ---------------------------------------------------------------
001C74r 1               
001C74r 1               .segment	"CODE"
001C74r 1               
001C74r 1               .proc	_resize_drag: near
001C74r 1               
001C74r 1               .segment	"CODE"
001C74r 1               
001C74r 1  20 rr rr     	jsr     pusha
001C77r 1  20 rr rr     	jsr     decsp3
001C7Ar 1  A0 05        	ldy     #$05
001C7Cr 1  B1 rr        	lda     (sp),y
001C7Er 1  AA           	tax
001C7Fr 1  88           	dey
001C80r 1  B1 rr        	lda     (sp),y
001C82r 1  38           	sec
001C83r 1  ED rr rr     	sbc     _drag_x
001C86r 1  85 rr        	sta     tmp1
001C88r 1  8A           	txa
001C89r 1  ED rr rr     	sbc     _drag_x+1
001C8Cr 1  05 rr        	ora     tmp1
001C8Er 1  90 1D        	bcc     L0337
001C90r 1  F0 1B        	beq     L0337
001C92r 1  C8           	iny
001C93r 1  B1 rr        	lda     (sp),y
001C95r 1  AA           	tax
001C96r 1  88           	dey
001C97r 1  B1 rr        	lda     (sp),y
001C99r 1  38           	sec
001C9Ar 1  ED rr rr     	sbc     _drag_x
001C9Dr 1  48           	pha
001C9Er 1  8A           	txa
001C9Fr 1  ED rr rr     	sbc     _drag_x+1
001CA2r 1  AA           	tax
001CA3r 1  68           	pla
001CA4r 1  18           	clc
001CA5r 1  69 01        	adc     #$01
001CA7r 1  90 08        	bcc     L033A
001CA9r 1  E8           	inx
001CAAr 1  4C rr rr     	jmp     L033A
001CADr 1  A2 00        L0337:	ldx     #$00
001CAFr 1  A9 30        	lda     #$30
001CB1r 1  A0 01        L033A:	ldy     #$01
001CB3r 1  20 rr rr     	jsr     staxysp
001CB6r 1  A0 03        	ldy     #$03
001CB8r 1  B1 rr        	lda     (sp),y
001CBAr 1  38           	sec
001CBBr 1  ED rr rr     	sbc     _drag_y
001CBEr 1  90 0E        	bcc     L059B
001CC0r 1  F0 0C        	beq     L059B
001CC2r 1  B1 rr        	lda     (sp),y
001CC4r 1  38           	sec
001CC5r 1  ED rr rr     	sbc     _drag_y
001CC8r 1  18           	clc
001CC9r 1  69 01        	adc     #$01
001CCBr 1  4C rr rr     	jmp     L059C
001CCEr 1  A9 30        L059B:	lda     #$30
001CD0r 1  A0 00        L059C:	ldy     #$00
001CD2r 1  91 rr        	sta     (sp),y
001CD4r 1  A0 02        	ldy     #$02
001CD6r 1  B1 rr        	lda     (sp),y
001CD8r 1  C9 00        	cmp     #$00
001CDAr 1  D0 05        	bne     L0346
001CDCr 1  88           	dey
001CDDr 1  B1 rr        	lda     (sp),y
001CDFr 1  C9 30        	cmp     #$30
001CE1r 1  B0 0B        L0346:	bcs     L0344
001CE3r 1  A0 01        	ldy     #$01
001CE5r 1  A9 30        	lda     #$30
001CE7r 1  91 rr        	sta     (sp),y
001CE9r 1  A9 00        	lda     #$00
001CEBr 1  C8           	iny
001CECr 1  91 rr        	sta     (sp),y
001CEEr 1  A0 00        L0344:	ldy     #$00
001CF0r 1  B1 rr        	lda     (sp),y
001CF2r 1  C9 30        	cmp     #$30
001CF4r 1  B0 04        	bcs     L0349
001CF6r 1  A9 30        	lda     #$30
001CF8r 1  91 rr        	sta     (sp),y
001CFAr 1  A0 04        L0349:	ldy     #$04
001CFCr 1  20 rr rr     	jsr     pushwysp
001CFFr 1  A9 40        	lda     #$40
001D01r 1  38           	sec
001D02r 1  ED rr rr     	sbc     _drag_x
001D05r 1  48           	pha
001D06r 1  A9 01        	lda     #$01
001D08r 1  ED rr rr     	sbc     _drag_x+1
001D0Br 1  AA           	tax
001D0Cr 1  68           	pla
001D0Dr 1  20 rr rr     	jsr     tosicmp
001D10r 1  90 15        	bcc     L034D
001D12r 1  F0 13        	beq     L034D
001D14r 1  A9 40        	lda     #$40
001D16r 1  38           	sec
001D17r 1  ED rr rr     	sbc     _drag_x
001D1Ar 1  48           	pha
001D1Br 1  A9 01        	lda     #$01
001D1Dr 1  ED rr rr     	sbc     _drag_x+1
001D20r 1  AA           	tax
001D21r 1  68           	pla
001D22r 1  A0 01        	ldy     #$01
001D24r 1  20 rr rr     	jsr     staxysp
001D27r 1  A2 00        L034D:	ldx     #$00
001D29r 1  A1 rr        	lda     (sp,x)
001D2Br 1  20 rr rr     	jsr     pusha0
001D2Er 1  A9 C8        	lda     #$C8
001D30r 1  38           	sec
001D31r 1  ED rr rr     	sbc     _drag_y
001D34r 1  20 rr rr     	jsr     tosicmp0
001D37r 1  90 0C        	bcc     L0351
001D39r 1  F0 0A        	beq     L0351
001D3Br 1  A9 C8        	lda     #$C8
001D3Dr 1  38           	sec
001D3Er 1  ED rr rr     	sbc     _drag_y
001D41r 1  A0 00        	ldy     #$00
001D43r 1  91 rr        	sta     (sp),y
001D45r 1  A0 02        L0351:	ldy     #$02
001D47r 1  B1 rr        	lda     (sp),y
001D49r 1  AA           	tax
001D4Ar 1  88           	dey
001D4Br 1  B1 rr        	lda     (sp),y
001D4Dr 1  EC rr rr     	cpx     _drag_width+1
001D50r 1  D0 0D        	bne     L0356
001D52r 1  CD rr rr     	cmp     _drag_width
001D55r 1  D0 08        	bne     L0356
001D57r 1  88           	dey
001D58r 1  B1 rr        	lda     (sp),y
001D5Ar 1  CD rr rr     	cmp     _drag_height
001D5Dr 1  F0 73        	beq     L0334
001D5Fr 1  20 rr rr     L0356:	jsr     _udeks_vic_bitmap_reset_clip
001D62r 1  20 rr rr     	jsr     decsp5
001D65r 1  AD rr rr     	lda     _drag_x
001D68r 1  A0 03        	ldy     #$03
001D6Ar 1  91 rr        	sta     (sp),y
001D6Cr 1  C8           	iny
001D6Dr 1  AD rr rr     	lda     _drag_x+1
001D70r 1  91 rr        	sta     (sp),y
001D72r 1  AD rr rr     	lda     _drag_y
001D75r 1  A0 02        	ldy     #$02
001D77r 1  91 rr        	sta     (sp),y
001D79r 1  AD rr rr     	lda     _drag_width
001D7Cr 1  A0 00        	ldy     #$00
001D7Er 1  91 rr        	sta     (sp),y
001D80r 1  C8           	iny
001D81r 1  AD rr rr     	lda     _drag_width+1
001D84r 1  91 rr        	sta     (sp),y
001D86r 1  AD rr rr     	lda     _drag_height
001D89r 1  20 rr rr     	jsr     _udeks_vic_bitmap_outline_toggle
001D8Cr 1  20 rr rr     	jsr     decsp5
001D8Fr 1  AD rr rr     	lda     _drag_x
001D92r 1  A0 03        	ldy     #$03
001D94r 1  91 rr        	sta     (sp),y
001D96r 1  C8           	iny
001D97r 1  AD rr rr     	lda     _drag_x+1
001D9Ar 1  91 rr        	sta     (sp),y
001D9Cr 1  AD rr rr     	lda     _drag_y
001D9Fr 1  A0 02        	ldy     #$02
001DA1r 1  91 rr        	sta     (sp),y
001DA3r 1  A0 07        	ldy     #$07
001DA5r 1  B1 rr        	lda     (sp),y
001DA7r 1  AA           	tax
001DA8r 1  88           	dey
001DA9r 1  B1 rr        	lda     (sp),y
001DABr 1  A0 00        	ldy     #$00
001DADr 1  91 rr        	sta     (sp),y
001DAFr 1  C8           	iny
001DB0r 1  8A           	txa
001DB1r 1  91 rr        	sta     (sp),y
001DB3r 1  A0 05        	ldy     #$05
001DB5r 1  B1 rr        	lda     (sp),y
001DB7r 1  20 rr rr     	jsr     _udeks_vic_bitmap_outline_toggle
001DBAr 1  A0 02        	ldy     #$02
001DBCr 1  B1 rr        	lda     (sp),y
001DBEr 1  8D rr rr     	sta     _drag_width+1
001DC1r 1  88           	dey
001DC2r 1  B1 rr        	lda     (sp),y
001DC4r 1  8D rr rr     	sta     _drag_width
001DC7r 1  88           	dey
001DC8r 1  B1 rr        	lda     (sp),y
001DCAr 1  8D rr rr     	sta     _drag_height
001DCDr 1  A9 16        	lda     #$16
001DCFr 1  20 rr rr     	jsr     _increment_counter
001DD2r 1  4C rr rr     L0334:	jmp     incsp6
001DD5r 1               
001DD5r 1               .endproc
001DD5r 1               
001DD5r 1               ; ---------------------------------------------------------------
001DD5r 1               ; void __near__ finish_drag (void)
001DD5r 1               ; ---------------------------------------------------------------
001DD5r 1               
001DD5r 1               .segment	"CODE"
001DD5r 1               
001DD5r 1               .proc	_finish_drag: near
001DD5r 1               
001DD5r 1               .segment	"CODE"
001DD5r 1               
001DD5r 1  20 rr rr     	jsr     decsp3
001DD8r 1  AD rr rr     	lda     _dragging_handle
001DDBr 1  A0 00        	ldy     #$00
001DDDr 1  91 rr        	sta     (sp),y
001DDFr 1  20 rr rr     	jsr     _window_by_handle
001DE2r 1  A0 01        	ldy     #$01
001DE4r 1  20 rr rr     	jsr     staxysp
001DE7r 1  E0 00        	cpx     #$00
001DE9r 1  D0 0A        	bne     L0371
001DEBr 1  C9 00        	cmp     #$00
001DEDr 1  D0 06        	bne     L0371
001DEFr 1  8D rr rr     	sta     _dragging_handle
001DF2r 1  4C rr rr     	jmp     incsp3
001DF5r 1  20 rr rr     L0371:	jsr     _udeks_vic_bitmap_reset_clip
001DF8r 1  20 rr rr     	jsr     decsp5
001DFBr 1  AD rr rr     	lda     _drag_x
001DFEr 1  A0 03        	ldy     #$03
001E00r 1  91 rr        	sta     (sp),y
001E02r 1  C8           	iny
001E03r 1  AD rr rr     	lda     _drag_x+1
001E06r 1  91 rr        	sta     (sp),y
001E08r 1  AD rr rr     	lda     _drag_y
001E0Br 1  A0 02        	ldy     #$02
001E0Dr 1  91 rr        	sta     (sp),y
001E0Fr 1  AD rr rr     	lda     _drag_width
001E12r 1  A0 00        	ldy     #$00
001E14r 1  91 rr        	sta     (sp),y
001E16r 1  C8           	iny
001E17r 1  AD rr rr     	lda     _drag_width+1
001E1Ar 1  91 rr        	sta     (sp),y
001E1Cr 1  AD rr rr     	lda     _drag_height
001E1Fr 1  20 rr rr     	jsr     _udeks_vic_bitmap_outline_toggle
001E22r 1  A0 02        	ldy     #$02
001E24r 1  B1 rr        	lda     (sp),y
001E26r 1  AA           	tax
001E27r 1  88           	dey
001E28r 1  B1 rr        	lda     (sp),y
001E2Ar 1  20 rr rr     	jsr     _damage_set
001E2Dr 1  A0 02        	ldy     #$02
001E2Fr 1  B1 rr        	lda     (sp),y
001E31r 1  85 rr        	sta     ptr1+1
001E33r 1  88           	dey
001E34r 1  B1 rr        	lda     (sp),y
001E36r 1  85 rr        	sta     ptr1
001E38r 1  AD rr rr     	lda     _drag_x
001E3Br 1  A0 04        	ldy     #$04
001E3Dr 1  91 rr        	sta     (ptr1),y
001E3Fr 1  C8           	iny
001E40r 1  AD rr rr     	lda     _drag_x+1
001E43r 1  91 rr        	sta     (ptr1),y
001E45r 1  A0 02        	ldy     #$02
001E47r 1  B1 rr        	lda     (sp),y
001E49r 1  85 rr        	sta     ptr1+1
001E4Br 1  88           	dey
001E4Cr 1  B1 rr        	lda     (sp),y
001E4Er 1  85 rr        	sta     ptr1
001E50r 1  AD rr rr     	lda     _drag_y
001E53r 1  A0 06        	ldy     #$06
001E55r 1  91 rr        	sta     (ptr1),y
001E57r 1  A0 02        	ldy     #$02
001E59r 1  B1 rr        	lda     (sp),y
001E5Br 1  85 rr        	sta     ptr1+1
001E5Dr 1  88           	dey
001E5Er 1  B1 rr        	lda     (sp),y
001E60r 1  85 rr        	sta     ptr1
001E62r 1  AD rr rr     	lda     _drag_width
001E65r 1  A0 07        	ldy     #$07
001E67r 1  91 rr        	sta     (ptr1),y
001E69r 1  C8           	iny
001E6Ar 1  AD rr rr     	lda     _drag_width+1
001E6Dr 1  91 rr        	sta     (ptr1),y
001E6Fr 1  A0 02        	ldy     #$02
001E71r 1  B1 rr        	lda     (sp),y
001E73r 1  85 rr        	sta     ptr1+1
001E75r 1  88           	dey
001E76r 1  B1 rr        	lda     (sp),y
001E78r 1  85 rr        	sta     ptr1
001E7Ar 1  AD rr rr     	lda     _drag_height
001E7Dr 1  A0 09        	ldy     #$09
001E7Fr 1  91 rr        	sta     (ptr1),y
001E81r 1  A0 02        	ldy     #$02
001E83r 1  B1 rr        	lda     (sp),y
001E85r 1  AA           	tax
001E86r 1  88           	dey
001E87r 1  B1 rr        	lda     (sp),y
001E89r 1  20 rr rr     	jsr     _damage_add
001E8Cr 1  A9 00        	lda     #$00
001E8Er 1  8D rr rr     	sta     _dragging_handle
001E91r 1  8D rr rr     	sta     _drag_mode
001E94r 1  20 rr rr     	jsr     _compose_damage
001E97r 1  20 rr rr     	jsr     _udeks_pointer_resynchronize
001E9Ar 1  A9 1A        	lda     #$1A
001E9Cr 1  20 rr rr     	jsr     _increment_counter
001E9Fr 1  4C rr rr     	jmp     incsp3
001EA2r 1               
001EA2r 1               .endproc
001EA2r 1               
001EA2r 1               
