ca65 V2.18 - Fedora 2.19-15.fc44
Main file   : /var/home/salvogendut/Dev/UDEKS/build/window-manager-bounded-repaint/build/window-repaint-compact/baseline.s
Current file: /var/home/salvogendut/Dev/UDEKS/build/window-manager-bounded-repaint/build/window-repaint-compact/baseline.s

000000r 1               ;
000000r 1               ; File generated by cc65 v 2.18 - Fedora 2.19-15.fc44
000000r 1               ;
000000r 1               	.fopt		compiler,"cc65 v 2.18 - Fedora 2.19-15.fc44"
000000r 1               	.setcpu		"6502"
000000r 1               	.smart		on
000000r 1               	.autoimport	on
000000r 1               	.case		on
000000r 1               	.debuginfo	off
000000r 1               	.importzp	sp, sreg, regsave, regbank
000000r 1               	.importzp	tmp1, tmp2, tmp3, tmp4, ptr1, ptr2, ptr3, ptr4
000000r 1               	.macpack	longbranch
000000r 2               .macro  jeq     Target
000000r 2                       .if     .match(Target, 0)
000000r 2                       bne     *+5
000000r 2                       jmp     Target
000000r 2                       .elseif .def(Target) .and .const((*-2)-(Target)) .and ((*+2)-(Target) <= 127)
000000r 2                               beq     Target
000000r 2                       .else
000000r 2                               bne     *+5
000000r 2                               jmp     Target
000000r 2                       .endif
000000r 2               .endmacro
000000r 2               .macro  jne     Target
000000r 2                       .if     .match(Target, 0)
000000r 2                               beq     *+5
000000r 2                               jmp     Target
000000r 2                       .elseif .def(Target) .and .const((*-2)-(Target)) .and ((*+2)-(Target) <= 127)
000000r 2                               bne     Target
000000r 2                       .else
000000r 2                               beq     *+5
000000r 2                               jmp     Target
000000r 2                       .endif
000000r 2               .endmacro
000000r 2               .macro  jmi     Target
000000r 2                       .if     .match(Target, 0)
000000r 2                               bpl     *+5
000000r 2                               jmp     Target
000000r 2                       .elseif .def(Target) .and .const((*-2)-(Target)) .and ((*+2)-(Target) <= 127)
000000r 2                               bmi     Target
000000r 2                       .else
000000r 2                               bpl     *+5
000000r 2                               jmp     Target
000000r 2                       .endif
000000r 2               .endmacro
000000r 2               .macro  jpl     Target
000000r 2                       .if     .match(Target, 0)
000000r 2                               bmi     *+5
000000r 2                               jmp     Target
000000r 2                       .elseif .def(Target) .and .const((*-2)-(Target)) .and ((*+2)-(Target) <= 127)
000000r 2                               bpl     Target
000000r 2                       .else
000000r 2                               bmi     *+5
000000r 2                               jmp     Target
000000r 2                       .endif
000000r 2               .endmacro
000000r 2               .macro  jcs     Target
000000r 2                       .if     .match(Target, 0)
000000r 2                               bcc     *+5
000000r 2                               jmp     Target
000000r 2                       .elseif .def(Target) .and .const((*-2)-(Target)) .and ((*+2)-(Target) <= 127)
000000r 2                               bcs     Target
000000r 2                       .else
000000r 2                               bcc     *+5
000000r 2                               jmp     Target
000000r 2                       .endif
000000r 2               .endmacro
000000r 2               .macro  jcc     Target
000000r 2                       .if     .match(Target, 0)
000000r 2                               bcs     *+5
000000r 2                               jmp     Target
000000r 2                       .elseif .def(Target) .and .const((*-2)-(Target)) .and ((*+2)-(Target) <= 127)
000000r 2                               bcc     Target
000000r 2                       .else
000000r 2                               bcs     *+5
000000r 2                               jmp     Target
000000r 2                       .endif
000000r 2               .endmacro
000000r 2               .macro  jvs     Target
000000r 2                       .if     .match(Target, 0)
000000r 2                               bvc     *+5
000000r 2                               jmp     Target
000000r 2                       .elseif .def(Target) .and .const((*-2)-(Target)) .and ((*+2)-(Target) <= 127)
000000r 2                               bvs     Target
000000r 2                       .else
000000r 2                               bvc     *+5
000000r 2                               jmp     Target
000000r 2                       .endif
000000r 2               .endmacro
000000r 2               .macro  jvc     Target
000000r 2                       .if     .match(Target, 0)
000000r 2                               bvs     *+5
000000r 2                               jmp     Target
000000r 2                       .elseif .def(Target) .and .const((*-2)-(Target)) .and ((*+2)-(Target) <= 127)
000000r 2                               bvc     Target
000000r 2                       .else
000000r 2                               bvs     *+5
000000r 2                               jmp     Target
000000r 2                       .endif
000000r 2               .endmacro
000000r 2               
000000r 1               	.import		_udeks_pointer_resynchronize
000000r 1               	.import		_udeks_pointer_x
000000r 1               	.import		_udeks_pointer_y
000000r 1               	.import		_udeks_pointer_buttons
000000r 1               	.import		_udeks_vic_graphics_is_active
000000r 1               	.import		_udeks_vic_pointer_busy_begin
000000r 1               	.import		_udeks_vic_pointer_busy_end
000000r 1               	.import		_udeks_vic_bitmap_pixel
000000r 1               	.import		_udeks_vic_bitmap_line
000000r 1               	.import		_udeks_vic_bitmap_rectangle
000000r 1               	.import		_udeks_vic_bitmap_fill
000000r 1               	.import		_udeks_vic_bitmap_set_clip
000000r 1               	.import		_udeks_vic_bitmap_reset_clip
000000r 1               	.import		_udeks_vic_bitmap_outline_toggle
000000r 1               	.import		_udeks_vic_bitmap_outline_move
000000r 1               	.import		_udeks_vic_bitmap_commit
000000r 1               	.export		_udeks_window_manager_start
000000r 1               	.export		_udeks_window_manager_poll
000000r 1               	.export		_udeks_window_manager_stop
000000r 1               	.export		_udeks_window_manager_reset
000000r 1               	.export		_udeks_window_create
000000r 1               	.export		_udeks_window_destroy
000000r 1               	.export		_udeks_window_repaint
000000r 1               	.export		_udeks_window_begin_paint
000000r 1               	.export		_udeks_window_end_paint
000000r 1               	.export		_udeks_window_image_complete
000000r 1               	.export		_udeks_window_get_geometry
000000r 1               	.export		_udeks_window_is_dragging
000000r 1               	.export		_udeks_window_is_focused
000000r 1               	.import		_cache_accept_state
000000r 1               	.import		_cache_owner
000000r 1               	.import		_cache_phase
000000r 1               	.import		_cache_accept_poll
000000r 1               	.import		_cache_step
000000r 1               	.import		_cache_command
000000r 1               
000000r 1               .segment	"RODATA"
000000r 1               
000000r 1               _title_glyphs:
000000r 1  02           	.byte	$02
000001r 1  05           	.byte	$05
000002r 1  07           	.byte	$07
000003r 1  05           	.byte	$05
000004r 1  05           	.byte	$05
000005r 1  06           	.byte	$06
000006r 1  05           	.byte	$05
000007r 1  06           	.byte	$06
000008r 1  05           	.byte	$05
000009r 1  06           	.byte	$06
00000Ar 1  03           	.byte	$03
00000Br 1  04           	.byte	$04
00000Cr 1  04           	.byte	$04
00000Dr 1  04           	.byte	$04
00000Er 1  03           	.byte	$03
00000Fr 1  06           	.byte	$06
000010r 1  05           	.byte	$05
000011r 1  05           	.byte	$05
000012r 1  05           	.byte	$05
000013r 1  06           	.byte	$06
000014r 1  07           	.byte	$07
000015r 1  04           	.byte	$04
000016r 1  06           	.byte	$06
000017r 1  04           	.byte	$04
000018r 1  07           	.byte	$07
000019r 1  07           	.byte	$07
00001Ar 1  04           	.byte	$04
00001Br 1  06           	.byte	$06
00001Cr 1  04           	.byte	$04
00001Dr 1  04           	.byte	$04
00001Er 1  03           	.byte	$03
00001Fr 1  04           	.byte	$04
000020r 1  05           	.byte	$05
000021r 1  05           	.byte	$05
000022r 1  03           	.byte	$03
000023r 1  05           	.byte	$05
000024r 1  05           	.byte	$05
000025r 1  07           	.byte	$07
000026r 1  05           	.byte	$05
000027r 1  05           	.byte	$05
000028r 1  07           	.byte	$07
000029r 1  02           	.byte	$02
00002Ar 1  02           	.byte	$02
00002Br 1  02           	.byte	$02
00002Cr 1  07           	.byte	$07
00002Dr 1  01           	.byte	$01
00002Er 1  01           	.byte	$01
00002Fr 1  01           	.byte	$01
000030r 1  05           	.byte	$05
000031r 1  02           	.byte	$02
000032r 1  05           	.byte	$05
000033r 1  05           	.byte	$05
000034r 1  06           	.byte	$06
000035r 1  05           	.byte	$05
000036r 1  05           	.byte	$05
000037r 1  04           	.byte	$04
000038r 1  04           	.byte	$04
000039r 1  04           	.byte	$04
00003Ar 1  04           	.byte	$04
00003Br 1  07           	.byte	$07
00003Cr 1  05           	.byte	$05
00003Dr 1  07           	.byte	$07
00003Er 1  07           	.byte	$07
00003Fr 1  05           	.byte	$05
000040r 1  05           	.byte	$05
000041r 1  05           	.byte	$05
000042r 1  07           	.byte	$07
000043r 1  07           	.byte	$07
000044r 1  07           	.byte	$07
000045r 1  05           	.byte	$05
000046r 1  02           	.byte	$02
000047r 1  05           	.byte	$05
000048r 1  05           	.byte	$05
000049r 1  05           	.byte	$05
00004Ar 1  02           	.byte	$02
00004Br 1  06           	.byte	$06
00004Cr 1  05           	.byte	$05
00004Dr 1  06           	.byte	$06
00004Er 1  04           	.byte	$04
00004Fr 1  04           	.byte	$04
000050r 1  02           	.byte	$02
000051r 1  05           	.byte	$05
000052r 1  05           	.byte	$05
000053r 1  03           	.byte	$03
000054r 1  01           	.byte	$01
000055r 1  06           	.byte	$06
000056r 1  05           	.byte	$05
000057r 1  06           	.byte	$06
000058r 1  05           	.byte	$05
000059r 1  05           	.byte	$05
00005Ar 1  03           	.byte	$03
00005Br 1  04           	.byte	$04
00005Cr 1  02           	.byte	$02
00005Dr 1  01           	.byte	$01
00005Er 1  06           	.byte	$06
00005Fr 1  07           	.byte	$07
000060r 1  02           	.byte	$02
000061r 1  02           	.byte	$02
000062r 1  02           	.byte	$02
000063r 1  02           	.byte	$02
000064r 1  05           	.byte	$05
000065r 1  05           	.byte	$05
000066r 1  05           	.byte	$05
000067r 1  05           	.byte	$05
000068r 1  07           	.byte	$07
000069r 1  05           	.byte	$05
00006Ar 1  05           	.byte	$05
00006Br 1  05           	.byte	$05
00006Cr 1  05           	.byte	$05
00006Dr 1  02           	.byte	$02
00006Er 1  05           	.byte	$05
00006Fr 1  05           	.byte	$05
000070r 1  07           	.byte	$07
000071r 1  07           	.byte	$07
000072r 1  05           	.byte	$05
000073r 1  05           	.byte	$05
000074r 1  05           	.byte	$05
000075r 1  02           	.byte	$02
000076r 1  05           	.byte	$05
000077r 1  05           	.byte	$05
000078r 1  05           	.byte	$05
000079r 1  05           	.byte	$05
00007Ar 1  02           	.byte	$02
00007Br 1  02           	.byte	$02
00007Cr 1  02           	.byte	$02
00007Dr 1  07           	.byte	$07
00007Er 1  01           	.byte	$01
00007Fr 1  02           	.byte	$02
000080r 1  04           	.byte	$04
000081r 1  07           	.byte	$07
000082r 1               
000082r 1               .segment	"BSS"
000000r 1               
000000r 1               .segment	"HIGHBSS"
000000r 1               _windows:
000000r 1  00 00 00 00  	.res	68,$00
000004r 1  00 00 00 00  
000008r 1  00 00 00 00  
000044r 1               _active_count:
000044r 1  00           	.res	1,$00
000045r 1               _focused_handle:
000045r 1  00           	.res	1,$00
000046r 1               _dragging_handle:
000046r 1  00           	.res	1,$00
000047r 1               _previous_buttons:
000047r 1  00           	.res	1,$00
000048r 1               _drag_pointer_x:
000048r 1  00 00        	.res	2,$00
00004Ar 1               _drag_pointer_y:
00004Ar 1  00           	.res	1,$00
00004Br 1               _drag_x:
00004Br 1  00 00        	.res	2,$00
00004Dr 1               _drag_y:
00004Dr 1  00           	.res	1,$00
00004Er 1               _drag_width:
00004Er 1  00 00        	.res	2,$00
000050r 1               _drag_height:
000050r 1  00           	.res	1,$00
000051r 1               _drag_mode:
000051r 1  00           	.res	1,$00
000052r 1               _damage_left:
000052r 1  00 00        	.res	2,$00
000054r 1               _damage_top:
000054r 1  00           	.res	1,$00
000055r 1               _damage_right:
000055r 1  00 00        	.res	2,$00
000057r 1               _damage_bottom:
000057r 1  00           	.res	1,$00
000058r 1               
000058r 1               ; ---------------------------------------------------------------
000058r 1               ; unsigned char __near__ udeks_window_manager_start (void)
000058r 1               ; ---------------------------------------------------------------
000058r 1               
000058r 1               .segment	"CODE"
000000r 1               
000000r 1               .proc	_udeks_window_manager_start: near
000000r 1               
000000r 1               .segment	"CODE"
000000r 1               
000000r 1  20 rr rr     	jsr     decsp1
000003r 1  A9 00        	lda     #$00
000005r 1  A8           	tay
000006r 1  91 rr        L05D0:	sta     (sp),y
000008r 1  C9 20        	cmp     #$20
00000Ar 1  B0 19        	bcs     L05D1
00000Cr 1  B1 rr        	lda     (sp),y
00000Er 1  18           	clc
00000Fr 1  69 40        	adc     #$40
000011r 1  85 rr        	sta     ptr1
000013r 1  A9 00        	lda     #$00
000015r 1  69 F2        	adc     #$F2
000017r 1  85 rr        	sta     ptr1+1
000019r 1  A9 00        	lda     #$00
00001Br 1  91 rr        	sta     (ptr1),y
00001Dr 1  18           	clc
00001Er 1  A9 01        	lda     #$01
000020r 1  71 rr        	adc     (sp),y
000022r 1  4C rr rr     	jmp     L05D0
000025r 1  A9 57        L05D1:	lda     #$57
000027r 1  8D 40 F2     	sta     $F240
00002Ar 1  A9 4D        	lda     #$4D
00002Cr 1  8D 41 F2     	sta     $F241
00002Fr 1  A9 47        	lda     #$47
000031r 1  8D 42 F2     	sta     $F242
000034r 1  A9 52        	lda     #$52
000036r 1  8D 43 F2     	sta     $F243
000039r 1  A9 01        	lda     #$01
00003Br 1  8D 44 F2     	sta     $F244
00003Er 1  A9 02        	lda     #$02
000040r 1  8D 45 F2     	sta     $F245
000043r 1  20 rr rr     	jsr     _udeks_window_manager_reset
000046r 1  A2 00        	ldx     #$00
000048r 1  8A           	txa
000049r 1  4C rr rr     	jmp     incsp1
00004Cr 1               
00004Cr 1               .endproc
00004Cr 1               
00004Cr 1               ; ---------------------------------------------------------------
00004Cr 1               ; unsigned char __near__ udeks_window_manager_poll (void)
00004Cr 1               ; ---------------------------------------------------------------
00004Cr 1               
00004Cr 1               .segment	"CODE"
00004Cr 1               
00004Cr 1               .proc	_udeks_window_manager_poll: near
00004Cr 1               
00004Cr 1               .segment	"CODE"
00004Cr 1               
00004Cr 1  20 rr rr     	jsr     decsp7
00004Fr 1  A5 rr        	lda     regbank+4
000051r 1  A6 rr        	ldx     regbank+5
000053r 1  20 rr rr     	jsr     pushax
000056r 1  20 rr rr     	jsr     _udeks_vic_graphics_is_active
000059r 1  C9 00        	cmp     #$00
00005Br 1  D0 04        	bne     L053C
00005Dr 1  AA           	tax
00005Er 1  4C rr rr     	jmp     L05F5
000061r 1  AD rr rr     L053C:	lda     _cache_accept_state
000064r 1  C9 80        	cmp     #$80
000066r 1  B0 03        	bcs     L05D4
000068r 1  20 rr rr     	jsr     _cache_accept_poll
00006Br 1  AD rr rr     L05D4:	lda     _dragging_handle
00006Er 1  F0 03 4C rr  	jne     L05E6
000072r 1  rr           
000073r 1  AD rr rr     	lda     _cache_phase
000076r 1  C9 01        	cmp     #$01
000078r 1  F0 04        	beq     L05DB
00007Ar 1  C9 03        	cmp     #$03
00007Cr 1  D0 75        	bne     L05E6
00007Er 1  AD rr rr     L05DB:	lda     _cache_phase
000081r 1  20 rr rr     	jsr     pusha
000084r 1  A9 04        	lda     #$04
000086r 1  20 rr rr     	jsr     pusha
000089r 1  20 rr rr     L054A:	jsr     _cache_step
00008Cr 1  C9 00        	cmp     #$00
00008Er 1  F0 21        	beq     L054D
000090r 1  AD rr rr     	lda     _cache_owner
000093r 1  20 rr rr     	jsr     _window_by_handle
000096r 1  85 rr        	sta     regbank+4
000098r 1  86 rr        	stx     regbank+4+1
00009Ar 1  E0 00        	cpx     #$00
00009Cr 1  D0 04        	bne     L05F6
00009Er 1  C9 00        	cmp     #$00
0000A0r 1  F0 33        	beq     L054B
0000A2r 1  A5 rr        L05F6:	lda     regbank+4
0000A4r 1  A6 rr        	ldx     regbank+4+1
0000A6r 1  20 rr rr     	jsr     _damage_set
0000A9r 1  A9 00        	lda     #$00
0000ABr 1  20 rr rr     	jsr     _compose_damage
0000AEr 1  4C rr rr     	jmp     L054B
0000B1r 1  A8           L054D:	tay
0000B2r 1  B1 rr        	lda     (sp),y
0000B4r 1  38           	sec
0000B5r 1  E9 01        	sbc     #$01
0000B7r 1  91 rr        	sta     (sp),y
0000B9r 1  C9 00        	cmp     #$00
0000BBr 1  F0 18        	beq     L054B
0000BDr 1  C8           	iny
0000BEr 1  B1 rr        	lda     (sp),y
0000C0r 1  CD rr rr     	cmp     _cache_phase
0000C3r 1  D0 12        	bne     L05F9
0000C5r 1  C9 03        	cmp     #$03
0000C7r 1  D0 C0        	bne     L054A
0000C9r 1  AD 80 F7     	lda     $F780
0000CCr 1  29 07        	and     #$07
0000CEr 1  C9 07        	cmp     #$07
0000D0r 1  F0 05        	beq     L05F9
0000D2r 1  4C rr rr     	jmp     L054A
0000D5r 1  A0 01        L054B:	ldy     #$01
0000D7r 1  B1 rr        L05F9:	lda     (sp),y
0000D9r 1  C9 03        	cmp     #$03
0000DBr 1  D0 13        	bne     L0561
0000DDr 1  AD rr rr     	lda     _cache_phase
0000E0r 1  C9 03        	cmp     #$03
0000E2r 1  D0 09        	bne     L05E5
0000E4r 1  AD 80 F7     	lda     $F780
0000E7r 1  29 07        	and     #$07
0000E9r 1  C9 07        	cmp     #$07
0000EBr 1  D0 03        	bne     L0561
0000EDr 1  20 rr rr     L05E5:	jsr     _udeks_vic_bitmap_commit
0000F0r 1  20 rr rr     L0561:	jsr     incsp2
0000F3r 1  AD rr rr     L05E6:	lda     _cache_phase
0000F6r 1  C9 03        	cmp     #$03
0000F8r 1  D0 03 4C rr  	jeq     L05F8
0000FCr 1  rr           
0000FDr 1  20 rr rr     	jsr     _udeks_pointer_x
000100r 1  38           	sec
000101r 1  E9 0C        	sbc     #$0C
000103r 1  B0 01        	bcs     L0570
000105r 1  CA           	dex
000106r 1  A0 07        L0570:	ldy     #$07
000108r 1  20 rr rr     	jsr     staxysp
00010Br 1  20 rr rr     	jsr     _udeks_pointer_y
00010Er 1  38           	sec
00010Fr 1  E9 28        	sbc     #$28
000111r 1  A0 06        	ldy     #$06
000113r 1  91 rr        	sta     (sp),y
000115r 1  20 rr rr     	jsr     _udeks_pointer_buttons
000118r 1  A0 05        	ldy     #$05
00011Ar 1  91 rr        	sta     (sp),y
00011Cr 1  29 05        	and     #$05
00011Er 1  88           	dey
00011Fr 1  91 rr        	sta     (sp),y
000121r 1  B1 rr        	lda     (sp),y
000123r 1  D0 03 4C rr  	jeq     L05EB
000127r 1  rr           
000128r 1  AD rr rr     	lda     _previous_buttons
00012Br 1  F0 03 4C rr  	jne     L05EB
00012Fr 1  rr           
000130r 1  A0 0A        	ldy     #$0A
000132r 1  20 rr rr     	jsr     pushwysp
000135r 1  A0 08        	ldy     #$08
000137r 1  B1 rr        	lda     (sp),y
000139r 1  20 rr rr     	jsr     _top_window_at
00013Cr 1  A0 03        	ldy     #$03
00013Er 1  91 rr        	sta     (sp),y
000140r 1  20 rr rr     	jsr     _window_by_handle
000143r 1  85 rr        	sta     regbank+4
000145r 1  86 rr        	stx     regbank+4+1
000147r 1  E0 00        	cpx     #$00
000149r 1  D0 07        	bne     L05F7
00014Br 1  C9 00        	cmp     #$00
00014Dr 1  D0 03 4C rr  	jeq     L0585
000151r 1  rr           
000152r 1  A0 03        L05F7:	ldy     #$03
000154r 1  B1 rr        	lda     (sp),y
000156r 1  8D rr rr     	sta     _focused_handle
000159r 1  B1 rr        	lda     (sp),y
00015Br 1  20 rr rr     	jsr     _raise_window
00015Er 1  A0 02        	ldy     #$02
000160r 1  91 rr        	sta     (sp),y
000162r 1  20 rr rr     	jsr     decsp3
000165r 1  A0 0B        	ldy     #$0B
000167r 1  B1 rr        	lda     (sp),y
000169r 1  AA           	tax
00016Ar 1  88           	dey
00016Br 1  B1 rr        	lda     (sp),y
00016Dr 1  A0 01        	ldy     #$01
00016Fr 1  91 rr        	sta     (sp),y
000171r 1  C8           	iny
000172r 1  8A           	txa
000173r 1  91 rr        	sta     (sp),y
000175r 1  A0 09        	ldy     #$09
000177r 1  B1 rr        	lda     (sp),y
000179r 1  A0 00        	ldy     #$00
00017Br 1  91 rr        	sta     (sp),y
00017Dr 1  A5 rr        	lda     regbank+4
00017Fr 1  A6 rr        	ldx     regbank+4+1
000181r 1  20 rr rr     	jsr     _close_hit
000184r 1  C9 00        	cmp     #$00
000186r 1  F0 15        	beq     L058D
000188r 1  A9 1C        	lda     #$1C
00018Ar 1  20 rr rr     	jsr     _increment_counter
00018Dr 1  A0 04        	ldy     #$04
00018Fr 1  B1 rr        	lda     (sp),y
000191r 1  8D rr rr     	sta     _previous_buttons
000194r 1  88           	dey
000195r 1  B1 rr        	lda     (sp),y
000197r 1  20 rr rr     	jsr     _udeks_window_destroy
00019Ar 1  4C rr rr     	jmp     L05FA
00019Dr 1  20 rr rr     L058D:	jsr     decsp3
0001A0r 1  A0 0B        	ldy     #$0B
0001A2r 1  B1 rr        	lda     (sp),y
0001A4r 1  AA           	tax
0001A5r 1  88           	dey
0001A6r 1  B1 rr        	lda     (sp),y
0001A8r 1  A0 01        	ldy     #$01
0001AAr 1  91 rr        	sta     (sp),y
0001ACr 1  C8           	iny
0001ADr 1  8A           	txa
0001AEr 1  91 rr        	sta     (sp),y
0001B0r 1  A0 09        	ldy     #$09
0001B2r 1  B1 rr        	lda     (sp),y
0001B4r 1  A0 00        	ldy     #$00
0001B6r 1  91 rr        	sta     (sp),y
0001B8r 1  A5 rr        	lda     regbank+4
0001BAr 1  A6 rr        	ldx     regbank+4+1
0001BCr 1  20 rr rr     	jsr     _resize_hit
0001BFr 1  C9 00        	cmp     #$00
0001C1r 1  F0 2B        	beq     L059A
0001C3r 1  20 rr rr     	jsr     decsp4
0001C6r 1  A0 07        	ldy     #$07
0001C8r 1  B1 rr        	lda     (sp),y
0001CAr 1  A0 03        	ldy     #$03
0001CCr 1  91 rr        	sta     (sp),y
0001CEr 1  A0 0C        	ldy     #$0C
0001D0r 1  B1 rr        	lda     (sp),y
0001D2r 1  AA           	tax
0001D3r 1  88           	dey
0001D4r 1  B1 rr        	lda     (sp),y
0001D6r 1  A0 01        	ldy     #$01
0001D8r 1  91 rr        	sta     (sp),y
0001DAr 1  C8           	iny
0001DBr 1  8A           	txa
0001DCr 1  91 rr        	sta     (sp),y
0001DEr 1  A0 0A        	ldy     #$0A
0001E0r 1  B1 rr        	lda     (sp),y
0001E2r 1  A0 00        	ldy     #$00
0001E4r 1  91 rr        	sta     (sp),y
0001E6r 1  A9 02        	lda     #$02
0001E8r 1  20 rr rr     	jsr     _begin_drag
0001EBr 1  4C rr rr     	jmp     L05B6
0001EEr 1  20 rr rr     L059A:	jsr     decsp3
0001F1r 1  A0 0B        	ldy     #$0B
0001F3r 1  B1 rr        	lda     (sp),y
0001F5r 1  AA           	tax
0001F6r 1  88           	dey
0001F7r 1  B1 rr        	lda     (sp),y
0001F9r 1  A0 01        	ldy     #$01
0001FBr 1  91 rr        	sta     (sp),y
0001FDr 1  C8           	iny
0001FEr 1  8A           	txa
0001FFr 1  91 rr        	sta     (sp),y
000201r 1  A0 09        	ldy     #$09
000203r 1  B1 rr        	lda     (sp),y
000205r 1  A0 00        	ldy     #$00
000207r 1  91 rr        	sta     (sp),y
000209r 1  A5 rr        	lda     regbank+4
00020Br 1  A6 rr        	ldx     regbank+4+1
00020Dr 1  20 rr rr     	jsr     _title_hit
000210r 1  C9 00        	cmp     #$00
000212r 1  F0 2B        	beq     L05A5
000214r 1  20 rr rr     	jsr     decsp4
000217r 1  A0 07        	ldy     #$07
000219r 1  B1 rr        	lda     (sp),y
00021Br 1  A0 03        	ldy     #$03
00021Dr 1  91 rr        	sta     (sp),y
00021Fr 1  A0 0C        	ldy     #$0C
000221r 1  B1 rr        	lda     (sp),y
000223r 1  AA           	tax
000224r 1  88           	dey
000225r 1  B1 rr        	lda     (sp),y
000227r 1  A0 01        	ldy     #$01
000229r 1  91 rr        	sta     (sp),y
00022Br 1  C8           	iny
00022Cr 1  8A           	txa
00022Dr 1  91 rr        	sta     (sp),y
00022Fr 1  A0 0A        	ldy     #$0A
000231r 1  B1 rr        	lda     (sp),y
000233r 1  A0 00        	ldy     #$00
000235r 1  91 rr        	sta     (sp),y
000237r 1  A9 01        	lda     #$01
000239r 1  20 rr rr     	jsr     _begin_drag
00023Cr 1  4C rr rr     	jmp     L05B6
00023Fr 1  A0 02        L05A5:	ldy     #$02
000241r 1  B1 rr        	lda     (sp),y
000243r 1  F0 12        	beq     L05B6
000245r 1  A5 rr        	lda     regbank+4
000247r 1  A6 rr        	ldx     regbank+4+1
000249r 1  20 rr rr     	jsr     _damage_set
00024Cr 1  A9 00        	lda     #$00
00024Er 1  20 rr rr     	jsr     _compose_damage
000251r 1  4C rr rr     	jmp     L05B6
000254r 1  8D rr rr     L0585:	sta     _focused_handle
000257r 1  A0 04        L05B6:	ldy     #$04
000259r 1  B1 rr        L05EB:	lda     (sp),y
00025Br 1  D0 0B        	bne     L05EF
00025Dr 1  AD rr rr     	lda     _dragging_handle
000260r 1  F0 06        	beq     L05EF
000262r 1  20 rr rr     	jsr     _finish_drag
000265r 1  4C rr rr     	jmp     L05C8
000268r 1  B1 rr        L05EF:	lda     (sp),y
00026Ar 1  F0 29        	beq     L05F4
00026Cr 1  AD rr rr     	lda     _dragging_handle
00026Fr 1  F0 24        	beq     L05F4
000271r 1  AD rr rr     	lda     _drag_mode
000274r 1  C9 02        	cmp     #$02
000276r 1  D0 0F        	bne     L05C3
000278r 1  A0 0A        	ldy     #$0A
00027Ar 1  20 rr rr     	jsr     pushwysp
00027Dr 1  A0 08        	ldy     #$08
00027Fr 1  B1 rr        	lda     (sp),y
000281r 1  20 rr rr     	jsr     _resize_drag
000284r 1  4C rr rr     	jmp     L05C8
000287r 1  A0 0A        L05C3:	ldy     #$0A
000289r 1  20 rr rr     	jsr     pushwysp
00028Cr 1  A0 08        	ldy     #$08
00028Er 1  B1 rr        	lda     (sp),y
000290r 1  20 rr rr     	jsr     _move_drag
000293r 1  A0 04        L05C8:	ldy     #$04
000295r 1  B1 rr        L05F4:	lda     (sp),y
000297r 1  8D rr rr     	sta     _previous_buttons
00029Ar 1  20 rr rr     L05FA:	jsr     _publish_state
00029Dr 1  A2 00        L05F8:	ldx     #$00
00029Fr 1  8A           	txa
0002A0r 1  48           L05F5:	pha
0002A1r 1  A1 rr        	lda     (sp,x)
0002A3r 1  85 rr        	sta     regbank+4
0002A5r 1  A0 01        	ldy     #$01
0002A7r 1  B1 rr        	lda     (sp),y
0002A9r 1  85 rr        	sta     regbank+5
0002ABr 1  68           	pla
0002ACr 1  A0 09        	ldy     #$09
0002AEr 1  4C rr rr     	jmp     addysp
0002B1r 1               
0002B1r 1               .endproc
0002B1r 1               
0002B1r 1               ; ---------------------------------------------------------------
0002B1r 1               ; unsigned char __near__ udeks_window_manager_stop (void)
0002B1r 1               ; ---------------------------------------------------------------
0002B1r 1               
0002B1r 1               .segment	"CODE"
0002B1r 1               
0002B1r 1               .proc	_udeks_window_manager_stop: near
0002B1r 1               
0002B1r 1               .segment	"CODE"
0002B1r 1               
0002B1r 1  20 rr rr     	jsr     _udeks_window_manager_reset
0002B4r 1  A2 00        	ldx     #$00
0002B6r 1  8A           	txa
0002B7r 1  60           	rts
0002B8r 1               
0002B8r 1               .endproc
0002B8r 1               
0002B8r 1               ; ---------------------------------------------------------------
0002B8r 1               ; void __near__ udeks_window_manager_reset (void)
0002B8r 1               ; ---------------------------------------------------------------
0002B8r 1               
0002B8r 1               .segment	"CODE"
0002B8r 1               
0002B8r 1               .proc	_udeks_window_manager_reset: near
0002B8r 1               
0002B8r 1               .segment	"CODE"
0002B8r 1               
0002B8r 1  20 rr rr     	jsr     decsp1
0002BBr 1  20 rr rr     	jsr     _cache_invalidate
0002BEr 1  A9 00        	lda     #$00
0002C0r 1  A8           	tay
0002C1r 1  91 rr        L05FB:	sta     (sp),y
0002C3r 1  C9 04        	cmp     #$04
0002C5r 1  B0 21        	bcs     L05FC
0002C7r 1  B1 rr        	lda     (sp),y
0002C9r 1  20 rr rr     	jsr     pusha0
0002CCr 1  A9 11        	lda     #$11
0002CEr 1  20 rr rr     	jsr     tosmula0
0002D1r 1  18           	clc
0002D2r 1  69 rr        	adc     #<(_windows)
0002D4r 1  85 rr        	sta     ptr1
0002D6r 1  8A           	txa
0002D7r 1  69 rr        	adc     #>(_windows)
0002D9r 1  85 rr        	sta     ptr1+1
0002DBr 1  A9 00        	lda     #$00
0002DDr 1  A8           	tay
0002DEr 1  91 rr        	sta     (ptr1),y
0002E0r 1  18           	clc
0002E1r 1  A9 01        	lda     #$01
0002E3r 1  71 rr        	adc     (sp),y
0002E5r 1  4C rr rr     	jmp     L05FB
0002E8r 1  98           L05FC:	tya
0002E9r 1  8D rr rr     	sta     _active_count
0002ECr 1  8D rr rr     	sta     _focused_handle
0002EFr 1  8D rr rr     	sta     _dragging_handle
0002F2r 1  8D rr rr     	sta     _drag_mode
0002F5r 1  8D rr rr     	sta     _previous_buttons
0002F8r 1  20 rr rr     	jsr     _publish_state
0002FBr 1  4C rr rr     	jmp     incsp1
0002FEr 1               
0002FEr 1               .endproc
0002FEr 1               
0002FEr 1               ; ---------------------------------------------------------------
0002FEr 1               ; unsigned char __near__ udeks_window_create (unsigned char, unsigned char, unsigned char, unsigned int, unsigned char, unsigned int, unsigned char, __near__ const unsigned char *, __near__ __near__ function returning void *, __near__ __near__ function returning void *)
0002FEr 1               ; ---------------------------------------------------------------
0002FEr 1               
0002FEr 1               .segment	"CODE"
0002FEr 1               
0002FEr 1               .proc	_udeks_window_create: near
0002FEr 1               
0002FEr 1               .segment	"CODE"
0002FEr 1               
0002FEr 1  20 rr rr     	jsr     pushax
000301r 1  20 rr rr     	jsr     decsp1
000304r 1  A5 rr        	lda     regbank+4
000306r 1  A6 rr        	ldx     regbank+5
000308r 1  20 rr rr     	jsr     pushax
00030Br 1  A0 0B        	ldy     #$0B
00030Dr 1  B1 rr        	lda     (sp),y
00030Fr 1  C9 00        	cmp     #$00
000311r 1  D0 05        	bne     L044F
000313r 1  88           	dey
000314r 1  B1 rr        	lda     (sp),y
000316r 1  C9 10        	cmp     #$10
000318r 1  90 45        L044F:	bcc     L05FF
00031Ar 1  A0 09        	ldy     #$09
00031Cr 1  B1 rr        	lda     (sp),y
00031Er 1  C9 12        	cmp     #$12
000320r 1  90 3D        	bcc     L05FF
000322r 1  A0 0D        	ldy     #$0D
000324r 1  B1 rr        	lda     (sp),y
000326r 1  A0 0A        	ldy     #$0A
000328r 1  18           	clc
000329r 1  71 rr        	adc     (sp),y
00032Br 1  48           	pha
00032Cr 1  A0 0E        	ldy     #$0E
00032Er 1  B1 rr        	lda     (sp),y
000330r 1  A0 0B        	ldy     #$0B
000332r 1  71 rr        	adc     (sp),y
000334r 1  AA           	tax
000335r 1  68           	pla
000336r 1  C9 41        	cmp     #$41
000338r 1  8A           	txa
000339r 1  E9 01        	sbc     #$01
00033Br 1  B0 22        	bcs     L05FF
00033Dr 1  A2 00        	ldx     #$00
00033Fr 1  A0 09        	ldy     #$09
000341r 1  B1 rr        	lda     (sp),y
000343r 1  18           	clc
000344r 1  A0 0C        	ldy     #$0C
000346r 1  71 rr        	adc     (sp),y
000348r 1  90 01        	bcc     L05FD
00034Ar 1  E8           	inx
00034Br 1  C9 C9        L05FD:	cmp     #$C9
00034Dr 1  8A           	txa
00034Er 1  E9 00        	sbc     #$00
000350r 1  B0 0D        	bcs     L05FF
000352r 1  A0 10        	ldy     #$10
000354r 1  B1 rr        	lda     (sp),y
000356r 1  C9 01        	cmp     #$01
000358r 1  D0 05        	bne     L05FF
00035Ar 1  A9 00        	lda     #$00
00035Cr 1  4C rr rr     	jmp     L0601
00035Fr 1  A2 00        L05FF:	ldx     #$00
000361r 1  8A           	txa
000362r 1  4C rr rr     	jmp     L044C
000365r 1  A0 02        L0601:	ldy     #$02
000367r 1  91 rr        L05FE:	sta     (sp),y
000369r 1  A2 00        	ldx     #$00
00036Br 1  B1 rr        	lda     (sp),y
00036Dr 1  C9 04        	cmp     #$04
00036Fr 1  B0 23        	bcs     L0603
000371r 1  20 rr rr     	jsr     pusha0
000374r 1  A9 11        	lda     #$11
000376r 1  20 rr rr     	jsr     tosmula0
000379r 1  85 rr        	sta     ptr1
00037Br 1  8A           	txa
00037Cr 1  18           	clc
00037Dr 1  69 rr        	adc     #>(_windows)
00037Fr 1  85 rr        	sta     ptr1+1
000381r 1  A0 rr        	ldy     #<(_windows)
000383r 1  B1 rr        	lda     (ptr1),y
000385r 1  F0 0A        	beq     L0453
000387r 1  A0 02        	ldy     #$02
000389r 1  18           	clc
00038Ar 1  A9 01        	lda     #$01
00038Cr 1  71 rr        	adc     (sp),y
00038Er 1  4C rr rr     	jmp     L05FE
000391r 1  A0 02        L0453:	ldy     #$02
000393r 1  AA           	tax
000394r 1  B1 rr        L0603:	lda     (sp),y
000396r 1  C9 04        	cmp     #$04
000398r 1  D0 04        	bne     L0605
00039Ar 1  8A           	txa
00039Br 1  4C rr rr     	jmp     L044C
00039Er 1  B1 rr        L0605:	lda     (sp),y
0003A0r 1  20 rr rr     	jsr     pusha0
0003A3r 1  A9 11        	lda     #$11
0003A5r 1  20 rr rr     	jsr     tosmula0
0003A8r 1  18           	clc
0003A9r 1  69 rr        	adc     #<(_windows)
0003ABr 1  A8           	tay
0003ACr 1  8A           	txa
0003ADr 1  69 rr        	adc     #>(_windows)
0003AFr 1  AA           	tax
0003B0r 1  98           	tya
0003B1r 1  85 rr        	sta     regbank+4
0003B3r 1  86 rr        	stx     regbank+4+1
0003B5r 1  85 rr        	sta     ptr1
0003B7r 1  86 rr        	stx     ptr1+1
0003B9r 1  A9 01        	lda     #$01
0003BBr 1  A0 00        	ldy     #$00
0003BDr 1  91 rr        	sta     (ptr1),y
0003BFr 1  A0 11        	ldy     #$11
0003C1r 1  B1 rr        	lda     (sp),y
0003C3r 1  A0 01        	ldy     #$01
0003C5r 1  91 rr        	sta     (regbank+4),y
0003C7r 1  A0 10        	ldy     #$10
0003C9r 1  B1 rr        	lda     (sp),y
0003CBr 1  A0 02        	ldy     #$02
0003CDr 1  91 rr        	sta     (regbank+4),y
0003CFr 1  A0 0F        	ldy     #$0F
0003D1r 1  B1 rr        	lda     (sp),y
0003D3r 1  29 0F        	and     #$0F
0003D5r 1  09 01        	ora     #$01
0003D7r 1  09 08        	ora     #$08
0003D9r 1  A0 03        	ldy     #$03
0003DBr 1  91 rr        	sta     (regbank+4),y
0003DDr 1  A0 0E        	ldy     #$0E
0003DFr 1  B1 rr        	lda     (sp),y
0003E1r 1  AA           	tax
0003E2r 1  88           	dey
0003E3r 1  B1 rr        	lda     (sp),y
0003E5r 1  A0 04        	ldy     #$04
0003E7r 1  91 rr        	sta     (regbank+4),y
0003E9r 1  C8           	iny
0003EAr 1  8A           	txa
0003EBr 1  91 rr        	sta     (regbank+4),y
0003EDr 1  A0 0C        	ldy     #$0C
0003EFr 1  B1 rr        	lda     (sp),y
0003F1r 1  A0 06        	ldy     #$06
0003F3r 1  91 rr        	sta     (regbank+4),y
0003F5r 1  A0 0B        	ldy     #$0B
0003F7r 1  B1 rr        	lda     (sp),y
0003F9r 1  AA           	tax
0003FAr 1  88           	dey
0003FBr 1  B1 rr        	lda     (sp),y
0003FDr 1  A0 07        	ldy     #$07
0003FFr 1  91 rr        	sta     (regbank+4),y
000401r 1  C8           	iny
000402r 1  8A           	txa
000403r 1  91 rr        	sta     (regbank+4),y
000405r 1  C8           	iny
000406r 1  B1 rr        	lda     (sp),y
000408r 1  91 rr        	sta     (regbank+4),y
00040Ar 1  AD rr rr     	lda     _active_count
00040Dr 1  18           	clc
00040Er 1  69 01        	adc     #$01
000410r 1  C8           	iny
000411r 1  91 rr        	sta     (regbank+4),y
000413r 1  A0 08        	ldy     #$08
000415r 1  B1 rr        	lda     (sp),y
000417r 1  AA           	tax
000418r 1  88           	dey
000419r 1  B1 rr        	lda     (sp),y
00041Br 1  A0 0B        	ldy     #$0B
00041Dr 1  91 rr        	sta     (regbank+4),y
00041Fr 1  C8           	iny
000420r 1  8A           	txa
000421r 1  91 rr        	sta     (regbank+4),y
000423r 1  A0 06        	ldy     #$06
000425r 1  B1 rr        	lda     (sp),y
000427r 1  AA           	tax
000428r 1  88           	dey
000429r 1  B1 rr        	lda     (sp),y
00042Br 1  A0 0D        	ldy     #$0D
00042Dr 1  91 rr        	sta     (regbank+4),y
00042Fr 1  C8           	iny
000430r 1  8A           	txa
000431r 1  91 rr        	sta     (regbank+4),y
000433r 1  A0 04        	ldy     #$04
000435r 1  B1 rr        	lda     (sp),y
000437r 1  AA           	tax
000438r 1  88           	dey
000439r 1  B1 rr        	lda     (sp),y
00043Br 1  A0 0F        	ldy     #$0F
00043Dr 1  91 rr        	sta     (regbank+4),y
00043Fr 1  C8           	iny
000440r 1  8A           	txa
000441r 1  91 rr        	sta     (regbank+4),y
000443r 1  EE rr rr     	inc     _active_count
000446r 1  A0 02        	ldy     #$02
000448r 1  B1 rr        	lda     (sp),y
00044Ar 1  18           	clc
00044Br 1  69 01        	adc     #$01
00044Dr 1  8D rr rr     	sta     _focused_handle
000450r 1  A9 10        	lda     #$10
000452r 1  20 rr rr     	jsr     _increment_counter
000455r 1  20 rr rr     	jsr     _publish_state
000458r 1  A5 rr        	lda     regbank+4
00045Ar 1  A6 rr        	ldx     regbank+4+1
00045Cr 1  20 rr rr     	jsr     _damage_set
00045Fr 1  A9 00        	lda     #$00
000461r 1  20 rr rr     	jsr     _compose_damage
000464r 1  A2 00        	ldx     #$00
000466r 1  AD rr rr     	lda     _focused_handle
000469r 1  48           L044C:	pha
00046Ar 1  A1 rr        	lda     (sp,x)
00046Cr 1  85 rr        	sta     regbank+4
00046Er 1  A0 01        	ldy     #$01
000470r 1  B1 rr        	lda     (sp),y
000472r 1  85 rr        	sta     regbank+5
000474r 1  68           	pla
000475r 1  A0 12        	ldy     #$12
000477r 1  4C rr rr     	jmp     addysp
00047Ar 1               
00047Ar 1               .endproc
00047Ar 1               
00047Ar 1               ; ---------------------------------------------------------------
00047Ar 1               ; unsigned char __near__ udeks_window_destroy (unsigned char)
00047Ar 1               ; ---------------------------------------------------------------
00047Ar 1               
00047Ar 1               .segment	"CODE"
00047Ar 1               
00047Ar 1               .proc	_udeks_window_destroy: near
00047Ar 1               
00047Ar 1               .segment	"CODE"
00047Ar 1               
00047Ar 1  20 rr rr     	jsr     pusha
00047Dr 1  A5 rr        	lda     regbank+4
00047Fr 1  A6 rr        	ldx     regbank+5
000481r 1  20 rr rr     	jsr     pushax
000484r 1  20 rr rr     	jsr     decsp4
000487r 1  A0 06        	ldy     #$06
000489r 1  B1 rr        	lda     (sp),y
00048Br 1  20 rr rr     	jsr     _window_by_handle
00048Er 1  85 rr        	sta     regbank+4
000490r 1  86 rr        	stx     regbank+4+1
000492r 1  E0 00        	cpx     #$00
000494r 1  D0 09        	bne     L0490
000496r 1  C9 00        	cmp     #$00
000498r 1  D0 05        	bne     L0490
00049Ar 1  A9 01        	lda     #$01
00049Cr 1  4C rr rr     	jmp     L048C
00049Fr 1  A0 10        L0490:	ldy     #$10
0004A1r 1  B1 rr        	lda     (regbank+4),y
0004A3r 1  AA           	tax
0004A4r 1  88           	dey
0004A5r 1  B1 rr        	lda     (regbank+4),y
0004A7r 1  A0 02        	ldy     #$02
0004A9r 1  20 rr rr     	jsr     staxysp
0004ACr 1  A0 0A        	ldy     #$0A
0004AEr 1  B1 rr        	lda     (regbank+4),y
0004B0r 1  A0 00        	ldy     #$00
0004B2r 1  91 rr        	sta     (sp),y
0004B4r 1  A5 rr        	lda     regbank+4
0004B6r 1  A6 rr        	ldx     regbank+4+1
0004B8r 1  20 rr rr     	jsr     _damage_set
0004BBr 1  A0 06        	ldy     #$06
0004BDr 1  B1 rr        	lda     (sp),y
0004BFr 1  CD rr rr     	cmp     _dragging_handle
0004C2r 1  D0 35        	bne     L049A
0004C4r 1  20 rr rr     	jsr     _udeks_vic_bitmap_reset_clip
0004C7r 1  20 rr rr     	jsr     decsp5
0004CAr 1  AD rr rr     	lda     _drag_x
0004CDr 1  A0 03        	ldy     #$03
0004CFr 1  91 rr        	sta     (sp),y
0004D1r 1  C8           	iny
0004D2r 1  AD rr rr     	lda     _drag_x+1
0004D5r 1  91 rr        	sta     (sp),y
0004D7r 1  AD rr rr     	lda     _drag_y
0004DAr 1  A0 02        	ldy     #$02
0004DCr 1  91 rr        	sta     (sp),y
0004DEr 1  AD rr rr     	lda     _drag_width
0004E1r 1  A0 00        	ldy     #$00
0004E3r 1  91 rr        	sta     (sp),y
0004E5r 1  C8           	iny
0004E6r 1  AD rr rr     	lda     _drag_width+1
0004E9r 1  91 rr        	sta     (sp),y
0004EBr 1  AD rr rr     	lda     _drag_height
0004EEr 1  20 rr rr     	jsr     _udeks_vic_bitmap_outline_toggle
0004F1r 1  A9 00        	lda     #$00
0004F3r 1  8D rr rr     	sta     _dragging_handle
0004F6r 1  8D rr rr     	sta     _drag_mode
0004F9r 1  A9 00        L049A:	lda     #$00
0004FBr 1  A8           	tay
0004FCr 1  91 rr        	sta     (regbank+4),y
0004FEr 1  CE rr rr     	dec     _active_count
000501r 1  C8           	iny
000502r 1  91 rr        L0607:	sta     (sp),y
000504r 1  C9 04        	cmp     #$04
000506r 1  B0 66        	bcs     L04AA
000508r 1  B1 rr        	lda     (sp),y
00050Ar 1  20 rr rr     	jsr     pusha0
00050Dr 1  A9 11        	lda     #$11
00050Fr 1  20 rr rr     	jsr     tosmula0
000512r 1  85 rr        	sta     ptr1
000514r 1  8A           	txa
000515r 1  18           	clc
000516r 1  69 rr        	adc     #>(_windows)
000518r 1  85 rr        	sta     ptr1+1
00051Ar 1  A0 rr        	ldy     #<(_windows)
00051Cr 1  B1 rr        	lda     (ptr1),y
00051Er 1  F0 45        	beq     L04AB
000520r 1  A0 01        	ldy     #$01
000522r 1  B1 rr        	lda     (sp),y
000524r 1  20 rr rr     	jsr     pusha0
000527r 1  A9 11        	lda     #$11
000529r 1  20 rr rr     	jsr     tosmula0
00052Cr 1  18           	clc
00052Dr 1  69 rr        	adc     #<(_windows)
00052Fr 1  85 rr        	sta     ptr1
000531r 1  8A           	txa
000532r 1  69 rr        	adc     #>(_windows)
000534r 1  85 rr        	sta     ptr1+1
000536r 1  A0 0A        	ldy     #$0A
000538r 1  B1 rr        	lda     (ptr1),y
00053Ar 1  38           	sec
00053Br 1  A0 00        	ldy     #$00
00053Dr 1  F1 rr        	sbc     (sp),y
00053Fr 1  85 rr        	sta     tmp1
000541r 1  A5 rr        	lda     tmp1
000543r 1  F0 20        	beq     L04AB
000545r 1  90 1E        	bcc     L04AB
000547r 1  C8           	iny
000548r 1  B1 rr        	lda     (sp),y
00054Ar 1  20 rr rr     	jsr     pusha0
00054Dr 1  A9 11        	lda     #$11
00054Fr 1  20 rr rr     	jsr     tosmula0
000552r 1  18           	clc
000553r 1  69 rr        	adc     #<(_windows)
000555r 1  85 rr        	sta     ptr1
000557r 1  8A           	txa
000558r 1  69 rr        	adc     #>(_windows)
00055Ar 1  85 rr        	sta     ptr1+1
00055Cr 1  A0 0A        	ldy     #$0A
00055Er 1  B1 rr        	lda     (ptr1),y
000560r 1  38           	sec
000561r 1  E9 01        	sbc     #$01
000563r 1  91 rr        	sta     (ptr1),y
000565r 1  A0 01        L04AB:	ldy     #$01
000567r 1  18           	clc
000568r 1  98           	tya
000569r 1  71 rr        	adc     (sp),y
00056Br 1  4C rr rr     	jmp     L0607
00056Er 1  20 rr rr     L04AA:	jsr     _top_window
000571r 1  8D rr rr     	sta     _focused_handle
000574r 1  A9 00        	lda     #$00
000576r 1  20 rr rr     	jsr     _compose_damage
000579r 1  A9 12        	lda     #$12
00057Br 1  20 rr rr     	jsr     _increment_counter
00057Er 1  20 rr rr     	jsr     _publish_state
000581r 1  A0 02        	ldy     #$02
000583r 1  B1 rr        	lda     (sp),y
000585r 1  C8           	iny
000586r 1  11 rr        	ora     (sp),y
000588r 1  F0 22        	beq     L04C0
00058Ar 1  B1 rr        	lda     (sp),y
00058Cr 1  AA           	tax
00058Dr 1  88           	dey
00058Er 1  B1 rr        	lda     (sp),y
000590r 1  20 rr rr     	jsr     pushax
000593r 1  A0 08        	ldy     #$08
000595r 1  B1 rr        	lda     (sp),y
000597r 1  48           	pha
000598r 1  A0 00        	ldy     #$00
00059Ar 1  B1 rr        	lda     (sp),y
00059Cr 1  8D rr rr     	sta     jmpvec+1
00059Fr 1  C8           	iny
0005A0r 1  B1 rr        	lda     (sp),y
0005A2r 1  8D rr rr     	sta     jmpvec+2
0005A5r 1  68           	pla
0005A6r 1  20 rr rr     	jsr     jmpvec
0005A9r 1  20 rr rr     	jsr     incsp2
0005ACr 1  A2 00        L04C0:	ldx     #$00
0005AEr 1  8A           	txa
0005AFr 1  48           L048C:	pha
0005B0r 1  A0 04        	ldy     #$04
0005B2r 1  B1 rr        	lda     (sp),y
0005B4r 1  85 rr        	sta     regbank+4
0005B6r 1  C8           	iny
0005B7r 1  B1 rr        	lda     (sp),y
0005B9r 1  85 rr        	sta     regbank+5
0005BBr 1  68           	pla
0005BCr 1  4C rr rr     	jmp     incsp7
0005BFr 1               
0005BFr 1               .endproc
0005BFr 1               
0005BFr 1               ; ---------------------------------------------------------------
0005BFr 1               ; unsigned char __near__ udeks_window_repaint (unsigned char)
0005BFr 1               ; ---------------------------------------------------------------
0005BFr 1               
0005BFr 1               .segment	"CODE"
0005BFr 1               
0005BFr 1               .proc	_udeks_window_repaint: near
0005BFr 1               
0005BFr 1               .segment	"CODE"
0005BFr 1               
0005BFr 1  20 rr rr     	jsr     pusha
0005C2r 1  A5 rr        	lda     regbank+4
0005C4r 1  A6 rr        	ldx     regbank+5
0005C6r 1  20 rr rr     	jsr     pushax
0005C9r 1  A0 02        	ldy     #$02
0005CBr 1  B1 rr        	lda     (sp),y
0005CDr 1  20 rr rr     	jsr     _window_by_handle
0005D0r 1  85 rr        	sta     regbank+4
0005D2r 1  86 rr        	stx     regbank+4+1
0005D4r 1  E0 00        	cpx     #$00
0005D6r 1  D0 09        	bne     L04CA
0005D8r 1  C9 00        	cmp     #$00
0005DAr 1  D0 05        	bne     L04CA
0005DCr 1  A9 01        	lda     #$01
0005DEr 1  4C rr rr     	jmp     L04C6
0005E1r 1  AD rr rr     L04CA:	lda     _dragging_handle
0005E4r 1  F0 03 4C rr  	jne     L0506
0005E8r 1  rr           
0005E9r 1  AA           	tax
0005EAr 1  AD rr rr     	lda     _cache_phase
0005EDr 1  C9 01        	cmp     #$01
0005EFr 1  D0 03 4C rr  	jeq     L060D
0005F3r 1  rr           
0005F4r 1  C9 03        	cmp     #$03
0005F6r 1  D0 03 4C rr  	jeq     L060D
0005FAr 1  rr           
0005FBr 1  A5 rr        	lda     regbank+4
0005FDr 1  A6 rr        	ldx     regbank+4+1
0005FFr 1  20 rr rr     	jsr     _damage_set
000602r 1  AD rr rr     	lda     _cache_phase
000605r 1  C9 02        	cmp     #$02
000607r 1  D0 08        	bne     L0613
000609r 1  A8           	tay
00060Ar 1  B1 rr        	lda     (sp),y
00060Cr 1  CD rr rr     	cmp     _cache_owner
00060Fr 1  D0 05        	bne     L0614
000611r 1  A9 00        L0613:	lda     #$00
000613r 1  4C rr rr     	jmp     L0616
000616r 1  AD rr rr     L0614:	lda     _cache_owner
000619r 1  20 rr rr     	jsr     _window_by_handle
00061Cr 1  85 rr        	sta     regbank+4
00061Er 1  86 rr        	stx     regbank+4+1
000620r 1  AD rr rr     	lda     _damage_left
000623r 1  AE rr rr     	ldx     _damage_left+1
000626r 1  20 rr rr     	jsr     pushax
000629r 1  A0 05        	ldy     #$05
00062Br 1  B1 rr        	lda     (regbank+4),y
00062Dr 1  AA           	tax
00062Er 1  88           	dey
00062Fr 1  B1 rr        	lda     (regbank+4),y
000631r 1  20 rr rr     	jsr     tosicmp
000634r 1  B0 03 4C rr  	jcc     L04DB
000638r 1  rr           
000639r 1  AD rr rr     	lda     _damage_right
00063Cr 1  AE rr rr     	ldx     _damage_right+1
00063Fr 1  20 rr rr     	jsr     pushax
000642r 1  A0 05        	ldy     #$05
000644r 1  B1 rr        	lda     (regbank+4),y
000646r 1  AA           	tax
000647r 1  88           	dey
000648r 1  B1 rr        	lda     (regbank+4),y
00064Ar 1  20 rr rr     	jsr     pushax
00064Dr 1  A0 08        	ldy     #$08
00064Fr 1  B1 rr        	lda     (regbank+4),y
000651r 1  AA           	tax
000652r 1  88           	dey
000653r 1  B1 rr        	lda     (regbank+4),y
000655r 1  20 rr rr     	jsr     tosaddax
000658r 1  20 rr rr     	jsr     tosicmp
00065Br 1  F0 05        	beq     L060F
00065Dr 1  90 03 4C rr  	jcs     L04DB
000661r 1  rr           
000662r 1  AD rr rr     L060F:	lda     _damage_bottom
000665r 1  20 rr rr     	jsr     pusha0
000668r 1  A0 06        	ldy     #$06
00066Ar 1  B1 rr        	lda     (regbank+4),y
00066Cr 1  85 rr        	sta     ptr1
00066Er 1  A0 09        	ldy     #$09
000670r 1  B1 rr        	lda     (regbank+4),y
000672r 1  18           	clc
000673r 1  65 rr        	adc     ptr1
000675r 1  90 01        	bcc     L060C
000677r 1  E8           	inx
000678r 1  20 rr rr     L060C:	jsr     tosicmp
00067Br 1  90 05        	bcc     L04DC
00067Dr 1  F0 03 4C rr  	jne     L04DB
000681r 1  rr           
000682r 1  A9 82        L04DC:	lda     #$82
000684r 1  8D rr rr     	sta     _cache_phase
000687r 1  AD rr rr     	lda     _damage_bottom
00068Ar 1  20 rr rr     	jsr     pusha0
00068Dr 1  A0 06        	ldy     #$06
00068Fr 1  B1 rr        	lda     (regbank+4),y
000691r 1  20 rr rr     	jsr     tosicmp0
000694r 1  90 09        	bcc     L04E1
000696r 1  F0 07        	beq     L04E1
000698r 1  A0 06        	ldy     #$06
00069Ar 1  B1 rr        	lda     (regbank+4),y
00069Cr 1  8D rr rr     	sta     _damage_bottom
00069Fr 1  AD rr rr     L04E1:	lda     _damage_top
0006A2r 1  CD rr rr     	cmp     _damage_bottom
0006A5r 1  B0 10        	bcs     L04E5
0006A7r 1  A9 80        	lda     #$80
0006A9r 1  8D rr rr     	sta     _drag_mode
0006ACr 1  AD rr rr     	lda     _cache_owner
0006AFr 1  20 rr rr     	jsr     _compose_damage
0006B2r 1  A9 00        	lda     #$00
0006B4r 1  8D rr rr     	sta     _drag_mode
0006B7r 1  A0 02        L04E5:	ldy     #$02
0006B9r 1  B1 rr        	lda     (sp),y
0006BBr 1  20 rr rr     	jsr     _window_by_handle
0006BEr 1  85 rr        	sta     regbank+4
0006C0r 1  86 rr        	stx     regbank+4+1
0006C2r 1  A0 0E        	ldy     #$0E
0006C4r 1  B1 rr        	lda     (regbank+4),y
0006C6r 1  AA           	tax
0006C7r 1  88           	dey
0006C8r 1  B1 rr        	lda     (regbank+4),y
0006CAr 1  E0 00        	cpx     #$00
0006CCr 1  D0 04        	bne     L0617
0006CEr 1  C9 00        	cmp     #$00
0006D0r 1  F0 6A        	beq     L0619
0006D2r 1  AD rr rr     L0617:	lda     _damage_bottom
0006D5r 1  20 rr rr     	jsr     pusha0
0006D8r 1  AD rr rr     	lda     _damage_top
0006DBr 1  18           	clc
0006DCr 1  69 0D        	adc     #$0D
0006DEr 1  90 03        	bcc     L060E
0006E0r 1  A2 01        	ldx     #$01
0006E2r 1  18           	clc
0006E3r 1  69 01        L060E:	adc     #$01
0006E5r 1  90 01        	bcc     L04F5
0006E7r 1  E8           	inx
0006E8r 1  20 rr rr     L04F5:	jsr     tosicmp
0006EBr 1  90 02        	bcc     L04F1
0006EDr 1  D0 4B        	bne     L0618
0006EFr 1  A0 03        L04F1:	ldy     #$03
0006F1r 1  B1 rr        	lda     (regbank+4),y
0006F3r 1  29 7F        	and     #$7F
0006F5r 1  91 rr        	sta     (regbank+4),y
0006F7r 1  20 rr rr     	jsr     decsp6
0006FAr 1  A9 00        	lda     #$00
0006FCr 1  C8           	iny
0006FDr 1  91 rr        	sta     (sp),y
0006FFr 1  C8           	iny
000700r 1  91 rr        	sta     (sp),y
000702r 1  A0 02        	ldy     #$02
000704r 1  91 rr        	sta     (sp),y
000706r 1  C8           	iny
000707r 1  91 rr        	sta     (sp),y
000709r 1  A8           	tay
00070Ar 1  91 rr        	sta     (sp),y
00070Cr 1  C8           	iny
00070Dr 1  91 rr        	sta     (sp),y
00070Fr 1  AA           	tax
000710r 1  20 rr rr     	jsr     _udeks_vic_bitmap_set_clip
000713r 1  A0 0E        	ldy     #$0E
000715r 1  B1 rr        	lda     (regbank+4),y
000717r 1  AA           	tax
000718r 1  88           	dey
000719r 1  B1 rr        	lda     (regbank+4),y
00071Br 1  20 rr rr     	jsr     pushax
00071Er 1  A0 04        	ldy     #$04
000720r 1  B1 rr        	lda     (sp),y
000722r 1  48           	pha
000723r 1  A0 00        	ldy     #$00
000725r 1  B1 rr        	lda     (sp),y
000727r 1  8D rr rr     	sta     jmpvec+1
00072Ar 1  C8           	iny
00072Br 1  B1 rr        	lda     (sp),y
00072Dr 1  8D rr rr     	sta     jmpvec+2
000730r 1  68           	pla
000731r 1  20 rr rr     	jsr     jmpvec
000734r 1  20 rr rr     	jsr     incsp2
000737r 1  20 rr rr     	jsr     _udeks_vic_bitmap_reset_clip
00073Ar 1  A2 00        L0618:	ldx     #$00
00073Cr 1  A9 02        L0619:	lda     #$02
00073Er 1  8D rr rr     	sta     _cache_phase
000741r 1  4C rr rr     	jmp     L060D
000744r 1  AD rr rr     L04DB:	lda     _cache_owner
000747r 1  20 rr rr     	jsr     _cache_paint_image
00074Ar 1  4C rr rr     	jmp     L0506
00074Dr 1  20 rr rr     L0616:	jsr     _compose_damage
000750r 1  A2 00        L0506:	ldx     #$00
000752r 1  8A           L060D:	txa
000753r 1  48           L04C6:	pha
000754r 1  A1 rr        	lda     (sp,x)
000756r 1  85 rr        	sta     regbank+4
000758r 1  A0 01        	ldy     #$01
00075Ar 1  B1 rr        	lda     (sp),y
00075Cr 1  85 rr        	sta     regbank+5
00075Er 1  68           	pla
00075Fr 1  4C rr rr     	jmp     incsp3
000762r 1               
000762r 1               .endproc
000762r 1               
000762r 1               ; ---------------------------------------------------------------
000762r 1               ; unsigned char __near__ udeks_window_begin_paint (unsigned char)
000762r 1               ; ---------------------------------------------------------------
000762r 1               
000762r 1               .segment	"CODE"
000762r 1               
000762r 1               .proc	_udeks_window_begin_paint: near
000762r 1               
000762r 1               .segment	"CODE"
000762r 1               
000762r 1  20 rr rr     	jsr     pusha
000765r 1  A5 rr        	lda     regbank+4
000767r 1  A6 rr        	ldx     regbank+5
000769r 1  20 rr rr     	jsr     pushax
00076Cr 1  A0 02        	ldy     #$02
00076Er 1  B1 rr        	lda     (sp),y
000770r 1  20 rr rr     	jsr     _window_by_handle
000773r 1  85 rr        	sta     regbank+4
000775r 1  86 rr        	stx     regbank+4+1
000777r 1  E0 00        	cpx     #$00
000779r 1  D0 04        	bne     L0624
00077Br 1  C9 00        	cmp     #$00
00077Dr 1  F0 15        	beq     L0625
00077Fr 1  AD rr rr     L0624:	lda     _dragging_handle
000782r 1  D0 0E        	bne     L061D
000784r 1  A0 0A        	ldy     #$0A
000786r 1  B1 rr        	lda     (regbank+4),y
000788r 1  CD rr rr     	cmp     _active_count
00078Br 1  D0 05        	bne     L061D
00078Dr 1  A2 00        	ldx     #$00
00078Fr 1  4C rr rr     	jmp     L061E
000792r 1  A2 00        L061D:	ldx     #$00
000794r 1  A9 01        L0625:	lda     #$01
000796r 1  4C rr rr     	jmp     L0206
000799r 1  AD rr rr     L061E:	lda     _cache_phase
00079Cr 1  C9 01        	cmp     #$01
00079Er 1  F0 72        	beq     L0206
0007A0r 1  C9 03        	cmp     #$03
0007A2r 1  D0 05        	bne     L020F
0007A4r 1  A9 01        	lda     #$01
0007A6r 1  4C rr rr     	jmp     L0206
0007A9r 1  20 rr rr     L020F:	jsr     _cache_invalidate
0007ACr 1  A0 03        	ldy     #$03
0007AEr 1  B1 rr        	lda     (regbank+4),y
0007B0r 1  29 7F        	and     #$7F
0007B2r 1  91 rr        	sta     (regbank+4),y
0007B4r 1  20 rr rr     	jsr     decsp6
0007B7r 1  A0 05        	ldy     #$05
0007B9r 1  B1 rr        	lda     (regbank+4),y
0007BBr 1  AA           	tax
0007BCr 1  88           	dey
0007BDr 1  B1 rr        	lda     (regbank+4),y
0007BFr 1  18           	clc
0007C0r 1  69 03        	adc     #$03
0007C2r 1  90 01        	bcc     L0623
0007C4r 1  E8           	inx
0007C5r 1  91 rr        L0623:	sta     (sp),y
0007C7r 1  C8           	iny
0007C8r 1  8A           	txa
0007C9r 1  91 rr        	sta     (sp),y
0007CBr 1  C8           	iny
0007CCr 1  A2 00        	ldx     #$00
0007CEr 1  B1 rr        	lda     (regbank+4),y
0007D0r 1  18           	clc
0007D1r 1  69 0D        	adc     #$0D
0007D3r 1  90 02        	bcc     L061B
0007D5r 1  E8           	inx
0007D6r 1  18           	clc
0007D7r 1  69 01        L061B:	adc     #$01
0007D9r 1  90 01        	bcc     L021B
0007DBr 1  E8           	inx
0007DCr 1  A0 02        L021B:	ldy     #$02
0007DEr 1  91 rr        	sta     (sp),y
0007E0r 1  C8           	iny
0007E1r 1  8A           	txa
0007E2r 1  91 rr        	sta     (sp),y
0007E4r 1  A0 08        	ldy     #$08
0007E6r 1  B1 rr        	lda     (regbank+4),y
0007E8r 1  AA           	tax
0007E9r 1  88           	dey
0007EAr 1  B1 rr        	lda     (regbank+4),y
0007ECr 1  38           	sec
0007EDr 1  E9 06        	sbc     #$06
0007EFr 1  B0 01        	bcs     L021D
0007F1r 1  CA           	dex
0007F2r 1  A0 00        L021D:	ldy     #$00
0007F4r 1  91 rr        	sta     (sp),y
0007F6r 1  C8           	iny
0007F7r 1  8A           	txa
0007F8r 1  91 rr        	sta     (sp),y
0007FAr 1  A0 09        	ldy     #$09
0007FCr 1  A2 00        	ldx     #$00
0007FEr 1  B1 rr        	lda     (regbank+4),y
000800r 1  38           	sec
000801r 1  E9 0D        	sbc     #$0D
000803r 1  B0 02        	bcs     L061C
000805r 1  CA           	dex
000806r 1  38           	sec
000807r 1  E9 04        L061C:	sbc     #$04
000809r 1  B0 01        	bcs     L0220
00080Br 1  CA           	dex
00080Cr 1  20 rr rr     L0220:	jsr     _udeks_vic_bitmap_set_clip
00080Fr 1  A2 00        	ldx     #$00
000811r 1  8A           	txa
000812r 1  48           L0206:	pha
000813r 1  A1 rr        	lda     (sp,x)
000815r 1  85 rr        	sta     regbank+4
000817r 1  A0 01        	ldy     #$01
000819r 1  B1 rr        	lda     (sp),y
00081Br 1  85 rr        	sta     regbank+5
00081Dr 1  68           	pla
00081Er 1  4C rr rr     	jmp     incsp3
000821r 1               
000821r 1               .endproc
000821r 1               
000821r 1               ; ---------------------------------------------------------------
000821r 1               ; void __near__ udeks_window_end_paint (void)
000821r 1               ; ---------------------------------------------------------------
000821r 1               
000821r 1               .segment	"CODE"
000821r 1               
000821r 1               .proc	_udeks_window_end_paint: near
000821r 1               
000821r 1               .segment	"CODE"
000821r 1               
000821r 1  20 rr rr     	jsr     _udeks_vic_bitmap_reset_clip
000824r 1  4C rr rr     	jmp     _udeks_vic_bitmap_commit
000827r 1               
000827r 1               .endproc
000827r 1               
000827r 1               ; ---------------------------------------------------------------
000827r 1               ; unsigned char __near__ __fastcall__ udeks_window_image_complete (unsigned char)
000827r 1               ; ---------------------------------------------------------------
000827r 1               
000827r 1               .segment	"CODE"
000827r 1               
000827r 1               .proc	_udeks_window_image_complete: near
000827r 1               
000827r 1               .segment	"CODE"
000827r 1               
000827r 1  20 rr rr     	jsr     pusha
00082Ar 1  A5 rr        	lda     regbank+4
00082Cr 1  A6 rr        	ldx     regbank+5
00082Er 1  20 rr rr     	jsr     pushax
000831r 1  A0 02        	ldy     #$02
000833r 1  B1 rr        	lda     (sp),y
000835r 1  20 rr rr     	jsr     _window_by_handle
000838r 1  85 rr        	sta     regbank+4
00083Ar 1  86 rr        	stx     regbank+4+1
00083Cr 1  E0 00        	cpx     #$00
00083Er 1  D0 04        	bne     L062B
000840r 1  C9 00        	cmp     #$00
000842r 1  F0 1F        	beq     L062D
000844r 1  AD rr rr     L062B:	lda     _dragging_handle
000847r 1  D0 18        	bne     L0627
000849r 1  A0 0A        	ldy     #$0A
00084Br 1  B1 rr        	lda     (regbank+4),y
00084Dr 1  CD rr rr     	cmp     _active_count
000850r 1  D0 0F        	bne     L0627
000852r 1  A0 03        	ldy     #$03
000854r 1  B1 rr        	lda     (regbank+4),y
000856r 1  29 01        	and     #$01
000858r 1  F0 07        	beq     L0627
00085Ar 1  88           	dey
00085Br 1  B1 rr        	lda     (regbank+4),y
00085Dr 1  C9 01        	cmp     #$01
00085Fr 1  F0 07        	beq     L0229
000861r 1  A2 00        L0627:	ldx     #$00
000863r 1  A9 01        L062D:	lda     #$01
000865r 1  4C rr rr     	jmp     L0225
000868r 1  C8           L0229:	iny
000869r 1  B1 rr        	lda     (regbank+4),y
00086Br 1  09 80        	ora     #$80
00086Dr 1  91 rr        	sta     (regbank+4),y
00086Fr 1  A2 00        	ldx     #$00
000871r 1  AD rr rr     	lda     _cache_accept_state
000874r 1  C9 80        	cmp     #$80
000876r 1  D0 12        	bne     L062C
000878r 1  AD rr rr     	lda     _cache_phase
00087Br 1  D0 0D        	bne     L062C
00087Dr 1  88           	dey
00087Er 1  B1 rr        	lda     (sp),y
000880r 1  20 rr rr     	jsr     pusha
000883r 1  A9 02        	lda     #$02
000885r 1  20 rr rr     	jsr     _cache_request
000888r 1  A2 00        	ldx     #$00
00088Ar 1  8A           L062C:	txa
00088Br 1  48           L0225:	pha
00088Cr 1  A1 rr        	lda     (sp,x)
00088Er 1  85 rr        	sta     regbank+4
000890r 1  A0 01        	ldy     #$01
000892r 1  B1 rr        	lda     (sp),y
000894r 1  85 rr        	sta     regbank+5
000896r 1  68           	pla
000897r 1  4C rr rr     	jmp     incsp3
00089Ar 1               
00089Ar 1               .endproc
00089Ar 1               
00089Ar 1               ; ---------------------------------------------------------------
00089Ar 1               ; unsigned char __near__ udeks_window_get_geometry (unsigned char, __near__ unsigned int *, __near__ unsigned char *, __near__ unsigned int *, __near__ unsigned char *)
00089Ar 1               ; ---------------------------------------------------------------
00089Ar 1               
00089Ar 1               .segment	"CODE"
00089Ar 1               
00089Ar 1               .proc	_udeks_window_get_geometry: near
00089Ar 1               
00089Ar 1               .segment	"CODE"
00089Ar 1               
00089Ar 1  20 rr rr     	jsr     pushax
00089Dr 1  A5 rr        	lda     regbank+4
00089Fr 1  A6 rr        	ldx     regbank+5
0008A1r 1  20 rr rr     	jsr     pushax
0008A4r 1  A0 0A        	ldy     #$0A
0008A6r 1  B1 rr        	lda     (sp),y
0008A8r 1  20 rr rr     	jsr     _window_by_handle
0008ABr 1  85 rr        	sta     regbank+4
0008ADr 1  86 rr        	stx     regbank+4+1
0008AFr 1  E0 00        	cpx     #$00
0008B1r 1  D0 09        	bne     L050E
0008B3r 1  C9 00        	cmp     #$00
0008B5r 1  D0 05        	bne     L050E
0008B7r 1  A9 01        	lda     #$01
0008B9r 1  4C rr rr     	jmp     L050A
0008BCr 1  A0 09        L050E:	ldy     #$09
0008BEr 1  B1 rr        	lda     (sp),y
0008C0r 1  85 rr        	sta     ptr1+1
0008C2r 1  88           	dey
0008C3r 1  B1 rr        	lda     (sp),y
0008C5r 1  85 rr        	sta     ptr1
0008C7r 1  A0 0A        	ldy     #$0A
0008C9r 1  B1 rr        	lda     (sp),y
0008CBr 1  CD rr rr     	cmp     _dragging_handle
0008CEr 1  D0 09        	bne     L0514
0008D0r 1  AD rr rr     	lda     _drag_x
0008D3r 1  AE rr rr     	ldx     _drag_x+1
0008D6r 1  4C rr rr     	jmp     L0516
0008D9r 1  A0 05        L0514:	ldy     #$05
0008DBr 1  B1 rr        	lda     (regbank+4),y
0008DDr 1  AA           	tax
0008DEr 1  88           	dey
0008DFr 1  B1 rr        	lda     (regbank+4),y
0008E1r 1  A0 00        L0516:	ldy     #$00
0008E3r 1  91 rr        	sta     (ptr1),y
0008E5r 1  C8           	iny
0008E6r 1  8A           	txa
0008E7r 1  91 rr        	sta     (ptr1),y
0008E9r 1  A0 07        	ldy     #$07
0008EBr 1  B1 rr        	lda     (sp),y
0008EDr 1  85 rr        	sta     ptr1+1
0008EFr 1  88           	dey
0008F0r 1  B1 rr        	lda     (sp),y
0008F2r 1  85 rr        	sta     ptr1
0008F4r 1  A0 0A        	ldy     #$0A
0008F6r 1  B1 rr        	lda     (sp),y
0008F8r 1  CD rr rr     	cmp     _dragging_handle
0008FBr 1  D0 06        	bne     L051A
0008FDr 1  AD rr rr     	lda     _drag_y
000900r 1  4C rr rr     	jmp     L0635
000903r 1  A0 06        L051A:	ldy     #$06
000905r 1  B1 rr        	lda     (regbank+4),y
000907r 1  A0 00        L0635:	ldy     #$00
000909r 1  91 rr        	sta     (ptr1),y
00090Br 1  A0 05        	ldy     #$05
00090Dr 1  B1 rr        	lda     (sp),y
00090Fr 1  85 rr        	sta     ptr1+1
000911r 1  88           	dey
000912r 1  B1 rr        	lda     (sp),y
000914r 1  85 rr        	sta     ptr1
000916r 1  A0 0A        	ldy     #$0A
000918r 1  B1 rr        	lda     (sp),y
00091Ar 1  CD rr rr     	cmp     _dragging_handle
00091Dr 1  D0 09        	bne     L0520
00091Fr 1  AD rr rr     	lda     _drag_width
000922r 1  AE rr rr     	ldx     _drag_width+1
000925r 1  4C rr rr     	jmp     L0522
000928r 1  A0 08        L0520:	ldy     #$08
00092Ar 1  B1 rr        	lda     (regbank+4),y
00092Cr 1  AA           	tax
00092Dr 1  88           	dey
00092Er 1  B1 rr        	lda     (regbank+4),y
000930r 1  A0 00        L0522:	ldy     #$00
000932r 1  91 rr        	sta     (ptr1),y
000934r 1  C8           	iny
000935r 1  8A           	txa
000936r 1  91 rr        	sta     (ptr1),y
000938r 1  A0 03        	ldy     #$03
00093Ar 1  B1 rr        	lda     (sp),y
00093Cr 1  85 rr        	sta     ptr1+1
00093Er 1  88           	dey
00093Fr 1  B1 rr        	lda     (sp),y
000941r 1  85 rr        	sta     ptr1
000943r 1  A0 0A        	ldy     #$0A
000945r 1  B1 rr        	lda     (sp),y
000947r 1  CD rr rr     	cmp     _dragging_handle
00094Ar 1  D0 06        	bne     L0526
00094Cr 1  AD rr rr     	lda     _drag_height
00094Fr 1  4C rr rr     	jmp     L0637
000952r 1  88           L0526:	dey
000953r 1  B1 rr        	lda     (regbank+4),y
000955r 1  A0 00        L0637:	ldy     #$00
000957r 1  91 rr        	sta     (ptr1),y
000959r 1  A2 00        	ldx     #$00
00095Br 1  8A           	txa
00095Cr 1  48           L050A:	pha
00095Dr 1  A1 rr        	lda     (sp,x)
00095Fr 1  85 rr        	sta     regbank+4
000961r 1  A0 01        	ldy     #$01
000963r 1  B1 rr        	lda     (sp),y
000965r 1  85 rr        	sta     regbank+5
000967r 1  68           	pla
000968r 1  A0 0B        	ldy     #$0B
00096Ar 1  4C rr rr     	jmp     addysp
00096Dr 1               
00096Dr 1               .endproc
00096Dr 1               
00096Dr 1               ; ---------------------------------------------------------------
00096Dr 1               ; unsigned char __near__ udeks_window_is_dragging (unsigned char)
00096Dr 1               ; ---------------------------------------------------------------
00096Dr 1               
00096Dr 1               .segment	"CODE"
00096Dr 1               
00096Dr 1               .proc	_udeks_window_is_dragging: near
00096Dr 1               
00096Dr 1               .segment	"CODE"
00096Dr 1               
00096Dr 1  20 rr rr     	jsr     pusha
000970r 1  A2 00        	ldx     #$00
000972r 1  A1 rr        	lda     (sp,x)
000974r 1  F0 0E        	beq     L063D
000976r 1  CD rr rr     	cmp     _dragging_handle
000979r 1  F0 04        	beq     L063B
00097Br 1  8A           	txa
00097Cr 1  4C rr rr     	jmp     incsp1
00097Fr 1  A9 01        L063B:	lda     #$01
000981r 1  4C rr rr     	jmp     incsp1
000984r 1  4C rr rr     L063D:	jmp     incsp1
000987r 1               
000987r 1               .endproc
000987r 1               
000987r 1               ; ---------------------------------------------------------------
000987r 1               ; unsigned char __near__ udeks_window_is_focused (unsigned char)
000987r 1               ; ---------------------------------------------------------------
000987r 1               
000987r 1               .segment	"CODE"
000987r 1               
000987r 1               .proc	_udeks_window_is_focused: near
000987r 1               
000987r 1               .segment	"CODE"
000987r 1               
000987r 1  20 rr rr     	jsr     pusha
00098Ar 1  A2 00        	ldx     #$00
00098Cr 1  A1 rr        	lda     (sp,x)
00098Er 1  F0 0E        	beq     L0643
000990r 1  CD rr rr     	cmp     _focused_handle
000993r 1  F0 04        	beq     L0641
000995r 1  8A           	txa
000996r 1  4C rr rr     	jmp     incsp1
000999r 1  A9 01        L0641:	lda     #$01
00099Br 1  4C rr rr     	jmp     incsp1
00099Er 1  4C rr rr     L0643:	jmp     incsp1
0009A1r 1               
0009A1r 1               .endproc
0009A1r 1               
0009A1r 1               ; ---------------------------------------------------------------
0009A1r 1               ; void __near__ increment_counter (unsigned char)
0009A1r 1               ; ---------------------------------------------------------------
0009A1r 1               
0009A1r 1               .segment	"CODE"
0009A1r 1               
0009A1r 1               .proc	_increment_counter: near
0009A1r 1               
0009A1r 1               .segment	"CODE"
0009A1r 1               
0009A1r 1  20 rr rr     	jsr     pusha
0009A4r 1  A0 00        	ldy     #$00
0009A6r 1  B1 rr        	lda     (sp),y
0009A8r 1  18           	clc
0009A9r 1  69 40        	adc     #$40
0009ABr 1  85 rr        	sta     ptr1
0009ADr 1  98           	tya
0009AEr 1  69 F2        	adc     #$F2
0009B0r 1  85 rr        	sta     ptr1+1
0009B2r 1  A9 01        	lda     #$01
0009B4r 1  18           	clc
0009B5r 1  71 rr        	adc     (ptr1),y
0009B7r 1  91 rr        	sta     (ptr1),y
0009B9r 1  B1 rr        	lda     (sp),y
0009BBr 1  18           	clc
0009BCr 1  69 40        	adc     #$40
0009BEr 1  85 rr        	sta     ptr1
0009C0r 1  98           	tya
0009C1r 1  69 F2        	adc     #$F2
0009C3r 1  85 rr        	sta     ptr1+1
0009C5r 1  B1 rr        	lda     (ptr1),y
0009C7r 1  D0 1A        	bne     L008D
0009C9r 1  AA           	tax
0009CAr 1  B1 rr        	lda     (sp),y
0009CCr 1  18           	clc
0009CDr 1  69 01        	adc     #$01
0009CFr 1  90 02        	bcc     L0644
0009D1r 1  E8           	inx
0009D2r 1  18           	clc
0009D3r 1  69 40        L0644:	adc     #$40
0009D5r 1  85 rr        	sta     ptr1
0009D7r 1  8A           	txa
0009D8r 1  69 F2        	adc     #$F2
0009DAr 1  85 rr        	sta     ptr1+1
0009DCr 1  A9 01        	lda     #$01
0009DEr 1  18           	clc
0009DFr 1  71 rr        	adc     (ptr1),y
0009E1r 1  91 rr        	sta     (ptr1),y
0009E3r 1  4C rr rr     L008D:	jmp     incsp1
0009E6r 1               
0009E6r 1               .endproc
0009E6r 1               
0009E6r 1               ; ---------------------------------------------------------------
0009E6r 1               ; __near__ struct udeks_window * __near__ window_by_handle (unsigned char)
0009E6r 1               ; ---------------------------------------------------------------
0009E6r 1               
0009E6r 1               .segment	"CODE"
0009E6r 1               
0009E6r 1               .proc	_window_by_handle: near
0009E6r 1               
0009E6r 1               .segment	"CODE"
0009E6r 1               
0009E6r 1  20 rr rr     	jsr     pusha
0009E9r 1  A0 00        	ldy     #$00
0009EBr 1  B1 rr        	lda     (sp),y
0009EDr 1  F0 24        	beq     L0645
0009EFr 1  C9 05        	cmp     #$05
0009F1r 1  B0 20        	bcs     L0645
0009F3r 1  A2 00        	ldx     #$00
0009F5r 1  B1 rr        	lda     (sp),y
0009F7r 1  38           	sec
0009F8r 1  E9 01        	sbc     #$01
0009FAr 1  B0 01        	bcs     L009B
0009FCr 1  CA           	dex
0009FDr 1  20 rr rr     L009B:	jsr     pushax
000A00r 1  A9 11        	lda     #$11
000A02r 1  20 rr rr     	jsr     tosmula0
000A05r 1  85 rr        	sta     ptr1
000A07r 1  8A           	txa
000A08r 1  18           	clc
000A09r 1  69 rr        	adc     #>(_windows)
000A0Br 1  85 rr        	sta     ptr1+1
000A0Dr 1  A0 rr        	ldy     #<(_windows)
000A0Fr 1  B1 rr        	lda     (ptr1),y
000A11r 1  D0 06        	bne     L0098
000A13r 1  A2 00        L0645:	ldx     #$00
000A15r 1  8A           	txa
000A16r 1  4C rr rr     	jmp     incsp1
000A19r 1  A2 00        L0098:	ldx     #$00
000A1Br 1  A1 rr        	lda     (sp,x)
000A1Dr 1  38           	sec
000A1Er 1  E9 01        	sbc     #$01
000A20r 1  B0 01        	bcs     L00A0
000A22r 1  CA           	dex
000A23r 1  20 rr rr     L00A0:	jsr     pushax
000A26r 1  A9 11        	lda     #$11
000A28r 1  20 rr rr     	jsr     tosmula0
000A2Br 1  18           	clc
000A2Cr 1  69 rr        	adc     #<(_windows)
000A2Er 1  A8           	tay
000A2Fr 1  8A           	txa
000A30r 1  69 rr        	adc     #>(_windows)
000A32r 1  AA           	tax
000A33r 1  98           	tya
000A34r 1  4C rr rr     	jmp     incsp1
000A37r 1               
000A37r 1               .endproc
000A37r 1               
000A37r 1               ; ---------------------------------------------------------------
000A37r 1               ; void __near__ publish_state (void)
000A37r 1               ; ---------------------------------------------------------------
000A37r 1               
000A37r 1               .segment	"CODE"
000A37r 1               
000A37r 1               .proc	_publish_state: near
000A37r 1               
000A37r 1               .segment	"CODE"
000A37r 1               
000A37r 1  A5 rr        	lda     regbank+4
000A39r 1  A6 rr        	ldx     regbank+5
000A3Br 1  20 rr rr     	jsr     pushax
000A3Er 1  AD rr rr     	lda     _active_count
000A41r 1  8D 46 F2     	sta     $F246
000A44r 1  AD rr rr     	lda     _focused_handle
000A47r 1  8D 47 F2     	sta     $F247
000A4Ar 1  AD rr rr     	lda     _dragging_handle
000A4Dr 1  8D 48 F2     	sta     $F248
000A50r 1  A9 04        	lda     #$04
000A52r 1  8D 4E F2     	sta     $F24E
000A55r 1  A9 3F        	lda     #$3F
000A57r 1  8D 4F F2     	sta     $F24F
000A5Ar 1  AD rr rr     	lda     _dragging_handle
000A5Dr 1  D0 0C        	bne     L00BB
000A5Fr 1  8D 49 F2     	sta     $F249
000A62r 1  8D 4A F2     	sta     $F24A
000A65r 1  8D 4B F2     	sta     $F24B
000A68r 1  4C rr rr     	jmp     L0649
000A6Br 1  AD rr rr     L00BB:	lda     _dragging_handle
000A6Er 1  20 rr rr     	jsr     _window_by_handle
000A71r 1  85 rr        	sta     regbank+4
000A73r 1  86 rr        	stx     regbank+4+1
000A75r 1  E0 00        	cpx     #$00
000A77r 1  D0 04        	bne     L0647
000A79r 1  C9 00        	cmp     #$00
000A7Br 1  F0 1E        	beq     L00A1
000A7Dr 1  AD rr rr     L0647:	lda     _drag_x
000A80r 1  8D 49 F2     	sta     $F249
000A83r 1  AD rr rr     	lda     _drag_x+1
000A86r 1  8D 4A F2     	sta     $F24A
000A89r 1  AD rr rr     	lda     _drag_y
000A8Cr 1  8D 4B F2     	sta     $F24B
000A8Fr 1  AD rr rr     	lda     _drag_width
000A92r 1  8D 4C F2     L0649:	sta     $F24C
000A95r 1  AD rr rr     	lda     _previous_buttons
000A98r 1  8D 4D F2     	sta     $F24D
000A9Br 1  A0 00        L00A1:	ldy     #$00
000A9Dr 1  B1 rr        	lda     (sp),y
000A9Fr 1  85 rr        	sta     regbank+4
000AA1r 1  C8           	iny
000AA2r 1  B1 rr        	lda     (sp),y
000AA4r 1  85 rr        	sta     regbank+5
000AA6r 1  4C rr rr     	jmp     incsp2
000AA9r 1               
000AA9r 1               .endproc
000AA9r 1               
000AA9r 1               ; ---------------------------------------------------------------
000AA9r 1               ; unsigned char __near__ point_inside (unsigned int, unsigned char, register __near__ const struct udeks_window *)
000AA9r 1               ; ---------------------------------------------------------------
000AA9r 1               
000AA9r 1               .segment	"CODE"
000AA9r 1               
000AA9r 1               .proc	_point_inside: near
000AA9r 1               
000AA9r 1               .segment	"CODE"
000AA9r 1               
000AA9r 1  20 rr rr     	jsr     pushax
000AACr 1  A0 00        	ldy     #$00
000AAEr 1  A2 04        	ldx     #$04
000AB0r 1  20 rr rr     	jsr     regswap2
000AB3r 1  A0 06        	ldy     #$06
000AB5r 1  20 rr rr     	jsr     pushwysp
000AB8r 1  A0 05        	ldy     #$05
000ABAr 1  B1 rr        	lda     (regbank+4),y
000ABCr 1  AA           	tax
000ABDr 1  88           	dey
000ABEr 1  B1 rr        	lda     (regbank+4),y
000AC0r 1  20 rr rr     	jsr     tosicmp
000AC3r 1  90 49        	bcc     L00F8
000AC5r 1  A0 06        	ldy     #$06
000AC7r 1  20 rr rr     	jsr     pushwysp
000ACAr 1  A0 05        	ldy     #$05
000ACCr 1  B1 rr        	lda     (regbank+4),y
000ACEr 1  AA           	tax
000ACFr 1  88           	dey
000AD0r 1  B1 rr        	lda     (regbank+4),y
000AD2r 1  20 rr rr     	jsr     pushax
000AD5r 1  A0 08        	ldy     #$08
000AD7r 1  B1 rr        	lda     (regbank+4),y
000AD9r 1  AA           	tax
000ADAr 1  88           	dey
000ADBr 1  B1 rr        	lda     (regbank+4),y
000ADDr 1  20 rr rr     	jsr     tosaddax
000AE0r 1  20 rr rr     	jsr     tosicmp
000AE3r 1  B0 29        	bcs     L00F8
000AE5r 1  A0 02        	ldy     #$02
000AE7r 1  B1 rr        	lda     (sp),y
000AE9r 1  20 rr rr     	jsr     pusha0
000AECr 1  A0 06        	ldy     #$06
000AEEr 1  B1 rr        	lda     (regbank+4),y
000AF0r 1  20 rr rr     	jsr     tosicmp0
000AF3r 1  90 19        	bcc     L00F8
000AF5r 1  A0 02        	ldy     #$02
000AF7r 1  B1 rr        	lda     (sp),y
000AF9r 1  20 rr rr     	jsr     pusha0
000AFCr 1  A0 06        	ldy     #$06
000AFEr 1  B1 rr        	lda     (regbank+4),y
000B00r 1  85 rr        	sta     ptr1
000B02r 1  A0 09        	ldy     #$09
000B04r 1  B1 rr        	lda     (regbank+4),y
000B06r 1  18           	clc
000B07r 1  65 rr        	adc     ptr1
000B09r 1  20 rr rr     	jsr     tosicmp0
000B0Cr 1  90 06        	bcc     L00F7
000B0Er 1  A2 00        L00F8:	ldx     #$00
000B10r 1  8A           	txa
000B11r 1  4C rr rr     	jmp     L064B
000B14r 1  A9 01        L00F7:	lda     #$01
000B16r 1  A2 00        	ldx     #$00
000B18r 1  48           L064B:	pha
000B19r 1  A1 rr        	lda     (sp,x)
000B1Br 1  85 rr        	sta     regbank+4
000B1Dr 1  A0 01        	ldy     #$01
000B1Fr 1  B1 rr        	lda     (sp),y
000B21r 1  85 rr        	sta     regbank+5
000B23r 1  68           	pla
000B24r 1  4C rr rr     	jmp     incsp5
000B27r 1               
000B27r 1               .endproc
000B27r 1               
000B27r 1               ; ---------------------------------------------------------------
000B27r 1               ; void __near__ damage_set (register __near__ const struct udeks_window *)
000B27r 1               ; ---------------------------------------------------------------
000B27r 1               
000B27r 1               .segment	"CODE"
000B27r 1               
000B27r 1               .proc	_damage_set: near
000B27r 1               
000B27r 1               .segment	"CODE"
000B27r 1               
000B27r 1  20 rr rr     	jsr     pushax
000B2Ar 1  A0 00        	ldy     #$00
000B2Cr 1  A2 04        	ldx     #$04
000B2Er 1  20 rr rr     	jsr     regswap2
000B31r 1  A0 05        	ldy     #$05
000B33r 1  B1 rr        	lda     (regbank+4),y
000B35r 1  8D rr rr     	sta     _damage_left+1
000B38r 1  88           	dey
000B39r 1  B1 rr        	lda     (regbank+4),y
000B3Br 1  8D rr rr     	sta     _damage_left
000B3Er 1  A0 06        	ldy     #$06
000B40r 1  B1 rr        	lda     (regbank+4),y
000B42r 1  8D rr rr     	sta     _damage_top
000B45r 1  88           	dey
000B46r 1  B1 rr        	lda     (regbank+4),y
000B48r 1  AA           	tax
000B49r 1  88           	dey
000B4Ar 1  B1 rr        	lda     (regbank+4),y
000B4Cr 1  20 rr rr     	jsr     pushax
000B4Fr 1  A0 08        	ldy     #$08
000B51r 1  B1 rr        	lda     (regbank+4),y
000B53r 1  AA           	tax
000B54r 1  88           	dey
000B55r 1  B1 rr        	lda     (regbank+4),y
000B57r 1  20 rr rr     	jsr     tosaddax
000B5Ar 1  8D rr rr     	sta     _damage_right
000B5Dr 1  8E rr rr     	stx     _damage_right+1
000B60r 1  A0 06        	ldy     #$06
000B62r 1  B1 rr        	lda     (regbank+4),y
000B64r 1  85 rr        	sta     ptr1
000B66r 1  A0 09        	ldy     #$09
000B68r 1  B1 rr        	lda     (regbank+4),y
000B6Ar 1  18           	clc
000B6Br 1  65 rr        	adc     ptr1
000B6Dr 1  8D rr rr     	sta     _damage_bottom
000B70r 1  A0 00        	ldy     #$00
000B72r 1  B1 rr        	lda     (sp),y
000B74r 1  85 rr        	sta     regbank+4
000B76r 1  C8           	iny
000B77r 1  B1 rr        	lda     (sp),y
000B79r 1  85 rr        	sta     regbank+5
000B7Br 1  4C rr rr     	jmp     incsp2
000B7Er 1               
000B7Er 1               .endproc
000B7Er 1               
000B7Er 1               ; ---------------------------------------------------------------
000B7Er 1               ; void __near__ damage_add (register __near__ const struct udeks_window *)
000B7Er 1               ; ---------------------------------------------------------------
000B7Er 1               
000B7Er 1               .segment	"CODE"
000B7Er 1               
000B7Er 1               .proc	_damage_add: near
000B7Er 1               
000B7Er 1               .segment	"CODE"
000B7Er 1               
000B7Er 1  20 rr rr     	jsr     pushax
000B81r 1  A0 00        	ldy     #$00
000B83r 1  A2 04        	ldx     #$04
000B85r 1  20 rr rr     	jsr     regswap2
000B88r 1  20 rr rr     	jsr     decsp3
000B8Br 1  A0 05        	ldy     #$05
000B8Dr 1  B1 rr        	lda     (regbank+4),y
000B8Fr 1  AA           	tax
000B90r 1  88           	dey
000B91r 1  B1 rr        	lda     (regbank+4),y
000B93r 1  20 rr rr     	jsr     pushax
000B96r 1  A0 08        	ldy     #$08
000B98r 1  B1 rr        	lda     (regbank+4),y
000B9Ar 1  AA           	tax
000B9Br 1  88           	dey
000B9Cr 1  B1 rr        	lda     (regbank+4),y
000B9Er 1  20 rr rr     	jsr     tosaddax
000BA1r 1  A0 01        	ldy     #$01
000BA3r 1  20 rr rr     	jsr     staxysp
000BA6r 1  A0 06        	ldy     #$06
000BA8r 1  B1 rr        	lda     (regbank+4),y
000BAAr 1  85 rr        	sta     ptr1
000BACr 1  A0 09        	ldy     #$09
000BAEr 1  B1 rr        	lda     (regbank+4),y
000BB0r 1  18           	clc
000BB1r 1  65 rr        	adc     ptr1
000BB3r 1  A0 00        	ldy     #$00
000BB5r 1  91 rr        	sta     (sp),y
000BB7r 1  A0 05        	ldy     #$05
000BB9r 1  B1 rr        	lda     (regbank+4),y
000BBBr 1  AA           	tax
000BBCr 1  88           	dey
000BBDr 1  B1 rr        	lda     (regbank+4),y
000BBFr 1  CD rr rr     	cmp     _damage_left
000BC2r 1  8A           	txa
000BC3r 1  ED rr rr     	sbc     _damage_left+1
000BC6r 1  B0 0C        	bcs     L010B
000BC8r 1  C8           	iny
000BC9r 1  B1 rr        	lda     (regbank+4),y
000BCBr 1  8D rr rr     	sta     _damage_left+1
000BCEr 1  88           	dey
000BCFr 1  B1 rr        	lda     (regbank+4),y
000BD1r 1  8D rr rr     	sta     _damage_left
000BD4r 1  A0 06        L010B:	ldy     #$06
000BD6r 1  B1 rr        	lda     (regbank+4),y
000BD8r 1  CD rr rr     	cmp     _damage_top
000BDBr 1  B0 03        	bcs     L010F
000BDDr 1  8D rr rr     	sta     _damage_top
000BE0r 1  A0 02        L010F:	ldy     #$02
000BE2r 1  B1 rr        	lda     (sp),y
000BE4r 1  AA           	tax
000BE5r 1  88           	dey
000BE6r 1  B1 rr        	lda     (sp),y
000BE8r 1  38           	sec
000BE9r 1  ED rr rr     	sbc     _damage_right
000BECr 1  85 rr        	sta     tmp1
000BEEr 1  8A           	txa
000BEFr 1  ED rr rr     	sbc     _damage_right+1
000BF2r 1  05 rr        	ora     tmp1
000BF4r 1  90 0E        	bcc     L0113
000BF6r 1  F0 0C        	beq     L0113
000BF8r 1  C8           	iny
000BF9r 1  B1 rr        	lda     (sp),y
000BFBr 1  8D rr rr     	sta     _damage_right+1
000BFEr 1  88           	dey
000BFFr 1  B1 rr        	lda     (sp),y
000C01r 1  8D rr rr     	sta     _damage_right
000C04r 1  88           L0113:	dey
000C05r 1  B1 rr        	lda     (sp),y
000C07r 1  38           	sec
000C08r 1  ED rr rr     	sbc     _damage_bottom
000C0Br 1  90 07        	bcc     L0117
000C0Dr 1  F0 05        	beq     L0117
000C0Fr 1  B1 rr        	lda     (sp),y
000C11r 1  8D rr rr     	sta     _damage_bottom
000C14r 1  A0 03        L0117:	ldy     #$03
000C16r 1  B1 rr        	lda     (sp),y
000C18r 1  85 rr        	sta     regbank+4
000C1Ar 1  C8           	iny
000C1Br 1  B1 rr        	lda     (sp),y
000C1Dr 1  85 rr        	sta     regbank+5
000C1Fr 1  4C rr rr     	jmp     incsp5
000C22r 1               
000C22r 1               .endproc
000C22r 1               
000C22r 1               ; ---------------------------------------------------------------
000C22r 1               ; unsigned char __near__ set_damage_intersection (unsigned int, unsigned char, unsigned int, unsigned char)
000C22r 1               ; ---------------------------------------------------------------
000C22r 1               
000C22r 1               .segment	"CODE"
000C22r 1               
000C22r 1               .proc	_set_damage_intersection: near
000C22r 1               
000C22r 1               .segment	"CODE"
000C22r 1               
000C22r 1  20 rr rr     	jsr     pusha
000C25r 1  20 rr rr     	jsr     decsp6
000C28r 1  A0 0B        	ldy     #$0B
000C2Ar 1  B1 rr        	lda     (sp),y
000C2Cr 1  AA           	tax
000C2Dr 1  88           	dey
000C2Er 1  B1 rr        	lda     (sp),y
000C30r 1  38           	sec
000C31r 1  ED rr rr     	sbc     _damage_left
000C34r 1  85 rr        	sta     tmp1
000C36r 1  8A           	txa
000C37r 1  ED rr rr     	sbc     _damage_left+1
000C3Ar 1  05 rr        	ora     tmp1
000C3Cr 1  90 0C        	bcc     L011E
000C3Er 1  F0 0A        	beq     L011E
000C40r 1  C8           	iny
000C41r 1  B1 rr        	lda     (sp),y
000C43r 1  AA           	tax
000C44r 1  88           	dey
000C45r 1  B1 rr        	lda     (sp),y
000C47r 1  4C rr rr     	jmp     L0120
000C4Ar 1  AD rr rr     L011E:	lda     _damage_left
000C4Dr 1  AE rr rr     	ldx     _damage_left+1
000C50r 1  A0 04        L0120:	ldy     #$04
000C52r 1  20 rr rr     	jsr     staxysp
000C55r 1  A0 09        	ldy     #$09
000C57r 1  B1 rr        	lda     (sp),y
000C59r 1  38           	sec
000C5Ar 1  ED rr rr     	sbc     _damage_top
000C5Dr 1  90 07        	bcc     L0650
000C5Fr 1  F0 05        	beq     L0650
000C61r 1  B1 rr        	lda     (sp),y
000C63r 1  4C rr rr     	jmp     L0652
000C66r 1  AD rr rr     L0650:	lda     _damage_top
000C69r 1  A0 03        L0652:	ldy     #$03
000C6Br 1  91 rr        	sta     (sp),y
000C6Dr 1  A0 0A        	ldy     #$0A
000C6Fr 1  B1 rr        	lda     (sp),y
000C71r 1  A0 07        	ldy     #$07
000C73r 1  18           	clc
000C74r 1  71 rr        	adc     (sp),y
000C76r 1  48           	pha
000C77r 1  A0 0B        	ldy     #$0B
000C79r 1  B1 rr        	lda     (sp),y
000C7Br 1  A0 08        	ldy     #$08
000C7Dr 1  71 rr        	adc     (sp),y
000C7Fr 1  AA           	tax
000C80r 1  68           	pla
000C81r 1  A0 01        	ldy     #$01
000C83r 1  20 rr rr     	jsr     staxysp
000C86r 1  38           	sec
000C87r 1  ED rr rr     	sbc     _damage_right
000C8Ar 1  85 rr        	sta     tmp1
000C8Cr 1  8A           	txa
000C8Dr 1  ED rr rr     	sbc     _damage_right+1
000C90r 1  05 rr        	ora     tmp1
000C92r 1  90 0D        	bcc     L012A
000C94r 1  F0 0B        	beq     L012A
000C96r 1  AD rr rr     	lda     _damage_right
000C99r 1  AE rr rr     	ldx     _damage_right+1
000C9Cr 1  A0 01        	ldy     #$01
000C9Er 1  20 rr rr     	jsr     staxysp
000CA1r 1  A0 06        L012A:	ldy     #$06
000CA3r 1  B1 rr        	lda     (sp),y
000CA5r 1  18           	clc
000CA6r 1  A0 09        	ldy     #$09
000CA8r 1  71 rr        	adc     (sp),y
000CAAr 1  A0 00        	ldy     #$00
000CACr 1  91 rr        	sta     (sp),y
000CAEr 1  38           	sec
000CAFr 1  ED rr rr     	sbc     _damage_bottom
000CB2r 1  90 07        	bcc     L0131
000CB4r 1  F0 05        	beq     L0131
000CB6r 1  AD rr rr     	lda     _damage_bottom
000CB9r 1  91 rr        	sta     (sp),y
000CBBr 1  A0 05        L0131:	ldy     #$05
000CBDr 1  B1 rr        	lda     (sp),y
000CBFr 1  AA           	tax
000CC0r 1  88           	dey
000CC1r 1  B1 rr        	lda     (sp),y
000CC3r 1  A0 01        	ldy     #$01
000CC5r 1  D1 rr        	cmp     (sp),y
000CC7r 1  8A           	txa
000CC8r 1  C8           	iny
000CC9r 1  F1 rr        	sbc     (sp),y
000CCBr 1  B0 09        	bcs     L0653
000CCDr 1  C8           	iny
000CCEr 1  B1 rr        	lda     (sp),y
000CD0r 1  A0 00        	ldy     #$00
000CD2r 1  D1 rr        	cmp     (sp),y
000CD4r 1  90 06        	bcc     L0135
000CD6r 1  A2 00        L0653:	ldx     #$00
000CD8r 1  8A           	txa
000CD9r 1  4C rr rr     	jmp     L011B
000CDCr 1  20 rr rr     L0135:	jsr     decsp6
000CDFr 1  A0 0B        	ldy     #$0B
000CE1r 1  B1 rr        	lda     (sp),y
000CE3r 1  AA           	tax
000CE4r 1  88           	dey
000CE5r 1  B1 rr        	lda     (sp),y
000CE7r 1  A0 04        	ldy     #$04
000CE9r 1  91 rr        	sta     (sp),y
000CEBr 1  C8           	iny
000CECr 1  8A           	txa
000CEDr 1  91 rr        	sta     (sp),y
000CEFr 1  A0 09        	ldy     #$09
000CF1r 1  B1 rr        	lda     (sp),y
000CF3r 1  A0 02        	ldy     #$02
000CF5r 1  91 rr        	sta     (sp),y
000CF7r 1  C8           	iny
000CF8r 1  A9 00        	lda     #$00
000CFAr 1  91 rr        	sta     (sp),y
000CFCr 1  A0 08        	ldy     #$08
000CFEr 1  B1 rr        	lda     (sp),y
000D00r 1  AA           	tax
000D01r 1  88           	dey
000D02r 1  B1 rr        	lda     (sp),y
000D04r 1  38           	sec
000D05r 1  A0 0A        	ldy     #$0A
000D07r 1  F1 rr        	sbc     (sp),y
000D09r 1  48           	pha
000D0Ar 1  8A           	txa
000D0Br 1  C8           	iny
000D0Cr 1  F1 rr        	sbc     (sp),y
000D0Er 1  AA           	tax
000D0Fr 1  68           	pla
000D10r 1  A0 00        	ldy     #$00
000D12r 1  91 rr        	sta     (sp),y
000D14r 1  C8           	iny
000D15r 1  8A           	txa
000D16r 1  91 rr        	sta     (sp),y
000D18r 1  A0 06        	ldy     #$06
000D1Ar 1  B1 rr        	lda     (sp),y
000D1Cr 1  38           	sec
000D1Dr 1  A0 09        	ldy     #$09
000D1Fr 1  F1 rr        	sbc     (sp),y
000D21r 1  A2 00        	ldx     #$00
000D23r 1  20 rr rr     	jsr     _udeks_vic_bitmap_set_clip
000D26r 1  A0 03        	ldy     #$03
000D28r 1  B1 rr        	lda     (sp),y
000D2Ar 1  38           	sec
000D2Br 1  A0 09        	ldy     #$09
000D2Dr 1  F1 rr        	sbc     (sp),y
000D2Fr 1  8D 8A F7     	sta     $F78A
000D32r 1  A0 00        	ldy     #$00
000D34r 1  B1 rr        	lda     (sp),y
000D36r 1  38           	sec
000D37r 1  A0 09        	ldy     #$09
000D39r 1  F1 rr        	sbc     (sp),y
000D3Br 1  8D 8B F7     	sta     $F78B
000D3Er 1  A0 02        	ldy     #$02
000D40r 1  B1 rr        	lda     (sp),y
000D42r 1  AA           	tax
000D43r 1  88           	dey
000D44r 1  B1 rr        	lda     (sp),y
000D46r 1  38           	sec
000D47r 1  A0 0A        	ldy     #$0A
000D49r 1  F1 rr        	sbc     (sp),y
000D4Br 1  8D 8C F7     	sta     $F78C
000D4Er 1  8A           	txa
000D4Fr 1  C8           	iny
000D50r 1  F1 rr        	sbc     (sp),y
000D52r 1  8D 8D F7     	sta     $F78C+1
000D55r 1  A2 00        	ldx     #$00
000D57r 1  A9 01        	lda     #$01
000D59r 1  A0 0C        L011B:	ldy     #$0C
000D5Br 1  4C rr rr     	jmp     addysp
000D5Er 1               
000D5Er 1               .endproc
000D5Er 1               
000D5Er 1               ; ---------------------------------------------------------------
000D5Er 1               ; void __near__ draw_glyph (int, int, __near__ const unsigned char *)
000D5Er 1               ; ---------------------------------------------------------------
000D5Er 1               
000D5Er 1               .segment	"CODE"
000D5Er 1               
000D5Er 1               .proc	_draw_glyph: near
000D5Er 1               
000D5Er 1               .segment	"CODE"
000D5Er 1               
000D5Er 1  20 rr rr     	jsr     pushax
000D61r 1  20 rr rr     	jsr     decsp2
000D64r 1  A9 00        	lda     #$00
000D66r 1  A0 01        	ldy     #$01
000D68r 1  91 rr        L0656:	sta     (sp),y
000D6Ar 1  C9 05        	cmp     #$05
000D6Cr 1  B0 7B        	bcs     L014A
000D6Er 1  A9 00        	lda     #$00
000D70r 1  88           	dey
000D71r 1  91 rr        L0655:	sta     (sp),y
000D73r 1  C9 03        	cmp     #$03
000D75r 1  B0 6A        	bcs     L014B
000D77r 1  A0 03        	ldy     #$03
000D79r 1  B1 rr        	lda     (sp),y
000D7Br 1  85 rr        	sta     ptr1+1
000D7Dr 1  88           	dey
000D7Er 1  B1 rr        	lda     (sp),y
000D80r 1  85 rr        	sta     ptr1
000D82r 1  88           	dey
000D83r 1  B1 rr        	lda     (sp),y
000D85r 1  A8           	tay
000D86r 1  B1 rr        	lda     (ptr1),y
000D88r 1  85 rr        	sta     ptr1
000D8Ar 1  A0 00        	ldy     #$00
000D8Cr 1  B1 rr        	lda     (sp),y
000D8Er 1  A8           	tay
000D8Fr 1  A9 04        	lda     #$04
000D91r 1  4A           L0654:	lsr     a
000D92r 1  88           	dey
000D93r 1  10 FC        	bpl     L0654
000D95r 1  2A           	rol     a
000D96r 1  A2 00        	ldx     #$00
000D98r 1  25 rr        	and     ptr1
000D9Ar 1  48           	pha
000D9Br 1  68           	pla
000D9Cr 1  F0 39        	beq     L0153
000D9Er 1  20 rr rr     	jsr     decsp4
000DA1r 1  A0 04        	ldy     #$04
000DA3r 1  B1 rr        	lda     (sp),y
000DA5r 1  18           	clc
000DA6r 1  A0 0A        	ldy     #$0A
000DA8r 1  71 rr        	adc     (sp),y
000DAAr 1  48           	pha
000DABr 1  8A           	txa
000DACr 1  C8           	iny
000DADr 1  71 rr        	adc     (sp),y
000DAFr 1  AA           	tax
000DB0r 1  68           	pla
000DB1r 1  A0 02        	ldy     #$02
000DB3r 1  91 rr        	sta     (sp),y
000DB5r 1  C8           	iny
000DB6r 1  8A           	txa
000DB7r 1  91 rr        	sta     (sp),y
000DB9r 1  A0 05        	ldy     #$05
000DBBr 1  B1 rr        	lda     (sp),y
000DBDr 1  18           	clc
000DBEr 1  A0 08        	ldy     #$08
000DC0r 1  71 rr        	adc     (sp),y
000DC2r 1  48           	pha
000DC3r 1  A9 00        	lda     #$00
000DC5r 1  C8           	iny
000DC6r 1  71 rr        	adc     (sp),y
000DC8r 1  AA           	tax
000DC9r 1  68           	pla
000DCAr 1  A0 00        	ldy     #$00
000DCCr 1  91 rr        	sta     (sp),y
000DCEr 1  C8           	iny
000DCFr 1  8A           	txa
000DD0r 1  91 rr        	sta     (sp),y
000DD2r 1  A9 00        	lda     #$00
000DD4r 1  20 rr rr     	jsr     _udeks_vic_bitmap_pixel
000DD7r 1  A0 00        L0153:	ldy     #$00
000DD9r 1  18           	clc
000DDAr 1  A9 01        	lda     #$01
000DDCr 1  71 rr        	adc     (sp),y
000DDEr 1  4C rr rr     	jmp     L0655
000DE1r 1  C8           L014B:	iny
000DE2r 1  18           	clc
000DE3r 1  98           	tya
000DE4r 1  71 rr        	adc     (sp),y
000DE6r 1  4C rr rr     	jmp     L0656
000DE9r 1  4C rr rr     L014A:	jmp     incsp8
000DECr 1               
000DECr 1               .endproc
000DECr 1               
000DECr 1               ; ---------------------------------------------------------------
000DECr 1               ; void __near__ draw_title (register __near__ const struct udeks_window *)
000DECr 1               ; ---------------------------------------------------------------
000DECr 1               
000DECr 1               .segment	"CODE"
000DECr 1               
000DECr 1               .proc	_draw_title: near
000DECr 1               
000DECr 1               .segment	"CODE"
000DECr 1               
000DECr 1  20 rr rr     	jsr     pushax
000DEFr 1  A0 00        	ldy     #$00
000DF1r 1  A2 04        	ldx     #$04
000DF3r 1  20 rr rr     	jsr     regswap2
000DF6r 1  20 rr rr     	jsr     decsp7
000DF9r 1  A0 0C        	ldy     #$0C
000DFBr 1  B1 rr        	lda     (regbank+4),y
000DFDr 1  AA           	tax
000DFEr 1  88           	dey
000DFFr 1  B1 rr        	lda     (regbank+4),y
000E01r 1  A0 05        	ldy     #$05
000E03r 1  20 rr rr     	jsr     staxysp
000E06r 1  A0 05        	ldy     #$05
000E08r 1  B1 rr        	lda     (regbank+4),y
000E0Ar 1  AA           	tax
000E0Br 1  88           	dey
000E0Cr 1  B1 rr        	lda     (regbank+4),y
000E0Er 1  18           	clc
000E0Fr 1  69 04        	adc     #$04
000E11r 1  90 01        	bcc     L0168
000E13r 1  E8           	inx
000E14r 1  A0 02        L0168:	ldy     #$02
000E16r 1  20 rr rr     	jsr     staxysp
000E19r 1  A0 05        	ldy     #$05
000E1Br 1  B1 rr        	lda     (regbank+4),y
000E1Dr 1  AA           	tax
000E1Er 1  88           	dey
000E1Fr 1  B1 rr        	lda     (regbank+4),y
000E21r 1  20 rr rr     	jsr     pushax
000E24r 1  A0 08        	ldy     #$08
000E26r 1  B1 rr        	lda     (regbank+4),y
000E28r 1  AA           	tax
000E29r 1  88           	dey
000E2Ar 1  B1 rr        	lda     (regbank+4),y
000E2Cr 1  20 rr rr     	jsr     tosaddax
000E2Fr 1  38           	sec
000E30r 1  E9 0E        	sbc     #$0E
000E32r 1  B0 01        	bcs     L016C
000E34r 1  CA           	dex
000E35r 1  20 rr rr     L016C:	jsr     stax0sp
000E38r 1  4C rr rr     	jmp     L016F
000E3Br 1  A0 06        L016D:	ldy     #$06
000E3Dr 1  B1 rr        	lda     (sp),y
000E3Fr 1  AA           	tax
000E40r 1  88           	dey
000E41r 1  B1 rr        	lda     (sp),y
000E43r 1  85 rr        	sta     regsave
000E45r 1  86 rr        	stx     regsave+1
000E47r 1  18           	clc
000E48r 1  69 01        	adc     #$01
000E4Ar 1  90 01        	bcc     L0177
000E4Cr 1  E8           	inx
000E4Dr 1  20 rr rr     L0177:	jsr     staxysp
000E50r 1  A0 00        	ldy     #$00
000E52r 1  B1 rr        	lda     (regsave),y
000E54r 1  A0 04        	ldy     #$04
000E56r 1  91 rr        	sta     (sp),y
000E58r 1  C9 61        	cmp     #$61
000E5Ar 1  90 0B        	bcc     L065C
000E5Cr 1  B1 rr        	lda     (sp),y
000E5Er 1  C9 7B        	cmp     #$7B
000E60r 1  B0 05        	bcs     L065C
000E62r 1  38           	sec
000E63r 1  E9 20        	sbc     #$20
000E65r 1  91 rr        	sta     (sp),y
000E67r 1  B1 rr        L065C:	lda     (sp),y
000E69r 1  C9 41        	cmp     #$41
000E6Br 1  90 46        	bcc     L0181
000E6Dr 1  C9 5B        	cmp     #$5B
000E6Fr 1  B0 42        	bcs     L0181
000E71r 1  20 rr rr     	jsr     decsp4
000E74r 1  A0 07        	ldy     #$07
000E76r 1  B1 rr        	lda     (sp),y
000E78r 1  AA           	tax
000E79r 1  88           	dey
000E7Ar 1  B1 rr        	lda     (sp),y
000E7Cr 1  A0 02        	ldy     #$02
000E7Er 1  91 rr        	sta     (sp),y
000E80r 1  C8           	iny
000E81r 1  8A           	txa
000E82r 1  91 rr        	sta     (sp),y
000E84r 1  A0 06        	ldy     #$06
000E86r 1  A2 00        	ldx     #$00
000E88r 1  B1 rr        	lda     (regbank+4),y
000E8Ar 1  18           	clc
000E8Br 1  69 04        	adc     #$04
000E8Dr 1  90 01        	bcc     L0188
000E8Fr 1  E8           	inx
000E90r 1  A0 00        L0188:	ldy     #$00
000E92r 1  91 rr        	sta     (sp),y
000E94r 1  C8           	iny
000E95r 1  8A           	txa
000E96r 1  91 rr        	sta     (sp),y
000E98r 1  A0 08        	ldy     #$08
000E9Ar 1  A2 00        	ldx     #$00
000E9Cr 1  B1 rr        	lda     (sp),y
000E9Er 1  38           	sec
000E9Fr 1  E9 41        	sbc     #$41
000EA1r 1  B0 01        	bcs     L018B
000EA3r 1  CA           	dex
000EA4r 1  20 rr rr     L018B:	jsr     mulax5
000EA7r 1  18           	clc
000EA8r 1  69 rr        	adc     #<(_title_glyphs)
000EAAr 1  A8           	tay
000EABr 1  8A           	txa
000EACr 1  69 rr        	adc     #>(_title_glyphs)
000EAEr 1  AA           	tax
000EAFr 1  98           	tya
000EB0r 1  20 rr rr     	jsr     _draw_glyph
000EB3r 1  A0 02        L0181:	ldy     #$02
000EB5r 1  A2 00        	ldx     #$00
000EB7r 1  A9 04        	lda     #$04
000EB9r 1  20 rr rr     	jsr     addeqysp
000EBCr 1  A0 05        L016F:	ldy     #$05
000EBEr 1  B1 rr        	lda     (sp),y
000EC0r 1  C8           	iny
000EC1r 1  11 rr        	ora     (sp),y
000EC3r 1  F0 35        	beq     L0657
000EC5r 1  B1 rr        	lda     (sp),y
000EC7r 1  85 rr        	sta     ptr1+1
000EC9r 1  88           	dey
000ECAr 1  B1 rr        	lda     (sp),y
000ECCr 1  85 rr        	sta     ptr1
000ECEr 1  A0 00        	ldy     #$00
000ED0r 1  B1 rr        	lda     (ptr1),y
000ED2r 1  F0 26        	beq     L0657
000ED4r 1  A0 03        	ldy     #$03
000ED6r 1  B1 rr        	lda     (sp),y
000ED8r 1  AA           	tax
000ED9r 1  88           	dey
000EDAr 1  B1 rr        	lda     (sp),y
000EDCr 1  18           	clc
000EDDr 1  69 03        	adc     #$03
000EDFr 1  90 01        	bcc     L0173
000EE1r 1  E8           	inx
000EE2r 1  20 rr rr     L0173:	jsr     pushax
000EE5r 1  A0 03        	ldy     #$03
000EE7r 1  B1 rr        	lda     (sp),y
000EE9r 1  AA           	tax
000EEAr 1  88           	dey
000EEBr 1  B1 rr        	lda     (sp),y
000EEDr 1  20 rr rr     	jsr     tosicmp
000EF0r 1  10 03 4C rr  	jmi     L016D
000EF4r 1  rr           
000EF5r 1  D0 03 4C rr  	jeq     L016D
000EF9r 1  rr           
000EFAr 1  A0 07        L0657:	ldy     #$07
000EFCr 1  B1 rr        	lda     (sp),y
000EFEr 1  85 rr        	sta     regbank+4
000F00r 1  C8           	iny
000F01r 1  B1 rr        	lda     (sp),y
000F03r 1  85 rr        	sta     regbank+5
000F05r 1  C8           	iny
000F06r 1  4C rr rr     	jmp     addysp
000F09r 1               
000F09r 1               .endproc
000F09r 1               
000F09r 1               ; ---------------------------------------------------------------
000F09r 1               ; void __near__ draw_chrome (register __near__ const struct udeks_window *)
000F09r 1               ; ---------------------------------------------------------------
000F09r 1               
000F09r 1               .segment	"CODE"
000F09r 1               
000F09r 1               .proc	_draw_chrome: near
000F09r 1               
000F09r 1               .segment	"CODE"
000F09r 1               
000F09r 1  20 rr rr     	jsr     pushax
000F0Cr 1  A0 00        	ldy     #$00
000F0Er 1  A2 04        	ldx     #$04
000F10r 1  20 rr rr     	jsr     regswap2
000F13r 1  20 rr rr     	jsr     decsp6
000F16r 1  A0 05        	ldy     #$05
000F18r 1  B1 rr        	lda     (regbank+4),y
000F1Ar 1  AA           	tax
000F1Br 1  88           	dey
000F1Cr 1  B1 rr        	lda     (regbank+4),y
000F1Er 1  20 rr rr     	jsr     pushax
000F21r 1  A0 06        	ldy     #$06
000F23r 1  B1 rr        	lda     (regbank+4),y
000F25r 1  20 rr rr     	jsr     pusha0
000F28r 1  A0 08        	ldy     #$08
000F2Ar 1  B1 rr        	lda     (regbank+4),y
000F2Cr 1  AA           	tax
000F2Dr 1  88           	dey
000F2Er 1  B1 rr        	lda     (regbank+4),y
000F30r 1  20 rr rr     	jsr     pushax
000F33r 1  A0 09        	ldy     #$09
000F35r 1  B1 rr        	lda     (regbank+4),y
000F37r 1  20 rr rr     	jsr     pusha0
000F3Ar 1  20 rr rr     	jsr     decsp8
000F3Dr 1  A0 0F        	ldy     #$0F
000F3Fr 1  B1 rr        	lda     (sp),y
000F41r 1  AA           	tax
000F42r 1  88           	dey
000F43r 1  B1 rr        	lda     (sp),y
000F45r 1  A0 06        	ldy     #$06
000F47r 1  91 rr        	sta     (sp),y
000F49r 1  C8           	iny
000F4Ar 1  8A           	txa
000F4Br 1  91 rr        	sta     (sp),y
000F4Dr 1  A0 0D        	ldy     #$0D
000F4Fr 1  B1 rr        	lda     (sp),y
000F51r 1  AA           	tax
000F52r 1  88           	dey
000F53r 1  B1 rr        	lda     (sp),y
000F55r 1  A0 04        	ldy     #$04
000F57r 1  91 rr        	sta     (sp),y
000F59r 1  C8           	iny
000F5Ar 1  8A           	txa
000F5Br 1  91 rr        	sta     (sp),y
000F5Dr 1  A0 0B        	ldy     #$0B
000F5Fr 1  B1 rr        	lda     (sp),y
000F61r 1  AA           	tax
000F62r 1  88           	dey
000F63r 1  B1 rr        	lda     (sp),y
000F65r 1  A0 02        	ldy     #$02
000F67r 1  91 rr        	sta     (sp),y
000F69r 1  C8           	iny
000F6Ar 1  8A           	txa
000F6Br 1  91 rr        	sta     (sp),y
000F6Dr 1  A0 09        	ldy     #$09
000F6Fr 1  B1 rr        	lda     (sp),y
000F71r 1  AA           	tax
000F72r 1  88           	dey
000F73r 1  B1 rr        	lda     (sp),y
000F75r 1  A0 00        	ldy     #$00
000F77r 1  91 rr        	sta     (sp),y
000F79r 1  C8           	iny
000F7Ar 1  8A           	txa
000F7Br 1  91 rr        	sta     (sp),y
000F7Dr 1  A9 00        	lda     #$00
000F7Fr 1  20 rr rr     	jsr     _udeks_vic_bitmap_rectangle
000F82r 1  20 rr rr     	jsr     decsp8
000F85r 1  A0 0F        	ldy     #$0F
000F87r 1  B1 rr        	lda     (sp),y
000F89r 1  AA           	tax
000F8Ar 1  88           	dey
000F8Br 1  B1 rr        	lda     (sp),y
000F8Dr 1  18           	clc
000F8Er 1  69 02        	adc     #$02
000F90r 1  90 01        	bcc     L019B
000F92r 1  E8           	inx
000F93r 1  A0 06        L019B:	ldy     #$06
000F95r 1  91 rr        	sta     (sp),y
000F97r 1  C8           	iny
000F98r 1  8A           	txa
000F99r 1  91 rr        	sta     (sp),y
000F9Br 1  A0 0D        	ldy     #$0D
000F9Dr 1  B1 rr        	lda     (sp),y
000F9Fr 1  AA           	tax
000FA0r 1  88           	dey
000FA1r 1  B1 rr        	lda     (sp),y
000FA3r 1  18           	clc
000FA4r 1  69 02        	adc     #$02
000FA6r 1  90 01        	bcc     L019D
000FA8r 1  E8           	inx
000FA9r 1  A0 04        L019D:	ldy     #$04
000FABr 1  91 rr        	sta     (sp),y
000FADr 1  C8           	iny
000FAEr 1  8A           	txa
000FAFr 1  91 rr        	sta     (sp),y
000FB1r 1  A0 0B        	ldy     #$0B
000FB3r 1  B1 rr        	lda     (sp),y
000FB5r 1  AA           	tax
000FB6r 1  88           	dey
000FB7r 1  B1 rr        	lda     (sp),y
000FB9r 1  38           	sec
000FBAr 1  E9 04        	sbc     #$04
000FBCr 1  B0 01        	bcs     L019F
000FBEr 1  CA           	dex
000FBFr 1  A0 02        L019F:	ldy     #$02
000FC1r 1  91 rr        	sta     (sp),y
000FC3r 1  C8           	iny
000FC4r 1  8A           	txa
000FC5r 1  91 rr        	sta     (sp),y
000FC7r 1  A0 09        	ldy     #$09
000FC9r 1  B1 rr        	lda     (sp),y
000FCBr 1  AA           	tax
000FCCr 1  88           	dey
000FCDr 1  B1 rr        	lda     (sp),y
000FCFr 1  38           	sec
000FD0r 1  E9 04        	sbc     #$04
000FD2r 1  B0 01        	bcs     L01A1
000FD4r 1  CA           	dex
000FD5r 1  A0 00        L01A1:	ldy     #$00
000FD7r 1  91 rr        	sta     (sp),y
000FD9r 1  C8           	iny
000FDAr 1  8A           	txa
000FDBr 1  91 rr        	sta     (sp),y
000FDDr 1  A9 00        	lda     #$00
000FDFr 1  20 rr rr     	jsr     _udeks_vic_bitmap_rectangle
000FE2r 1  20 rr rr     	jsr     decsp8
000FE5r 1  A0 0F        	ldy     #$0F
000FE7r 1  B1 rr        	lda     (sp),y
000FE9r 1  AA           	tax
000FEAr 1  88           	dey
000FEBr 1  B1 rr        	lda     (sp),y
000FEDr 1  18           	clc
000FEEr 1  69 02        	adc     #$02
000FF0r 1  90 01        	bcc     L01A5
000FF2r 1  E8           	inx
000FF3r 1  A0 06        L01A5:	ldy     #$06
000FF5r 1  91 rr        	sta     (sp),y
000FF7r 1  C8           	iny
000FF8r 1  8A           	txa
000FF9r 1  91 rr        	sta     (sp),y
000FFBr 1  A0 0D        	ldy     #$0D
000FFDr 1  B1 rr        	lda     (sp),y
000FFFr 1  AA           	tax
001000r 1  88           	dey
001001r 1  B1 rr        	lda     (sp),y
001003r 1  18           	clc
001004r 1  69 0D        	adc     #$0D
001006r 1  90 01        	bcc     L01A7
001008r 1  E8           	inx
001009r 1  A0 04        L01A7:	ldy     #$04
00100Br 1  91 rr        	sta     (sp),y
00100Dr 1  C8           	iny
00100Er 1  8A           	txa
00100Fr 1  91 rr        	sta     (sp),y
001011r 1  A0 0E        	ldy     #$0E
001013r 1  B1 rr        	lda     (sp),y
001015r 1  A0 0A        	ldy     #$0A
001017r 1  18           	clc
001018r 1  71 rr        	adc     (sp),y
00101Ar 1  48           	pha
00101Br 1  A0 0F        	ldy     #$0F
00101Dr 1  B1 rr        	lda     (sp),y
00101Fr 1  A0 0B        	ldy     #$0B
001021r 1  71 rr        	adc     (sp),y
001023r 1  AA           	tax
001024r 1  68           	pla
001025r 1  38           	sec
001026r 1  E9 03        	sbc     #$03
001028r 1  B0 01        	bcs     L01A9
00102Ar 1  CA           	dex
00102Br 1  A0 02        L01A9:	ldy     #$02
00102Dr 1  91 rr        	sta     (sp),y
00102Fr 1  C8           	iny
001030r 1  8A           	txa
001031r 1  91 rr        	sta     (sp),y
001033r 1  A0 0D        	ldy     #$0D
001035r 1  B1 rr        	lda     (sp),y
001037r 1  AA           	tax
001038r 1  88           	dey
001039r 1  B1 rr        	lda     (sp),y
00103Br 1  18           	clc
00103Cr 1  69 0D        	adc     #$0D
00103Er 1  90 01        	bcc     L01AB
001040r 1  E8           	inx
001041r 1  A0 00        L01AB:	ldy     #$00
001043r 1  91 rr        	sta     (sp),y
001045r 1  C8           	iny
001046r 1  8A           	txa
001047r 1  91 rr        	sta     (sp),y
001049r 1  A9 00        	lda     #$00
00104Br 1  20 rr rr     	jsr     _udeks_vic_bitmap_line
00104Er 1  A5 rr        	lda     regbank+4
001050r 1  A6 rr        	ldx     regbank+4+1
001052r 1  20 rr rr     	jsr     _draw_title
001055r 1  A0 03        	ldy     #$03
001057r 1  B1 rr        	lda     (regbank+4),y
001059r 1  29 04        	and     #$04
00105Br 1  D0 03 4C rr  	jeq     L0663
00105Fr 1  rr           
001060r 1  A0 06        	ldy     #$06
001062r 1  B1 rr        	lda     (sp),y
001064r 1  A0 02        	ldy     #$02
001066r 1  18           	clc
001067r 1  71 rr        	adc     (sp),y
001069r 1  48           	pha
00106Ar 1  A0 07        	ldy     #$07
00106Cr 1  B1 rr        	lda     (sp),y
00106Er 1  A0 03        	ldy     #$03
001070r 1  71 rr        	adc     (sp),y
001072r 1  AA           	tax
001073r 1  68           	pla
001074r 1  38           	sec
001075r 1  E9 0C        	sbc     #$0C
001077r 1  B0 01        	bcs     L01B6
001079r 1  CA           	dex
00107Ar 1  A0 0C        L01B6:	ldy     #$0C
00107Cr 1  20 rr rr     	jsr     staxysp
00107Fr 1  20 rr rr     	jsr     decsp8
001082r 1  A0 15        	ldy     #$15
001084r 1  B1 rr        	lda     (sp),y
001086r 1  AA           	tax
001087r 1  88           	dey
001088r 1  B1 rr        	lda     (sp),y
00108Ar 1  A0 06        	ldy     #$06
00108Cr 1  91 rr        	sta     (sp),y
00108Er 1  C8           	iny
00108Fr 1  8A           	txa
001090r 1  91 rr        	sta     (sp),y
001092r 1  A0 0D        	ldy     #$0D
001094r 1  B1 rr        	lda     (sp),y
001096r 1  AA           	tax
001097r 1  88           	dey
001098r 1  B1 rr        	lda     (sp),y
00109Ar 1  18           	clc
00109Br 1  69 03        	adc     #$03
00109Dr 1  90 01        	bcc     L01BA
00109Fr 1  E8           	inx
0010A0r 1  A0 04        L01BA:	ldy     #$04
0010A2r 1  91 rr        	sta     (sp),y
0010A4r 1  C8           	iny
0010A5r 1  8A           	txa
0010A6r 1  91 rr        	sta     (sp),y
0010A8r 1  A9 08        	lda     #$08
0010AAr 1  A0 02        	ldy     #$02
0010ACr 1  91 rr        	sta     (sp),y
0010AEr 1  C8           	iny
0010AFr 1  A9 00        	lda     #$00
0010B1r 1  91 rr        	sta     (sp),y
0010B3r 1  A9 08        	lda     #$08
0010B5r 1  A0 00        	ldy     #$00
0010B7r 1  91 rr        	sta     (sp),y
0010B9r 1  C8           	iny
0010BAr 1  A9 00        	lda     #$00
0010BCr 1  91 rr        	sta     (sp),y
0010BEr 1  20 rr rr     	jsr     _udeks_vic_bitmap_rectangle
0010C1r 1  20 rr rr     	jsr     decsp8
0010C4r 1  A0 15        	ldy     #$15
0010C6r 1  B1 rr        	lda     (sp),y
0010C8r 1  AA           	tax
0010C9r 1  88           	dey
0010CAr 1  B1 rr        	lda     (sp),y
0010CCr 1  18           	clc
0010CDr 1  69 02        	adc     #$02
0010CFr 1  90 01        	bcc     L01C0
0010D1r 1  E8           	inx
0010D2r 1  A0 06        L01C0:	ldy     #$06
0010D4r 1  91 rr        	sta     (sp),y
0010D6r 1  C8           	iny
0010D7r 1  8A           	txa
0010D8r 1  91 rr        	sta     (sp),y
0010DAr 1  A0 0D        	ldy     #$0D
0010DCr 1  B1 rr        	lda     (sp),y
0010DEr 1  AA           	tax
0010DFr 1  88           	dey
0010E0r 1  B1 rr        	lda     (sp),y
0010E2r 1  18           	clc
0010E3r 1  69 05        	adc     #$05
0010E5r 1  90 01        	bcc     L01C2
0010E7r 1  E8           	inx
0010E8r 1  A0 04        L01C2:	ldy     #$04
0010EAr 1  91 rr        	sta     (sp),y
0010ECr 1  C8           	iny
0010EDr 1  8A           	txa
0010EEr 1  91 rr        	sta     (sp),y
0010F0r 1  A0 15        	ldy     #$15
0010F2r 1  B1 rr        	lda     (sp),y
0010F4r 1  AA           	tax
0010F5r 1  88           	dey
0010F6r 1  B1 rr        	lda     (sp),y
0010F8r 1  18           	clc
0010F9r 1  69 05        	adc     #$05
0010FBr 1  90 01        	bcc     L01C4
0010FDr 1  E8           	inx
0010FEr 1  A0 02        L01C4:	ldy     #$02
001100r 1  91 rr        	sta     (sp),y
001102r 1  C8           	iny
001103r 1  8A           	txa
001104r 1  91 rr        	sta     (sp),y
001106r 1  A0 0D        	ldy     #$0D
001108r 1  B1 rr        	lda     (sp),y
00110Ar 1  AA           	tax
00110Br 1  88           	dey
00110Cr 1  B1 rr        	lda     (sp),y
00110Er 1  18           	clc
00110Fr 1  69 08        	adc     #$08
001111r 1  90 01        	bcc     L01C6
001113r 1  E8           	inx
001114r 1  A0 00        L01C6:	ldy     #$00
001116r 1  91 rr        	sta     (sp),y
001118r 1  C8           	iny
001119r 1  8A           	txa
00111Ar 1  91 rr        	sta     (sp),y
00111Cr 1  A9 00        	lda     #$00
00111Er 1  20 rr rr     	jsr     _udeks_vic_bitmap_line
001121r 1  20 rr rr     	jsr     decsp8
001124r 1  A0 15        	ldy     #$15
001126r 1  B1 rr        	lda     (sp),y
001128r 1  AA           	tax
001129r 1  88           	dey
00112Ar 1  B1 rr        	lda     (sp),y
00112Cr 1  18           	clc
00112Dr 1  69 05        	adc     #$05
00112Fr 1  90 01        	bcc     L01CA
001131r 1  E8           	inx
001132r 1  A0 06        L01CA:	ldy     #$06
001134r 1  91 rr        	sta     (sp),y
001136r 1  C8           	iny
001137r 1  8A           	txa
001138r 1  91 rr        	sta     (sp),y
00113Ar 1  A0 0D        	ldy     #$0D
00113Cr 1  B1 rr        	lda     (sp),y
00113Er 1  AA           	tax
00113Fr 1  88           	dey
001140r 1  B1 rr        	lda     (sp),y
001142r 1  18           	clc
001143r 1  69 05        	adc     #$05
001145r 1  90 01        	bcc     L01CC
001147r 1  E8           	inx
001148r 1  A0 04        L01CC:	ldy     #$04
00114Ar 1  91 rr        	sta     (sp),y
00114Cr 1  C8           	iny
00114Dr 1  8A           	txa
00114Er 1  91 rr        	sta     (sp),y
001150r 1  A0 15        	ldy     #$15
001152r 1  B1 rr        	lda     (sp),y
001154r 1  AA           	tax
001155r 1  88           	dey
001156r 1  B1 rr        	lda     (sp),y
001158r 1  18           	clc
001159r 1  69 02        	adc     #$02
00115Br 1  90 01        	bcc     L01CE
00115Dr 1  E8           	inx
00115Er 1  A0 02        L01CE:	ldy     #$02
001160r 1  91 rr        	sta     (sp),y
001162r 1  C8           	iny
001163r 1  8A           	txa
001164r 1  91 rr        	sta     (sp),y
001166r 1  A0 0D        	ldy     #$0D
001168r 1  B1 rr        	lda     (sp),y
00116Ar 1  AA           	tax
00116Br 1  88           	dey
00116Cr 1  B1 rr        	lda     (sp),y
00116Er 1  18           	clc
00116Fr 1  69 08        	adc     #$08
001171r 1  90 01        	bcc     L01D0
001173r 1  E8           	inx
001174r 1  A0 00        L01D0:	ldy     #$00
001176r 1  91 rr        	sta     (sp),y
001178r 1  C8           	iny
001179r 1  8A           	txa
00117Ar 1  91 rr        	sta     (sp),y
00117Cr 1  A9 00        	lda     #$00
00117Er 1  20 rr rr     	jsr     _udeks_vic_bitmap_line
001181r 1  A0 03        	ldy     #$03
001183r 1  B1 rr        L0663:	lda     (regbank+4),y
001185r 1  29 08        	and     #$08
001187r 1  D0 03 4C rr  	jeq     L018E
00118Br 1  rr           
00118Cr 1  A0 06        	ldy     #$06
00118Er 1  B1 rr        	lda     (sp),y
001190r 1  A0 02        	ldy     #$02
001192r 1  18           	clc
001193r 1  71 rr        	adc     (sp),y
001195r 1  48           	pha
001196r 1  A0 07        	ldy     #$07
001198r 1  B1 rr        	lda     (sp),y
00119Ar 1  A0 03        	ldy     #$03
00119Cr 1  71 rr        	adc     (sp),y
00119Er 1  AA           	tax
00119Fr 1  68           	pla
0011A0r 1  38           	sec
0011A1r 1  E9 05        	sbc     #$05
0011A3r 1  B0 01        	bcs     L01D8
0011A5r 1  CA           	dex
0011A6r 1  A0 0A        L01D8:	ldy     #$0A
0011A8r 1  20 rr rr     	jsr     staxysp
0011ABr 1  A0 04        	ldy     #$04
0011ADr 1  B1 rr        	lda     (sp),y
0011AFr 1  A0 00        	ldy     #$00
0011B1r 1  18           	clc
0011B2r 1  71 rr        	adc     (sp),y
0011B4r 1  48           	pha
0011B5r 1  A0 05        	ldy     #$05
0011B7r 1  B1 rr        	lda     (sp),y
0011B9r 1  A0 01        	ldy     #$01
0011BBr 1  71 rr        	adc     (sp),y
0011BDr 1  AA           	tax
0011BEr 1  68           	pla
0011BFr 1  38           	sec
0011C0r 1  E9 05        	sbc     #$05
0011C2r 1  B0 01        	bcs     L01DB
0011C4r 1  CA           	dex
0011C5r 1  A0 08        L01DB:	ldy     #$08
0011C7r 1  20 rr rr     	jsr     staxysp
0011CAr 1  20 rr rr     	jsr     decsp8
0011CDr 1  A0 13        	ldy     #$13
0011CFr 1  B1 rr        	lda     (sp),y
0011D1r 1  AA           	tax
0011D2r 1  88           	dey
0011D3r 1  B1 rr        	lda     (sp),y
0011D5r 1  38           	sec
0011D6r 1  E9 06        	sbc     #$06
0011D8r 1  B0 01        	bcs     L01DE
0011DAr 1  CA           	dex
0011DBr 1  A0 06        L01DE:	ldy     #$06
0011DDr 1  91 rr        	sta     (sp),y
0011DFr 1  C8           	iny
0011E0r 1  8A           	txa
0011E1r 1  91 rr        	sta     (sp),y
0011E3r 1  A0 11        	ldy     #$11
0011E5r 1  B1 rr        	lda     (sp),y
0011E7r 1  AA           	tax
0011E8r 1  88           	dey
0011E9r 1  B1 rr        	lda     (sp),y
0011EBr 1  A0 04        	ldy     #$04
0011EDr 1  91 rr        	sta     (sp),y
0011EFr 1  C8           	iny
0011F0r 1  8A           	txa
0011F1r 1  91 rr        	sta     (sp),y
0011F3r 1  A0 13        	ldy     #$13
0011F5r 1  B1 rr        	lda     (sp),y
0011F7r 1  AA           	tax
0011F8r 1  88           	dey
0011F9r 1  B1 rr        	lda     (sp),y
0011FBr 1  A0 02        	ldy     #$02
0011FDr 1  91 rr        	sta     (sp),y
0011FFr 1  C8           	iny
001200r 1  8A           	txa
001201r 1  91 rr        	sta     (sp),y
001203r 1  A0 11        	ldy     #$11
001205r 1  B1 rr        	lda     (sp),y
001207r 1  AA           	tax
001208r 1  88           	dey
001209r 1  B1 rr        	lda     (sp),y
00120Br 1  38           	sec
00120Cr 1  E9 06        	sbc     #$06
00120Er 1  B0 01        	bcs     L01E2
001210r 1  CA           	dex
001211r 1  A0 00        L01E2:	ldy     #$00
001213r 1  91 rr        	sta     (sp),y
001215r 1  C8           	iny
001216r 1  8A           	txa
001217r 1  91 rr        	sta     (sp),y
001219r 1  A9 00        	lda     #$00
00121Br 1  20 rr rr     	jsr     _udeks_vic_bitmap_line
00121Er 1  20 rr rr     	jsr     decsp8
001221r 1  A0 13        	ldy     #$13
001223r 1  B1 rr        	lda     (sp),y
001225r 1  AA           	tax
001226r 1  88           	dey
001227r 1  B1 rr        	lda     (sp),y
001229r 1  38           	sec
00122Ar 1  E9 03        	sbc     #$03
00122Cr 1  B0 01        	bcs     L01E6
00122Er 1  CA           	dex
00122Fr 1  A0 06        L01E6:	ldy     #$06
001231r 1  91 rr        	sta     (sp),y
001233r 1  C8           	iny
001234r 1  8A           	txa
001235r 1  91 rr        	sta     (sp),y
001237r 1  A0 11        	ldy     #$11
001239r 1  B1 rr        	lda     (sp),y
00123Br 1  AA           	tax
00123Cr 1  88           	dey
00123Dr 1  B1 rr        	lda     (sp),y
00123Fr 1  A0 04        	ldy     #$04
001241r 1  91 rr        	sta     (sp),y
001243r 1  C8           	iny
001244r 1  8A           	txa
001245r 1  91 rr        	sta     (sp),y
001247r 1  A0 13        	ldy     #$13
001249r 1  B1 rr        	lda     (sp),y
00124Br 1  AA           	tax
00124Cr 1  88           	dey
00124Dr 1  B1 rr        	lda     (sp),y
00124Fr 1  A0 02        	ldy     #$02
001251r 1  91 rr        	sta     (sp),y
001253r 1  C8           	iny
001254r 1  8A           	txa
001255r 1  91 rr        	sta     (sp),y
001257r 1  A0 11        	ldy     #$11
001259r 1  B1 rr        	lda     (sp),y
00125Br 1  AA           	tax
00125Cr 1  88           	dey
00125Dr 1  B1 rr        	lda     (sp),y
00125Fr 1  38           	sec
001260r 1  E9 03        	sbc     #$03
001262r 1  B0 01        	bcs     L01EA
001264r 1  CA           	dex
001265r 1  A0 00        L01EA:	ldy     #$00
001267r 1  91 rr        	sta     (sp),y
001269r 1  C8           	iny
00126Ar 1  8A           	txa
00126Br 1  91 rr        	sta     (sp),y
00126Dr 1  A9 00        	lda     #$00
00126Fr 1  20 rr rr     	jsr     _udeks_vic_bitmap_line
001272r 1  A0 0E        L018E:	ldy     #$0E
001274r 1  B1 rr        	lda     (sp),y
001276r 1  85 rr        	sta     regbank+4
001278r 1  C8           	iny
001279r 1  B1 rr        	lda     (sp),y
00127Br 1  85 rr        	sta     regbank+5
00127Dr 1  C8           	iny
00127Er 1  4C rr rr     	jmp     addysp
001281r 1               
001281r 1               .endproc
001281r 1               
001281r 1               ; ---------------------------------------------------------------
001281r 1               ; unsigned char __near__ cache_request (unsigned char, unsigned char)
001281r 1               ; ---------------------------------------------------------------
001281r 1               
001281r 1               .segment	"CODE"
001281r 1               
001281r 1               .proc	_cache_request: near
001281r 1               
001281r 1               .segment	"CODE"
001281r 1               
001281r 1  20 rr rr     	jsr     pusha
001284r 1  A5 rr        	lda     regbank+4
001286r 1  A6 rr        	ldx     regbank+5
001288r 1  20 rr rr     	jsr     pushax
00128Br 1  A0 03        	ldy     #$03
00128Dr 1  B1 rr        	lda     (sp),y
00128Fr 1  20 rr rr     	jsr     _window_by_handle
001292r 1  85 rr        	sta     regbank+4
001294r 1  86 rr        	stx     regbank+4+1
001296r 1  A0 03        	ldy     #$03
001298r 1  B1 rr        	lda     (sp),y
00129Ar 1  8D 92 F7     	sta     $F792
00129Dr 1  A0 05        	ldy     #$05
00129Fr 1  B1 rr        	lda     (regbank+4),y
0012A1r 1  8D A2 F7     	sta     $F7A1+1
0012A4r 1  88           	dey
0012A5r 1  B1 rr        	lda     (regbank+4),y
0012A7r 1  8D A1 F7     	sta     $F7A1
0012AAr 1  A0 08        	ldy     #$08
0012ACr 1  B1 rr        	lda     (regbank+4),y
0012AEr 1  8D A4 F7     	sta     $F7A3+1
0012B1r 1  88           	dey
0012B2r 1  B1 rr        	lda     (regbank+4),y
0012B4r 1  8D A3 F7     	sta     $F7A3
0012B7r 1  88           	dey
0012B8r 1  B1 rr        	lda     (regbank+4),y
0012BAr 1  8D A5 F7     	sta     $F7A5
0012BDr 1  A0 09        	ldy     #$09
0012BFr 1  B1 rr        	lda     (regbank+4),y
0012C1r 1  8D A6 F7     	sta     $F7A6
0012C4r 1  A9 01        	lda     #$01
0012C6r 1  8D 95 F7     	sta     $F795
0012C9r 1  A0 02        	ldy     #$02
0012CBr 1  B1 rr        	lda     (sp),y
0012CDr 1  20 rr rr     	jsr     _cache_command
0012D0r 1  48           	pha
0012D1r 1  A0 00        	ldy     #$00
0012D3r 1  B1 rr        	lda     (sp),y
0012D5r 1  85 rr        	sta     regbank+4
0012D7r 1  C8           	iny
0012D8r 1  B1 rr        	lda     (sp),y
0012DAr 1  85 rr        	sta     regbank+5
0012DCr 1  68           	pla
0012DDr 1  4C rr rr     	jmp     incsp4
0012E0r 1               
0012E0r 1               .endproc
0012E0r 1               
0012E0r 1               ; ---------------------------------------------------------------
0012E0r 1               ; void __near__ cache_invalidate (void)
0012E0r 1               ; ---------------------------------------------------------------
0012E0r 1               
0012E0r 1               .segment	"CODE"
0012E0r 1               
0012E0r 1               .proc	_cache_invalidate: near
0012E0r 1               
0012E0r 1               .segment	"CODE"
0012E0r 1               
0012E0r 1  A9 01        	lda     #$01
0012E2r 1  4C rr rr     	jmp     _cache_command
0012E5r 1               
0012E5r 1               .endproc
0012E5r 1               
0012E5r 1               ; ---------------------------------------------------------------
0012E5r 1               ; unsigned char __near__ paint_window_damage (unsigned char)
0012E5r 1               ; ---------------------------------------------------------------
0012E5r 1               
0012E5r 1               .segment	"CODE"
0012E5r 1               
0012E5r 1               .proc	_paint_window_damage: near
0012E5r 1               
0012E5r 1               .segment	"CODE"
0012E5r 1               
0012E5r 1  20 rr rr     	jsr     pusha
0012E8r 1  A5 rr        	lda     regbank+4
0012EAr 1  A6 rr        	ldx     regbank+5
0012ECr 1  20 rr rr     	jsr     pushax
0012EFr 1  A0 02        	ldy     #$02
0012F1r 1  B1 rr        	lda     (sp),y
0012F3r 1  20 rr rr     	jsr     _window_by_handle
0012F6r 1  85 rr        	sta     regbank+4
0012F8r 1  86 rr        	stx     regbank+4+1
0012FAr 1  E0 00        	cpx     #$00
0012FCr 1  D0 07        	bne     L0667
0012FEr 1  C9 00        	cmp     #$00
001300r 1  D0 03 4C rr  	jeq     L023A
001304r 1  rr           
001305r 1  A0 03        L0667:	ldy     #$03
001307r 1  B1 rr        	lda     (regbank+4),y
001309r 1  29 01        	and     #$01
00130Br 1  D0 04        	bne     L023E
00130Dr 1  AA           	tax
00130Er 1  4C rr rr     	jmp     L023A
001311r 1  20 rr rr     L023E:	jsr     decsp5
001314r 1  A0 05        	ldy     #$05
001316r 1  B1 rr        	lda     (regbank+4),y
001318r 1  AA           	tax
001319r 1  88           	dey
00131Ar 1  B1 rr        	lda     (regbank+4),y
00131Cr 1  88           	dey
00131Dr 1  91 rr        	sta     (sp),y
00131Fr 1  C8           	iny
001320r 1  8A           	txa
001321r 1  91 rr        	sta     (sp),y
001323r 1  A0 06        	ldy     #$06
001325r 1  B1 rr        	lda     (regbank+4),y
001327r 1  A0 02        	ldy     #$02
001329r 1  91 rr        	sta     (sp),y
00132Br 1  A0 08        	ldy     #$08
00132Dr 1  B1 rr        	lda     (regbank+4),y
00132Fr 1  AA           	tax
001330r 1  88           	dey
001331r 1  B1 rr        	lda     (regbank+4),y
001333r 1  A0 00        	ldy     #$00
001335r 1  91 rr        	sta     (sp),y
001337r 1  C8           	iny
001338r 1  8A           	txa
001339r 1  91 rr        	sta     (sp),y
00133Br 1  A0 09        	ldy     #$09
00133Dr 1  B1 rr        	lda     (regbank+4),y
00133Fr 1  20 rr rr     	jsr     _set_damage_intersection
001342r 1  C9 00        	cmp     #$00
001344r 1  D0 04        	bne     L0245
001346r 1  AA           	tax
001347r 1  4C rr rr     	jmp     L023A
00134Ar 1  A0 03        L0245:	ldy     #$03
00134Cr 1  B1 rr        	lda     (regbank+4),y
00134Er 1  29 7F        	and     #$7F
001350r 1  91 rr        	sta     (regbank+4),y
001352r 1  20 rr rr     	jsr     decsp8
001355r 1  A0 05        	ldy     #$05
001357r 1  B1 rr        	lda     (regbank+4),y
001359r 1  AA           	tax
00135Ar 1  88           	dey
00135Br 1  B1 rr        	lda     (regbank+4),y
00135Dr 1  A0 06        	ldy     #$06
00135Fr 1  91 rr        	sta     (sp),y
001361r 1  C8           	iny
001362r 1  8A           	txa
001363r 1  91 rr        	sta     (sp),y
001365r 1  88           	dey
001366r 1  B1 rr        	lda     (regbank+4),y
001368r 1  A0 04        	ldy     #$04
00136Ar 1  91 rr        	sta     (sp),y
00136Cr 1  C8           	iny
00136Dr 1  A9 00        	lda     #$00
00136Fr 1  91 rr        	sta     (sp),y
001371r 1  A0 08        	ldy     #$08
001373r 1  B1 rr        	lda     (regbank+4),y
001375r 1  AA           	tax
001376r 1  88           	dey
001377r 1  B1 rr        	lda     (regbank+4),y
001379r 1  A0 02        	ldy     #$02
00137Br 1  91 rr        	sta     (sp),y
00137Dr 1  C8           	iny
00137Er 1  8A           	txa
00137Fr 1  91 rr        	sta     (sp),y
001381r 1  A0 09        	ldy     #$09
001383r 1  B1 rr        	lda     (regbank+4),y
001385r 1  A0 00        	ldy     #$00
001387r 1  91 rr        	sta     (sp),y
001389r 1  C8           	iny
00138Ar 1  A9 00        	lda     #$00
00138Cr 1  91 rr        	sta     (sp),y
00138Er 1  A9 07        	lda     #$07
001390r 1  20 rr rr     	jsr     _udeks_vic_bitmap_fill
001393r 1  A5 rr        	lda     regbank+4
001395r 1  A6 rr        	ldx     regbank+4+1
001397r 1  20 rr rr     	jsr     _draw_chrome
00139Ar 1  A0 0E        	ldy     #$0E
00139Cr 1  B1 rr        	lda     (regbank+4),y
00139Er 1  AA           	tax
00139Fr 1  88           	dey
0013A0r 1  B1 rr        	lda     (regbank+4),y
0013A2r 1  E0 00        	cpx     #$00
0013A4r 1  D0 04        	bne     L0668
0013A6r 1  C9 00        	cmp     #$00
0013A8r 1  F0 75        	beq     L0256
0013AAr 1  20 rr rr     L0668:	jsr     decsp5
0013ADr 1  A0 05        	ldy     #$05
0013AFr 1  B1 rr        	lda     (regbank+4),y
0013B1r 1  AA           	tax
0013B2r 1  88           	dey
0013B3r 1  B1 rr        	lda     (regbank+4),y
0013B5r 1  18           	clc
0013B6r 1  69 03        	adc     #$03
0013B8r 1  90 01        	bcc     L025B
0013BAr 1  E8           	inx
0013BBr 1  88           L025B:	dey
0013BCr 1  91 rr        	sta     (sp),y
0013BEr 1  C8           	iny
0013BFr 1  8A           	txa
0013C0r 1  91 rr        	sta     (sp),y
0013C2r 1  A0 06        	ldy     #$06
0013C4r 1  B1 rr        	lda     (regbank+4),y
0013C6r 1  18           	clc
0013C7r 1  69 0D        	adc     #$0D
0013C9r 1  90 01        	bcc     L0664
0013CBr 1  18           	clc
0013CCr 1  69 01        L0664:	adc     #$01
0013CEr 1  A0 02        	ldy     #$02
0013D0r 1  91 rr        	sta     (sp),y
0013D2r 1  A0 08        	ldy     #$08
0013D4r 1  B1 rr        	lda     (regbank+4),y
0013D6r 1  AA           	tax
0013D7r 1  88           	dey
0013D8r 1  B1 rr        	lda     (regbank+4),y
0013DAr 1  38           	sec
0013DBr 1  E9 06        	sbc     #$06
0013DDr 1  B0 01        	bcs     L0261
0013DFr 1  CA           	dex
0013E0r 1  A0 00        L0261:	ldy     #$00
0013E2r 1  91 rr        	sta     (sp),y
0013E4r 1  C8           	iny
0013E5r 1  8A           	txa
0013E6r 1  91 rr        	sta     (sp),y
0013E8r 1  A0 09        	ldy     #$09
0013EAr 1  B1 rr        	lda     (regbank+4),y
0013ECr 1  38           	sec
0013EDr 1  E9 0D        	sbc     #$0D
0013EFr 1  B0 01        	bcs     L0665
0013F1r 1  38           	sec
0013F2r 1  E9 04        L0665:	sbc     #$04
0013F4r 1  20 rr rr     	jsr     _set_damage_intersection
0013F7r 1  C9 00        	cmp     #$00
0013F9r 1  F0 24        	beq     L0256
0013FBr 1  A0 0E        	ldy     #$0E
0013FDr 1  B1 rr        	lda     (regbank+4),y
0013FFr 1  AA           	tax
001400r 1  88           	dey
001401r 1  B1 rr        	lda     (regbank+4),y
001403r 1  20 rr rr     	jsr     pushax
001406r 1  A0 04        	ldy     #$04
001408r 1  B1 rr        	lda     (sp),y
00140Ar 1  48           	pha
00140Br 1  A0 00        	ldy     #$00
00140Dr 1  B1 rr        	lda     (sp),y
00140Fr 1  8D rr rr     	sta     jmpvec+1
001412r 1  C8           	iny
001413r 1  B1 rr        	lda     (sp),y
001415r 1  8D rr rr     	sta     jmpvec+2
001418r 1  68           	pla
001419r 1  20 rr rr     	jsr     jmpvec
00141Cr 1  20 rr rr     	jsr     incsp2
00141Fr 1  A9 14        L0256:	lda     #$14
001421r 1  20 rr rr     	jsr     _increment_counter
001424r 1  A2 00        	ldx     #$00
001426r 1  A9 01        	lda     #$01
001428r 1  48           L023A:	pha
001429r 1  A1 rr        	lda     (sp,x)
00142Br 1  85 rr        	sta     regbank+4
00142Dr 1  A0 01        	ldy     #$01
00142Fr 1  B1 rr        	lda     (sp),y
001431r 1  85 rr        	sta     regbank+5
001433r 1  68           	pla
001434r 1  4C rr rr     	jmp     incsp3
001437r 1               
001437r 1               .endproc
001437r 1               
001437r 1               ; ---------------------------------------------------------------
001437r 1               ; void __near__ compose_damage (unsigned char)
001437r 1               ; ---------------------------------------------------------------
001437r 1               
001437r 1               .segment	"CODE"
001437r 1               
001437r 1               .proc	_compose_damage: near
001437r 1               
001437r 1               .segment	"CODE"
001437r 1               
001437r 1  20 rr rr     	jsr     pusha
00143Ar 1  20 rr rr     	jsr     decsp2
00143Dr 1  AD rr rr     	lda     _drag_mode
001440r 1  29 80        	and     #$80
001442r 1  F0 0D        	beq     L0677
001444r 1  A0 02        	ldy     #$02
001446r 1  B1 rr        	lda     (sp),y
001448r 1  CD rr rr     	cmp     _cache_owner
00144Br 1  F0 2C        	beq     L026D
00144Dr 1  C9 FF        	cmp     #$FF
00144Fr 1  F0 28        	beq     L026D
001451r 1  AD rr rr     L0677:	lda     _cache_phase
001454r 1  C9 03        	cmp     #$03
001456r 1  D0 1E        	bne     L0275
001458r 1  AD rr rr     	lda     _cache_owner
00145Br 1  20 rr rr     	jsr     _window_by_handle
00145Er 1  20 rr rr     	jsr     pushax
001461r 1  A0 00        	ldy     #$00
001463r 1  B1 rr        	lda     (sp),y
001465r 1  C8           	iny
001466r 1  11 rr        	ora     (sp),y
001468r 1  F0 09        	beq     L0279
00146Ar 1  B1 rr        	lda     (sp),y
00146Cr 1  AA           	tax
00146Dr 1  88           	dey
00146Er 1  B1 rr        	lda     (sp),y
001470r 1  20 rr rr     	jsr     _damage_add
001473r 1  20 rr rr     L0279:	jsr     incsp2
001476r 1  20 rr rr     L0275:	jsr     _cache_invalidate
001479r 1  A9 02        L026D:	lda     #$02
00147Br 1  20 rr rr     	jsr     _udeks_vic_pointer_busy_begin
00147Er 1  20 rr rr     	jsr     decsp6
001481r 1  AD rr rr     	lda     _damage_left
001484r 1  A0 04        	ldy     #$04
001486r 1  91 rr        	sta     (sp),y
001488r 1  C8           	iny
001489r 1  AD rr rr     	lda     _damage_left+1
00148Cr 1  91 rr        	sta     (sp),y
00148Er 1  AD rr rr     	lda     _damage_top
001491r 1  A0 02        	ldy     #$02
001493r 1  91 rr        	sta     (sp),y
001495r 1  C8           	iny
001496r 1  A9 00        	lda     #$00
001498r 1  91 rr        	sta     (sp),y
00149Ar 1  AD rr rr     	lda     _damage_right
00149Dr 1  38           	sec
00149Er 1  ED rr rr     	sbc     _damage_left
0014A1r 1  48           	pha
0014A2r 1  AD rr rr     	lda     _damage_right+1
0014A5r 1  ED rr rr     	sbc     _damage_left+1
0014A8r 1  AA           	tax
0014A9r 1  68           	pla
0014AAr 1  A0 00        	ldy     #$00
0014ACr 1  91 rr        	sta     (sp),y
0014AEr 1  C8           	iny
0014AFr 1  8A           	txa
0014B0r 1  91 rr        	sta     (sp),y
0014B2r 1  A2 00        	ldx     #$00
0014B4r 1  AD rr rr     	lda     _damage_bottom
0014B7r 1  38           	sec
0014B8r 1  ED rr rr     	sbc     _damage_top
0014BBr 1  20 rr rr     	jsr     _udeks_vic_bitmap_set_clip
0014BEr 1  20 rr rr     	jsr     decsp8
0014C1r 1  AD rr rr     	lda     _damage_left
0014C4r 1  A0 06        	ldy     #$06
0014C6r 1  91 rr        	sta     (sp),y
0014C8r 1  C8           	iny
0014C9r 1  AD rr rr     	lda     _damage_left+1
0014CCr 1  91 rr        	sta     (sp),y
0014CEr 1  AD rr rr     	lda     _damage_top
0014D1r 1  A0 04        	ldy     #$04
0014D3r 1  91 rr        	sta     (sp),y
0014D5r 1  C8           	iny
0014D6r 1  A9 00        	lda     #$00
0014D8r 1  91 rr        	sta     (sp),y
0014DAr 1  AD rr rr     	lda     _damage_right
0014DDr 1  38           	sec
0014DEr 1  ED rr rr     	sbc     _damage_left
0014E1r 1  48           	pha
0014E2r 1  AD rr rr     	lda     _damage_right+1
0014E5r 1  ED rr rr     	sbc     _damage_left+1
0014E8r 1  AA           	tax
0014E9r 1  68           	pla
0014EAr 1  A0 02        	ldy     #$02
0014ECr 1  91 rr        	sta     (sp),y
0014EEr 1  C8           	iny
0014EFr 1  8A           	txa
0014F0r 1  91 rr        	sta     (sp),y
0014F2r 1  AD rr rr     	lda     _damage_bottom
0014F5r 1  38           	sec
0014F6r 1  ED rr rr     	sbc     _damage_top
0014F9r 1  A0 00        	ldy     #$00
0014FBr 1  91 rr        	sta     (sp),y
0014FDr 1  C8           	iny
0014FEr 1  A9 00        	lda     #$00
001500r 1  91 rr        	sta     (sp),y
001502r 1  A9 07        	lda     #$07
001504r 1  20 rr rr     	jsr     _udeks_vic_bitmap_fill
001507r 1  A9 01        	lda     #$01
001509r 1  A8           	tay
00150Ar 1  91 rr        L0670:	sta     (sp),y
00150Cr 1  C8           	iny
00150Dr 1  B1 rr        	lda     (sp),y
00150Fr 1  C9 FF        	cmp     #$FF
001511r 1  F0 78        	beq     L028F
001513r 1  88           	dey
001514r 1  B1 rr        	lda     (sp),y
001516r 1  38           	sec
001517r 1  ED rr rr     	sbc     _active_count
00151Ar 1  90 02        	bcc     L067A
00151Cr 1  D0 6D        	bne     L028F
00151Er 1  A9 00        L067A:	lda     #$00
001520r 1  88           	dey
001521r 1  91 rr        L066F:	sta     (sp),y
001523r 1  C9 04        	cmp     #$04
001525r 1  B0 5B        	bcs     L0290
001527r 1  B1 rr        	lda     (sp),y
001529r 1  20 rr rr     	jsr     pusha0
00152Cr 1  A9 11        	lda     #$11
00152Er 1  20 rr rr     	jsr     tosmula0
001531r 1  85 rr        	sta     ptr1
001533r 1  8A           	txa
001534r 1  18           	clc
001535r 1  69 rr        	adc     #>(_windows)
001537r 1  85 rr        	sta     ptr1+1
001539r 1  A0 rr        	ldy     #<(_windows)
00153Br 1  B1 rr        	lda     (ptr1),y
00153Dr 1  F0 39        	beq     L029A
00153Fr 1  A2 00        	ldx     #$00
001541r 1  A1 rr        	lda     (sp,x)
001543r 1  20 rr rr     	jsr     pusha0
001546r 1  A9 11        	lda     #$11
001548r 1  20 rr rr     	jsr     tosmula0
00154Br 1  18           	clc
00154Cr 1  69 rr        	adc     #<(_windows)
00154Er 1  85 rr        	sta     ptr1
001550r 1  8A           	txa
001551r 1  69 rr        	adc     #>(_windows)
001553r 1  85 rr        	sta     ptr1+1
001555r 1  A0 0A        	ldy     #$0A
001557r 1  B1 rr        	lda     (ptr1),y
001559r 1  A0 01        	ldy     #$01
00155Br 1  D1 rr        	cmp     (sp),y
00155Dr 1  D0 19        	bne     L029A
00155Fr 1  88           	dey
001560r 1  B1 rr        	lda     (sp),y
001562r 1  18           	clc
001563r 1  69 01        	adc     #$01
001565r 1  A0 02        	ldy     #$02
001567r 1  D1 rr        	cmp     (sp),y
001569r 1  F0 17        	beq     L0290
00156Br 1  A0 00        	ldy     #$00
00156Dr 1  B1 rr        	lda     (sp),y
00156Fr 1  18           	clc
001570r 1  69 01        	adc     #$01
001572r 1  20 rr rr     	jsr     _paint_window_damage
001575r 1  4C rr rr     	jmp     L0290
001578r 1  A0 00        L029A:	ldy     #$00
00157Ar 1  18           	clc
00157Br 1  A9 01        	lda     #$01
00157Dr 1  71 rr        	adc     (sp),y
00157Fr 1  4C rr rr     	jmp     L066F
001582r 1  A0 01        L0290:	ldy     #$01
001584r 1  18           	clc
001585r 1  98           	tya
001586r 1  71 rr        	adc     (sp),y
001588r 1  4C rr rr     	jmp     L0670
00158Br 1  20 rr rr     L028F:	jsr     _udeks_vic_bitmap_reset_clip
00158Er 1  20 rr rr     	jsr     _udeks_vic_bitmap_commit
001591r 1  A9 02        	lda     #$02
001593r 1  20 rr rr     	jsr     _udeks_vic_pointer_busy_end
001596r 1  A9 1E        	lda     #$1E
001598r 1  20 rr rr     	jsr     _increment_counter
00159Br 1  4C rr rr     	jmp     incsp3
00159Er 1               
00159Er 1               .endproc
00159Er 1               
00159Er 1               ; ---------------------------------------------------------------
00159Er 1               ; void __near__ cache_paint_image (unsigned char)
00159Er 1               ; ---------------------------------------------------------------
00159Er 1               
00159Er 1               .segment	"CODE"
00159Er 1               
00159Er 1               .proc	_cache_paint_image: near
00159Er 1               
00159Er 1               .segment	"CODE"
00159Er 1               
00159Er 1  20 rr rr     	jsr     pusha
0015A1r 1  A5 rr        	lda     regbank+4
0015A3r 1  A6 rr        	ldx     regbank+5
0015A5r 1  20 rr rr     	jsr     pushax
0015A8r 1  A0 02        	ldy     #$02
0015AAr 1  B1 rr        	lda     (sp),y
0015ACr 1  20 rr rr     	jsr     _window_by_handle
0015AFr 1  85 rr        	sta     regbank+4
0015B1r 1  86 rr        	stx     regbank+4+1
0015B3r 1  20 rr rr     	jsr     decsp1
0015B6r 1  AD rr rr     	lda     _cache_phase
0015B9r 1  09 80        	ora     #$80
0015BBr 1  8D rr rr     	sta     _cache_phase
0015BEr 1  AD rr rr     	lda     _drag_mode
0015C1r 1  09 80        	ora     #$80
0015C3r 1  8D rr rr     	sta     _drag_mode
0015C6r 1  A0 03        	ldy     #$03
0015C8r 1  B1 rr        	lda     (sp),y
0015CAr 1  20 rr rr     	jsr     _compose_damage
0015CDr 1  A9 00        	lda     #$00
0015CFr 1  8D rr rr     	sta     _drag_mode
0015D2r 1  20 rr rr     	jsr     decsp5
0015D5r 1  A0 05        	ldy     #$05
0015D7r 1  B1 rr        	lda     (regbank+4),y
0015D9r 1  AA           	tax
0015DAr 1  88           	dey
0015DBr 1  B1 rr        	lda     (regbank+4),y
0015DDr 1  88           	dey
0015DEr 1  91 rr        	sta     (sp),y
0015E0r 1  C8           	iny
0015E1r 1  8A           	txa
0015E2r 1  91 rr        	sta     (sp),y
0015E4r 1  A0 06        	ldy     #$06
0015E6r 1  B1 rr        	lda     (regbank+4),y
0015E8r 1  A0 02        	ldy     #$02
0015EAr 1  91 rr        	sta     (sp),y
0015ECr 1  A0 08        	ldy     #$08
0015EEr 1  B1 rr        	lda     (regbank+4),y
0015F0r 1  AA           	tax
0015F1r 1  88           	dey
0015F2r 1  B1 rr        	lda     (regbank+4),y
0015F4r 1  A0 00        	ldy     #$00
0015F6r 1  91 rr        	sta     (sp),y
0015F8r 1  C8           	iny
0015F9r 1  8A           	txa
0015FAr 1  91 rr        	sta     (sp),y
0015FCr 1  A0 09        	ldy     #$09
0015FEr 1  B1 rr        	lda     (regbank+4),y
001600r 1  20 rr rr     	jsr     _set_damage_intersection
001603r 1  A0 00        	ldy     #$00
001605r 1  91 rr        	sta     (sp),y
001607r 1  20 rr rr     	jsr     _udeks_vic_bitmap_reset_clip
00160Ar 1  A0 00        	ldy     #$00
00160Cr 1  B1 rr        	lda     (sp),y
00160Er 1  D0 08        	bne     L02C6
001610r 1  A9 02        	lda     #$02
001612r 1  8D rr rr     	sta     _cache_phase
001615r 1  4C rr rr     	jmp     L02CB
001618r 1  A0 03        L02C6:	ldy     #$03
00161Ar 1  B1 rr        	lda     (sp),y
00161Cr 1  20 rr rr     	jsr     pusha
00161Fr 1  A9 06        	lda     #$06
001621r 1  20 rr rr     	jsr     _cache_request
001624r 1  C9 00        	cmp     #$00
001626r 1  F0 05        	beq     L02CB
001628r 1  A9 00        	lda     #$00
00162Ar 1  20 rr rr     	jsr     _compose_damage
00162Dr 1  A0 01        L02CB:	ldy     #$01
00162Fr 1  B1 rr        	lda     (sp),y
001631r 1  85 rr        	sta     regbank+4
001633r 1  C8           	iny
001634r 1  B1 rr        	lda     (sp),y
001636r 1  85 rr        	sta     regbank+5
001638r 1  4C rr rr     	jmp     incsp4
00163Br 1               
00163Br 1               .endproc
00163Br 1               
00163Br 1               ; ---------------------------------------------------------------
00163Br 1               ; unsigned char __near__ top_window (void)
00163Br 1               ; ---------------------------------------------------------------
00163Br 1               
00163Br 1               .segment	"CODE"
00163Br 1               
00163Br 1               .proc	_top_window: near
00163Br 1               
00163Br 1               .segment	"CODE"
00163Br 1               
00163Br 1  20 rr rr     	jsr     decsp1
00163Er 1  A9 00        	lda     #$00
001640r 1  A8           	tay
001641r 1  91 rr        L0681:	sta     (sp),y
001643r 1  A2 00        	ldx     #$00
001645r 1  B1 rr        	lda     (sp),y
001647r 1  C9 04        	cmp     #$04
001649r 1  B0 4B        	bcs     L0685
00164Br 1  20 rr rr     	jsr     pusha0
00164Er 1  A9 11        	lda     #$11
001650r 1  20 rr rr     	jsr     tosmula0
001653r 1  85 rr        	sta     ptr1
001655r 1  8A           	txa
001656r 1  18           	clc
001657r 1  69 rr        	adc     #>(_windows)
001659r 1  85 rr        	sta     ptr1+1
00165Br 1  A0 rr        	ldy     #<(_windows)
00165Dr 1  B1 rr        	lda     (ptr1),y
00165Fr 1  F0 2B        	beq     L02D4
001661r 1  A2 00        	ldx     #$00
001663r 1  A1 rr        	lda     (sp,x)
001665r 1  20 rr rr     	jsr     pusha0
001668r 1  A9 11        	lda     #$11
00166Ar 1  20 rr rr     	jsr     tosmula0
00166Dr 1  18           	clc
00166Er 1  69 rr        	adc     #<(_windows)
001670r 1  85 rr        	sta     ptr1
001672r 1  8A           	txa
001673r 1  69 rr        	adc     #>(_windows)
001675r 1  85 rr        	sta     ptr1+1
001677r 1  A0 0A        	ldy     #$0A
001679r 1  B1 rr        	lda     (ptr1),y
00167Br 1  CD rr rr     	cmp     _active_count
00167Er 1  D0 0C        	bne     L02D4
001680r 1  A0 00        	ldy     #$00
001682r 1  B1 rr        	lda     (sp),y
001684r 1  18           	clc
001685r 1  69 01        	adc     #$01
001687r 1  A2 00        	ldx     #$00
001689r 1  4C rr rr     	jmp     incsp1
00168Cr 1  A0 00        L02D4:	ldy     #$00
00168Er 1  18           	clc
00168Fr 1  A9 01        	lda     #$01
001691r 1  71 rr        	adc     (sp),y
001693r 1  4C rr rr     	jmp     L0681
001696r 1  8A           L0685:	txa
001697r 1  4C rr rr     	jmp     incsp1
00169Ar 1               
00169Ar 1               .endproc
00169Ar 1               
00169Ar 1               ; ---------------------------------------------------------------
00169Ar 1               ; unsigned char __near__ raise_window (unsigned char)
00169Ar 1               ; ---------------------------------------------------------------
00169Ar 1               
00169Ar 1               .segment	"CODE"
00169Ar 1               
00169Ar 1               .proc	_raise_window: near
00169Ar 1               
00169Ar 1               .segment	"CODE"
00169Ar 1               
00169Ar 1  20 rr rr     	jsr     pusha
00169Dr 1  20 rr rr     	jsr     decsp2
0016A0r 1  A5 rr        	lda     regbank+4
0016A2r 1  A6 rr        	ldx     regbank+5
0016A4r 1  20 rr rr     	jsr     pushax
0016A7r 1  A0 04        	ldy     #$04
0016A9r 1  B1 rr        	lda     (sp),y
0016ABr 1  20 rr rr     	jsr     _window_by_handle
0016AEr 1  85 rr        	sta     regbank+4
0016B0r 1  86 rr        	stx     regbank+4+1
0016B2r 1  E0 00        	cpx     #$00
0016B4r 1  D0 07        	bne     L068E
0016B6r 1  C9 00        	cmp     #$00
0016B8r 1  D0 03 4C rr  	jeq     L02E4
0016BCr 1  rr           
0016BDr 1  A0 0A        L068E:	ldy     #$0A
0016BFr 1  B1 rr        	lda     (regbank+4),y
0016C1r 1  CD rr rr     	cmp     _active_count
0016C4r 1  D0 06        	bne     L068A
0016C6r 1  A2 00        	ldx     #$00
0016C8r 1  8A           	txa
0016C9r 1  4C rr rr     	jmp     L02E4
0016CCr 1  B1 rr        L068A:	lda     (regbank+4),y
0016CEr 1  A0 02        	ldy     #$02
0016D0r 1  91 rr        	sta     (sp),y
0016D2r 1  A9 00        	lda     #$00
0016D4r 1  C8           	iny
0016D5r 1  91 rr        L0687:	sta     (sp),y
0016D7r 1  C9 04        	cmp     #$04
0016D9r 1  B0 67        	bcs     L02F0
0016DBr 1  B1 rr        	lda     (sp),y
0016DDr 1  20 rr rr     	jsr     pusha0
0016E0r 1  A9 11        	lda     #$11
0016E2r 1  20 rr rr     	jsr     tosmula0
0016E5r 1  85 rr        	sta     ptr1
0016E7r 1  8A           	txa
0016E8r 1  18           	clc
0016E9r 1  69 rr        	adc     #>(_windows)
0016EBr 1  85 rr        	sta     ptr1+1
0016EDr 1  A0 rr        	ldy     #<(_windows)
0016EFr 1  B1 rr        	lda     (ptr1),y
0016F1r 1  F0 45        	beq     L02F1
0016F3r 1  A0 03        	ldy     #$03
0016F5r 1  B1 rr        	lda     (sp),y
0016F7r 1  20 rr rr     	jsr     pusha0
0016FAr 1  A9 11        	lda     #$11
0016FCr 1  20 rr rr     	jsr     tosmula0
0016FFr 1  18           	clc
001700r 1  69 rr        	adc     #<(_windows)
001702r 1  85 rr        	sta     ptr1
001704r 1  8A           	txa
001705r 1  69 rr        	adc     #>(_windows)
001707r 1  85 rr        	sta     ptr1+1
001709r 1  A0 0A        	ldy     #$0A
00170Br 1  B1 rr        	lda     (ptr1),y
00170Dr 1  38           	sec
00170Er 1  A0 02        	ldy     #$02
001710r 1  F1 rr        	sbc     (sp),y
001712r 1  85 rr        	sta     tmp1
001714r 1  A5 rr        	lda     tmp1
001716r 1  F0 20        	beq     L02F1
001718r 1  90 1E        	bcc     L02F1
00171Ar 1  C8           	iny
00171Br 1  B1 rr        	lda     (sp),y
00171Dr 1  20 rr rr     	jsr     pusha0
001720r 1  A9 11        	lda     #$11
001722r 1  20 rr rr     	jsr     tosmula0
001725r 1  18           	clc
001726r 1  69 rr        	adc     #<(_windows)
001728r 1  85 rr        	sta     ptr1
00172Ar 1  8A           	txa
00172Br 1  69 rr        	adc     #>(_windows)
00172Dr 1  85 rr        	sta     ptr1+1
00172Fr 1  A0 0A        	ldy     #$0A
001731r 1  B1 rr        	lda     (ptr1),y
001733r 1  38           	sec
001734r 1  E9 01        	sbc     #$01
001736r 1  91 rr        	sta     (ptr1),y
001738r 1  A0 03        L02F1:	ldy     #$03
00173Ar 1  18           	clc
00173Br 1  A9 01        	lda     #$01
00173Dr 1  71 rr        	adc     (sp),y
00173Fr 1  4C rr rr     	jmp     L0687
001742r 1  AD rr rr     L02F0:	lda     _active_count
001745r 1  A0 0A        	ldy     #$0A
001747r 1  91 rr        	sta     (regbank+4),y
001749r 1  A2 00        	ldx     #$00
00174Br 1  A9 01        	lda     #$01
00174Dr 1  48           L02E4:	pha
00174Er 1  A1 rr        	lda     (sp,x)
001750r 1  85 rr        	sta     regbank+4
001752r 1  A0 01        	ldy     #$01
001754r 1  B1 rr        	lda     (sp),y
001756r 1  85 rr        	sta     regbank+5
001758r 1  68           	pla
001759r 1  4C rr rr     	jmp     incsp5
00175Cr 1               
00175Cr 1               .endproc
00175Cr 1               
00175Cr 1               ; ---------------------------------------------------------------
00175Cr 1               ; unsigned char __near__ top_window_at (unsigned int, unsigned char)
00175Cr 1               ; ---------------------------------------------------------------
00175Cr 1               
00175Cr 1               .segment	"CODE"
00175Cr 1               
00175Cr 1               .proc	_top_window_at: near
00175Cr 1               
00175Cr 1               .segment	"CODE"
00175Cr 1               
00175Cr 1  20 rr rr     	jsr     pusha
00175Fr 1  20 rr rr     	jsr     decsp3
001762r 1  A9 00        	lda     #$00
001764r 1  A0 01        	ldy     #$01
001766r 1  91 rr        	sta     (sp),y
001768r 1  88           	dey
001769r 1  91 rr        	sta     (sp),y
00176Br 1  A0 02        	ldy     #$02
00176Dr 1  91 rr        L0691:	sta     (sp),y
00176Fr 1  C9 04        	cmp     #$04
001771r 1  90 03 4C rr  	jcs     L0308
001775r 1  rr           
001776r 1  B1 rr        	lda     (sp),y
001778r 1  20 rr rr     	jsr     pusha0
00177Br 1  A9 11        	lda     #$11
00177Dr 1  20 rr rr     	jsr     tosmula0
001780r 1  85 rr        	sta     ptr1
001782r 1  8A           	txa
001783r 1  18           	clc
001784r 1  69 rr        	adc     #>(_windows)
001786r 1  85 rr        	sta     ptr1+1
001788r 1  A0 rr        	ldy     #<(_windows)
00178Ar 1  B1 rr        	lda     (ptr1),y
00178Cr 1  D0 03 4C rr  	jeq     L0309
001790r 1  rr           
001791r 1  A0 02        	ldy     #$02
001793r 1  B1 rr        	lda     (sp),y
001795r 1  20 rr rr     	jsr     pusha0
001798r 1  A9 11        	lda     #$11
00179Ar 1  20 rr rr     	jsr     tosmula0
00179Dr 1  18           	clc
00179Er 1  69 rr        	adc     #<(_windows)
0017A0r 1  85 rr        	sta     ptr1
0017A2r 1  8A           	txa
0017A3r 1  69 rr        	adc     #>(_windows)
0017A5r 1  85 rr        	sta     ptr1+1
0017A7r 1  A0 03        	ldy     #$03
0017A9r 1  B1 rr        	lda     (ptr1),y
0017ABr 1  29 01        	and     #$01
0017ADr 1  D0 03 4C rr  	jeq     L0309
0017B1r 1  rr           
0017B2r 1  20 rr rr     	jsr     decsp3
0017B5r 1  A0 08        	ldy     #$08
0017B7r 1  B1 rr        	lda     (sp),y
0017B9r 1  AA           	tax
0017BAr 1  88           	dey
0017BBr 1  B1 rr        	lda     (sp),y
0017BDr 1  A0 01        	ldy     #$01
0017BFr 1  91 rr        	sta     (sp),y
0017C1r 1  C8           	iny
0017C2r 1  8A           	txa
0017C3r 1  91 rr        	sta     (sp),y
0017C5r 1  A0 06        	ldy     #$06
0017C7r 1  B1 rr        	lda     (sp),y
0017C9r 1  A0 00        	ldy     #$00
0017CBr 1  91 rr        	sta     (sp),y
0017CDr 1  A0 05        	ldy     #$05
0017CFr 1  B1 rr        	lda     (sp),y
0017D1r 1  20 rr rr     	jsr     pusha0
0017D4r 1  A9 11        	lda     #$11
0017D6r 1  20 rr rr     	jsr     tosmula0
0017D9r 1  18           	clc
0017DAr 1  69 rr        	adc     #<(_windows)
0017DCr 1  A8           	tay
0017DDr 1  8A           	txa
0017DEr 1  69 rr        	adc     #>(_windows)
0017E0r 1  AA           	tax
0017E1r 1  98           	tya
0017E2r 1  20 rr rr     	jsr     _point_inside
0017E5r 1  C9 00        	cmp     #$00
0017E7r 1  F0 4C        	beq     L0309
0017E9r 1  A0 01        	ldy     #$01
0017EBr 1  B1 rr        	lda     (sp),y
0017EDr 1  F0 1F        	beq     L0696
0017EFr 1  C8           	iny
0017F0r 1  B1 rr        	lda     (sp),y
0017F2r 1  20 rr rr     	jsr     pusha0
0017F5r 1  A9 11        	lda     #$11
0017F7r 1  20 rr rr     	jsr     tosmula0
0017FAr 1  18           	clc
0017FBr 1  69 rr        	adc     #<(_windows)
0017FDr 1  85 rr        	sta     ptr1
0017FFr 1  8A           	txa
001800r 1  69 rr        	adc     #>(_windows)
001802r 1  85 rr        	sta     ptr1+1
001804r 1  A0 0A        	ldy     #$0A
001806r 1  B1 rr        	lda     (ptr1),y
001808r 1  A0 00        	ldy     #$00
00180Ar 1  D1 rr        	cmp     (sp),y
00180Cr 1  90 27        	bcc     L0309
00180Er 1  A0 02        L0696:	ldy     #$02
001810r 1  B1 rr        	lda     (sp),y
001812r 1  18           	clc
001813r 1  69 01        	adc     #$01
001815r 1  88           	dey
001816r 1  91 rr        	sta     (sp),y
001818r 1  C8           	iny
001819r 1  B1 rr        	lda     (sp),y
00181Br 1  20 rr rr     	jsr     pusha0
00181Er 1  A9 11        	lda     #$11
001820r 1  20 rr rr     	jsr     tosmula0
001823r 1  18           	clc
001824r 1  69 rr        	adc     #<(_windows)
001826r 1  85 rr        	sta     ptr1
001828r 1  8A           	txa
001829r 1  69 rr        	adc     #>(_windows)
00182Br 1  85 rr        	sta     ptr1+1
00182Dr 1  A0 0A        	ldy     #$0A
00182Fr 1  B1 rr        	lda     (ptr1),y
001831r 1  A0 00        	ldy     #$00
001833r 1  91 rr        	sta     (sp),y
001835r 1  A0 02        L0309:	ldy     #$02
001837r 1  18           	clc
001838r 1  A9 01        	lda     #$01
00183Ar 1  71 rr        	adc     (sp),y
00183Cr 1  4C rr rr     	jmp     L0691
00183Fr 1  88           L0308:	dey
001840r 1  A2 00        	ldx     #$00
001842r 1  B1 rr        	lda     (sp),y
001844r 1  4C rr rr     	jmp     incsp6
001847r 1               
001847r 1               .endproc
001847r 1               
001847r 1               ; ---------------------------------------------------------------
001847r 1               ; unsigned char __near__ close_hit (unsigned int, unsigned char, register __near__ const struct udeks_window *)
001847r 1               ; ---------------------------------------------------------------
001847r 1               
001847r 1               .segment	"CODE"
001847r 1               
001847r 1               .proc	_close_hit: near
001847r 1               
001847r 1               .segment	"CODE"
001847r 1               
001847r 1  20 rr rr     	jsr     pushax
00184Ar 1  A0 00        	ldy     #$00
00184Cr 1  A2 04        	ldx     #$04
00184Er 1  20 rr rr     	jsr     regswap2
001851r 1  20 rr rr     	jsr     decsp2
001854r 1  A0 03        	ldy     #$03
001856r 1  B1 rr        	lda     (regbank+4),y
001858r 1  29 04        	and     #$04
00185Ar 1  D0 03 4C rr  	jeq     L0699
00185Er 1  rr           
00185Fr 1  A0 05        	ldy     #$05
001861r 1  B1 rr        	lda     (regbank+4),y
001863r 1  AA           	tax
001864r 1  88           	dey
001865r 1  B1 rr        	lda     (regbank+4),y
001867r 1  20 rr rr     	jsr     pushax
00186Ar 1  A0 08        	ldy     #$08
00186Cr 1  B1 rr        	lda     (regbank+4),y
00186Er 1  AA           	tax
00186Fr 1  88           	dey
001870r 1  B1 rr        	lda     (regbank+4),y
001872r 1  20 rr rr     	jsr     tosaddax
001875r 1  38           	sec
001876r 1  E9 0C        	sbc     #$0C
001878r 1  B0 01        	bcs     L032E
00187Ar 1  CA           	dex
00187Br 1  20 rr rr     L032E:	jsr     stax0sp
00187Er 1  A0 06        	ldy     #$06
001880r 1  B1 rr        	lda     (sp),y
001882r 1  AA           	tax
001883r 1  88           	dey
001884r 1  B1 rr        	lda     (sp),y
001886r 1  A0 00        	ldy     #$00
001888r 1  D1 rr        	cmp     (sp),y
00188Ar 1  8A           	txa
00188Br 1  C8           	iny
00188Cr 1  F1 rr        	sbc     (sp),y
00188Er 1  A9 00        	lda     #$00
001890r 1  AA           	tax
001891r 1  90 50        	bcc     L0326
001893r 1  A0 08        	ldy     #$08
001895r 1  20 rr rr     	jsr     pushwysp
001898r 1  A0 03        	ldy     #$03
00189Ar 1  B1 rr        	lda     (sp),y
00189Cr 1  AA           	tax
00189Dr 1  88           	dey
00189Er 1  B1 rr        	lda     (sp),y
0018A0r 1  18           	clc
0018A1r 1  69 08        	adc     #$08
0018A3r 1  90 01        	bcc     L0331
0018A5r 1  E8           	inx
0018A6r 1  20 rr rr     L0331:	jsr     tosicmp
0018A9r 1  B0 2E        	bcs     L0330
0018ABr 1  A0 04        	ldy     #$04
0018ADr 1  B1 rr        	lda     (sp),y
0018AFr 1  20 rr rr     	jsr     pusha0
0018B2r 1  A0 06        	ldy     #$06
0018B4r 1  B1 rr        	lda     (regbank+4),y
0018B6r 1  18           	clc
0018B7r 1  69 03        	adc     #$03
0018B9r 1  90 02        	bcc     L0332
0018BBr 1  A2 01        	ldx     #$01
0018BDr 1  20 rr rr     L0332:	jsr     tosicmp
0018C0r 1  90 17        	bcc     L0330
0018C2r 1  A0 04        	ldy     #$04
0018C4r 1  B1 rr        	lda     (sp),y
0018C6r 1  20 rr rr     	jsr     pusha0
0018C9r 1  A0 06        	ldy     #$06
0018CBr 1  B1 rr        	lda     (regbank+4),y
0018CDr 1  18           	clc
0018CEr 1  69 0B        	adc     #$0B
0018D0r 1  90 02        	bcc     L0333
0018D2r 1  A2 01        	ldx     #$01
0018D4r 1  20 rr rr     L0333:	jsr     tosicmp
0018D7r 1  90 06        	bcc     L032F
0018D9r 1  A2 00        L0330:	ldx     #$00
0018DBr 1  8A           	txa
0018DCr 1  4C rr rr     	jmp     L0326
0018DFr 1  A9 01        L032F:	lda     #$01
0018E1r 1  A2 00        L0699:	ldx     #$00
0018E3r 1  48           L0326:	pha
0018E4r 1  A0 02        	ldy     #$02
0018E6r 1  B1 rr        	lda     (sp),y
0018E8r 1  85 rr        	sta     regbank+4
0018EAr 1  C8           	iny
0018EBr 1  B1 rr        	lda     (sp),y
0018EDr 1  85 rr        	sta     regbank+5
0018EFr 1  68           	pla
0018F0r 1  4C rr rr     	jmp     incsp7
0018F3r 1               
0018F3r 1               .endproc
0018F3r 1               
0018F3r 1               ; ---------------------------------------------------------------
0018F3r 1               ; unsigned char __near__ title_hit (unsigned int, unsigned char, register __near__ const struct udeks_window *)
0018F3r 1               ; ---------------------------------------------------------------
0018F3r 1               
0018F3r 1               .segment	"CODE"
0018F3r 1               
0018F3r 1               .proc	_title_hit: near
0018F3r 1               
0018F3r 1               .segment	"CODE"
0018F3r 1               
0018F3r 1  20 rr rr     	jsr     pushax
0018F6r 1  A0 00        	ldy     #$00
0018F8r 1  A2 04        	ldx     #$04
0018FAr 1  20 rr rr     	jsr     regswap2
0018FDr 1  A0 03        	ldy     #$03
0018FFr 1  B1 rr        	lda     (regbank+4),y
001901r 1  A2 00        	ldx     #$00
001903r 1  29 02        	and     #$02
001905r 1  F0 63        	beq     L069C
001907r 1  A0 06        	ldy     #$06
001909r 1  20 rr rr     	jsr     pushwysp
00190Cr 1  A0 05        	ldy     #$05
00190Er 1  B1 rr        	lda     (regbank+4),y
001910r 1  AA           	tax
001911r 1  88           	dey
001912r 1  B1 rr        	lda     (regbank+4),y
001914r 1  20 rr rr     	jsr     tosicmp
001917r 1  90 47        	bcc     L0339
001919r 1  A0 06        	ldy     #$06
00191Br 1  20 rr rr     	jsr     pushwysp
00191Er 1  A0 05        	ldy     #$05
001920r 1  B1 rr        	lda     (regbank+4),y
001922r 1  AA           	tax
001923r 1  88           	dey
001924r 1  B1 rr        	lda     (regbank+4),y
001926r 1  20 rr rr     	jsr     pushax
001929r 1  A0 08        	ldy     #$08
00192Br 1  B1 rr        	lda     (regbank+4),y
00192Dr 1  AA           	tax
00192Er 1  88           	dey
00192Fr 1  B1 rr        	lda     (regbank+4),y
001931r 1  20 rr rr     	jsr     tosaddax
001934r 1  20 rr rr     	jsr     tosicmp
001937r 1  B0 27        	bcs     L0339
001939r 1  A0 02        	ldy     #$02
00193Br 1  B1 rr        	lda     (sp),y
00193Dr 1  20 rr rr     	jsr     pusha0
001940r 1  A0 06        	ldy     #$06
001942r 1  B1 rr        	lda     (regbank+4),y
001944r 1  20 rr rr     	jsr     tosicmp0
001947r 1  90 17        	bcc     L0339
001949r 1  A0 02        	ldy     #$02
00194Br 1  B1 rr        	lda     (sp),y
00194Dr 1  20 rr rr     	jsr     pusha0
001950r 1  A0 06        	ldy     #$06
001952r 1  B1 rr        	lda     (regbank+4),y
001954r 1  18           	clc
001955r 1  69 0D        	adc     #$0D
001957r 1  90 02        	bcc     L033A
001959r 1  A2 01        	ldx     #$01
00195Br 1  20 rr rr     L033A:	jsr     tosicmp
00195Er 1  90 06        	bcc     L0336
001960r 1  A2 00        L0339:	ldx     #$00
001962r 1  8A           	txa
001963r 1  4C rr rr     	jmp     L069C
001966r 1  A9 01        L0336:	lda     #$01
001968r 1  A2 00        	ldx     #$00
00196Ar 1  48           L069C:	pha
00196Br 1  A1 rr        	lda     (sp,x)
00196Dr 1  85 rr        	sta     regbank+4
00196Fr 1  A0 01        	ldy     #$01
001971r 1  B1 rr        	lda     (sp),y
001973r 1  85 rr        	sta     regbank+5
001975r 1  68           	pla
001976r 1  4C rr rr     	jmp     incsp5
001979r 1               
001979r 1               .endproc
001979r 1               
001979r 1               ; ---------------------------------------------------------------
001979r 1               ; unsigned char __near__ resize_hit (unsigned int, unsigned char, register __near__ const struct udeks_window *)
001979r 1               ; ---------------------------------------------------------------
001979r 1               
001979r 1               .segment	"CODE"
001979r 1               
001979r 1               .proc	_resize_hit: near
001979r 1               
001979r 1               .segment	"CODE"
001979r 1               
001979r 1  20 rr rr     	jsr     pushax
00197Cr 1  A0 00        	ldy     #$00
00197Er 1  A2 04        	ldx     #$04
001980r 1  20 rr rr     	jsr     regswap2
001983r 1  A0 03        	ldy     #$03
001985r 1  B1 rr        	lda     (regbank+4),y
001987r 1  A2 00        	ldx     #$00
001989r 1  29 08        	and     #$08
00198Br 1  F0 52        	beq     L06A0
00198Dr 1  A0 06        	ldy     #$06
00198Fr 1  20 rr rr     	jsr     pushwysp
001992r 1  A0 05        	ldy     #$05
001994r 1  B1 rr        	lda     (regbank+4),y
001996r 1  AA           	tax
001997r 1  88           	dey
001998r 1  B1 rr        	lda     (regbank+4),y
00199Ar 1  20 rr rr     	jsr     pushax
00199Dr 1  A0 08        	ldy     #$08
00199Fr 1  B1 rr        	lda     (regbank+4),y
0019A1r 1  AA           	tax
0019A2r 1  88           	dey
0019A3r 1  B1 rr        	lda     (regbank+4),y
0019A5r 1  20 rr rr     	jsr     tosaddax
0019A8r 1  38           	sec
0019A9r 1  E9 0A        	sbc     #$0A
0019ABr 1  B0 01        	bcs     L0341
0019ADr 1  CA           	dex
0019AEr 1  20 rr rr     L0341:	jsr     tosicmp
0019B1r 1  90 22        	bcc     L0340
0019B3r 1  A0 02        	ldy     #$02
0019B5r 1  B1 rr        	lda     (sp),y
0019B7r 1  20 rr rr     	jsr     pusha0
0019BAr 1  A0 06        	ldy     #$06
0019BCr 1  B1 rr        	lda     (regbank+4),y
0019BEr 1  85 rr        	sta     ptr1
0019C0r 1  A0 09        	ldy     #$09
0019C2r 1  B1 rr        	lda     (regbank+4),y
0019C4r 1  18           	clc
0019C5r 1  65 rr        	adc     ptr1
0019C7r 1  90 01        	bcc     L069D
0019C9r 1  E8           	inx
0019CAr 1  38           L069D:	sec
0019CBr 1  E9 0A        	sbc     #$0A
0019CDr 1  B0 01        	bcs     L0342
0019CFr 1  CA           	dex
0019D0r 1  20 rr rr     L0342:	jsr     tosicmp
0019D3r 1  B0 06        	bcs     L033D
0019D5r 1  A2 00        L0340:	ldx     #$00
0019D7r 1  8A           	txa
0019D8r 1  4C rr rr     	jmp     L06A0
0019DBr 1  A9 01        L033D:	lda     #$01
0019DDr 1  A2 00        	ldx     #$00
0019DFr 1  48           L06A0:	pha
0019E0r 1  A1 rr        	lda     (sp,x)
0019E2r 1  85 rr        	sta     regbank+4
0019E4r 1  A0 01        	ldy     #$01
0019E6r 1  B1 rr        	lda     (sp),y
0019E8r 1  85 rr        	sta     regbank+5
0019EAr 1  68           	pla
0019EBr 1  4C rr rr     	jmp     incsp5
0019EEr 1               
0019EEr 1               .endproc
0019EEr 1               
0019EEr 1               ; ---------------------------------------------------------------
0019EEr 1               ; void __near__ begin_drag (unsigned char, unsigned int, unsigned char, unsigned char)
0019EEr 1               ; ---------------------------------------------------------------
0019EEr 1               
0019EEr 1               .segment	"CODE"
0019EEr 1               
0019EEr 1               .proc	_begin_drag: near
0019EEr 1               
0019EEr 1               .segment	"CODE"
0019EEr 1               
0019EEr 1  20 rr rr     	jsr     pusha
0019F1r 1  A5 rr        	lda     regbank+4
0019F3r 1  A6 rr        	ldx     regbank+5
0019F5r 1  20 rr rr     	jsr     pushax
0019F8r 1  A0 06        	ldy     #$06
0019FAr 1  B1 rr        	lda     (sp),y
0019FCr 1  20 rr rr     	jsr     _window_by_handle
0019FFr 1  85 rr        	sta     regbank+4
001A01r 1  86 rr        	stx     regbank+4+1
001A03r 1  E0 00        	cpx     #$00
001A05r 1  D0 07        	bne     L06A4
001A07r 1  C9 00        	cmp     #$00
001A09r 1  D0 03 4C rr  	jeq     L0344
001A0Dr 1  rr           
001A0Er 1  A0 06        L06A4:	ldy     #$06
001A10r 1  B1 rr        	lda     (sp),y
001A12r 1  8D rr rr     	sta     _dragging_handle
001A15r 1  A0 02        	ldy     #$02
001A17r 1  B1 rr        	lda     (sp),y
001A19r 1  8D rr rr     	sta     _drag_mode
001A1Cr 1  B1 rr        	lda     (sp),y
001A1Er 1  C9 01        	cmp     #$01
001A20r 1  D0 1B        	bne     L034F
001A22r 1  AD rr rr     	lda     _cache_phase
001A25r 1  C9 02        	cmp     #$02
001A27r 1  D0 14        	bne     L034F
001A29r 1  A0 06        	ldy     #$06
001A2Br 1  B1 rr        	lda     (sp),y
001A2Dr 1  CD rr rr     	cmp     _cache_owner
001A30r 1  D0 0B        	bne     L034F
001A32r 1  AD rr rr     	lda     _drag_mode
001A35r 1  09 80        	ora     #$80
001A37r 1  8D rr rr     	sta     _drag_mode
001A3Ar 1  4C rr rr     	jmp     L0355
001A3Dr 1  20 rr rr     L034F:	jsr     _cache_invalidate
001A40r 1  A0 07        L0355:	ldy     #$07
001A42r 1  20 rr rr     	jsr     pushwysp
001A45r 1  A0 05        	ldy     #$05
001A47r 1  B1 rr        	lda     (regbank+4),y
001A49r 1  AA           	tax
001A4Ar 1  88           	dey
001A4Br 1  B1 rr        	lda     (regbank+4),y
001A4Dr 1  20 rr rr     	jsr     tossubax
001A50r 1  8D rr rr     	sta     _drag_pointer_x
001A53r 1  8E rr rr     	stx     _drag_pointer_x+1
001A56r 1  A0 03        	ldy     #$03
001A58r 1  B1 rr        	lda     (sp),y
001A5Ar 1  20 rr rr     	jsr     pusha0
001A5Dr 1  A0 06        	ldy     #$06
001A5Fr 1  B1 rr        	lda     (regbank+4),y
001A61r 1  20 rr rr     	jsr     tossuba0
001A64r 1  8D rr rr     	sta     _drag_pointer_y
001A67r 1  A0 05        	ldy     #$05
001A69r 1  B1 rr        	lda     (regbank+4),y
001A6Br 1  8D rr rr     	sta     _drag_x+1
001A6Er 1  88           	dey
001A6Fr 1  B1 rr        	lda     (regbank+4),y
001A71r 1  8D rr rr     	sta     _drag_x
001A74r 1  A0 06        	ldy     #$06
001A76r 1  B1 rr        	lda     (regbank+4),y
001A78r 1  8D rr rr     	sta     _drag_y
001A7Br 1  A0 08        	ldy     #$08
001A7Dr 1  B1 rr        	lda     (regbank+4),y
001A7Fr 1  8D rr rr     	sta     _drag_width+1
001A82r 1  88           	dey
001A83r 1  B1 rr        	lda     (regbank+4),y
001A85r 1  8D rr rr     	sta     _drag_width
001A88r 1  A0 09        	ldy     #$09
001A8Ar 1  B1 rr        	lda     (regbank+4),y
001A8Cr 1  8D rr rr     	sta     _drag_height
001A8Fr 1  A5 rr        	lda     regbank+4
001A91r 1  A6 rr        	ldx     regbank+4+1
001A93r 1  20 rr rr     	jsr     _damage_set
001A96r 1  A9 FF        	lda     #$FF
001A98r 1  20 rr rr     	jsr     _compose_damage
001A9Br 1  20 rr rr     	jsr     decsp5
001A9Er 1  AD rr rr     	lda     _drag_x
001AA1r 1  A0 03        	ldy     #$03
001AA3r 1  91 rr        	sta     (sp),y
001AA5r 1  C8           	iny
001AA6r 1  AD rr rr     	lda     _drag_x+1
001AA9r 1  91 rr        	sta     (sp),y
001AABr 1  AD rr rr     	lda     _drag_y
001AAEr 1  A0 02        	ldy     #$02
001AB0r 1  91 rr        	sta     (sp),y
001AB2r 1  A0 08        	ldy     #$08
001AB4r 1  B1 rr        	lda     (regbank+4),y
001AB6r 1  AA           	tax
001AB7r 1  88           	dey
001AB8r 1  B1 rr        	lda     (regbank+4),y
001ABAr 1  A0 00        	ldy     #$00
001ABCr 1  91 rr        	sta     (sp),y
001ABEr 1  C8           	iny
001ABFr 1  8A           	txa
001AC0r 1  91 rr        	sta     (sp),y
001AC2r 1  A0 09        	ldy     #$09
001AC4r 1  B1 rr        	lda     (regbank+4),y
001AC6r 1  20 rr rr     	jsr     _udeks_vic_bitmap_outline_toggle
001AC9r 1  A9 18        	lda     #$18
001ACBr 1  20 rr rr     	jsr     _increment_counter
001ACEr 1  A0 00        L0344:	ldy     #$00
001AD0r 1  B1 rr        	lda     (sp),y
001AD2r 1  85 rr        	sta     regbank+4
001AD4r 1  C8           	iny
001AD5r 1  B1 rr        	lda     (sp),y
001AD7r 1  85 rr        	sta     regbank+5
001AD9r 1  4C rr rr     	jmp     incsp7
001ADCr 1               
001ADCr 1               .endproc
001ADCr 1               
001ADCr 1               ; ---------------------------------------------------------------
001ADCr 1               ; void __near__ move_drag (unsigned int, unsigned char)
001ADCr 1               ; ---------------------------------------------------------------
001ADCr 1               
001ADCr 1               .segment	"CODE"
001ADCr 1               
001ADCr 1               .proc	_move_drag: near
001ADCr 1               
001ADCr 1               .segment	"CODE"
001ADCr 1               
001ADCr 1  20 rr rr     	jsr     pusha
001ADFr 1  A5 rr        	lda     regbank+4
001AE1r 1  A6 rr        	ldx     regbank+5
001AE3r 1  20 rr rr     	jsr     pushax
001AE6r 1  20 rr rr     	jsr     decsp3
001AE9r 1  AD rr rr     	lda     _dragging_handle
001AECr 1  20 rr rr     	jsr     _window_by_handle
001AEFr 1  85 rr        	sta     regbank+4
001AF1r 1  86 rr        	stx     regbank+4+1
001AF3r 1  E0 00        	cpx     #$00
001AF5r 1  D0 0A        	bne     L0373
001AF7r 1  C9 00        	cmp     #$00
001AF9r 1  D0 06        	bne     L0373
001AFBr 1  8D rr rr     	sta     _dragging_handle
001AFEr 1  4C rr rr     	jmp     L036F
001B01r 1  A0 07        L0373:	ldy     #$07
001B03r 1  B1 rr        	lda     (sp),y
001B05r 1  AA           	tax
001B06r 1  88           	dey
001B07r 1  B1 rr        	lda     (sp),y
001B09r 1  38           	sec
001B0Ar 1  ED rr rr     	sbc     _drag_pointer_x
001B0Dr 1  85 rr        	sta     tmp1
001B0Fr 1  8A           	txa
001B10r 1  ED rr rr     	sbc     _drag_pointer_x+1
001B13r 1  05 rr        	ora     tmp1
001B15r 1  90 17        	bcc     L037A
001B17r 1  F0 15        	beq     L037A
001B19r 1  C8           	iny
001B1Ar 1  B1 rr        	lda     (sp),y
001B1Cr 1  AA           	tax
001B1Dr 1  88           	dey
001B1Er 1  B1 rr        	lda     (sp),y
001B20r 1  38           	sec
001B21r 1  ED rr rr     	sbc     _drag_pointer_x
001B24r 1  48           	pha
001B25r 1  8A           	txa
001B26r 1  ED rr rr     	sbc     _drag_pointer_x+1
001B29r 1  AA           	tax
001B2Ar 1  68           	pla
001B2Br 1  4C rr rr     	jmp     L037C
001B2Er 1  A2 00        L037A:	ldx     #$00
001B30r 1  8A           	txa
001B31r 1  A0 01        L037C:	ldy     #$01
001B33r 1  20 rr rr     	jsr     staxysp
001B36r 1  A0 05        	ldy     #$05
001B38r 1  B1 rr        	lda     (sp),y
001B3Ar 1  38           	sec
001B3Br 1  ED rr rr     	sbc     _drag_pointer_y
001B3Er 1  90 0B        	bcc     L06A7
001B40r 1  F0 09        	beq     L06A7
001B42r 1  B1 rr        	lda     (sp),y
001B44r 1  38           	sec
001B45r 1  ED rr rr     	sbc     _drag_pointer_y
001B48r 1  4C rr rr     	jmp     L06A8
001B4Br 1  A9 00        L06A7:	lda     #$00
001B4Dr 1  A0 00        L06A8:	ldy     #$00
001B4Fr 1  91 rr        	sta     (sp),y
001B51r 1  A0 04        	ldy     #$04
001B53r 1  20 rr rr     	jsr     pushwysp
001B56r 1  A2 01        	ldx     #$01
001B58r 1  A9 40        	lda     #$40
001B5Ar 1  20 rr rr     	jsr     pushax
001B5Dr 1  A0 08        	ldy     #$08
001B5Fr 1  B1 rr        	lda     (regbank+4),y
001B61r 1  AA           	tax
001B62r 1  88           	dey
001B63r 1  B1 rr        	lda     (regbank+4),y
001B65r 1  20 rr rr     	jsr     tossubax
001B68r 1  20 rr rr     	jsr     tosicmp
001B6Br 1  90 19        	bcc     L0385
001B6Dr 1  F0 17        	beq     L0385
001B6Fr 1  A2 01        	ldx     #$01
001B71r 1  A9 40        	lda     #$40
001B73r 1  20 rr rr     	jsr     pushax
001B76r 1  A0 08        	ldy     #$08
001B78r 1  B1 rr        	lda     (regbank+4),y
001B7Ar 1  AA           	tax
001B7Br 1  88           	dey
001B7Cr 1  B1 rr        	lda     (regbank+4),y
001B7Er 1  20 rr rr     	jsr     tossubax
001B81r 1  A0 01        	ldy     #$01
001B83r 1  20 rr rr     	jsr     staxysp
001B86r 1  A2 00        L0385:	ldx     #$00
001B88r 1  A1 rr        	lda     (sp,x)
001B8Ar 1  20 rr rr     	jsr     pusha0
001B8Dr 1  A9 C8        	lda     #$C8
001B8Fr 1  20 rr rr     	jsr     pusha0
001B92r 1  A0 09        	ldy     #$09
001B94r 1  B1 rr        	lda     (regbank+4),y
001B96r 1  20 rr rr     	jsr     tossuba0
001B99r 1  20 rr rr     	jsr     tosicmp
001B9Cr 1  90 12        	bcc     L0389
001B9Er 1  F0 10        	beq     L0389
001BA0r 1  A9 C8        	lda     #$C8
001BA2r 1  20 rr rr     	jsr     pusha0
001BA5r 1  A0 09        	ldy     #$09
001BA7r 1  B1 rr        	lda     (regbank+4),y
001BA9r 1  20 rr rr     	jsr     tossuba0
001BACr 1  A0 00        	ldy     #$00
001BAEr 1  91 rr        	sta     (sp),y
001BB0r 1  A0 02        L0389:	ldy     #$02
001BB2r 1  B1 rr        	lda     (sp),y
001BB4r 1  AA           	tax
001BB5r 1  88           	dey
001BB6r 1  B1 rr        	lda     (sp),y
001BB8r 1  EC rr rr     	cpx     _drag_x+1
001BBBr 1  D0 0D        	bne     L038D
001BBDr 1  CD rr rr     	cmp     _drag_x
001BC0r 1  D0 08        	bne     L038D
001BC2r 1  88           	dey
001BC3r 1  B1 rr        	lda     (sp),y
001BC5r 1  CD rr rr     	cmp     _drag_y
001BC8r 1  F0 61        	beq     L036F
001BCAr 1  20 rr rr     L038D:	jsr     _udeks_vic_bitmap_reset_clip
001BCDr 1  20 rr rr     	jsr     decsp8
001BD0r 1  AD rr rr     	lda     _drag_x
001BD3r 1  A0 06        	ldy     #$06
001BD5r 1  91 rr        	sta     (sp),y
001BD7r 1  C8           	iny
001BD8r 1  AD rr rr     	lda     _drag_x+1
001BDBr 1  91 rr        	sta     (sp),y
001BDDr 1  AD rr rr     	lda     _drag_y
001BE0r 1  A0 05        	ldy     #$05
001BE2r 1  91 rr        	sta     (sp),y
001BE4r 1  A0 0A        	ldy     #$0A
001BE6r 1  B1 rr        	lda     (sp),y
001BE8r 1  AA           	tax
001BE9r 1  88           	dey
001BEAr 1  B1 rr        	lda     (sp),y
001BECr 1  A0 03        	ldy     #$03
001BEEr 1  91 rr        	sta     (sp),y
001BF0r 1  C8           	iny
001BF1r 1  8A           	txa
001BF2r 1  91 rr        	sta     (sp),y
001BF4r 1  A0 08        	ldy     #$08
001BF6r 1  B1 rr        	lda     (sp),y
001BF8r 1  A0 02        	ldy     #$02
001BFAr 1  91 rr        	sta     (sp),y
001BFCr 1  A0 08        	ldy     #$08
001BFEr 1  B1 rr        	lda     (regbank+4),y
001C00r 1  AA           	tax
001C01r 1  88           	dey
001C02r 1  B1 rr        	lda     (regbank+4),y
001C04r 1  A0 00        	ldy     #$00
001C06r 1  91 rr        	sta     (sp),y
001C08r 1  C8           	iny
001C09r 1  8A           	txa
001C0Ar 1  91 rr        	sta     (sp),y
001C0Cr 1  A0 09        	ldy     #$09
001C0Er 1  B1 rr        	lda     (regbank+4),y
001C10r 1  20 rr rr     	jsr     _udeks_vic_bitmap_outline_move
001C13r 1  A0 02        	ldy     #$02
001C15r 1  B1 rr        	lda     (sp),y
001C17r 1  8D rr rr     	sta     _drag_x+1
001C1Ar 1  88           	dey
001C1Br 1  B1 rr        	lda     (sp),y
001C1Dr 1  8D rr rr     	sta     _drag_x
001C20r 1  88           	dey
001C21r 1  B1 rr        	lda     (sp),y
001C23r 1  8D rr rr     	sta     _drag_y
001C26r 1  A9 16        	lda     #$16
001C28r 1  20 rr rr     	jsr     _increment_counter
001C2Br 1  A0 03        L036F:	ldy     #$03
001C2Dr 1  B1 rr        	lda     (sp),y
001C2Fr 1  85 rr        	sta     regbank+4
001C31r 1  C8           	iny
001C32r 1  B1 rr        	lda     (sp),y
001C34r 1  85 rr        	sta     regbank+5
001C36r 1  4C rr rr     	jmp     incsp8
001C39r 1               
001C39r 1               .endproc
001C39r 1               
001C39r 1               ; ---------------------------------------------------------------
001C39r 1               ; void __near__ resize_drag (unsigned int, unsigned char)
001C39r 1               ; ---------------------------------------------------------------
001C39r 1               
001C39r 1               .segment	"CODE"
001C39r 1               
001C39r 1               .proc	_resize_drag: near
001C39r 1               
001C39r 1               .segment	"CODE"
001C39r 1               
001C39r 1  20 rr rr     	jsr     pusha
001C3Cr 1  20 rr rr     	jsr     decsp3
001C3Fr 1  A0 05        	ldy     #$05
001C41r 1  B1 rr        	lda     (sp),y
001C43r 1  AA           	tax
001C44r 1  88           	dey
001C45r 1  B1 rr        	lda     (sp),y
001C47r 1  38           	sec
001C48r 1  ED rr rr     	sbc     _drag_x
001C4Br 1  85 rr        	sta     tmp1
001C4Dr 1  8A           	txa
001C4Er 1  ED rr rr     	sbc     _drag_x+1
001C51r 1  05 rr        	ora     tmp1
001C53r 1  90 1D        	bcc     L03A2
001C55r 1  F0 1B        	beq     L03A2
001C57r 1  C8           	iny
001C58r 1  B1 rr        	lda     (sp),y
001C5Ar 1  AA           	tax
001C5Br 1  88           	dey
001C5Cr 1  B1 rr        	lda     (sp),y
001C5Er 1  38           	sec
001C5Fr 1  ED rr rr     	sbc     _drag_x
001C62r 1  48           	pha
001C63r 1  8A           	txa
001C64r 1  ED rr rr     	sbc     _drag_x+1
001C67r 1  AA           	tax
001C68r 1  68           	pla
001C69r 1  18           	clc
001C6Ar 1  69 01        	adc     #$01
001C6Cr 1  90 08        	bcc     L03A5
001C6Er 1  E8           	inx
001C6Fr 1  4C rr rr     	jmp     L03A5
001C72r 1  A2 00        L03A2:	ldx     #$00
001C74r 1  A9 30        	lda     #$30
001C76r 1  A0 01        L03A5:	ldy     #$01
001C78r 1  20 rr rr     	jsr     staxysp
001C7Br 1  A0 03        	ldy     #$03
001C7Dr 1  B1 rr        	lda     (sp),y
001C7Fr 1  38           	sec
001C80r 1  ED rr rr     	sbc     _drag_y
001C83r 1  90 0E        	bcc     L06AC
001C85r 1  F0 0C        	beq     L06AC
001C87r 1  B1 rr        	lda     (sp),y
001C89r 1  38           	sec
001C8Ar 1  ED rr rr     	sbc     _drag_y
001C8Dr 1  18           	clc
001C8Er 1  69 01        	adc     #$01
001C90r 1  4C rr rr     	jmp     L06AD
001C93r 1  A9 30        L06AC:	lda     #$30
001C95r 1  A0 00        L06AD:	ldy     #$00
001C97r 1  91 rr        	sta     (sp),y
001C99r 1  A0 02        	ldy     #$02
001C9Br 1  B1 rr        	lda     (sp),y
001C9Dr 1  C9 00        	cmp     #$00
001C9Fr 1  D0 05        	bne     L03B1
001CA1r 1  88           	dey
001CA2r 1  B1 rr        	lda     (sp),y
001CA4r 1  C9 30        	cmp     #$30
001CA6r 1  B0 0B        L03B1:	bcs     L03AF
001CA8r 1  A0 01        	ldy     #$01
001CAAr 1  A9 30        	lda     #$30
001CACr 1  91 rr        	sta     (sp),y
001CAEr 1  A9 00        	lda     #$00
001CB0r 1  C8           	iny
001CB1r 1  91 rr        	sta     (sp),y
001CB3r 1  A0 00        L03AF:	ldy     #$00
001CB5r 1  B1 rr        	lda     (sp),y
001CB7r 1  C9 30        	cmp     #$30
001CB9r 1  B0 04        	bcs     L03B4
001CBBr 1  A9 30        	lda     #$30
001CBDr 1  91 rr        	sta     (sp),y
001CBFr 1  A0 04        L03B4:	ldy     #$04
001CC1r 1  20 rr rr     	jsr     pushwysp
001CC4r 1  A9 40        	lda     #$40
001CC6r 1  38           	sec
001CC7r 1  ED rr rr     	sbc     _drag_x
001CCAr 1  48           	pha
001CCBr 1  A9 01        	lda     #$01
001CCDr 1  ED rr rr     	sbc     _drag_x+1
001CD0r 1  AA           	tax
001CD1r 1  68           	pla
001CD2r 1  20 rr rr     	jsr     tosicmp
001CD5r 1  90 15        	bcc     L03B8
001CD7r 1  F0 13        	beq     L03B8
001CD9r 1  A9 40        	lda     #$40
001CDBr 1  38           	sec
001CDCr 1  ED rr rr     	sbc     _drag_x
001CDFr 1  48           	pha
001CE0r 1  A9 01        	lda     #$01
001CE2r 1  ED rr rr     	sbc     _drag_x+1
001CE5r 1  AA           	tax
001CE6r 1  68           	pla
001CE7r 1  A0 01        	ldy     #$01
001CE9r 1  20 rr rr     	jsr     staxysp
001CECr 1  A2 00        L03B8:	ldx     #$00
001CEEr 1  A1 rr        	lda     (sp,x)
001CF0r 1  20 rr rr     	jsr     pusha0
001CF3r 1  A9 C8        	lda     #$C8
001CF5r 1  38           	sec
001CF6r 1  ED rr rr     	sbc     _drag_y
001CF9r 1  20 rr rr     	jsr     tosicmp0
001CFCr 1  90 0C        	bcc     L03BC
001CFEr 1  F0 0A        	beq     L03BC
001D00r 1  A9 C8        	lda     #$C8
001D02r 1  38           	sec
001D03r 1  ED rr rr     	sbc     _drag_y
001D06r 1  A0 00        	ldy     #$00
001D08r 1  91 rr        	sta     (sp),y
001D0Ar 1  A0 02        L03BC:	ldy     #$02
001D0Cr 1  B1 rr        	lda     (sp),y
001D0Er 1  AA           	tax
001D0Fr 1  88           	dey
001D10r 1  B1 rr        	lda     (sp),y
001D12r 1  EC rr rr     	cpx     _drag_width+1
001D15r 1  D0 0D        	bne     L03C1
001D17r 1  CD rr rr     	cmp     _drag_width
001D1Ar 1  D0 08        	bne     L03C1
001D1Cr 1  88           	dey
001D1Dr 1  B1 rr        	lda     (sp),y
001D1Fr 1  CD rr rr     	cmp     _drag_height
001D22r 1  F0 73        	beq     L039F
001D24r 1  20 rr rr     L03C1:	jsr     _udeks_vic_bitmap_reset_clip
001D27r 1  20 rr rr     	jsr     decsp5
001D2Ar 1  AD rr rr     	lda     _drag_x
001D2Dr 1  A0 03        	ldy     #$03
001D2Fr 1  91 rr        	sta     (sp),y
001D31r 1  C8           	iny
001D32r 1  AD rr rr     	lda     _drag_x+1
001D35r 1  91 rr        	sta     (sp),y
001D37r 1  AD rr rr     	lda     _drag_y
001D3Ar 1  A0 02        	ldy     #$02
001D3Cr 1  91 rr        	sta     (sp),y
001D3Er 1  AD rr rr     	lda     _drag_width
001D41r 1  A0 00        	ldy     #$00
001D43r 1  91 rr        	sta     (sp),y
001D45r 1  C8           	iny
001D46r 1  AD rr rr     	lda     _drag_width+1
001D49r 1  91 rr        	sta     (sp),y
001D4Br 1  AD rr rr     	lda     _drag_height
001D4Er 1  20 rr rr     	jsr     _udeks_vic_bitmap_outline_toggle
001D51r 1  20 rr rr     	jsr     decsp5
001D54r 1  AD rr rr     	lda     _drag_x
001D57r 1  A0 03        	ldy     #$03
001D59r 1  91 rr        	sta     (sp),y
001D5Br 1  C8           	iny
001D5Cr 1  AD rr rr     	lda     _drag_x+1
001D5Fr 1  91 rr        	sta     (sp),y
001D61r 1  AD rr rr     	lda     _drag_y
001D64r 1  A0 02        	ldy     #$02
001D66r 1  91 rr        	sta     (sp),y
001D68r 1  A0 07        	ldy     #$07
001D6Ar 1  B1 rr        	lda     (sp),y
001D6Cr 1  AA           	tax
001D6Dr 1  88           	dey
001D6Er 1  B1 rr        	lda     (sp),y
001D70r 1  A0 00        	ldy     #$00
001D72r 1  91 rr        	sta     (sp),y
001D74r 1  C8           	iny
001D75r 1  8A           	txa
001D76r 1  91 rr        	sta     (sp),y
001D78r 1  A0 05        	ldy     #$05
001D7Ar 1  B1 rr        	lda     (sp),y
001D7Cr 1  20 rr rr     	jsr     _udeks_vic_bitmap_outline_toggle
001D7Fr 1  A0 02        	ldy     #$02
001D81r 1  B1 rr        	lda     (sp),y
001D83r 1  8D rr rr     	sta     _drag_width+1
001D86r 1  88           	dey
001D87r 1  B1 rr        	lda     (sp),y
001D89r 1  8D rr rr     	sta     _drag_width
001D8Cr 1  88           	dey
001D8Dr 1  B1 rr        	lda     (sp),y
001D8Fr 1  8D rr rr     	sta     _drag_height
001D92r 1  A9 16        	lda     #$16
001D94r 1  20 rr rr     	jsr     _increment_counter
001D97r 1  4C rr rr     L039F:	jmp     incsp6
001D9Ar 1               
001D9Ar 1               .endproc
001D9Ar 1               
001D9Ar 1               ; ---------------------------------------------------------------
001D9Ar 1               ; void __near__ finish_drag (void)
001D9Ar 1               ; ---------------------------------------------------------------
001D9Ar 1               
001D9Ar 1               .segment	"CODE"
001D9Ar 1               
001D9Ar 1               .proc	_finish_drag: near
001D9Ar 1               
001D9Ar 1               .segment	"CODE"
001D9Ar 1               
001D9Ar 1  A5 rr        	lda     regbank+4
001D9Cr 1  A6 rr        	ldx     regbank+5
001D9Er 1  20 rr rr     	jsr     pushax
001DA1r 1  20 rr rr     	jsr     decsp1
001DA4r 1  AD rr rr     	lda     _dragging_handle
001DA7r 1  A0 00        	ldy     #$00
001DA9r 1  91 rr        	sta     (sp),y
001DABr 1  20 rr rr     	jsr     _window_by_handle
001DAEr 1  85 rr        	sta     regbank+4
001DB0r 1  86 rr        	stx     regbank+4+1
001DB2r 1  E0 00        	cpx     #$00
001DB4r 1  D0 0A        	bne     L03DC
001DB6r 1  C9 00        	cmp     #$00
001DB8r 1  D0 06        	bne     L03DC
001DBAr 1  8D rr rr     	sta     _dragging_handle
001DBDr 1  4C rr rr     	jmp     L03D6
001DC0r 1  20 rr rr     L03DC:	jsr     _udeks_vic_bitmap_reset_clip
001DC3r 1  20 rr rr     	jsr     decsp5
001DC6r 1  AD rr rr     	lda     _drag_x
001DC9r 1  A0 03        	ldy     #$03
001DCBr 1  91 rr        	sta     (sp),y
001DCDr 1  C8           	iny
001DCEr 1  AD rr rr     	lda     _drag_x+1
001DD1r 1  91 rr        	sta     (sp),y
001DD3r 1  AD rr rr     	lda     _drag_y
001DD6r 1  A0 02        	ldy     #$02
001DD8r 1  91 rr        	sta     (sp),y
001DDAr 1  AD rr rr     	lda     _drag_width
001DDDr 1  A0 00        	ldy     #$00
001DDFr 1  91 rr        	sta     (sp),y
001DE1r 1  C8           	iny
001DE2r 1  AD rr rr     	lda     _drag_width+1
001DE5r 1  91 rr        	sta     (sp),y
001DE7r 1  AD rr rr     	lda     _drag_height
001DEAr 1  20 rr rr     	jsr     _udeks_vic_bitmap_outline_toggle
001DEDr 1  A5 rr        	lda     regbank+4
001DEFr 1  A6 rr        	ldx     regbank+4+1
001DF1r 1  20 rr rr     	jsr     _damage_set
001DF4r 1  AD rr rr     	lda     _drag_x
001DF7r 1  A0 04        	ldy     #$04
001DF9r 1  91 rr        	sta     (regbank+4),y
001DFBr 1  C8           	iny
001DFCr 1  AD rr rr     	lda     _drag_x+1
001DFFr 1  91 rr        	sta     (regbank+4),y
001E01r 1  AD rr rr     	lda     _drag_y
001E04r 1  C8           	iny
001E05r 1  91 rr        	sta     (regbank+4),y
001E07r 1  AD rr rr     	lda     _drag_width
001E0Ar 1  C8           	iny
001E0Br 1  91 rr        	sta     (regbank+4),y
001E0Dr 1  C8           	iny
001E0Er 1  AD rr rr     	lda     _drag_width+1
001E11r 1  91 rr        	sta     (regbank+4),y
001E13r 1  AD rr rr     	lda     _drag_height
001E16r 1  C8           	iny
001E17r 1  91 rr        	sta     (regbank+4),y
001E19r 1  A5 rr        	lda     regbank+4
001E1Br 1  A6 rr        	ldx     regbank+4+1
001E1Dr 1  20 rr rr     	jsr     _damage_add
001E20r 1  A9 00        	lda     #$00
001E22r 1  8D rr rr     	sta     _dragging_handle
001E25r 1  AD rr rr     	lda     _drag_mode
001E28r 1  29 80        	and     #$80
001E2Ar 1  F0 0A        	beq     L06B0
001E2Cr 1  A0 00        	ldy     #$00
001E2Er 1  B1 rr        	lda     (sp),y
001E30r 1  20 rr rr     	jsr     _cache_paint_image
001E33r 1  4C rr rr     	jmp     L03FB
001E36r 1  8D rr rr     L06B0:	sta     _drag_mode
001E39r 1  20 rr rr     	jsr     _compose_damage
001E3Cr 1  20 rr rr     L03FB:	jsr     _udeks_pointer_resynchronize
001E3Fr 1  A9 1A        	lda     #$1A
001E41r 1  20 rr rr     	jsr     _increment_counter
001E44r 1  A0 01        L03D6:	ldy     #$01
001E46r 1  B1 rr        	lda     (sp),y
001E48r 1  85 rr        	sta     regbank+4
001E4Ar 1  C8           	iny
001E4Br 1  B1 rr        	lda     (sp),y
001E4Dr 1  85 rr        	sta     regbank+5
001E4Fr 1  4C rr rr     	jmp     incsp3
001E52r 1               
001E52r 1               .endproc
001E52r 1               
001E52r 1               
