ca65 V2.18 - Fedora 2.19-15.fc44
Main file   : /var/home/salvogendut/Dev/UDEKS/build/8502/vic_graphics.s
Current file: /var/home/salvogendut/Dev/UDEKS/build/8502/vic_graphics.s

000000r 1               ;
000000r 1               ; File generated by cc65 v 2.18 - Fedora 2.19-15.fc44
000000r 1               ;
000000r 1               	.fopt		compiler,"cc65 v 2.18 - Fedora 2.19-15.fc44"
000000r 1               	.setcpu		"6502"
000000r 1               	.smart		on
000000r 1               	.autoimport	on
000000r 1               	.case		on
000000r 1               	.debuginfo	off
000000r 1               	.importzp	sp, sreg, regsave, regbank
000000r 1               	.importzp	tmp1, tmp2, tmp3, tmp4, ptr1, ptr2, ptr3, ptr4
000000r 1               	.macpack	longbranch
000000r 2               .macro  jeq     Target
000000r 2                       .if     .match(Target, 0)
000000r 2                       bne     *+5
000000r 2                       jmp     Target
000000r 2                       .elseif .def(Target) .and .const((*-2)-(Target)) .and ((*+2)-(Target) <= 127)
000000r 2                               beq     Target
000000r 2                       .else
000000r 2                               bne     *+5
000000r 2                               jmp     Target
000000r 2                       .endif
000000r 2               .endmacro
000000r 2               .macro  jne     Target
000000r 2                       .if     .match(Target, 0)
000000r 2                               beq     *+5
000000r 2                               jmp     Target
000000r 2                       .elseif .def(Target) .and .const((*-2)-(Target)) .and ((*+2)-(Target) <= 127)
000000r 2                               bne     Target
000000r 2                       .else
000000r 2                               beq     *+5
000000r 2                               jmp     Target
000000r 2                       .endif
000000r 2               .endmacro
000000r 2               .macro  jmi     Target
000000r 2                       .if     .match(Target, 0)
000000r 2                               bpl     *+5
000000r 2                               jmp     Target
000000r 2                       .elseif .def(Target) .and .const((*-2)-(Target)) .and ((*+2)-(Target) <= 127)
000000r 2                               bmi     Target
000000r 2                       .else
000000r 2                               bpl     *+5
000000r 2                               jmp     Target
000000r 2                       .endif
000000r 2               .endmacro
000000r 2               .macro  jpl     Target
000000r 2                       .if     .match(Target, 0)
000000r 2                               bmi     *+5
000000r 2                               jmp     Target
000000r 2                       .elseif .def(Target) .and .const((*-2)-(Target)) .and ((*+2)-(Target) <= 127)
000000r 2                               bpl     Target
000000r 2                       .else
000000r 2                               bmi     *+5
000000r 2                               jmp     Target
000000r 2                       .endif
000000r 2               .endmacro
000000r 2               .macro  jcs     Target
000000r 2                       .if     .match(Target, 0)
000000r 2                               bcc     *+5
000000r 2                               jmp     Target
000000r 2                       .elseif .def(Target) .and .const((*-2)-(Target)) .and ((*+2)-(Target) <= 127)
000000r 2                               bcs     Target
000000r 2                       .else
000000r 2                               bcc     *+5
000000r 2                               jmp     Target
000000r 2                       .endif
000000r 2               .endmacro
000000r 2               .macro  jcc     Target
000000r 2                       .if     .match(Target, 0)
000000r 2                               bcs     *+5
000000r 2                               jmp     Target
000000r 2                       .elseif .def(Target) .and .const((*-2)-(Target)) .and ((*+2)-(Target) <= 127)
000000r 2                               bcc     Target
000000r 2                       .else
000000r 2                               bcs     *+5
000000r 2                               jmp     Target
000000r 2                       .endif
000000r 2               .endmacro
000000r 2               .macro  jvs     Target
000000r 2                       .if     .match(Target, 0)
000000r 2                               bvc     *+5
000000r 2                               jmp     Target
000000r 2                       .elseif .def(Target) .and .const((*-2)-(Target)) .and ((*+2)-(Target) <= 127)
000000r 2                               bvs     Target
000000r 2                       .else
000000r 2                               bvc     *+5
000000r 2                               jmp     Target
000000r 2                       .endif
000000r 2               .endmacro
000000r 2               .macro  jvc     Target
000000r 2                       .if     .match(Target, 0)
000000r 2                               bvs     *+5
000000r 2                               jmp     Target
000000r 2                       .elseif .def(Target) .and .const((*-2)-(Target)) .and ((*+2)-(Target) <= 127)
000000r 2                               bvc     Target
000000r 2                       .else
000000r 2                               bvs     *+5
000000r 2                               jmp     Target
000000r 2                       .endif
000000r 2               .endmacro
000000r 2               
000000r 1               	.export		_udeks_vic_graphics_start
000000r 1               	.export		_udeks_vic_graphics_poll
000000r 1               	.export		_udeks_vic_graphics_initialize
000000r 1               	.export		_udeks_vic_graphics_shutdown
000000r 1               	.export		_udeks_vic_graphics_is_active
000000r 1               	.export		_udeks_vic_bitmap_clear
000000r 1               	.export		_udeks_vic_bitmap_pixel
000000r 1               	.export		_udeks_vic_bitmap_line
000000r 1               	.export		_udeks_vic_bitmap_rectangle
000000r 1               	.export		_udeks_vic_bitmap_fill
000000r 1               	.export		_udeks_vic_bitmap_set_clip
000000r 1               	.export		_udeks_vic_bitmap_reset_clip
000000r 1               	.export		_udeks_vic_bitmap_outline_toggle
000000r 1               	.export		_udeks_vic_bitmap_outline_move
000000r 1               	.export		_udeks_vic_bitmap_commit
000000r 1               	.import		_udeks_pointer_x
000000r 1               	.import		_udeks_pointer_y
000000r 1               	.import		_udeks_vic_graphics_enable
000000r 1               	.import		_udeks_vic_graphics_disable
000000r 1               	.import		_udeks_vic_pointer_set_x
000000r 1               	.import		_udeks_vic_pointer_set_y
000000r 1               	.import		_udeks_vic_pointer_busy_tick
000000r 1               	.import		_udeks_vic_bitmap_commit_page
000000r 1               	.import		_udeks_vic_bitmap_outline_blit
000000r 1               	.export		_udeks_vic_bitmap_shadow
000000r 1               
000000r 1               .segment	"BSS"
000000r 1               
000000r 1               .segment	"VICSHADOW"
000000r 1               _udeks_vic_bitmap_shadow:
000000r 1  00 00 00 00  	.res	8000,$00
000004r 1  00 00 00 00  
000008r 1  00 00 00 00  
001F40r 1               
001F40r 1               ; ---------------------------------------------------------------
001F40r 1               ; unsigned char __near__ udeks_vic_graphics_start (void)
001F40r 1               ; ---------------------------------------------------------------
001F40r 1               
001F40r 1               .segment	"CODE"
000000r 1               
000000r 1               .proc	_udeks_vic_graphics_start: near
000000r 1               
000000r 1               .segment	"CODE"
000000r 1               
000000r 1  20 rr rr     	jsr     decsp2
000003r 1  A9 00        	lda     #$00
000005r 1  A0 01        	ldy     #$01
000007r 1  91 rr        L03AE:	sta     (sp),y
000009r 1  C9 18        	cmp     #$18
00000Br 1  B0 1A        	bcs     L03B1
00000Dr 1  B1 rr        	lda     (sp),y
00000Fr 1  18           	clc
000010r 1  69 B0        	adc     #$B0
000012r 1  85 rr        	sta     ptr1
000014r 1  A9 00        	lda     #$00
000016r 1  69 F1        	adc     #$F1
000018r 1  85 rr        	sta     ptr1+1
00001Ar 1  A9 00        	lda     #$00
00001Cr 1  88           	dey
00001Dr 1  91 rr        	sta     (ptr1),y
00001Fr 1  C8           	iny
000020r 1  18           	clc
000021r 1  98           	tya
000022r 1  71 rr        	adc     (sp),y
000024r 1  4C rr rr     	jmp     L03AE
000027r 1  A9 56        L03B1:	lda     #$56
000029r 1  8D B0 F1     	sta     $F1B0
00002Cr 1  A9 49        	lda     #$49
00002Er 1  8D B1 F1     	sta     $F1B1
000031r 1  A9 43        	lda     #$43
000033r 1  8D B2 F1     	sta     $F1B2
000036r 1  A9 47        	lda     #$47
000038r 1  8D B3 F1     	sta     $F1B3
00003Br 1  8C B4 F1     	sty     $F1B4
00003Er 1  A9 02        	lda     #$02
000040r 1  8D B5 F1     	sta     $F1B5
000043r 1  8C B7 F1     	sty     $F1B7
000046r 1  A9 07        	lda     #$07
000048r 1  8D B8 F1     	sta     $F1B8
00004Br 1  A9 00        	lda     #$00
00004Dr 1  8D B9 F1     	sta     $F1B9
000050r 1  A9 AC        	lda     #$AC
000052r 1  8D BA F1     	sta     $F1BA
000055r 1  A9 00        	lda     #$00
000057r 1  8D BB F1     	sta     $F1BB
00005Ar 1  A9 8C        	lda     #$8C
00005Cr 1  8D BC F1     	sta     $F1BC
00005Fr 1  8C BD F1     	sty     $F1BD
000062r 1  A9 60        	lda     #$60
000064r 1  8D BE F1     	sta     $F1BE
000067r 1  A9 5C        	lda     #$5C
000069r 1  8D BF F1     	sta     $F1BF
00006Cr 1  A9 FF        	lda     #$FF
00006Er 1  8D C0 F1     	sta     $F1C0
000071r 1  A9 00        	lda     #$00
000073r 1  91 rr        L03AF:	sta     (sp),y
000075r 1  C9 20        	cmp     #$20
000077r 1  B0 11        	bcs     L03B2
000079r 1  B1 rr        	lda     (sp),y
00007Br 1  A8           	tay
00007Cr 1  A9 00        	lda     #$00
00007Er 1  99 90 E1     	sta     $E190,y
000081r 1  A0 01        	ldy     #$01
000083r 1  18           	clc
000084r 1  98           	tya
000085r 1  71 rr        	adc     (sp),y
000087r 1  4C rr rr     	jmp     L03AF
00008Ar 1  A9 00        L03B2:	lda     #$00
00008Cr 1  88           	dey
00008Dr 1  91 rr        L03B0:	sta     (sp),y
00008Fr 1  C9 C8        	cmp     #$C8
000091r 1  B0 29        	bcs     L033E
000093r 1  A2 00        	ldx     #$00
000095r 1  B1 rr        	lda     (sp),y
000097r 1  0A           	asl     a
000098r 1  90 01        	bcc     L03AD
00009Ar 1  E8           	inx
00009Br 1  48           L03AD:	pha
00009Cr 1  8A           	txa
00009Dr 1  18           	clc
00009Er 1  69 E0        	adc     #$E0
0000A0r 1  AA           	tax
0000A1r 1  68           	pla
0000A2r 1  20 rr rr     	jsr     pushax
0000A5r 1  20 rr rr     	jsr     push0
0000A8r 1  A0 04        	ldy     #$04
0000AAr 1  B1 rr        	lda     (sp),y
0000ACr 1  20 rr rr     	jsr     _bitmap_offset
0000AFr 1  A0 00        	ldy     #$00
0000B1r 1  20 rr rr     	jsr     staxspidx
0000B4r 1  18           	clc
0000B5r 1  A9 01        	lda     #$01
0000B7r 1  71 rr        	adc     (sp),y
0000B9r 1  4C rr rr     	jmp     L03B0
0000BCr 1  20 rr rr     L033E:	jsr     _udeks_vic_bitmap_reset_clip
0000BFr 1  A2 00        	ldx     #$00
0000C1r 1  8A           	txa
0000C2r 1  4C rr rr     	jmp     incsp2
0000C5r 1               
0000C5r 1               .endproc
0000C5r 1               
0000C5r 1               ; ---------------------------------------------------------------
0000C5r 1               ; unsigned char __near__ udeks_vic_graphics_poll (void)
0000C5r 1               ; ---------------------------------------------------------------
0000C5r 1               
0000C5r 1               .segment	"CODE"
0000C5r 1               
0000C5r 1               .proc	_udeks_vic_graphics_poll: near
0000C5r 1               
0000C5r 1               .segment	"CODE"
0000C5r 1               
0000C5r 1  A2 00        	ldx     #$00
0000C7r 1  AD B5 F1     	lda     $F1B5
0000CAr 1  C9 03        	cmp     #$03
0000CCr 1  D0 08        	bne     L03B3
0000CEr 1  20 rr rr     	jsr     _udeks_vic_pointer_busy_tick
0000D1r 1  20 rr rr     	jsr     _update_pointer
0000D4r 1  A2 00        	ldx     #$00
0000D6r 1  8A           L03B3:	txa
0000D7r 1  60           	rts
0000D8r 1               
0000D8r 1               .endproc
0000D8r 1               
0000D8r 1               ; ---------------------------------------------------------------
0000D8r 1               ; unsigned char __near__ udeks_vic_graphics_initialize (void)
0000D8r 1               ; ---------------------------------------------------------------
0000D8r 1               
0000D8r 1               .segment	"CODE"
0000D8r 1               
0000D8r 1               .proc	_udeks_vic_graphics_initialize: near
0000D8r 1               
0000D8r 1               .segment	"CODE"
0000D8r 1               
0000D8r 1  20 rr rr     	jsr     decsp4
0000DBr 1  AD B5 F1     	lda     $F1B5
0000DEr 1  C9 02        	cmp     #$02
0000E0r 1  F0 0B        	beq     L0360
0000E2r 1  C9 03        	cmp     #$03
0000E4r 1  F0 07        	beq     L0360
0000E6r 1  A2 00        	ldx     #$00
0000E8r 1  A9 01        	lda     #$01
0000EAr 1  4C rr rr     	jmp     incsp4
0000EDr 1  20 rr rr     L0360:	jsr     _udeks_vic_graphics_enable
0000F0r 1  A0 03        	ldy     #$03
0000F2r 1  91 rr        	sta     (sp),y
0000F4r 1  B1 rr        	lda     (sp),y
0000F6r 1  F0 11        	beq     L036D
0000F8r 1  A9 02        	lda     #$02
0000FAr 1  8D B6 F1     	sta     $F1B6
0000FDr 1  A9 80        	lda     #$80
0000FFr 1  8D B5 F1     	sta     $F1B5
000102r 1  A2 00        	ldx     #$00
000104r 1  A9 02        	lda     #$02
000106r 1  4C rr rr     	jmp     incsp4
000109r 1  A9 11        L036D:	lda     #$11
00010Br 1  20 rr rr     	jsr     _increment_counter
00010Er 1  A9 03        	lda     #$03
000110r 1  8D B5 F1     	sta     $F1B5
000113r 1  20 rr rr     	jsr     _udeks_pointer_x
000116r 1  A0 01        	ldy     #$01
000118r 1  20 rr rr     	jsr     staxysp
00011Br 1  20 rr rr     	jsr     _udeks_pointer_y
00011Er 1  A0 00        	ldy     #$00
000120r 1  91 rr        	sta     (sp),y
000122r 1  A0 04        	ldy     #$04
000124r 1  20 rr rr     	jsr     pushwysp
000127r 1  A0 02        	ldy     #$02
000129r 1  B1 rr        	lda     (sp),y
00012Br 1  20 rr rr     	jsr     _apply_pointer
00012Er 1  A2 00        	ldx     #$00
000130r 1  8A           	txa
000131r 1  4C rr rr     	jmp     incsp4
000134r 1               
000134r 1               .endproc
000134r 1               
000134r 1               ; ---------------------------------------------------------------
000134r 1               ; unsigned char __near__ udeks_vic_graphics_shutdown (void)
000134r 1               ; ---------------------------------------------------------------
000134r 1               
000134r 1               .segment	"CODE"
000134r 1               
000134r 1               .proc	_udeks_vic_graphics_shutdown: near
000134r 1               
000134r 1               .segment	"CODE"
000134r 1               
000134r 1  20 rr rr     	jsr     decsp1
000137r 1  AD B5 F1     	lda     $F1B5
00013Ar 1  C9 02        	cmp     #$02
00013Cr 1  F0 31        	beq     L03B8
00013Er 1  C9 03        	cmp     #$03
000140r 1  F0 07        	beq     L0390
000142r 1  A2 00        	ldx     #$00
000144r 1  A9 01        	lda     #$01
000146r 1  4C rr rr     	jmp     incsp1
000149r 1  20 rr rr     L0390:	jsr     _udeks_vic_graphics_disable
00014Cr 1  A0 00        	ldy     #$00
00014Er 1  91 rr        	sta     (sp),y
000150r 1  B1 rr        	lda     (sp),y
000152r 1  F0 11        	beq     L0398
000154r 1  A9 02        	lda     #$02
000156r 1  8D B6 F1     	sta     $F1B6
000159r 1  A9 80        	lda     #$80
00015Br 1  8D B5 F1     	sta     $F1B5
00015Er 1  A2 00        	ldx     #$00
000160r 1  A9 02        	lda     #$02
000162r 1  4C rr rr     	jmp     incsp1
000165r 1  A9 13        L0398:	lda     #$13
000167r 1  20 rr rr     	jsr     _increment_counter
00016Ar 1  A9 02        	lda     #$02
00016Cr 1  8D B5 F1     	sta     $F1B5
00016Fr 1  A2 00        L03B8:	ldx     #$00
000171r 1  8A           	txa
000172r 1  4C rr rr     	jmp     incsp1
000175r 1               
000175r 1               .endproc
000175r 1               
000175r 1               ; ---------------------------------------------------------------
000175r 1               ; unsigned char __near__ udeks_vic_graphics_is_active (void)
000175r 1               ; ---------------------------------------------------------------
000175r 1               
000175r 1               .segment	"CODE"
000175r 1               
000175r 1               .proc	_udeks_vic_graphics_is_active: near
000175r 1               
000175r 1               .segment	"CODE"
000175r 1               
000175r 1  AD B5 F1     	lda     $F1B5
000178r 1  C9 03        	cmp     #$03
00017Ar 1  D0 05        	bne     L03B9
00017Cr 1  A2 00        	ldx     #$00
00017Er 1  A9 01        	lda     #$01
000180r 1  60           	rts
000181r 1  A9 00        L03B9:	lda     #$00
000183r 1  AA           	tax
000184r 1  60           	rts
000185r 1               
000185r 1               .endproc
000185r 1               
000185r 1               ; ---------------------------------------------------------------
000185r 1               ; void __near__ udeks_vic_bitmap_clear (unsigned char)
000185r 1               ; ---------------------------------------------------------------
000185r 1               
000185r 1               .segment	"CODE"
000185r 1               
000185r 1               .proc	_udeks_vic_bitmap_clear: near
000185r 1               
000185r 1               .segment	"CODE"
000185r 1               
000185r 1  20 rr rr     	jsr     pusha
000188r 1  20 rr rr     	jsr     decsp4
00018Br 1  A0 04        	ldy     #$04
00018Dr 1  B1 rr        	lda     (sp),y
00018Fr 1  D0 05        	bne     L03BC
000191r 1  A9 FF        	lda     #$FF
000193r 1  4C rr rr     	jmp     L03BD
000196r 1  A9 00        L03BC:	lda     #$00
000198r 1  A0 00        L03BD:	ldy     #$00
00019Ar 1  91 rr        	sta     (sp),y
00019Cr 1  A0 02        	ldy     #$02
00019Er 1  A9 00        	lda     #$00
0001A0r 1  91 rr        	sta     (sp),y
0001A2r 1  C8           	iny
0001A3r 1  91 rr        	sta     (sp),y
0001A5r 1  A0 03        L0067:	ldy     #$03
0001A7r 1  B1 rr        	lda     (sp),y
0001A9r 1  C9 1F        	cmp     #$1F
0001ABr 1  D0 05        	bne     L006E
0001ADr 1  88           	dey
0001AEr 1  B1 rr        	lda     (sp),y
0001B0r 1  C9 40        	cmp     #$40
0001B2r 1  B0 22        L006E:	bcs     L0068
0001B4r 1  A9 rr        	lda     #<(_udeks_vic_bitmap_shadow)
0001B6r 1  A0 02        	ldy     #$02
0001B8r 1  18           	clc
0001B9r 1  71 rr        	adc     (sp),y
0001BBr 1  85 rr        	sta     ptr1
0001BDr 1  A9 rr        	lda     #>(_udeks_vic_bitmap_shadow)
0001BFr 1  C8           	iny
0001C0r 1  71 rr        	adc     (sp),y
0001C2r 1  85 rr        	sta     ptr1+1
0001C4r 1  A0 00        	ldy     #$00
0001C6r 1  B1 rr        	lda     (sp),y
0001C8r 1  91 rr        	sta     (ptr1),y
0001CAr 1  A0 02        	ldy     #$02
0001CCr 1  A2 00        	ldx     #$00
0001CEr 1  A9 01        	lda     #$01
0001D0r 1  20 rr rr     	jsr     addeqysp
0001D3r 1  4C rr rr     	jmp     L0067
0001D6r 1  A9 00        L0068:	lda     #$00
0001D8r 1  A0 01        	ldy     #$01
0001DAr 1  91 rr        L03BB:	sta     (sp),y
0001DCr 1  C9 20        	cmp     #$20
0001DEr 1  B0 0F        	bcs     L0074
0001E0r 1  B1 rr        	lda     (sp),y
0001E2r 1  A8           	tay
0001E3r 1  A9 01        	lda     #$01
0001E5r 1  99 90 E1     	sta     $E190,y
0001E8r 1  A8           	tay
0001E9r 1  18           	clc
0001EAr 1  71 rr        	adc     (sp),y
0001ECr 1  4C rr rr     	jmp     L03BB
0001EFr 1  4C rr rr     L0074:	jmp     incsp5
0001F2r 1               
0001F2r 1               .endproc
0001F2r 1               
0001F2r 1               ; ---------------------------------------------------------------
0001F2r 1               ; void __near__ udeks_vic_bitmap_pixel (int, int, unsigned char)
0001F2r 1               ; ---------------------------------------------------------------
0001F2r 1               
0001F2r 1               .segment	"CODE"
0001F2r 1               
0001F2r 1               .proc	_udeks_vic_bitmap_pixel: near
0001F2r 1               
0001F2r 1               .segment	"CODE"
0001F2r 1               
0001F2r 1  20 rr rr     	jsr     pusha
0001F5r 1  20 rr rr     	jsr     decsp3
0001F8r 1  A0 07        	ldy     #$07
0001FAr 1  B1 rr        	lda     (sp),y
0001FCr 1  AA           	tax
0001FDr 1  88           	dey
0001FEr 1  B1 rr        	lda     (sp),y
000200r 1  CD B0 E1     	cmp     $E1B0
000203r 1  8A           	txa
000204r 1  ED B1 E1     	sbc     $E1B0+1
000207r 1  50 02        	bvc     L03BF
000209r 1  49 80        	eor     #$80
00020Br 1  10 03        L03BF:	bpl     L03C7
00020Dr 1  4C rr rr     	jmp     incsp8
000210r 1  C8           L03C7:	iny
000211r 1  B1 rr        	lda     (sp),y
000213r 1  AA           	tax
000214r 1  88           	dey
000215r 1  B1 rr        	lda     (sp),y
000217r 1  CD B4 E1     	cmp     $E1B4
00021Ar 1  8A           	txa
00021Br 1  ED B5 E1     	sbc     $E1B4+1
00021Er 1  70 02        	bvs     L03C0
000220r 1  49 80        	eor     #$80
000222r 1  10 03        L03C0:	bpl     L03C8
000224r 1  4C rr rr     	jmp     incsp8
000227r 1  88           L03C8:	dey
000228r 1  B1 rr        	lda     (sp),y
00022Ar 1  AA           	tax
00022Br 1  88           	dey
00022Cr 1  B1 rr        	lda     (sp),y
00022Er 1  CD B2 E1     	cmp     $E1B2
000231r 1  8A           	txa
000232r 1  ED B3 E1     	sbc     $E1B2+1
000235r 1  50 02        	bvc     L03C1
000237r 1  49 80        	eor     #$80
000239r 1  10 03        L03C1:	bpl     L03C9
00023Br 1  4C rr rr     	jmp     incsp8
00023Er 1  C8           L03C9:	iny
00023Fr 1  B1 rr        	lda     (sp),y
000241r 1  AA           	tax
000242r 1  88           	dey
000243r 1  B1 rr        	lda     (sp),y
000245r 1  CD B6 E1     	cmp     $E1B6
000248r 1  8A           	txa
000249r 1  ED B7 E1     	sbc     $E1B6+1
00024Cr 1  70 02        	bvs     L03C2
00024Er 1  49 80        	eor     #$80
000250r 1  10 03        L03C2:	bpl     L03CA
000252r 1  4C rr rr     	jmp     incsp8
000255r 1  A2 00        L03CA:	ldx     #$00
000257r 1  B1 rr        	lda     (sp),y
000259r 1  0A           	asl     a
00025Ar 1  90 01        	bcc     L03BE
00025Cr 1  E8           	inx
00025Dr 1  85 rr        L03BE:	sta     ptr1
00025Fr 1  8A           	txa
000260r 1  18           	clc
000261r 1  69 E0        	adc     #$E0
000263r 1  85 rr        	sta     ptr1+1
000265r 1  A0 01        	ldy     #$01
000267r 1  B1 rr        	lda     (ptr1),y
000269r 1  AA           	tax
00026Ar 1  88           	dey
00026Br 1  B1 rr        	lda     (ptr1),y
00026Dr 1  85 rr        	sta     ptr1
00026Fr 1  86 rr        	stx     ptr1+1
000271r 1  A0 07        	ldy     #$07
000273r 1  B1 rr        	lda     (sp),y
000275r 1  AA           	tax
000276r 1  88           	dey
000277r 1  B1 rr        	lda     (sp),y
000279r 1  29 F8        	and     #$F8
00027Br 1  18           	clc
00027Cr 1  65 rr        	adc     ptr1
00027Er 1  48           	pha
00027Fr 1  8A           	txa
000280r 1  65 rr        	adc     ptr1+1
000282r 1  AA           	tax
000283r 1  68           	pla
000284r 1  A0 01        	ldy     #$01
000286r 1  20 rr rr     	jsr     staxysp
000289r 1  A0 06        	ldy     #$06
00028Br 1  B1 rr        	lda     (sp),y
00028Dr 1  29 07        	and     #$07
00028Fr 1  A8           	tay
000290r 1  A9 80        	lda     #$80
000292r 1  4A           L03C5:	lsr     a
000293r 1  88           	dey
000294r 1  10 FC        	bpl     L03C5
000296r 1  2A           	rol     a
000297r 1  A0 00        	ldy     #$00
000299r 1  91 rr        	sta     (sp),y
00029Br 1  A0 03        	ldy     #$03
00029Dr 1  B1 rr        	lda     (sp),y
00029Fr 1  D0 25        	bne     L009C
0002A1r 1  A9 rr        	lda     #<(_udeks_vic_bitmap_shadow)
0002A3r 1  A0 01        	ldy     #$01
0002A5r 1  18           	clc
0002A6r 1  71 rr        	adc     (sp),y
0002A8r 1  48           	pha
0002A9r 1  A9 rr        	lda     #>(_udeks_vic_bitmap_shadow)
0002ABr 1  C8           	iny
0002ACr 1  71 rr        	adc     (sp),y
0002AEr 1  AA           	tax
0002AFr 1  68           	pla
0002B0r 1  20 rr rr     	jsr     pushax
0002B3r 1  85 rr        	sta     ptr1
0002B5r 1  86 rr        	stx     ptr1+1
0002B7r 1  A0 00        	ldy     #$00
0002B9r 1  B1 rr        	lda     (ptr1),y
0002BBr 1  85 rr        	sta     ptr1
0002BDr 1  A0 02        	ldy     #$02
0002BFr 1  B1 rr        	lda     (sp),y
0002C1r 1  05 rr        	ora     ptr1
0002C3r 1  4C rr rr     	jmp     L03C6
0002C6r 1  A9 rr        L009C:	lda     #<(_udeks_vic_bitmap_shadow)
0002C8r 1  A0 01        	ldy     #$01
0002CAr 1  18           	clc
0002CBr 1  71 rr        	adc     (sp),y
0002CDr 1  48           	pha
0002CEr 1  A9 rr        	lda     #>(_udeks_vic_bitmap_shadow)
0002D0r 1  C8           	iny
0002D1r 1  71 rr        	adc     (sp),y
0002D3r 1  AA           	tax
0002D4r 1  68           	pla
0002D5r 1  20 rr rr     	jsr     pushax
0002D8r 1  85 rr        	sta     ptr1
0002DAr 1  86 rr        	stx     ptr1+1
0002DCr 1  A0 00        	ldy     #$00
0002DEr 1  B1 rr        	lda     (ptr1),y
0002E0r 1  85 rr        	sta     ptr1
0002E2r 1  A0 02        	ldy     #$02
0002E4r 1  B1 rr        	lda     (sp),y
0002E6r 1  49 FF        	eor     #$FF
0002E8r 1  25 rr        	and     ptr1
0002EAr 1  A0 00        L03C6:	ldy     #$00
0002ECr 1  20 rr rr     	jsr     staspidx
0002EFr 1  A0 02        	ldy     #$02
0002F1r 1  B1 rr        	lda     (sp),y
0002F3r 1  18           	clc
0002F4r 1  69 90        	adc     #$90
0002F6r 1  85 rr        	sta     ptr1
0002F8r 1  A9 00        	lda     #$00
0002FAr 1  69 E1        	adc     #$E1
0002FCr 1  85 rr        	sta     ptr1+1
0002FEr 1  A9 01        	lda     #$01
000300r 1  A0 00        	ldy     #$00
000302r 1  91 rr        	sta     (ptr1),y
000304r 1  4C rr rr     	jmp     incsp8
000307r 1               
000307r 1               .endproc
000307r 1               
000307r 1               ; ---------------------------------------------------------------
000307r 1               ; void __near__ udeks_vic_bitmap_line (int, int, int, int, unsigned char)
000307r 1               ; ---------------------------------------------------------------
000307r 1               
000307r 1               .segment	"CODE"
000307r 1               
000307r 1               .proc	_udeks_vic_bitmap_line: near
000307r 1               
000307r 1               .segment	"BSS"
000000r 1               
000000r 1               L00AC:
000000r 1  00 00        	.res	2,$00
000002r 1               L00AD:
000002r 1  00 00        	.res	2,$00
000004r 1               L00AE:
000004r 1  00 00        	.res	2,$00
000006r 1               L00AF:
000006r 1  00 00        	.res	2,$00
000008r 1               L00B0:
000008r 1  00 00        	.res	2,$00
00000Ar 1               L00B1:
00000Ar 1  00 00        	.res	2,$00
00000Cr 1               L00B2:
00000Cr 1  00 00        	.res	2,$00
00000Er 1               L00B3:
00000Er 1  00           	.res	1,$00
00000Fr 1               
00000Fr 1               .segment	"CODE"
000307r 1               
000307r 1  20 rr rr     	jsr     pusha
00030Ar 1  A0 04        	ldy     #$04
00030Cr 1  B1 rr        	lda     (sp),y
00030Er 1  AA           	tax
00030Fr 1  88           	dey
000310r 1  B1 rr        	lda     (sp),y
000312r 1  38           	sec
000313r 1  A0 07        	ldy     #$07
000315r 1  F1 rr        	sbc     (sp),y
000317r 1  48           	pha
000318r 1  8A           	txa
000319r 1  C8           	iny
00031Ar 1  F1 rr        	sbc     (sp),y
00031Cr 1  AA           	tax
00031Dr 1  68           	pla
00031Er 1  20 rr rr     	jsr     _unsigned_magnitude
000321r 1  8D rr rr     	sta     L00AC
000324r 1  8E rr rr     	stx     L00AC+1
000327r 1  A0 02        	ldy     #$02
000329r 1  B1 rr        	lda     (sp),y
00032Br 1  AA           	tax
00032Cr 1  88           	dey
00032Dr 1  B1 rr        	lda     (sp),y
00032Fr 1  38           	sec
000330r 1  A0 05        	ldy     #$05
000332r 1  F1 rr        	sbc     (sp),y
000334r 1  48           	pha
000335r 1  8A           	txa
000336r 1  C8           	iny
000337r 1  F1 rr        	sbc     (sp),y
000339r 1  AA           	tax
00033Ar 1  68           	pla
00033Br 1  20 rr rr     	jsr     _unsigned_magnitude
00033Er 1  20 rr rr     	jsr     negax
000341r 1  8D rr rr     	sta     L00AD
000344r 1  8E rr rr     	stx     L00AD+1
000347r 1  A0 08        	ldy     #$08
000349r 1  B1 rr        	lda     (sp),y
00034Br 1  AA           	tax
00034Cr 1  88           	dey
00034Dr 1  B1 rr        	lda     (sp),y
00034Fr 1  A0 03        	ldy     #$03
000351r 1  D1 rr        	cmp     (sp),y
000353r 1  8A           	txa
000354r 1  C8           	iny
000355r 1  F1 rr        	sbc     (sp),y
000357r 1  50 02        	bvc     L03CC
000359r 1  49 80        	eor     #$80
00035Br 1  10 07        L03CC:	bpl     L00BC
00035Dr 1  A2 00        	ldx     #$00
00035Fr 1  A9 01        	lda     #$01
000361r 1  4C rr rr     	jmp     L00BE
000364r 1  A2 FF        L00BC:	ldx     #$FF
000366r 1  8A           	txa
000367r 1  8D rr rr     L00BE:	sta     L00B0
00036Ar 1  8E rr rr     	stx     L00B0+1
00036Dr 1  A0 06        	ldy     #$06
00036Fr 1  B1 rr        	lda     (sp),y
000371r 1  AA           	tax
000372r 1  88           	dey
000373r 1  B1 rr        	lda     (sp),y
000375r 1  A0 01        	ldy     #$01
000377r 1  D1 rr        	cmp     (sp),y
000379r 1  8A           	txa
00037Ar 1  C8           	iny
00037Br 1  F1 rr        	sbc     (sp),y
00037Dr 1  50 02        	bvc     L03CD
00037Fr 1  49 80        	eor     #$80
000381r 1  10 07        L03CD:	bpl     L00C2
000383r 1  A2 00        	ldx     #$00
000385r 1  A9 01        	lda     #$01
000387r 1  4C rr rr     	jmp     L00C4
00038Ar 1  A2 FF        L00C2:	ldx     #$FF
00038Cr 1  8A           	txa
00038Dr 1  8D rr rr     L00C4:	sta     L00B1
000390r 1  8E rr rr     	stx     L00B1+1
000393r 1  AD rr rr     	lda     L00AC
000396r 1  18           	clc
000397r 1  6D rr rr     	adc     L00AD
00039Ar 1  8D rr rr     	sta     L00AE
00039Dr 1  AD rr rr     	lda     L00AC+1
0003A0r 1  6D rr rr     	adc     L00AD+1
0003A3r 1  8D rr rr     	sta     L00AE+1
0003A6r 1  A0 08        L00CB:	ldy     #$08
0003A8r 1  B1 rr        	lda     (sp),y
0003AAr 1  AA           	tax
0003ABr 1  88           	dey
0003ACr 1  B1 rr        	lda     (sp),y
0003AEr 1  CD B0 E1     	cmp     $E1B0
0003B1r 1  8A           	txa
0003B2r 1  ED B1 E1     	sbc     $E1B0+1
0003B5r 1  70 02        	bvs     L03CE
0003B7r 1  49 80        	eor     #$80
0003B9r 1  30 03 4C rr  L03CE:	jpl     L00DA
0003BDr 1  rr           
0003BEr 1  C8           	iny
0003BFr 1  B1 rr        	lda     (sp),y
0003C1r 1  AA           	tax
0003C2r 1  88           	dey
0003C3r 1  B1 rr        	lda     (sp),y
0003C5r 1  CD B4 E1     	cmp     $E1B4
0003C8r 1  8A           	txa
0003C9r 1  ED B5 E1     	sbc     $E1B4+1
0003CCr 1  50 02        	bvc     L03CF
0003CEr 1  49 80        	eor     #$80
0003D0r 1  30 03 4C rr  L03CF:	jpl     L00DA
0003D4r 1  rr           
0003D5r 1  88           	dey
0003D6r 1  B1 rr        	lda     (sp),y
0003D8r 1  AA           	tax
0003D9r 1  88           	dey
0003DAr 1  B1 rr        	lda     (sp),y
0003DCr 1  CD B2 E1     	cmp     $E1B2
0003DFr 1  8A           	txa
0003E0r 1  ED B3 E1     	sbc     $E1B2+1
0003E3r 1  70 02        	bvs     L03D0
0003E5r 1  49 80        	eor     #$80
0003E7r 1  30 03 4C rr  L03D0:	jpl     L00DA
0003EBr 1  rr           
0003ECr 1  C8           	iny
0003EDr 1  B1 rr        	lda     (sp),y
0003EFr 1  AA           	tax
0003F0r 1  88           	dey
0003F1r 1  B1 rr        	lda     (sp),y
0003F3r 1  CD B6 E1     	cmp     $E1B6
0003F6r 1  8A           	txa
0003F7r 1  ED B7 E1     	sbc     $E1B6+1
0003FAr 1  50 02        	bvc     L03D1
0003FCr 1  49 80        	eor     #$80
0003FEr 1  30 03 4C rr  L03D1:	jpl     L00DA
000402r 1  rr           
000403r 1  A2 00        	ldx     #$00
000405r 1  B1 rr        	lda     (sp),y
000407r 1  0A           	asl     a
000408r 1  90 01        	bcc     L03CB
00040Ar 1  E8           	inx
00040Br 1  85 rr        L03CB:	sta     ptr1
00040Dr 1  8A           	txa
00040Er 1  18           	clc
00040Fr 1  69 E0        	adc     #$E0
000411r 1  85 rr        	sta     ptr1+1
000413r 1  A0 01        	ldy     #$01
000415r 1  B1 rr        	lda     (ptr1),y
000417r 1  AA           	tax
000418r 1  88           	dey
000419r 1  B1 rr        	lda     (ptr1),y
00041Br 1  85 rr        	sta     ptr1
00041Dr 1  86 rr        	stx     ptr1+1
00041Fr 1  A0 08        	ldy     #$08
000421r 1  B1 rr        	lda     (sp),y
000423r 1  AA           	tax
000424r 1  88           	dey
000425r 1  B1 rr        	lda     (sp),y
000427r 1  29 F8        	and     #$F8
000429r 1  18           	clc
00042Ar 1  65 rr        	adc     ptr1
00042Cr 1  8D rr rr     	sta     L00B2
00042Fr 1  8A           	txa
000430r 1  65 rr        	adc     ptr1+1
000432r 1  8D rr rr     	sta     L00B2+1
000435r 1  B1 rr        	lda     (sp),y
000437r 1  29 07        	and     #$07
000439r 1  A8           	tay
00043Ar 1  A9 80        	lda     #$80
00043Cr 1  4A           L03DA:	lsr     a
00043Dr 1  88           	dey
00043Er 1  10 FC        	bpl     L03DA
000440r 1  2A           	rol     a
000441r 1  8D rr rr     	sta     L00B3
000444r 1  A0 00        	ldy     #$00
000446r 1  B1 rr        	lda     (sp),y
000448r 1  D0 23        	bne     L00E8
00044Ar 1  A9 rr        	lda     #<(_udeks_vic_bitmap_shadow)
00044Cr 1  18           	clc
00044Dr 1  6D rr rr     	adc     L00B2
000450r 1  A8           	tay
000451r 1  A9 rr        	lda     #>(_udeks_vic_bitmap_shadow)
000453r 1  6D rr rr     	adc     L00B2+1
000456r 1  AA           	tax
000457r 1  98           	tya
000458r 1  20 rr rr     	jsr     pushax
00045Br 1  85 rr        	sta     ptr1
00045Dr 1  86 rr        	stx     ptr1+1
00045Fr 1  A0 00        	ldy     #$00
000461r 1  B1 rr        	lda     (ptr1),y
000463r 1  85 rr        	sta     ptr1
000465r 1  AD rr rr     	lda     L00B3
000468r 1  05 rr        	ora     ptr1
00046Ar 1  4C rr rr     	jmp     L03DC
00046Dr 1  A9 rr        L00E8:	lda     #<(_udeks_vic_bitmap_shadow)
00046Fr 1  18           	clc
000470r 1  6D rr rr     	adc     L00B2
000473r 1  A8           	tay
000474r 1  A9 rr        	lda     #>(_udeks_vic_bitmap_shadow)
000476r 1  6D rr rr     	adc     L00B2+1
000479r 1  AA           	tax
00047Ar 1  98           	tya
00047Br 1  20 rr rr     	jsr     pushax
00047Er 1  85 rr        	sta     ptr1
000480r 1  86 rr        	stx     ptr1+1
000482r 1  A0 00        	ldy     #$00
000484r 1  B1 rr        	lda     (ptr1),y
000486r 1  85 rr        	sta     ptr1
000488r 1  AD rr rr     	lda     L00B3
00048Br 1  49 FF        	eor     #$FF
00048Dr 1  25 rr        	and     ptr1
00048Fr 1  20 rr rr     L03DC:	jsr     staspidx
000492r 1  AD rr rr     	lda     L00B2+1
000495r 1  18           	clc
000496r 1  69 90        	adc     #$90
000498r 1  85 rr        	sta     ptr1
00049Ar 1  A9 00        	lda     #$00
00049Cr 1  69 E1        	adc     #$E1
00049Er 1  85 rr        	sta     ptr1+1
0004A0r 1  A9 01        	lda     #$01
0004A2r 1  A0 00        	ldy     #$00
0004A4r 1  91 rr        	sta     (ptr1),y
0004A6r 1  A0 08        L00DA:	ldy     #$08
0004A8r 1  B1 rr        	lda     (sp),y
0004AAr 1  AA           	tax
0004ABr 1  88           	dey
0004ACr 1  B1 rr        	lda     (sp),y
0004AEr 1  A0 03        	ldy     #$03
0004B0r 1  D1 rr        	cmp     (sp),y
0004B2r 1  D0 1A        	bne     L00F7
0004B4r 1  8A           	txa
0004B5r 1  C8           	iny
0004B6r 1  D1 rr        	cmp     (sp),y
0004B8r 1  D0 14        	bne     L00F7
0004BAr 1  A0 06        	ldy     #$06
0004BCr 1  B1 rr        	lda     (sp),y
0004BEr 1  AA           	tax
0004BFr 1  88           	dey
0004C0r 1  B1 rr        	lda     (sp),y
0004C2r 1  A0 01        	ldy     #$01
0004C4r 1  D1 rr        	cmp     (sp),y
0004C6r 1  D0 06        	bne     L00F7
0004C8r 1  8A           	txa
0004C9r 1  C8           	iny
0004CAr 1  D1 rr        	cmp     (sp),y
0004CCr 1  F0 78        	beq     L00C9
0004CEr 1  AD rr rr     L00F7:	lda     L00AE
0004D1r 1  AE rr rr     	ldx     L00AE+1
0004D4r 1  86 rr        	stx     tmp1
0004D6r 1  0A           	asl     a
0004D7r 1  26 rr        	rol     tmp1
0004D9r 1  A6 rr        	ldx     tmp1
0004DBr 1  8D rr rr     	sta     L00AF
0004DEr 1  8E rr rr     	stx     L00AF+1
0004E1r 1  CD rr rr     	cmp     L00AD
0004E4r 1  8A           	txa
0004E5r 1  ED rr rr     	sbc     L00AD+1
0004E8r 1  70 02        	bvs     L03D4
0004EAr 1  49 80        	eor     #$80
0004ECr 1  10 1E        L03D4:	bpl     L00FD
0004EEr 1  AD rr rr     	lda     L00AD
0004F1r 1  18           	clc
0004F2r 1  6D rr rr     	adc     L00AE
0004F5r 1  8D rr rr     	sta     L00AE
0004F8r 1  AD rr rr     	lda     L00AD+1
0004FBr 1  6D rr rr     	adc     L00AE+1
0004FEr 1  8D rr rr     	sta     L00AE+1
000501r 1  AD rr rr     	lda     L00B0
000504r 1  AE rr rr     	ldx     L00B0+1
000507r 1  A0 07        	ldy     #$07
000509r 1  20 rr rr     	jsr     addeqysp
00050Cr 1  AD rr rr     L00FD:	lda     L00AF
00050Fr 1  AE rr rr     	ldx     L00AF+1
000512r 1  20 rr rr     	jsr     pushax
000515r 1  AD rr rr     	lda     L00AC
000518r 1  AE rr rr     	ldx     L00AC+1
00051Br 1  20 rr rr     	jsr     tosicmp
00051Er 1  F0 05        	beq     L03D6
000520r 1  30 03 4C rr  	jpl     L00CB
000524r 1  rr           
000525r 1  AD rr rr     L03D6:	lda     L00AC
000528r 1  18           	clc
000529r 1  6D rr rr     	adc     L00AE
00052Cr 1  8D rr rr     	sta     L00AE
00052Fr 1  AD rr rr     	lda     L00AC+1
000532r 1  6D rr rr     	adc     L00AE+1
000535r 1  8D rr rr     	sta     L00AE+1
000538r 1  AD rr rr     	lda     L00B1
00053Br 1  AE rr rr     	ldx     L00B1+1
00053Er 1  A0 05        	ldy     #$05
000540r 1  20 rr rr     	jsr     addeqysp
000543r 1  4C rr rr     	jmp     L00CB
000546r 1  A0 09        L00C9:	ldy     #$09
000548r 1  4C rr rr     	jmp     addysp
00054Br 1               
00054Br 1               .endproc
00054Br 1               
00054Br 1               ; ---------------------------------------------------------------
00054Br 1               ; void __near__ udeks_vic_bitmap_rectangle (int, int, int, int, unsigned char)
00054Br 1               ; ---------------------------------------------------------------
00054Br 1               
00054Br 1               .segment	"CODE"
00054Br 1               
00054Br 1               .proc	_udeks_vic_bitmap_rectangle: near
00054Br 1               
00054Br 1               .segment	"CODE"
00054Br 1               
00054Br 1  20 rr rr     	jsr     pusha
00054Er 1  20 rr rr     	jsr     decsp4
000551r 1  A0 08        	ldy     #$08
000553r 1  B1 rr        	lda     (sp),y
000555r 1  AA           	tax
000556r 1  88           	dey
000557r 1  B1 rr        	lda     (sp),y
000559r 1  C9 01        	cmp     #$01
00055Br 1  8A           	txa
00055Cr 1  E9 00        	sbc     #$00
00055Er 1  50 02        	bvc     L010C
000560r 1  49 80        	eor     #$80
000562r 1  10 03 4C rr  L010C:	jmi     L0109
000566r 1  rr           
000567r 1  88           	dey
000568r 1  B1 rr        	lda     (sp),y
00056Ar 1  AA           	tax
00056Br 1  88           	dey
00056Cr 1  B1 rr        	lda     (sp),y
00056Er 1  C9 01        	cmp     #$01
000570r 1  8A           	txa
000571r 1  E9 00        	sbc     #$00
000573r 1  50 02        	bvc     L010D
000575r 1  49 80        	eor     #$80
000577r 1  10 03 4C rr  L010D:	jmi     L0109
00057Br 1  rr           
00057Cr 1  A0 0B        	ldy     #$0B
00057Er 1  B1 rr        	lda     (sp),y
000580r 1  A0 07        	ldy     #$07
000582r 1  18           	clc
000583r 1  71 rr        	adc     (sp),y
000585r 1  48           	pha
000586r 1  A0 0C        	ldy     #$0C
000588r 1  B1 rr        	lda     (sp),y
00058Ar 1  A0 08        	ldy     #$08
00058Cr 1  71 rr        	adc     (sp),y
00058Er 1  AA           	tax
00058Fr 1  68           	pla
000590r 1  38           	sec
000591r 1  E9 01        	sbc     #$01
000593r 1  B0 01        	bcs     L0111
000595r 1  CA           	dex
000596r 1  A0 02        L0111:	ldy     #$02
000598r 1  20 rr rr     	jsr     staxysp
00059Br 1  A0 09        	ldy     #$09
00059Dr 1  B1 rr        	lda     (sp),y
00059Fr 1  A0 05        	ldy     #$05
0005A1r 1  18           	clc
0005A2r 1  71 rr        	adc     (sp),y
0005A4r 1  48           	pha
0005A5r 1  A0 0A        	ldy     #$0A
0005A7r 1  B1 rr        	lda     (sp),y
0005A9r 1  A0 06        	ldy     #$06
0005ABr 1  71 rr        	adc     (sp),y
0005ADr 1  AA           	tax
0005AEr 1  68           	pla
0005AFr 1  38           	sec
0005B0r 1  E9 01        	sbc     #$01
0005B2r 1  B0 01        	bcs     L0114
0005B4r 1  CA           	dex
0005B5r 1  20 rr rr     L0114:	jsr     stax0sp
0005B8r 1  20 rr rr     	jsr     decsp8
0005BBr 1  A0 14        	ldy     #$14
0005BDr 1  B1 rr        	lda     (sp),y
0005BFr 1  AA           	tax
0005C0r 1  88           	dey
0005C1r 1  B1 rr        	lda     (sp),y
0005C3r 1  A0 06        	ldy     #$06
0005C5r 1  91 rr        	sta     (sp),y
0005C7r 1  C8           	iny
0005C8r 1  8A           	txa
0005C9r 1  91 rr        	sta     (sp),y
0005CBr 1  A0 12        	ldy     #$12
0005CDr 1  B1 rr        	lda     (sp),y
0005CFr 1  AA           	tax
0005D0r 1  88           	dey
0005D1r 1  B1 rr        	lda     (sp),y
0005D3r 1  A0 04        	ldy     #$04
0005D5r 1  91 rr        	sta     (sp),y
0005D7r 1  C8           	iny
0005D8r 1  8A           	txa
0005D9r 1  91 rr        	sta     (sp),y
0005DBr 1  A0 0B        	ldy     #$0B
0005DDr 1  B1 rr        	lda     (sp),y
0005DFr 1  AA           	tax
0005E0r 1  88           	dey
0005E1r 1  B1 rr        	lda     (sp),y
0005E3r 1  A0 02        	ldy     #$02
0005E5r 1  91 rr        	sta     (sp),y
0005E7r 1  C8           	iny
0005E8r 1  8A           	txa
0005E9r 1  91 rr        	sta     (sp),y
0005EBr 1  A0 12        	ldy     #$12
0005EDr 1  B1 rr        	lda     (sp),y
0005EFr 1  AA           	tax
0005F0r 1  88           	dey
0005F1r 1  B1 rr        	lda     (sp),y
0005F3r 1  A0 00        	ldy     #$00
0005F5r 1  91 rr        	sta     (sp),y
0005F7r 1  C8           	iny
0005F8r 1  8A           	txa
0005F9r 1  91 rr        	sta     (sp),y
0005FBr 1  A0 0C        	ldy     #$0C
0005FDr 1  B1 rr        	lda     (sp),y
0005FFr 1  20 rr rr     	jsr     _udeks_vic_bitmap_line
000602r 1  20 rr rr     	jsr     decsp8
000605r 1  A0 14        	ldy     #$14
000607r 1  B1 rr        	lda     (sp),y
000609r 1  AA           	tax
00060Ar 1  88           	dey
00060Br 1  B1 rr        	lda     (sp),y
00060Dr 1  A0 06        	ldy     #$06
00060Fr 1  91 rr        	sta     (sp),y
000611r 1  C8           	iny
000612r 1  8A           	txa
000613r 1  91 rr        	sta     (sp),y
000615r 1  A0 09        	ldy     #$09
000617r 1  B1 rr        	lda     (sp),y
000619r 1  AA           	tax
00061Ar 1  88           	dey
00061Br 1  B1 rr        	lda     (sp),y
00061Dr 1  A0 04        	ldy     #$04
00061Fr 1  91 rr        	sta     (sp),y
000621r 1  C8           	iny
000622r 1  8A           	txa
000623r 1  91 rr        	sta     (sp),y
000625r 1  A0 0B        	ldy     #$0B
000627r 1  B1 rr        	lda     (sp),y
000629r 1  AA           	tax
00062Ar 1  88           	dey
00062Br 1  B1 rr        	lda     (sp),y
00062Dr 1  A0 02        	ldy     #$02
00062Fr 1  91 rr        	sta     (sp),y
000631r 1  C8           	iny
000632r 1  8A           	txa
000633r 1  91 rr        	sta     (sp),y
000635r 1  A0 09        	ldy     #$09
000637r 1  B1 rr        	lda     (sp),y
000639r 1  AA           	tax
00063Ar 1  88           	dey
00063Br 1  B1 rr        	lda     (sp),y
00063Dr 1  A0 00        	ldy     #$00
00063Fr 1  91 rr        	sta     (sp),y
000641r 1  C8           	iny
000642r 1  8A           	txa
000643r 1  91 rr        	sta     (sp),y
000645r 1  A0 0C        	ldy     #$0C
000647r 1  B1 rr        	lda     (sp),y
000649r 1  20 rr rr     	jsr     _udeks_vic_bitmap_line
00064Cr 1  20 rr rr     	jsr     decsp8
00064Fr 1  A0 14        	ldy     #$14
000651r 1  B1 rr        	lda     (sp),y
000653r 1  AA           	tax
000654r 1  88           	dey
000655r 1  B1 rr        	lda     (sp),y
000657r 1  A0 06        	ldy     #$06
000659r 1  91 rr        	sta     (sp),y
00065Br 1  C8           	iny
00065Cr 1  8A           	txa
00065Dr 1  91 rr        	sta     (sp),y
00065Fr 1  A0 12        	ldy     #$12
000661r 1  B1 rr        	lda     (sp),y
000663r 1  AA           	tax
000664r 1  88           	dey
000665r 1  B1 rr        	lda     (sp),y
000667r 1  A0 04        	ldy     #$04
000669r 1  91 rr        	sta     (sp),y
00066Br 1  C8           	iny
00066Cr 1  8A           	txa
00066Dr 1  91 rr        	sta     (sp),y
00066Fr 1  A0 14        	ldy     #$14
000671r 1  B1 rr        	lda     (sp),y
000673r 1  AA           	tax
000674r 1  88           	dey
000675r 1  B1 rr        	lda     (sp),y
000677r 1  A0 02        	ldy     #$02
000679r 1  91 rr        	sta     (sp),y
00067Br 1  C8           	iny
00067Cr 1  8A           	txa
00067Dr 1  91 rr        	sta     (sp),y
00067Fr 1  A0 09        	ldy     #$09
000681r 1  B1 rr        	lda     (sp),y
000683r 1  AA           	tax
000684r 1  88           	dey
000685r 1  B1 rr        	lda     (sp),y
000687r 1  A0 00        	ldy     #$00
000689r 1  91 rr        	sta     (sp),y
00068Br 1  C8           	iny
00068Cr 1  8A           	txa
00068Dr 1  91 rr        	sta     (sp),y
00068Fr 1  A0 0C        	ldy     #$0C
000691r 1  B1 rr        	lda     (sp),y
000693r 1  20 rr rr     	jsr     _udeks_vic_bitmap_line
000696r 1  20 rr rr     	jsr     decsp8
000699r 1  A0 0B        	ldy     #$0B
00069Br 1  B1 rr        	lda     (sp),y
00069Dr 1  AA           	tax
00069Er 1  88           	dey
00069Fr 1  B1 rr        	lda     (sp),y
0006A1r 1  A0 06        	ldy     #$06
0006A3r 1  91 rr        	sta     (sp),y
0006A5r 1  C8           	iny
0006A6r 1  8A           	txa
0006A7r 1  91 rr        	sta     (sp),y
0006A9r 1  A0 12        	ldy     #$12
0006ABr 1  B1 rr        	lda     (sp),y
0006ADr 1  AA           	tax
0006AEr 1  88           	dey
0006AFr 1  B1 rr        	lda     (sp),y
0006B1r 1  A0 04        	ldy     #$04
0006B3r 1  91 rr        	sta     (sp),y
0006B5r 1  C8           	iny
0006B6r 1  8A           	txa
0006B7r 1  91 rr        	sta     (sp),y
0006B9r 1  A0 0B        	ldy     #$0B
0006BBr 1  B1 rr        	lda     (sp),y
0006BDr 1  AA           	tax
0006BEr 1  88           	dey
0006BFr 1  B1 rr        	lda     (sp),y
0006C1r 1  A0 02        	ldy     #$02
0006C3r 1  91 rr        	sta     (sp),y
0006C5r 1  C8           	iny
0006C6r 1  8A           	txa
0006C7r 1  91 rr        	sta     (sp),y
0006C9r 1  A0 09        	ldy     #$09
0006CBr 1  B1 rr        	lda     (sp),y
0006CDr 1  AA           	tax
0006CEr 1  88           	dey
0006CFr 1  B1 rr        	lda     (sp),y
0006D1r 1  A0 00        	ldy     #$00
0006D3r 1  91 rr        	sta     (sp),y
0006D5r 1  C8           	iny
0006D6r 1  8A           	txa
0006D7r 1  91 rr        	sta     (sp),y
0006D9r 1  A0 0C        	ldy     #$0C
0006DBr 1  B1 rr        	lda     (sp),y
0006DDr 1  20 rr rr     	jsr     _udeks_vic_bitmap_line
0006E0r 1  A0 0D        L0109:	ldy     #$0D
0006E2r 1  4C rr rr     	jmp     addysp
0006E5r 1               
0006E5r 1               .endproc
0006E5r 1               
0006E5r 1               ; ---------------------------------------------------------------
0006E5r 1               ; void __near__ udeks_vic_bitmap_fill (int, int, int, int, unsigned char)
0006E5r 1               ; ---------------------------------------------------------------
0006E5r 1               
0006E5r 1               .segment	"CODE"
0006E5r 1               
0006E5r 1               .proc	_udeks_vic_bitmap_fill: near
0006E5r 1               
0006E5r 1               .segment	"BSS"
00000Fr 1               
00000Fr 1               L012E:
00000Fr 1  00 00        	.res	2,$00
000011r 1               L012F:
000011r 1  00 00        	.res	2,$00
000013r 1               L0130:
000013r 1  00 00        	.res	2,$00
000015r 1               L0131:
000015r 1  00 00        	.res	2,$00
000017r 1               L0132:
000017r 1  00 00        	.res	2,$00
000019r 1               L0133:
000019r 1  00 00        	.res	2,$00
00001Br 1               L0134:
00001Br 1  00 00        	.res	2,$00
00001Dr 1               L0135:
00001Dr 1  00           	.res	1,$00
00001Er 1               L0136:
00001Er 1  00           	.res	1,$00
00001Fr 1               L0137:
00001Fr 1  00           	.res	1,$00
000020r 1               
000020r 1               .segment	"CODE"
0006E5r 1               
0006E5r 1  20 rr rr     	jsr     pusha
0006E8r 1  A0 04        	ldy     #$04
0006EAr 1  B1 rr        	lda     (sp),y
0006ECr 1  AA           	tax
0006EDr 1  88           	dey
0006EEr 1  B1 rr        	lda     (sp),y
0006F0r 1  C9 01        	cmp     #$01
0006F2r 1  8A           	txa
0006F3r 1  E9 00        	sbc     #$00
0006F5r 1  50 02        	bvc     L013A
0006F7r 1  49 80        	eor     #$80
0006F9r 1  10 03 4C rr  L013A:	jmi     L0174
0006FDr 1  rr           
0006FEr 1  88           	dey
0006FFr 1  B1 rr        	lda     (sp),y
000701r 1  AA           	tax
000702r 1  88           	dey
000703r 1  B1 rr        	lda     (sp),y
000705r 1  C9 01        	cmp     #$01
000707r 1  8A           	txa
000708r 1  E9 00        	sbc     #$00
00070Ar 1  50 02        	bvc     L013B
00070Cr 1  49 80        	eor     #$80
00070Er 1  10 03 4C rr  L013B:	jmi     L0174
000712r 1  rr           
000713r 1  A0 07        	ldy     #$07
000715r 1  B1 rr        	lda     (sp),y
000717r 1  A0 03        	ldy     #$03
000719r 1  18           	clc
00071Ar 1  71 rr        	adc     (sp),y
00071Cr 1  8D rr rr     	sta     L012F
00071Fr 1  A0 08        	ldy     #$08
000721r 1  B1 rr        	lda     (sp),y
000723r 1  A0 04        	ldy     #$04
000725r 1  71 rr        	adc     (sp),y
000727r 1  8D rr rr     	sta     L012F+1
00072Ar 1  C8           	iny
00072Br 1  B1 rr        	lda     (sp),y
00072Dr 1  A0 01        	ldy     #$01
00072Fr 1  18           	clc
000730r 1  71 rr        	adc     (sp),y
000732r 1  8D rr rr     	sta     L0130
000735r 1  A0 06        	ldy     #$06
000737r 1  B1 rr        	lda     (sp),y
000739r 1  A0 02        	ldy     #$02
00073Br 1  71 rr        	adc     (sp),y
00073Dr 1  8D rr rr     	sta     L0130+1
000740r 1  A0 08        	ldy     #$08
000742r 1  B1 rr        	lda     (sp),y
000744r 1  AA           	tax
000745r 1  88           	dey
000746r 1  B1 rr        	lda     (sp),y
000748r 1  CD B0 E1     	cmp     $E1B0
00074Br 1  8A           	txa
00074Cr 1  ED B1 E1     	sbc     $E1B0+1
00074Fr 1  50 02        	bvc     L03E0
000751r 1  49 80        	eor     #$80
000753r 1  10 09        L03E0:	bpl     L0141
000755r 1  AD B0 E1     	lda     $E1B0
000758r 1  AE B1 E1     	ldx     $E1B0+1
00075Br 1  20 rr rr     	jsr     staxysp
00075Er 1  A0 06        L0141:	ldy     #$06
000760r 1  B1 rr        	lda     (sp),y
000762r 1  AA           	tax
000763r 1  88           	dey
000764r 1  B1 rr        	lda     (sp),y
000766r 1  CD B2 E1     	cmp     $E1B2
000769r 1  8A           	txa
00076Ar 1  ED B3 E1     	sbc     $E1B2+1
00076Dr 1  50 02        	bvc     L03E1
00076Fr 1  49 80        	eor     #$80
000771r 1  10 09        L03E1:	bpl     L0149
000773r 1  AD B2 E1     	lda     $E1B2
000776r 1  AE B3 E1     	ldx     $E1B2+1
000779r 1  20 rr rr     	jsr     staxysp
00077Cr 1  AD rr rr     L0149:	lda     L012F
00077Fr 1  AE rr rr     	ldx     L012F+1
000782r 1  20 rr rr     	jsr     pushax
000785r 1  AD B4 E1     	lda     $E1B4
000788r 1  AE B5 E1     	ldx     $E1B4+1
00078Br 1  20 rr rr     	jsr     tosicmp
00078Er 1  30 0E        	bmi     L0151
000790r 1  F0 0C        	beq     L0151
000792r 1  AD B5 E1     	lda     $E1B4+1
000795r 1  8D rr rr     	sta     L012F+1
000798r 1  AD B4 E1     	lda     $E1B4
00079Br 1  8D rr rr     	sta     L012F
00079Er 1  AD rr rr     L0151:	lda     L0130
0007A1r 1  AE rr rr     	ldx     L0130+1
0007A4r 1  20 rr rr     	jsr     pushax
0007A7r 1  AD B6 E1     	lda     $E1B6
0007AAr 1  AE B7 E1     	ldx     $E1B6+1
0007ADr 1  20 rr rr     	jsr     tosicmp
0007B0r 1  30 0E        	bmi     L0159
0007B2r 1  F0 0C        	beq     L0159
0007B4r 1  AD B7 E1     	lda     $E1B6+1
0007B7r 1  8D rr rr     	sta     L0130+1
0007BAr 1  AD B6 E1     	lda     $E1B6
0007BDr 1  8D rr rr     	sta     L0130
0007C0r 1  A0 08        L0159:	ldy     #$08
0007C2r 1  B1 rr        	lda     (sp),y
0007C4r 1  AA           	tax
0007C5r 1  88           	dey
0007C6r 1  B1 rr        	lda     (sp),y
0007C8r 1  CD rr rr     	cmp     L012F
0007CBr 1  8A           	txa
0007CCr 1  ED rr rr     	sbc     L012F+1
0007CFr 1  70 02        	bvs     L03E2
0007D1r 1  49 80        	eor     #$80
0007D3r 1  10 03 4C rr  L03E2:	jmi     L0174
0007D7r 1  rr           
0007D8r 1  88           	dey
0007D9r 1  B1 rr        	lda     (sp),y
0007DBr 1  AA           	tax
0007DCr 1  88           	dey
0007DDr 1  B1 rr        	lda     (sp),y
0007DFr 1  CD rr rr     	cmp     L0130
0007E2r 1  8A           	txa
0007E3r 1  ED rr rr     	sbc     L0130+1
0007E6r 1  70 02        	bvs     L03E3
0007E8r 1  49 80        	eor     #$80
0007EAr 1  10 03 4C rr  L03E3:	jmi     L0174
0007EEr 1  rr           
0007EFr 1  A0 08        	ldy     #$08
0007F1r 1  B1 rr        	lda     (sp),y
0007F3r 1  8D rr rr     	sta     L0131+1
0007F6r 1  88           	dey
0007F7r 1  B1 rr        	lda     (sp),y
0007F9r 1  8D rr rr     	sta     L0131
0007FCr 1  AD rr rr     	lda     L012F
0007FFr 1  AE rr rr     	ldx     L012F+1
000802r 1  38           	sec
000803r 1  E9 01        	sbc     #$01
000805r 1  B0 01        	bcs     L0169
000807r 1  CA           	dex
000808r 1  8D rr rr     L0169:	sta     L0132
00080Br 1  8E rr rr     	stx     L0132+1
00080Er 1  AD rr rr     	lda     L0131
000811r 1  29 07        	and     #$07
000813r 1  A8           	tay
000814r 1  A9 FF        	lda     #$FF
000816r 1  4A           L03EB:	lsr     a
000817r 1  88           	dey
000818r 1  10 FC        	bpl     L03EB
00081Ar 1  2A           	rol     a
00081Br 1  8D rr rr     	sta     L0135
00081Er 1  A9 FF        	lda     #$FF
000820r 1  20 rr rr     	jsr     pusha0
000823r 1  A9 07        	lda     #$07
000825r 1  20 rr rr     	jsr     pusha0
000828r 1  AD rr rr     	lda     L0132
00082Br 1  29 07        	and     #$07
00082Dr 1  20 rr rr     	jsr     tossuba0
000830r 1  20 rr rr     	jsr     tosshlax
000833r 1  8D rr rr     	sta     L0136
000836r 1  A0 06        	ldy     #$06
000838r 1  B1 rr        	lda     (sp),y
00083Ar 1  8D rr rr     	sta     L012E+1
00083Dr 1  88           	dey
00083Er 1  B1 rr        	lda     (sp),y
000840r 1  8D rr rr     	sta     L012E
000843r 1  AD rr rr     L0173:	lda     L012E
000846r 1  CD rr rr     	cmp     L0130
000849r 1  AD rr rr     	lda     L012E+1
00084Cr 1  ED rr rr     	sbc     L0130+1
00084Fr 1  50 02        	bvc     L03E4
000851r 1  49 80        	eor     #$80
000853r 1  30 03 4C rr  L03E4:	jpl     L0174
000857r 1  rr           
000858r 1  A2 00        	ldx     #$00
00085Ar 1  AD rr rr     	lda     L012E
00085Dr 1  0A           	asl     a
00085Er 1  90 01        	bcc     L03DE
000860r 1  E8           	inx
000861r 1  85 rr        L03DE:	sta     ptr1
000863r 1  8A           	txa
000864r 1  18           	clc
000865r 1  69 E0        	adc     #$E0
000867r 1  85 rr        	sta     ptr1+1
000869r 1  A0 01        	ldy     #$01
00086Br 1  B1 rr        	lda     (ptr1),y
00086Dr 1  AA           	tax
00086Er 1  88           	dey
00086Fr 1  B1 rr        	lda     (ptr1),y
000871r 1  85 rr        	sta     ptr1
000873r 1  86 rr        	stx     ptr1+1
000875r 1  AD rr rr     	lda     L0131
000878r 1  29 F8        	and     #$F8
00087Ar 1  18           	clc
00087Br 1  65 rr        	adc     ptr1
00087Dr 1  8D rr rr     	sta     L0133
000880r 1  AD rr rr     	lda     L0131+1
000883r 1  65 rr        	adc     ptr1+1
000885r 1  8D rr rr     	sta     L0133+1
000888r 1  A2 00        	ldx     #$00
00088Ar 1  AD rr rr     	lda     L012E
00088Dr 1  0A           	asl     a
00088Er 1  90 01        	bcc     L03DF
000890r 1  E8           	inx
000891r 1  85 rr        L03DF:	sta     ptr1
000893r 1  8A           	txa
000894r 1  18           	clc
000895r 1  69 E0        	adc     #$E0
000897r 1  85 rr        	sta     ptr1+1
000899r 1  C8           	iny
00089Ar 1  B1 rr        	lda     (ptr1),y
00089Cr 1  AA           	tax
00089Dr 1  88           	dey
00089Er 1  B1 rr        	lda     (ptr1),y
0008A0r 1  85 rr        	sta     ptr1
0008A2r 1  86 rr        	stx     ptr1+1
0008A4r 1  AD rr rr     	lda     L0132
0008A7r 1  29 F8        	and     #$F8
0008A9r 1  18           	clc
0008AAr 1  65 rr        	adc     ptr1
0008ACr 1  8D rr rr     	sta     L0134
0008AFr 1  AD rr rr     	lda     L0132+1
0008B2r 1  65 rr        	adc     ptr1+1
0008B4r 1  8D rr rr     	sta     L0134+1
0008B7r 1  AD rr rr     	lda     L0135
0008BAr 1  8D rr rr     L03EE:	sta     L0137
0008BDr 1  AD rr rr     	lda     L0134
0008C0r 1  AE rr rr     	ldx     L0134+1
0008C3r 1  EC rr rr     	cpx     L0133+1
0008C6r 1  D0 0E        	bne     L03EA
0008C8r 1  CD rr rr     	cmp     L0133
0008CBr 1  D0 09        	bne     L03EA
0008CDr 1  AD rr rr     	lda     L0136
0008D0r 1  2D rr rr     	and     L0137
0008D3r 1  8D rr rr     	sta     L0137
0008D6r 1  B1 rr        L03EA:	lda     (sp),y
0008D8r 1  D0 23        	bne     L0192
0008DAr 1  A9 rr        	lda     #<(_udeks_vic_bitmap_shadow)
0008DCr 1  18           	clc
0008DDr 1  6D rr rr     	adc     L0133
0008E0r 1  A8           	tay
0008E1r 1  A9 rr        	lda     #>(_udeks_vic_bitmap_shadow)
0008E3r 1  6D rr rr     	adc     L0133+1
0008E6r 1  AA           	tax
0008E7r 1  98           	tya
0008E8r 1  20 rr rr     	jsr     pushax
0008EBr 1  85 rr        	sta     ptr1
0008EDr 1  86 rr        	stx     ptr1+1
0008EFr 1  A0 00        	ldy     #$00
0008F1r 1  B1 rr        	lda     (ptr1),y
0008F3r 1  85 rr        	sta     ptr1
0008F5r 1  AD rr rr     	lda     L0137
0008F8r 1  05 rr        	ora     ptr1
0008FAr 1  4C rr rr     	jmp     L03EF
0008FDr 1  A9 rr        L0192:	lda     #<(_udeks_vic_bitmap_shadow)
0008FFr 1  18           	clc
000900r 1  6D rr rr     	adc     L0133
000903r 1  A8           	tay
000904r 1  A9 rr        	lda     #>(_udeks_vic_bitmap_shadow)
000906r 1  6D rr rr     	adc     L0133+1
000909r 1  AA           	tax
00090Ar 1  98           	tya
00090Br 1  20 rr rr     	jsr     pushax
00090Er 1  85 rr        	sta     ptr1
000910r 1  86 rr        	stx     ptr1+1
000912r 1  A0 00        	ldy     #$00
000914r 1  B1 rr        	lda     (ptr1),y
000916r 1  85 rr        	sta     ptr1
000918r 1  AD rr rr     	lda     L0137
00091Br 1  49 FF        	eor     #$FF
00091Dr 1  25 rr        	and     ptr1
00091Fr 1  20 rr rr     L03EF:	jsr     staspidx
000922r 1  AD rr rr     	lda     L0133+1
000925r 1  18           	clc
000926r 1  69 90        	adc     #$90
000928r 1  85 rr        	sta     ptr1
00092Ar 1  A9 00        	lda     #$00
00092Cr 1  69 E1        	adc     #$E1
00092Er 1  85 rr        	sta     ptr1+1
000930r 1  A9 01        	lda     #$01
000932r 1  A0 00        	ldy     #$00
000934r 1  91 rr        	sta     (ptr1),y
000936r 1  AD rr rr     	lda     L0134
000939r 1  AE rr rr     	ldx     L0134+1
00093Cr 1  EC rr rr     	cpx     L0133+1
00093Fr 1  D0 05        	bne     L03EC
000941r 1  CD rr rr     	cmp     L0133
000944r 1  F0 13        	beq     L0175
000946r 1  A9 08        L03EC:	lda     #$08
000948r 1  18           	clc
000949r 1  6D rr rr     	adc     L0133
00094Cr 1  8D rr rr     	sta     L0133
00094Fr 1  90 03        	bcc     L01A3
000951r 1  EE rr rr     	inc     L0133+1
000954r 1  A9 FF        L01A3:	lda     #$FF
000956r 1  4C rr rr     	jmp     L03EE
000959r 1  EE rr rr     L0175:	inc     L012E
00095Cr 1  F0 03 4C rr  	jne     L0173
000960r 1  rr           
000961r 1  EE rr rr     	inc     L012E+1
000964r 1  4C rr rr     	jmp     L0173
000967r 1  A0 09        L0174:	ldy     #$09
000969r 1  4C rr rr     	jmp     addysp
00096Cr 1               
00096Cr 1               .endproc
00096Cr 1               
00096Cr 1               ; ---------------------------------------------------------------
00096Cr 1               ; void __near__ udeks_vic_bitmap_set_clip (int, int, int, int)
00096Cr 1               ; ---------------------------------------------------------------
00096Cr 1               
00096Cr 1               .segment	"CODE"
00096Cr 1               
00096Cr 1               .proc	_udeks_vic_bitmap_set_clip: near
00096Cr 1               
00096Cr 1               .segment	"CODE"
00096Cr 1               
00096Cr 1  20 rr rr     	jsr     pushax
00096Fr 1  20 rr rr     	jsr     decsp4
000972r 1  A0 07        	ldy     #$07
000974r 1  B1 rr        	lda     (sp),y
000976r 1  AA           	tax
000977r 1  88           	dey
000978r 1  B1 rr        	lda     (sp),y
00097Ar 1  C9 01        	cmp     #$01
00097Cr 1  8A           	txa
00097Dr 1  E9 00        	sbc     #$00
00097Fr 1  50 02        	bvc     L01A9
000981r 1  49 80        	eor     #$80
000983r 1  30 12        L01A9:	bmi     L03F2
000985r 1  88           	dey
000986r 1  B1 rr        	lda     (sp),y
000988r 1  AA           	tax
000989r 1  88           	dey
00098Ar 1  B1 rr        	lda     (sp),y
00098Cr 1  C9 01        	cmp     #$01
00098Er 1  8A           	txa
00098Fr 1  E9 00        	sbc     #$00
000991r 1  50 02        	bvc     L01AA
000993r 1  49 80        	eor     #$80
000995r 1  10 1D        L01AA:	bpl     L01A7
000997r 1  A9 00        L03F2:	lda     #$00
000999r 1  8D B0 E1     	sta     $E1B0
00099Cr 1  8D B1 E1     	sta     $E1B0+1
00099Fr 1  8D B2 E1     	sta     $E1B2
0009A2r 1  8D B3 E1     	sta     $E1B2+1
0009A5r 1  8D B4 E1     	sta     $E1B4
0009A8r 1  8D B5 E1     	sta     $E1B4+1
0009ABr 1  8D B6 E1     	sta     $E1B6
0009AEr 1  8D B7 E1     	sta     $E1B6+1
0009B1r 1  4C rr rr     	jmp     L01EE
0009B4r 1  A0 0A        L01A7:	ldy     #$0A
0009B6r 1  B1 rr        	lda     (sp),y
0009B8r 1  A0 06        	ldy     #$06
0009BAr 1  18           	clc
0009BBr 1  71 rr        	adc     (sp),y
0009BDr 1  48           	pha
0009BEr 1  A0 0B        	ldy     #$0B
0009C0r 1  B1 rr        	lda     (sp),y
0009C2r 1  A0 07        	ldy     #$07
0009C4r 1  71 rr        	adc     (sp),y
0009C6r 1  AA           	tax
0009C7r 1  68           	pla
0009C8r 1  A0 02        	ldy     #$02
0009CAr 1  20 rr rr     	jsr     staxysp
0009CDr 1  A0 08        	ldy     #$08
0009CFr 1  B1 rr        	lda     (sp),y
0009D1r 1  A0 04        	ldy     #$04
0009D3r 1  18           	clc
0009D4r 1  71 rr        	adc     (sp),y
0009D6r 1  48           	pha
0009D7r 1  A0 09        	ldy     #$09
0009D9r 1  B1 rr        	lda     (sp),y
0009DBr 1  A0 05        	ldy     #$05
0009DDr 1  71 rr        	adc     (sp),y
0009DFr 1  AA           	tax
0009E0r 1  68           	pla
0009E1r 1  20 rr rr     	jsr     stax0sp
0009E4r 1  A0 0B        	ldy     #$0B
0009E6r 1  B1 rr        	lda     (sp),y
0009E8r 1  AA           	tax
0009E9r 1  E0 80        	cpx     #$80
0009EBr 1  90 06        	bcc     L01C4
0009EDr 1  A2 00        	ldx     #$00
0009EFr 1  8A           	txa
0009F0r 1  4C rr rr     	jmp     L01C6
0009F3r 1  A0 0B        L01C4:	ldy     #$0B
0009F5r 1  B1 rr        	lda     (sp),y
0009F7r 1  AA           	tax
0009F8r 1  88           	dey
0009F9r 1  B1 rr        	lda     (sp),y
0009FBr 1  8D B0 E1     L01C6:	sta     $E1B0
0009FEr 1  8E B1 E1     	stx     $E1B0+1
000A01r 1  A0 09        	ldy     #$09
000A03r 1  B1 rr        	lda     (sp),y
000A05r 1  AA           	tax
000A06r 1  E0 80        	cpx     #$80
000A08r 1  90 06        	bcc     L01CC
000A0Ar 1  A2 00        	ldx     #$00
000A0Cr 1  8A           	txa
000A0Dr 1  4C rr rr     	jmp     L01CE
000A10r 1  A0 09        L01CC:	ldy     #$09
000A12r 1  B1 rr        	lda     (sp),y
000A14r 1  AA           	tax
000A15r 1  88           	dey
000A16r 1  B1 rr        	lda     (sp),y
000A18r 1  8D B2 E1     L01CE:	sta     $E1B2
000A1Br 1  8E B3 E1     	stx     $E1B2+1
000A1Er 1  A0 03        	ldy     #$03
000A20r 1  B1 rr        	lda     (sp),y
000A22r 1  AA           	tax
000A23r 1  88           	dey
000A24r 1  B1 rr        	lda     (sp),y
000A26r 1  C9 41        	cmp     #$41
000A28r 1  8A           	txa
000A29r 1  E9 01        	sbc     #$01
000A2Br 1  70 02        	bvs     L01D4
000A2Dr 1  49 80        	eor     #$80
000A2Fr 1  10 07        L01D4:	bpl     L01D5
000A31r 1  A2 01        	ldx     #$01
000A33r 1  A9 40        	lda     #$40
000A35r 1  4C rr rr     	jmp     L01D7
000A38r 1  C8           L01D5:	iny
000A39r 1  B1 rr        	lda     (sp),y
000A3Br 1  AA           	tax
000A3Cr 1  88           	dey
000A3Dr 1  B1 rr        	lda     (sp),y
000A3Fr 1  8D B4 E1     L01D7:	sta     $E1B4
000A42r 1  8E B5 E1     	stx     $E1B4+1
000A45r 1  88           	dey
000A46r 1  B1 rr        	lda     (sp),y
000A48r 1  AA           	tax
000A49r 1  88           	dey
000A4Ar 1  B1 rr        	lda     (sp),y
000A4Cr 1  C9 C9        	cmp     #$C9
000A4Er 1  8A           	txa
000A4Fr 1  E9 00        	sbc     #$00
000A51r 1  70 02        	bvs     L01DD
000A53r 1  49 80        	eor     #$80
000A55r 1  10 07        L01DD:	bpl     L01DE
000A57r 1  A2 00        	ldx     #$00
000A59r 1  A9 C8        	lda     #$C8
000A5Br 1  4C rr rr     	jmp     L01E0
000A5Er 1  C8           L01DE:	iny
000A5Fr 1  B1 rr        	lda     (sp),y
000A61r 1  AA           	tax
000A62r 1  88           	dey
000A63r 1  B1 rr        	lda     (sp),y
000A65r 1  8D B6 E1     L01E0:	sta     $E1B6
000A68r 1  8E B7 E1     	stx     $E1B6+1
000A6Br 1  AD B4 E1     	lda     $E1B4
000A6Er 1  CD B0 E1     	cmp     $E1B0
000A71r 1  AD B5 E1     	lda     $E1B4+1
000A74r 1  ED B1 E1     	sbc     $E1B0+1
000A77r 1  50 02        	bvc     L03F0
000A79r 1  49 80        	eor     #$80
000A7Br 1  10 0C        L03F0:	bpl     L01E2
000A7Dr 1  AD B1 E1     	lda     $E1B0+1
000A80r 1  8D B5 E1     	sta     $E1B4+1
000A83r 1  AD B0 E1     	lda     $E1B0
000A86r 1  8D B4 E1     	sta     $E1B4
000A89r 1  AD B6 E1     L01E2:	lda     $E1B6
000A8Cr 1  CD B2 E1     	cmp     $E1B2
000A8Fr 1  AD B7 E1     	lda     $E1B6+1
000A92r 1  ED B3 E1     	sbc     $E1B2+1
000A95r 1  50 02        	bvc     L03F1
000A97r 1  49 80        	eor     #$80
000A99r 1  10 0C        L03F1:	bpl     L01EE
000A9Br 1  AD B3 E1     	lda     $E1B2+1
000A9Er 1  8D B7 E1     	sta     $E1B6+1
000AA1r 1  AD B2 E1     	lda     $E1B2
000AA4r 1  8D B6 E1     	sta     $E1B6
000AA7r 1  A0 0C        L01EE:	ldy     #$0C
000AA9r 1  4C rr rr     	jmp     addysp
000AACr 1               
000AACr 1               .endproc
000AACr 1               
000AACr 1               ; ---------------------------------------------------------------
000AACr 1               ; void __near__ udeks_vic_bitmap_reset_clip (void)
000AACr 1               ; ---------------------------------------------------------------
000AACr 1               
000AACr 1               .segment	"CODE"
000AACr 1               
000AACr 1               .proc	_udeks_vic_bitmap_reset_clip: near
000AACr 1               
000AACr 1               .segment	"CODE"
000AACr 1               
000AACr 1  A9 00        	lda     #$00
000AAEr 1  8D B0 E1     	sta     $E1B0
000AB1r 1  8D B1 E1     	sta     $E1B0+1
000AB4r 1  8D B2 E1     	sta     $E1B2
000AB7r 1  8D B3 E1     	sta     $E1B2+1
000ABAr 1  A2 01        	ldx     #$01
000ABCr 1  A9 40        	lda     #$40
000ABEr 1  8D B4 E1     	sta     $E1B4
000AC1r 1  8E B5 E1     	stx     $E1B4+1
000AC4r 1  CA           	dex
000AC5r 1  A9 C8        	lda     #$C8
000AC7r 1  8D B6 E1     	sta     $E1B6
000ACAr 1  8E B7 E1     	stx     $E1B6+1
000ACDr 1  60           	rts
000ACEr 1               
000ACEr 1               .endproc
000ACEr 1               
000ACEr 1               ; ---------------------------------------------------------------
000ACEr 1               ; void __near__ udeks_vic_bitmap_outline_toggle (unsigned int, unsigned char, unsigned int, unsigned char)
000ACEr 1               ; ---------------------------------------------------------------
000ACEr 1               
000ACEr 1               .segment	"CODE"
000ACEr 1               
000ACEr 1               .proc	_udeks_vic_bitmap_outline_toggle: near
000ACEr 1               
000ACEr 1               .segment	"CODE"
000ACEr 1               
000ACEr 1  20 rr rr     	jsr     pusha
000AD1r 1  AD B5 F1     	lda     $F1B5
000AD4r 1  C9 03        	cmp     #$03
000AD6r 1  D0 7B        	bne     L027E
000AD8r 1  20 rr rr     	jsr     decsp5
000ADBr 1  A0 0A        	ldy     #$0A
000ADDr 1  B1 rr        	lda     (sp),y
000ADFr 1  AA           	tax
000AE0r 1  88           	dey
000AE1r 1  B1 rr        	lda     (sp),y
000AE3r 1  A0 03        	ldy     #$03
000AE5r 1  91 rr        	sta     (sp),y
000AE7r 1  C8           	iny
000AE8r 1  8A           	txa
000AE9r 1  91 rr        	sta     (sp),y
000AEBr 1  A0 08        	ldy     #$08
000AEDr 1  B1 rr        	lda     (sp),y
000AEFr 1  A0 02        	ldy     #$02
000AF1r 1  91 rr        	sta     (sp),y
000AF3r 1  A0 07        	ldy     #$07
000AF5r 1  B1 rr        	lda     (sp),y
000AF7r 1  AA           	tax
000AF8r 1  88           	dey
000AF9r 1  B1 rr        	lda     (sp),y
000AFBr 1  A0 00        	ldy     #$00
000AFDr 1  91 rr        	sta     (sp),y
000AFFr 1  C8           	iny
000B00r 1  8A           	txa
000B01r 1  91 rr        	sta     (sp),y
000B03r 1  A0 05        	ldy     #$05
000B05r 1  B1 rr        	lda     (sp),y
000B07r 1  20 rr rr     	jsr     _outline_valid
000B0Ar 1  C9 00        	cmp     #$00
000B0Cr 1  F0 45        	beq     L027E
000B0Er 1  20 rr rr     	jsr     decsp6
000B11r 1  A9 00        	lda     #$00
000B13r 1  A0 05        	ldy     #$05
000B15r 1  91 rr        	sta     (sp),y
000B17r 1  A0 0B        	ldy     #$0B
000B19r 1  B1 rr        	lda     (sp),y
000B1Br 1  AA           	tax
000B1Cr 1  88           	dey
000B1Dr 1  B1 rr        	lda     (sp),y
000B1Fr 1  A0 03        	ldy     #$03
000B21r 1  91 rr        	sta     (sp),y
000B23r 1  C8           	iny
000B24r 1  8A           	txa
000B25r 1  91 rr        	sta     (sp),y
000B27r 1  A0 09        	ldy     #$09
000B29r 1  B1 rr        	lda     (sp),y
000B2Br 1  A0 02        	ldy     #$02
000B2Dr 1  91 rr        	sta     (sp),y
000B2Fr 1  A0 08        	ldy     #$08
000B31r 1  B1 rr        	lda     (sp),y
000B33r 1  AA           	tax
000B34r 1  88           	dey
000B35r 1  B1 rr        	lda     (sp),y
000B37r 1  A0 00        	ldy     #$00
000B39r 1  91 rr        	sta     (sp),y
000B3Br 1  C8           	iny
000B3Cr 1  8A           	txa
000B3Dr 1  91 rr        	sta     (sp),y
000B3Fr 1  A0 06        	ldy     #$06
000B41r 1  B1 rr        	lda     (sp),y
000B43r 1  20 rr rr     	jsr     _prepare_outline
000B46r 1  A9 01        	lda     #$01
000B48r 1  8D 7F F3     	sta     $F37F
000B4Br 1  20 rr rr     	jsr     _udeks_vic_bitmap_outline_blit
000B4Er 1  A9 15        	lda     #$15
000B50r 1  20 rr rr     	jsr     _increment_counter
000B53r 1  4C rr rr     L027E:	jmp     incsp6
000B56r 1               
000B56r 1               .endproc
000B56r 1               
000B56r 1               ; ---------------------------------------------------------------
000B56r 1               ; void __near__ udeks_vic_bitmap_outline_move (unsigned int, unsigned char, unsigned int, unsigned char, unsigned int, unsigned char)
000B56r 1               ; ---------------------------------------------------------------
000B56r 1               
000B56r 1               .segment	"CODE"
000B56r 1               
000B56r 1               .proc	_udeks_vic_bitmap_outline_move: near
000B56r 1               
000B56r 1               .segment	"CODE"
000B56r 1               
000B56r 1  20 rr rr     	jsr     pusha
000B59r 1  AD B5 F1     	lda     $F1B5
000B5Cr 1  C9 03        	cmp     #$03
000B5Er 1  F0 03 4C rr  	jne     L0295
000B62r 1  rr           
000B63r 1  20 rr rr     	jsr     decsp5
000B66r 1  A0 0D        	ldy     #$0D
000B68r 1  B1 rr        	lda     (sp),y
000B6Ar 1  AA           	tax
000B6Br 1  88           	dey
000B6Cr 1  B1 rr        	lda     (sp),y
000B6Er 1  A0 03        	ldy     #$03
000B70r 1  91 rr        	sta     (sp),y
000B72r 1  C8           	iny
000B73r 1  8A           	txa
000B74r 1  91 rr        	sta     (sp),y
000B76r 1  A0 0B        	ldy     #$0B
000B78r 1  B1 rr        	lda     (sp),y
000B7Ar 1  A0 02        	ldy     #$02
000B7Cr 1  91 rr        	sta     (sp),y
000B7Er 1  A0 07        	ldy     #$07
000B80r 1  B1 rr        	lda     (sp),y
000B82r 1  AA           	tax
000B83r 1  88           	dey
000B84r 1  B1 rr        	lda     (sp),y
000B86r 1  A0 00        	ldy     #$00
000B88r 1  91 rr        	sta     (sp),y
000B8Ar 1  C8           	iny
000B8Br 1  8A           	txa
000B8Cr 1  91 rr        	sta     (sp),y
000B8Er 1  A0 05        	ldy     #$05
000B90r 1  B1 rr        	lda     (sp),y
000B92r 1  20 rr rr     	jsr     _outline_valid
000B95r 1  C9 00        	cmp     #$00
000B97r 1  D0 03 4C rr  	jeq     L0295
000B9Br 1  rr           
000B9Cr 1  20 rr rr     	jsr     decsp5
000B9Fr 1  A0 0A        	ldy     #$0A
000BA1r 1  B1 rr        	lda     (sp),y
000BA3r 1  AA           	tax
000BA4r 1  88           	dey
000BA5r 1  B1 rr        	lda     (sp),y
000BA7r 1  A0 03        	ldy     #$03
000BA9r 1  91 rr        	sta     (sp),y
000BABr 1  C8           	iny
000BACr 1  8A           	txa
000BADr 1  91 rr        	sta     (sp),y
000BAFr 1  A0 08        	ldy     #$08
000BB1r 1  B1 rr        	lda     (sp),y
000BB3r 1  A0 02        	ldy     #$02
000BB5r 1  91 rr        	sta     (sp),y
000BB7r 1  A0 07        	ldy     #$07
000BB9r 1  B1 rr        	lda     (sp),y
000BBBr 1  AA           	tax
000BBCr 1  88           	dey
000BBDr 1  B1 rr        	lda     (sp),y
000BBFr 1  A0 00        	ldy     #$00
000BC1r 1  91 rr        	sta     (sp),y
000BC3r 1  C8           	iny
000BC4r 1  8A           	txa
000BC5r 1  91 rr        	sta     (sp),y
000BC7r 1  A0 05        	ldy     #$05
000BC9r 1  B1 rr        	lda     (sp),y
000BCBr 1  20 rr rr     	jsr     _outline_valid
000BCEr 1  C9 00        	cmp     #$00
000BD0r 1  F0 7D        	beq     L0295
000BD2r 1  20 rr rr     	jsr     decsp6
000BD5r 1  A9 00        	lda     #$00
000BD7r 1  A0 05        	ldy     #$05
000BD9r 1  91 rr        	sta     (sp),y
000BDBr 1  A0 0E        	ldy     #$0E
000BDDr 1  B1 rr        	lda     (sp),y
000BDFr 1  AA           	tax
000BE0r 1  88           	dey
000BE1r 1  B1 rr        	lda     (sp),y
000BE3r 1  A0 03        	ldy     #$03
000BE5r 1  91 rr        	sta     (sp),y
000BE7r 1  C8           	iny
000BE8r 1  8A           	txa
000BE9r 1  91 rr        	sta     (sp),y
000BEBr 1  A0 0C        	ldy     #$0C
000BEDr 1  B1 rr        	lda     (sp),y
000BEFr 1  A0 02        	ldy     #$02
000BF1r 1  91 rr        	sta     (sp),y
000BF3r 1  A0 08        	ldy     #$08
000BF5r 1  B1 rr        	lda     (sp),y
000BF7r 1  AA           	tax
000BF8r 1  88           	dey
000BF9r 1  B1 rr        	lda     (sp),y
000BFBr 1  A0 00        	ldy     #$00
000BFDr 1  91 rr        	sta     (sp),y
000BFFr 1  C8           	iny
000C00r 1  8A           	txa
000C01r 1  91 rr        	sta     (sp),y
000C03r 1  A0 06        	ldy     #$06
000C05r 1  B1 rr        	lda     (sp),y
000C07r 1  20 rr rr     	jsr     _prepare_outline
000C0Ar 1  20 rr rr     	jsr     decsp6
000C0Dr 1  A9 0F        	lda     #$0F
000C0Fr 1  A0 05        	ldy     #$05
000C11r 1  91 rr        	sta     (sp),y
000C13r 1  A0 0B        	ldy     #$0B
000C15r 1  B1 rr        	lda     (sp),y
000C17r 1  AA           	tax
000C18r 1  88           	dey
000C19r 1  B1 rr        	lda     (sp),y
000C1Br 1  A0 03        	ldy     #$03
000C1Dr 1  91 rr        	sta     (sp),y
000C1Fr 1  C8           	iny
000C20r 1  8A           	txa
000C21r 1  91 rr        	sta     (sp),y
000C23r 1  A0 09        	ldy     #$09
000C25r 1  B1 rr        	lda     (sp),y
000C27r 1  A0 02        	ldy     #$02
000C29r 1  91 rr        	sta     (sp),y
000C2Br 1  A0 08        	ldy     #$08
000C2Dr 1  B1 rr        	lda     (sp),y
000C2Fr 1  AA           	tax
000C30r 1  88           	dey
000C31r 1  B1 rr        	lda     (sp),y
000C33r 1  A0 00        	ldy     #$00
000C35r 1  91 rr        	sta     (sp),y
000C37r 1  C8           	iny
000C38r 1  8A           	txa
000C39r 1  91 rr        	sta     (sp),y
000C3Br 1  A0 06        	ldy     #$06
000C3Dr 1  B1 rr        	lda     (sp),y
000C3Fr 1  20 rr rr     	jsr     _prepare_outline
000C42r 1  A9 02        	lda     #$02
000C44r 1  8D 7F F3     	sta     $F37F
000C47r 1  20 rr rr     	jsr     _udeks_vic_bitmap_outline_blit
000C4Ar 1  A9 15        	lda     #$15
000C4Cr 1  20 rr rr     	jsr     _increment_counter
000C4Fr 1  A0 09        L0295:	ldy     #$09
000C51r 1  4C rr rr     	jmp     addysp
000C54r 1               
000C54r 1               .endproc
000C54r 1               
000C54r 1               ; ---------------------------------------------------------------
000C54r 1               ; void __near__ udeks_vic_bitmap_commit (void)
000C54r 1               ; ---------------------------------------------------------------
000C54r 1               
000C54r 1               .segment	"CODE"
000C54r 1               
000C54r 1               .proc	_udeks_vic_bitmap_commit: near
000C54r 1               
000C54r 1               .segment	"CODE"
000C54r 1               
000C54r 1  20 rr rr     	jsr     decsp1
000C57r 1  AD B5 F1     	lda     $F1B5
000C5Ar 1  C9 03        	cmp     #$03
000C5Cr 1  D0 38        	bne     L02B6
000C5Er 1  A9 00        	lda     #$00
000C60r 1  A8           	tay
000C61r 1  91 rr        L03F5:	sta     (sp),y
000C63r 1  C9 20        	cmp     #$20
000C65r 1  B0 2A        	bcs     L02BD
000C67r 1  A2 E1        	ldx     #$E1
000C69r 1  A9 90        	lda     #$90
000C6Br 1  18           	clc
000C6Cr 1  71 rr        	adc     (sp),y
000C6Er 1  90 01        	bcc     L02C8
000C70r 1  E8           	inx
000C71r 1  85 rr        L02C8:	sta     ptr1
000C73r 1  86 rr        	stx     ptr1+1
000C75r 1  B1 rr        	lda     (ptr1),y
000C77r 1  F0 10        	beq     L03F7
000C79r 1  B1 rr        	lda     (sp),y
000C7Br 1  20 rr rr     	jsr     _udeks_vic_bitmap_commit_page
000C7Er 1  A0 00        	ldy     #$00
000C80r 1  B1 rr        	lda     (sp),y
000C82r 1  A8           	tay
000C83r 1  A9 00        	lda     #$00
000C85r 1  99 90 E1     	sta     $E190,y
000C88r 1  A8           	tay
000C89r 1  18           L03F7:	clc
000C8Ar 1  A9 01        	lda     #$01
000C8Cr 1  71 rr        	adc     (sp),y
000C8Er 1  4C rr rr     	jmp     L03F5
000C91r 1  A9 15        L02BD:	lda     #$15
000C93r 1  20 rr rr     	jsr     _increment_counter
000C96r 1  4C rr rr     L02B6:	jmp     incsp1
000C99r 1               
000C99r 1               .endproc
000C99r 1               
000C99r 1               ; ---------------------------------------------------------------
000C99r 1               ; void __near__ increment_counter (unsigned char)
000C99r 1               ; ---------------------------------------------------------------
000C99r 1               
000C99r 1               .segment	"CODE"
000C99r 1               
000C99r 1               .proc	_increment_counter: near
000C99r 1               
000C99r 1               .segment	"CODE"
000C99r 1               
000C99r 1  20 rr rr     	jsr     pusha
000C9Cr 1  A0 00        	ldy     #$00
000C9Er 1  B1 rr        	lda     (sp),y
000CA0r 1  18           	clc
000CA1r 1  69 B0        	adc     #$B0
000CA3r 1  85 rr        	sta     ptr1
000CA5r 1  98           	tya
000CA6r 1  69 F1        	adc     #$F1
000CA8r 1  85 rr        	sta     ptr1+1
000CAAr 1  A9 01        	lda     #$01
000CACr 1  18           	clc
000CADr 1  71 rr        	adc     (ptr1),y
000CAFr 1  91 rr        	sta     (ptr1),y
000CB1r 1  B1 rr        	lda     (sp),y
000CB3r 1  18           	clc
000CB4r 1  69 B0        	adc     #$B0
000CB6r 1  85 rr        	sta     ptr1
000CB8r 1  98           	tya
000CB9r 1  69 F1        	adc     #$F1
000CBBr 1  85 rr        	sta     ptr1+1
000CBDr 1  B1 rr        	lda     (ptr1),y
000CBFr 1  D0 1A        	bne     L0009
000CC1r 1  AA           	tax
000CC2r 1  B1 rr        	lda     (sp),y
000CC4r 1  18           	clc
000CC5r 1  69 01        	adc     #$01
000CC7r 1  90 02        	bcc     L03F8
000CC9r 1  E8           	inx
000CCAr 1  18           	clc
000CCBr 1  69 B0        L03F8:	adc     #$B0
000CCDr 1  85 rr        	sta     ptr1
000CCFr 1  8A           	txa
000CD0r 1  69 F1        	adc     #$F1
000CD2r 1  85 rr        	sta     ptr1+1
000CD4r 1  A9 01        	lda     #$01
000CD6r 1  18           	clc
000CD7r 1  71 rr        	adc     (ptr1),y
000CD9r 1  91 rr        	sta     (ptr1),y
000CDBr 1  4C rr rr     L0009:	jmp     incsp1
000CDEr 1               
000CDEr 1               .endproc
000CDEr 1               
000CDEr 1               ; ---------------------------------------------------------------
000CDEr 1               ; void __near__ apply_pointer (unsigned int, unsigned char)
000CDEr 1               ; ---------------------------------------------------------------
000CDEr 1               
000CDEr 1               .segment	"CODE"
000CDEr 1               
000CDEr 1               .proc	_apply_pointer: near
000CDEr 1               
000CDEr 1               .segment	"CODE"
000CDEr 1               
000CDEr 1  20 rr rr     	jsr     pusha
000CE1r 1  A0 02        	ldy     #$02
000CE3r 1  B1 rr        	lda     (sp),y
000CE5r 1  AA           	tax
000CE6r 1  88           	dey
000CE7r 1  B1 rr        	lda     (sp),y
000CE9r 1  20 rr rr     	jsr     _udeks_vic_pointer_set_x
000CECr 1  A0 00        	ldy     #$00
000CEEr 1  B1 rr        	lda     (sp),y
000CF0r 1  20 rr rr     	jsr     _udeks_vic_pointer_set_y
000CF3r 1  A0 01        	ldy     #$01
000CF5r 1  B1 rr        	lda     (sp),y
000CF7r 1  8D BA F1     	sta     $F1BA
000CFAr 1  C8           	iny
000CFBr 1  B1 rr        	lda     (sp),y
000CFDr 1  8D BB F1     	sta     $F1BB
000D00r 1  A0 00        	ldy     #$00
000D02r 1  B1 rr        	lda     (sp),y
000D04r 1  8D BC F1     	sta     $F1BC
000D07r 1  4C rr rr     	jmp     incsp3
000D0Ar 1               
000D0Ar 1               .endproc
000D0Ar 1               
000D0Ar 1               ; ---------------------------------------------------------------
000D0Ar 1               ; void __near__ update_pointer (void)
000D0Ar 1               ; ---------------------------------------------------------------
000D0Ar 1               
000D0Ar 1               .segment	"CODE"
000D0Ar 1               
000D0Ar 1               .proc	_update_pointer: near
000D0Ar 1               
000D0Ar 1               .segment	"CODE"
000D0Ar 1               
000D0Ar 1  20 rr rr     	jsr     decsp3
000D0Dr 1  20 rr rr     	jsr     _udeks_pointer_x
000D10r 1  A0 01        	ldy     #$01
000D12r 1  20 rr rr     	jsr     staxysp
000D15r 1  20 rr rr     	jsr     _udeks_pointer_y
000D18r 1  A0 00        	ldy     #$00
000D1Ar 1  91 rr        	sta     (sp),y
000D1Cr 1  C8           	iny
000D1Dr 1  B1 rr        	lda     (sp),y
000D1Fr 1  CD BA F1     	cmp     $F1BA
000D22r 1  D0 0F        	bne     L03FB
000D24r 1  AD BB F1     	lda     $F1BB
000D27r 1  20 rr rr     	jsr     pusha0
000D2Ar 1  A0 04        	ldy     #$04
000D2Cr 1  B1 rr        	lda     (sp),y
000D2Er 1  20 rr rr     	jsr     tosicmp0
000D31r 1  F0 18        	beq     L002D
000D33r 1  A0 02        L03FB:	ldy     #$02
000D35r 1  B1 rr        	lda     (sp),y
000D37r 1  AA           	tax
000D38r 1  88           	dey
000D39r 1  B1 rr        	lda     (sp),y
000D3Br 1  20 rr rr     	jsr     _udeks_vic_pointer_set_x
000D3Er 1  A0 01        	ldy     #$01
000D40r 1  B1 rr        	lda     (sp),y
000D42r 1  8D BA F1     	sta     $F1BA
000D45r 1  C8           	iny
000D46r 1  B1 rr        	lda     (sp),y
000D48r 1  8D BB F1     	sta     $F1BB
000D4Br 1  A0 00        L002D:	ldy     #$00
000D4Dr 1  B1 rr        	lda     (sp),y
000D4Fr 1  CD BC F1     	cmp     $F1BC
000D52r 1  F0 0A        	beq     L0044
000D54r 1  20 rr rr     	jsr     _udeks_vic_pointer_set_y
000D57r 1  A0 00        	ldy     #$00
000D59r 1  B1 rr        	lda     (sp),y
000D5Br 1  8D BC F1     	sta     $F1BC
000D5Er 1  4C rr rr     L0044:	jmp     incsp3
000D61r 1               
000D61r 1               .endproc
000D61r 1               
000D61r 1               ; ---------------------------------------------------------------
000D61r 1               ; unsigned int __near__ bitmap_offset (unsigned int, unsigned char)
000D61r 1               ; ---------------------------------------------------------------
000D61r 1               
000D61r 1               .segment	"CODE"
000D61r 1               
000D61r 1               .proc	_bitmap_offset: near
000D61r 1               
000D61r 1               .segment	"CODE"
000D61r 1               
000D61r 1  20 rr rr     	jsr     pusha
000D64r 1  20 rr rr     	jsr     decsp2
000D67r 1  A0 02        	ldy     #$02
000D69r 1  B1 rr        	lda     (sp),y
000D6Br 1  A2 00        	ldx     #$00
000D6Dr 1  29 F8        	and     #$F8
000D6Fr 1  20 rr rr     	jsr     stax0sp
000D72r 1  20 rr rr     	jsr     shlax4
000D75r 1  86 rr        	stx     tmp1
000D77r 1  0A           	asl     a
000D78r 1  26 rr        	rol     tmp1
000D7Ar 1  A6 rr        	ldx     tmp1
000D7Cr 1  85 rr        	sta     ptr1
000D7Er 1  86 rr        	stx     ptr1+1
000D80r 1  A0 01        	ldy     #$01
000D82r 1  B1 rr        	lda     (sp),y
000D84r 1  AA           	tax
000D85r 1  88           	dey
000D86r 1  B1 rr        	lda     (sp),y
000D88r 1  20 rr rr     	jsr     shlax3
000D8Br 1  18           	clc
000D8Cr 1  65 rr        	adc     ptr1
000D8Er 1  85 rr        	sta     ptr1
000D90r 1  8A           	txa
000D91r 1  65 rr        	adc     ptr1+1
000D93r 1  85 rr        	sta     ptr1+1
000D95r 1  A0 04        	ldy     #$04
000D97r 1  B1 rr        	lda     (sp),y
000D99r 1  AA           	tax
000D9Ar 1  88           	dey
000D9Br 1  B1 rr        	lda     (sp),y
000D9Dr 1  29 F8        	and     #$F8
000D9Fr 1  18           	clc
000DA0r 1  65 rr        	adc     ptr1
000DA2r 1  85 rr        	sta     ptr1
000DA4r 1  8A           	txa
000DA5r 1  65 rr        	adc     ptr1+1
000DA7r 1  85 rr        	sta     ptr1+1
000DA9r 1  88           	dey
000DAAr 1  B1 rr        	lda     (sp),y
000DACr 1  29 07        	and     #$07
000DAEr 1  18           	clc
000DAFr 1  65 rr        	adc     ptr1
000DB1r 1  A6 rr        	ldx     ptr1+1
000DB3r 1  90 01        	bcc     L03FC
000DB5r 1  E8           	inx
000DB6r 1  4C rr rr     L03FC:	jmp     incsp5
000DB9r 1               
000DB9r 1               .endproc
000DB9r 1               
000DB9r 1               ; ---------------------------------------------------------------
000DB9r 1               ; unsigned int __near__ unsigned_magnitude (int)
000DB9r 1               ; ---------------------------------------------------------------
000DB9r 1               
000DB9r 1               .segment	"CODE"
000DB9r 1               
000DB9r 1               .proc	_unsigned_magnitude: near
000DB9r 1               
000DB9r 1               .segment	"CODE"
000DB9r 1               
000DB9r 1  20 rr rr     	jsr     pushax
000DBCr 1  A0 01        	ldy     #$01
000DBEr 1  B1 rr        	lda     (sp),y
000DC0r 1  AA           	tax
000DC1r 1  88           	dey
000DC2r 1  E0 80        	cpx     #$80
000DC4r 1  90 0D        	bcc     L005C
000DC6r 1  C8           	iny
000DC7r 1  B1 rr        	lda     (sp),y
000DC9r 1  AA           	tax
000DCAr 1  88           	dey
000DCBr 1  B1 rr        	lda     (sp),y
000DCDr 1  20 rr rr     	jsr     negax
000DD0r 1  4C rr rr     	jmp     incsp2
000DD3r 1  C8           L005C:	iny
000DD4r 1  B1 rr        	lda     (sp),y
000DD6r 1  AA           	tax
000DD7r 1  88           	dey
000DD8r 1  B1 rr        	lda     (sp),y
000DDAr 1  4C rr rr     	jmp     incsp2
000DDDr 1               
000DDDr 1               .endproc
000DDDr 1               
000DDDr 1               ; ---------------------------------------------------------------
000DDDr 1               ; void __near__ outline_word (unsigned char, unsigned char, unsigned int)
000DDDr 1               ; ---------------------------------------------------------------
000DDDr 1               
000DDDr 1               .segment	"CODE"
000DDDr 1               
000DDDr 1               .proc	_outline_word: near
000DDDr 1               
000DDDr 1               .segment	"CODE"
000DDDr 1               
000DDDr 1  20 rr rr     	jsr     pushax
000DE0r 1  A2 00        	ldx     #$00
000DE2r 1  A0 02        	ldy     #$02
000DE4r 1  B1 rr        	lda     (sp),y
000DE6r 1  18           	clc
000DE7r 1  C8           	iny
000DE8r 1  71 rr        	adc     (sp),y
000DEAr 1  90 02        	bcc     L03FF
000DECr 1  E8           	inx
000DEDr 1  18           	clc
000DEEr 1  69 80        L03FF:	adc     #$80
000DF0r 1  85 rr        	sta     ptr1
000DF2r 1  8A           	txa
000DF3r 1  69 F3        	adc     #$F3
000DF5r 1  85 rr        	sta     ptr1+1
000DF7r 1  A0 00        	ldy     #$00
000DF9r 1  B1 rr        	lda     (sp),y
000DFBr 1  91 rr        	sta     (ptr1),y
000DFDr 1  A2 00        	ldx     #$00
000DFFr 1  A0 02        	ldy     #$02
000E01r 1  B1 rr        	lda     (sp),y
000E03r 1  18           	clc
000E04r 1  C8           	iny
000E05r 1  71 rr        	adc     (sp),y
000E07r 1  90 02        	bcc     L0400
000E09r 1  E8           	inx
000E0Ar 1  18           	clc
000E0Br 1  69 01        L0400:	adc     #$01
000E0Dr 1  90 02        	bcc     L0401
000E0Fr 1  E8           	inx
000E10r 1  18           	clc
000E11r 1  69 80        L0401:	adc     #$80
000E13r 1  85 rr        	sta     ptr1
000E15r 1  8A           	txa
000E16r 1  69 F3        	adc     #$F3
000E18r 1  85 rr        	sta     ptr1+1
000E1Ar 1  A0 01        	ldy     #$01
000E1Cr 1  B1 rr        	lda     (sp),y
000E1Er 1  88           	dey
000E1Fr 1  91 rr        	sta     (ptr1),y
000E21r 1  4C rr rr     	jmp     incsp4
000E24r 1               
000E24r 1               .endproc
000E24r 1               
000E24r 1               ; ---------------------------------------------------------------
000E24r 1               ; void __near__ prepare_outline (unsigned char, unsigned int, unsigned char, unsigned int, unsigned char)
000E24r 1               ; ---------------------------------------------------------------
000E24r 1               
000E24r 1               .segment	"CODE"
000E24r 1               
000E24r 1               .proc	_prepare_outline: near
000E24r 1               
000E24r 1               .segment	"CODE"
000E24r 1               
000E24r 1  20 rr rr     	jsr     pusha
000E27r 1  20 rr rr     	jsr     decsp5
000E2Ar 1  A0 09        	ldy     #$09
000E2Cr 1  B1 rr        	lda     (sp),y
000E2Er 1  A0 06        	ldy     #$06
000E30r 1  18           	clc
000E31r 1  71 rr        	adc     (sp),y
000E33r 1  48           	pha
000E34r 1  A0 0A        	ldy     #$0A
000E36r 1  B1 rr        	lda     (sp),y
000E38r 1  A0 07        	ldy     #$07
000E3Ar 1  71 rr        	adc     (sp),y
000E3Cr 1  AA           	tax
000E3Dr 1  68           	pla
000E3Er 1  38           	sec
000E3Fr 1  E9 01        	sbc     #$01
000E41r 1  B0 01        	bcs     L0219
000E43r 1  CA           	dex
000E44r 1  A0 03        L0219:	ldy     #$03
000E46r 1  20 rr rr     	jsr     staxysp
000E49r 1  A0 05        	ldy     #$05
000E4Br 1  B1 rr        	lda     (sp),y
000E4Dr 1  18           	clc
000E4Er 1  A0 08        	ldy     #$08
000E50r 1  71 rr        	adc     (sp),y
000E52r 1  38           	sec
000E53r 1  E9 01        	sbc     #$01
000E55r 1  A0 02        	ldy     #$02
000E57r 1  91 rr        	sta     (sp),y
000E59r 1  A0 0C        	ldy     #$0C
000E5Br 1  20 rr rr     	jsr     pushwysp
000E5Er 1  A0 0A        	ldy     #$0A
000E60r 1  B1 rr        	lda     (sp),y
000E62r 1  20 rr rr     	jsr     _bitmap_offset
000E65r 1  48           	pha
000E66r 1  8A           	txa
000E67r 1  18           	clc
000E68r 1  69 60        	adc     #$60
000E6Ar 1  AA           	tax
000E6Br 1  68           	pla
000E6Cr 1  20 rr rr     	jsr     stax0sp
000E6Fr 1  20 rr rr     	jsr     decsp2
000E72r 1  A0 0D        	ldy     #$0D
000E74r 1  B1 rr        	lda     (sp),y
000E76r 1  A0 01        	ldy     #$01
000E78r 1  91 rr        	sta     (sp),y
000E7Ar 1  A9 00        	lda     #$00
000E7Cr 1  88           	dey
000E7Dr 1  91 rr        	sta     (sp),y
000E7Fr 1  A0 03        	ldy     #$03
000E81r 1  B1 rr        	lda     (sp),y
000E83r 1  AA           	tax
000E84r 1  88           	dey
000E85r 1  B1 rr        	lda     (sp),y
000E87r 1  20 rr rr     	jsr     _outline_word
000E8Ar 1  A0 0C        	ldy     #$0C
000E8Cr 1  20 rr rr     	jsr     pushwysp
000E8Fr 1  A0 04        	ldy     #$04
000E91r 1  B1 rr        	lda     (sp),y
000E93r 1  20 rr rr     	jsr     _bitmap_offset
000E96r 1  48           	pha
000E97r 1  8A           	txa
000E98r 1  18           	clc
000E99r 1  69 60        	adc     #$60
000E9Br 1  AA           	tax
000E9Cr 1  68           	pla
000E9Dr 1  20 rr rr     	jsr     stax0sp
000EA0r 1  20 rr rr     	jsr     decsp2
000EA3r 1  A0 0D        	ldy     #$0D
000EA5r 1  B1 rr        	lda     (sp),y
000EA7r 1  A0 01        	ldy     #$01
000EA9r 1  91 rr        	sta     (sp),y
000EABr 1  A9 02        	lda     #$02
000EADr 1  88           	dey
000EAEr 1  91 rr        	sta     (sp),y
000EB0r 1  A0 03        	ldy     #$03
000EB2r 1  B1 rr        	lda     (sp),y
000EB4r 1  AA           	tax
000EB5r 1  88           	dey
000EB6r 1  B1 rr        	lda     (sp),y
000EB8r 1  20 rr rr     	jsr     _outline_word
000EBBr 1  A0 0B        	ldy     #$0B
000EBDr 1  A2 00        	ldx     #$00
000EBFr 1  B1 rr        	lda     (sp),y
000EC1r 1  18           	clc
000EC2r 1  69 04        	adc     #$04
000EC4r 1  90 02        	bcc     L0403
000EC6r 1  E8           	inx
000EC7r 1  18           	clc
000EC8r 1  69 80        L0403:	adc     #$80
000ECAr 1  48           	pha
000ECBr 1  8A           	txa
000ECCr 1  69 F3        	adc     #$F3
000ECEr 1  AA           	tax
000ECFr 1  68           	pla
000ED0r 1  20 rr rr     	jsr     pushax
000ED3r 1  A0 06        	ldy     #$06
000ED5r 1  B1 rr        	lda     (sp),y
000ED7r 1  AA           	tax
000ED8r 1  88           	dey
000ED9r 1  B1 rr        	lda     (sp),y
000EDBr 1  20 rr rr     	jsr     shrax3
000EDEr 1  20 rr rr     	jsr     pushax
000EE1r 1  A0 0E        	ldy     #$0E
000EE3r 1  B1 rr        	lda     (sp),y
000EE5r 1  AA           	tax
000EE6r 1  88           	dey
000EE7r 1  B1 rr        	lda     (sp),y
000EE9r 1  20 rr rr     	jsr     shrax3
000EECr 1  20 rr rr     	jsr     tossubax
000EEFr 1  18           	clc
000EF0r 1  69 01        	adc     #$01
000EF2r 1  A0 00        	ldy     #$00
000EF4r 1  20 rr rr     	jsr     staspidx
000EF7r 1  A0 0B        	ldy     #$0B
000EF9r 1  A2 00        	ldx     #$00
000EFBr 1  B1 rr        	lda     (sp),y
000EFDr 1  18           	clc
000EFEr 1  69 05        	adc     #$05
000F00r 1  90 02        	bcc     L0404
000F02r 1  E8           	inx
000F03r 1  18           	clc
000F04r 1  69 80        L0404:	adc     #$80
000F06r 1  85 rr        	sta     ptr1
000F08r 1  8A           	txa
000F09r 1  69 F3        	adc     #$F3
000F0Br 1  85 rr        	sta     ptr1+1
000F0Dr 1  A0 09        	ldy     #$09
000F0Fr 1  B1 rr        	lda     (sp),y
000F11r 1  29 07        	and     #$07
000F13r 1  A8           	tay
000F14r 1  A9 FF        	lda     #$FF
000F16r 1  4A           L040A:	lsr     a
000F17r 1  88           	dey
000F18r 1  10 FC        	bpl     L040A
000F1Ar 1  2A           	rol     a
000F1Br 1  A0 00        	ldy     #$00
000F1Dr 1  91 rr        	sta     (ptr1),y
000F1Fr 1  A0 0B        	ldy     #$0B
000F21r 1  A2 00        	ldx     #$00
000F23r 1  B1 rr        	lda     (sp),y
000F25r 1  18           	clc
000F26r 1  69 06        	adc     #$06
000F28r 1  90 02        	bcc     L0405
000F2Ar 1  E8           	inx
000F2Br 1  18           	clc
000F2Cr 1  69 80        L0405:	adc     #$80
000F2Er 1  85 rr        	sta     ptr1
000F30r 1  8A           	txa
000F31r 1  69 F3        	adc     #$F3
000F33r 1  85 rr        	sta     ptr1+1
000F35r 1  A0 03        	ldy     #$03
000F37r 1  B1 rr        	lda     (sp),y
000F39r 1  29 07        	and     #$07
000F3Br 1  A8           	tay
000F3Cr 1  A9 7F        	lda     #$7F
000F3Er 1  4A           L040B:	lsr     a
000F3Fr 1  88           	dey
000F40r 1  10 FC        	bpl     L040B
000F42r 1  2A           	rol     a
000F43r 1  49 FF        	eor     #$FF
000F45r 1  A0 00        	ldy     #$00
000F47r 1  91 rr        	sta     (ptr1),y
000F49r 1  A0 0C        	ldy     #$0C
000F4Br 1  20 rr rr     	jsr     pushwysp
000F4Er 1  A0 0A        	ldy     #$0A
000F50r 1  B1 rr        	lda     (sp),y
000F52r 1  18           	clc
000F53r 1  69 01        	adc     #$01
000F55r 1  20 rr rr     	jsr     _bitmap_offset
000F58r 1  48           	pha
000F59r 1  8A           	txa
000F5Ar 1  18           	clc
000F5Br 1  69 60        	adc     #$60
000F5Dr 1  AA           	tax
000F5Er 1  68           	pla
000F5Fr 1  20 rr rr     	jsr     stax0sp
000F62r 1  20 rr rr     	jsr     decsp2
000F65r 1  A0 0D        	ldy     #$0D
000F67r 1  B1 rr        	lda     (sp),y
000F69r 1  A0 01        	ldy     #$01
000F6Br 1  91 rr        	sta     (sp),y
000F6Dr 1  A9 07        	lda     #$07
000F6Fr 1  88           	dey
000F70r 1  91 rr        	sta     (sp),y
000F72r 1  A0 03        	ldy     #$03
000F74r 1  B1 rr        	lda     (sp),y
000F76r 1  AA           	tax
000F77r 1  88           	dey
000F78r 1  B1 rr        	lda     (sp),y
000F7Ar 1  20 rr rr     	jsr     _outline_word
000F7Dr 1  A0 0B        	ldy     #$0B
000F7Fr 1  A2 00        	ldx     #$00
000F81r 1  B1 rr        	lda     (sp),y
000F83r 1  18           	clc
000F84r 1  69 09        	adc     #$09
000F86r 1  90 02        	bcc     L0406
000F88r 1  E8           	inx
000F89r 1  18           	clc
000F8Ar 1  69 80        L0406:	adc     #$80
000F8Cr 1  85 rr        	sta     ptr1
000F8Er 1  8A           	txa
000F8Fr 1  69 F3        	adc     #$F3
000F91r 1  85 rr        	sta     ptr1+1
000F93r 1  A0 09        	ldy     #$09
000F95r 1  B1 rr        	lda     (sp),y
000F97r 1  29 07        	and     #$07
000F99r 1  A8           	tay
000F9Ar 1  A9 80        	lda     #$80
000F9Cr 1  4A           L040C:	lsr     a
000F9Dr 1  88           	dey
000F9Er 1  10 FC        	bpl     L040C
000FA0r 1  2A           	rol     a
000FA1r 1  A0 00        	ldy     #$00
000FA3r 1  91 rr        	sta     (ptr1),y
000FA5r 1  A0 06        	ldy     #$06
000FA7r 1  20 rr rr     	jsr     pushwysp
000FAAr 1  A0 0A        	ldy     #$0A
000FACr 1  B1 rr        	lda     (sp),y
000FAEr 1  18           	clc
000FAFr 1  69 01        	adc     #$01
000FB1r 1  20 rr rr     	jsr     _bitmap_offset
000FB4r 1  48           	pha
000FB5r 1  8A           	txa
000FB6r 1  18           	clc
000FB7r 1  69 60        	adc     #$60
000FB9r 1  AA           	tax
000FBAr 1  68           	pla
000FBBr 1  20 rr rr     	jsr     stax0sp
000FBEr 1  20 rr rr     	jsr     decsp2
000FC1r 1  A0 0D        	ldy     #$0D
000FC3r 1  B1 rr        	lda     (sp),y
000FC5r 1  A0 01        	ldy     #$01
000FC7r 1  91 rr        	sta     (sp),y
000FC9r 1  A9 0A        	lda     #$0A
000FCBr 1  88           	dey
000FCCr 1  91 rr        	sta     (sp),y
000FCEr 1  A0 03        	ldy     #$03
000FD0r 1  B1 rr        	lda     (sp),y
000FD2r 1  AA           	tax
000FD3r 1  88           	dey
000FD4r 1  B1 rr        	lda     (sp),y
000FD6r 1  20 rr rr     	jsr     _outline_word
000FD9r 1  A0 0B        	ldy     #$0B
000FDBr 1  A2 00        	ldx     #$00
000FDDr 1  B1 rr        	lda     (sp),y
000FDFr 1  18           	clc
000FE0r 1  69 0C        	adc     #$0C
000FE2r 1  90 02        	bcc     L0407
000FE4r 1  E8           	inx
000FE5r 1  18           	clc
000FE6r 1  69 80        L0407:	adc     #$80
000FE8r 1  85 rr        	sta     ptr1
000FEAr 1  8A           	txa
000FEBr 1  69 F3        	adc     #$F3
000FEDr 1  85 rr        	sta     ptr1+1
000FEFr 1  A0 03        	ldy     #$03
000FF1r 1  B1 rr        	lda     (sp),y
000FF3r 1  29 07        	and     #$07
000FF5r 1  A8           	tay
000FF6r 1  A9 80        	lda     #$80
000FF8r 1  4A           L040D:	lsr     a
000FF9r 1  88           	dey
000FFAr 1  10 FC        	bpl     L040D
000FFCr 1  2A           	rol     a
000FFDr 1  A0 00        	ldy     #$00
000FFFr 1  91 rr        	sta     (ptr1),y
001001r 1  A0 0B        	ldy     #$0B
001003r 1  A2 00        	ldx     #$00
001005r 1  B1 rr        	lda     (sp),y
001007r 1  18           	clc
001008r 1  69 0D        	adc     #$0D
00100Ar 1  90 02        	bcc     L0408
00100Cr 1  E8           	inx
00100Dr 1  18           	clc
00100Er 1  69 80        L0408:	adc     #$80
001010r 1  85 rr        	sta     ptr1
001012r 1  8A           	txa
001013r 1  69 F3        	adc     #$F3
001015r 1  85 rr        	sta     ptr1+1
001017r 1  A0 05        	ldy     #$05
001019r 1  B1 rr        	lda     (sp),y
00101Br 1  38           	sec
00101Cr 1  E9 02        	sbc     #$02
00101Er 1  A0 00        	ldy     #$00
001020r 1  91 rr        	sta     (ptr1),y
001022r 1  A0 0B        	ldy     #$0B
001024r 1  A2 00        	ldx     #$00
001026r 1  B1 rr        	lda     (sp),y
001028r 1  18           	clc
001029r 1  69 0E        	adc     #$0E
00102Br 1  90 02        	bcc     L0409
00102Dr 1  E8           	inx
00102Er 1  18           	clc
00102Fr 1  69 80        L0409:	adc     #$80
001031r 1  85 rr        	sta     ptr1
001033r 1  8A           	txa
001034r 1  69 F3        	adc     #$F3
001036r 1  85 rr        	sta     ptr1+1
001038r 1  A0 08        	ldy     #$08
00103Ar 1  B1 rr        	lda     (sp),y
00103Cr 1  18           	clc
00103Dr 1  69 01        	adc     #$01
00103Fr 1  29 07        	and     #$07
001041r 1  A0 00        	ldy     #$00
001043r 1  91 rr        	sta     (ptr1),y
001045r 1  A0 0C        	ldy     #$0C
001047r 1  4C rr rr     	jmp     addysp
00104Ar 1               
00104Ar 1               .endproc
00104Ar 1               
00104Ar 1               ; ---------------------------------------------------------------
00104Ar 1               ; unsigned char __near__ outline_valid (unsigned int, unsigned char, unsigned int, unsigned char)
00104Ar 1               ; ---------------------------------------------------------------
00104Ar 1               
00104Ar 1               .segment	"CODE"
00104Ar 1               
00104Ar 1               .proc	_outline_valid: near
00104Ar 1               
00104Ar 1               .segment	"CODE"
00104Ar 1               
00104Ar 1  20 rr rr     	jsr     pusha
00104Dr 1  A0 02        	ldy     #$02
00104Fr 1  B1 rr        	lda     (sp),y
001051r 1  AA           	tax
001052r 1  88           	dey
001053r 1  B1 rr        	lda     (sp),y
001055r 1  C9 02        	cmp     #$02
001057r 1  8A           	txa
001058r 1  E9 00        	sbc     #$00
00105Ar 1  A9 00        	lda     #$00
00105Cr 1  AA           	tax
00105Dr 1  90 40        	bcc     L0411
00105Fr 1  A1 rr        	lda     (sp,x)
001061r 1  C9 03        	cmp     #$03
001063r 1  8A           	txa
001064r 1  90 39        	bcc     L0411
001066r 1  A0 04        	ldy     #$04
001068r 1  B1 rr        	lda     (sp),y
00106Ar 1  A0 01        	ldy     #$01
00106Cr 1  18           	clc
00106Dr 1  71 rr        	adc     (sp),y
00106Fr 1  48           	pha
001070r 1  A0 05        	ldy     #$05
001072r 1  B1 rr        	lda     (sp),y
001074r 1  A0 02        	ldy     #$02
001076r 1  71 rr        	adc     (sp),y
001078r 1  AA           	tax
001079r 1  68           	pla
00107Ar 1  E0 01        	cpx     #$01
00107Cr 1  D0 02        	bne     L027B
00107Er 1  C9 41        	cmp     #$41
001080r 1  B0 13        L027B:	bcs     L027A
001082r 1  A2 00        	ldx     #$00
001084r 1  A1 rr        	lda     (sp,x)
001086r 1  18           	clc
001087r 1  C8           	iny
001088r 1  71 rr        	adc     (sp),y
00108Ar 1  90 01        	bcc     L040E
00108Cr 1  E8           	inx
00108Dr 1  E0 00        L040E:	cpx     #$00
00108Fr 1  D0 02        	bne     L027C
001091r 1  C9 C9        	cmp     #$C9
001093r 1  90 06        L027C:	bcc     L0279
001095r 1  A2 00        L027A:	ldx     #$00
001097r 1  8A           	txa
001098r 1  4C rr rr     	jmp     incsp6
00109Br 1  A9 01        L0279:	lda     #$01
00109Dr 1  A2 00        	ldx     #$00
00109Fr 1  4C rr rr     L0411:	jmp     incsp6
0010A2r 1               
0010A2r 1               .endproc
0010A2r 1               
0010A2r 1               
