ca65 V2.18 - Fedora 2.19-15.fc44
Main file   : /var/home/salvogendut/Dev/UDEKS/build/window-manager-bounded-repaint/build/window-repaint-raster/compact.s
Current file: /var/home/salvogendut/Dev/UDEKS/build/window-manager-bounded-repaint/build/window-repaint-raster/compact.s

000000r 1               ;
000000r 1               ; File generated by cc65 v 2.18 - Fedora 2.19-15.fc44
000000r 1               ;
000000r 1               	.fopt		compiler,"cc65 v 2.18 - Fedora 2.19-15.fc44"
000000r 1               	.setcpu		"6502"
000000r 1               	.smart		on
000000r 1               	.autoimport	on
000000r 1               	.case		on
000000r 1               	.debuginfo	off
000000r 1               	.importzp	sp, sreg, regsave, regbank
000000r 1               	.importzp	tmp1, tmp2, tmp3, tmp4, ptr1, ptr2, ptr3, ptr4
000000r 1               	.macpack	longbranch
000000r 2               .macro  jeq     Target
000000r 2                       .if     .match(Target, 0)
000000r 2                       bne     *+5
000000r 2                       jmp     Target
000000r 2                       .elseif .def(Target) .and .const((*-2)-(Target)) .and ((*+2)-(Target) <= 127)
000000r 2                               beq     Target
000000r 2                       .else
000000r 2                               bne     *+5
000000r 2                               jmp     Target
000000r 2                       .endif
000000r 2               .endmacro
000000r 2               .macro  jne     Target
000000r 2                       .if     .match(Target, 0)
000000r 2                               beq     *+5
000000r 2                               jmp     Target
000000r 2                       .elseif .def(Target) .and .const((*-2)-(Target)) .and ((*+2)-(Target) <= 127)
000000r 2                               bne     Target
000000r 2                       .else
000000r 2                               beq     *+5
000000r 2                               jmp     Target
000000r 2                       .endif
000000r 2               .endmacro
000000r 2               .macro  jmi     Target
000000r 2                       .if     .match(Target, 0)
000000r 2                               bpl     *+5
000000r 2                               jmp     Target
000000r 2                       .elseif .def(Target) .and .const((*-2)-(Target)) .and ((*+2)-(Target) <= 127)
000000r 2                               bmi     Target
000000r 2                       .else
000000r 2                               bpl     *+5
000000r 2                               jmp     Target
000000r 2                       .endif
000000r 2               .endmacro
000000r 2               .macro  jpl     Target
000000r 2                       .if     .match(Target, 0)
000000r 2                               bmi     *+5
000000r 2                               jmp     Target
000000r 2                       .elseif .def(Target) .and .const((*-2)-(Target)) .and ((*+2)-(Target) <= 127)
000000r 2                               bpl     Target
000000r 2                       .else
000000r 2                               bmi     *+5
000000r 2                               jmp     Target
000000r 2                       .endif
000000r 2               .endmacro
000000r 2               .macro  jcs     Target
000000r 2                       .if     .match(Target, 0)
000000r 2                               bcc     *+5
000000r 2                               jmp     Target
000000r 2                       .elseif .def(Target) .and .const((*-2)-(Target)) .and ((*+2)-(Target) <= 127)
000000r 2                               bcs     Target
000000r 2                       .else
000000r 2                               bcc     *+5
000000r 2                               jmp     Target
000000r 2                       .endif
000000r 2               .endmacro
000000r 2               .macro  jcc     Target
000000r 2                       .if     .match(Target, 0)
000000r 2                               bcs     *+5
000000r 2                               jmp     Target
000000r 2                       .elseif .def(Target) .and .const((*-2)-(Target)) .and ((*+2)-(Target) <= 127)
000000r 2                               bcc     Target
000000r 2                       .else
000000r 2                               bcs     *+5
000000r 2                               jmp     Target
000000r 2                       .endif
000000r 2               .endmacro
000000r 2               .macro  jvs     Target
000000r 2                       .if     .match(Target, 0)
000000r 2                               bvc     *+5
000000r 2                               jmp     Target
000000r 2                       .elseif .def(Target) .and .const((*-2)-(Target)) .and ((*+2)-(Target) <= 127)
000000r 2                               bvs     Target
000000r 2                       .else
000000r 2                               bvc     *+5
000000r 2                               jmp     Target
000000r 2                       .endif
000000r 2               .endmacro
000000r 2               .macro  jvc     Target
000000r 2                       .if     .match(Target, 0)
000000r 2                               bvs     *+5
000000r 2                               jmp     Target
000000r 2                       .elseif .def(Target) .and .const((*-2)-(Target)) .and ((*+2)-(Target) <= 127)
000000r 2                               bvc     Target
000000r 2                       .else
000000r 2                               bvs     *+5
000000r 2                               jmp     Target
000000r 2                       .endif
000000r 2               .endmacro
000000r 2               
000000r 1               	.import		_udeks_pointer_resynchronize
000000r 1               	.import		_udeks_pointer_x
000000r 1               	.import		_udeks_pointer_y
000000r 1               	.import		_udeks_pointer_buttons
000000r 1               	.import		_udeks_vic_graphics_is_active
000000r 1               	.import		_udeks_vic_pointer_busy_begin
000000r 1               	.import		_udeks_vic_pointer_busy_end
000000r 1               	.import		_udeks_vic_bitmap_pixel
000000r 1               	.import		_udeks_vic_bitmap_line
000000r 1               	.import		_udeks_vic_bitmap_rectangle
000000r 1               	.import		_udeks_vic_bitmap_fill
000000r 1               	.import		_udeks_vic_bitmap_set_clip
000000r 1               	.import		_udeks_vic_bitmap_reset_clip
000000r 1               	.import		_udeks_vic_bitmap_outline_toggle
000000r 1               	.import		_udeks_vic_bitmap_outline_move
000000r 1               	.import		_udeks_vic_bitmap_commit
000000r 1               	.export		_udeks_window_manager_start
000000r 1               	.export		_udeks_window_manager_poll
000000r 1               	.export		_udeks_window_manager_stop
000000r 1               	.export		_udeks_window_manager_reset
000000r 1               	.export		_udeks_window_create
000000r 1               	.export		_udeks_window_destroy
000000r 1               	.export		_udeks_window_repaint
000000r 1               	.export		_udeks_window_begin_paint
000000r 1               	.export		_udeks_window_end_paint
000000r 1               	.export		_udeks_window_image_complete
000000r 1               	.export		_udeks_window_get_geometry
000000r 1               	.export		_udeks_window_is_dragging
000000r 1               	.export		_udeks_window_is_focused
000000r 1               	.import		_cache_accept_state
000000r 1               	.import		_cache_owner
000000r 1               	.import		_cache_phase
000000r 1               	.import		_cache_accept_poll
000000r 1               	.import		_cache_step
000000r 1               	.import		_cache_command
000000r 1               
000000r 1               .segment	"RODATA"
000000r 1               
000000r 1               _title_glyphs:
000000r 1  02           	.byte	$02
000001r 1  05           	.byte	$05
000002r 1  07           	.byte	$07
000003r 1  05           	.byte	$05
000004r 1  05           	.byte	$05
000005r 1  06           	.byte	$06
000006r 1  05           	.byte	$05
000007r 1  06           	.byte	$06
000008r 1  05           	.byte	$05
000009r 1  06           	.byte	$06
00000Ar 1  03           	.byte	$03
00000Br 1  04           	.byte	$04
00000Cr 1  04           	.byte	$04
00000Dr 1  04           	.byte	$04
00000Er 1  03           	.byte	$03
00000Fr 1  06           	.byte	$06
000010r 1  05           	.byte	$05
000011r 1  05           	.byte	$05
000012r 1  05           	.byte	$05
000013r 1  06           	.byte	$06
000014r 1  07           	.byte	$07
000015r 1  04           	.byte	$04
000016r 1  06           	.byte	$06
000017r 1  04           	.byte	$04
000018r 1  07           	.byte	$07
000019r 1  07           	.byte	$07
00001Ar 1  04           	.byte	$04
00001Br 1  06           	.byte	$06
00001Cr 1  04           	.byte	$04
00001Dr 1  04           	.byte	$04
00001Er 1  03           	.byte	$03
00001Fr 1  04           	.byte	$04
000020r 1  05           	.byte	$05
000021r 1  05           	.byte	$05
000022r 1  03           	.byte	$03
000023r 1  05           	.byte	$05
000024r 1  05           	.byte	$05
000025r 1  07           	.byte	$07
000026r 1  05           	.byte	$05
000027r 1  05           	.byte	$05
000028r 1  07           	.byte	$07
000029r 1  02           	.byte	$02
00002Ar 1  02           	.byte	$02
00002Br 1  02           	.byte	$02
00002Cr 1  07           	.byte	$07
00002Dr 1  01           	.byte	$01
00002Er 1  01           	.byte	$01
00002Fr 1  01           	.byte	$01
000030r 1  05           	.byte	$05
000031r 1  02           	.byte	$02
000032r 1  05           	.byte	$05
000033r 1  05           	.byte	$05
000034r 1  06           	.byte	$06
000035r 1  05           	.byte	$05
000036r 1  05           	.byte	$05
000037r 1  04           	.byte	$04
000038r 1  04           	.byte	$04
000039r 1  04           	.byte	$04
00003Ar 1  04           	.byte	$04
00003Br 1  07           	.byte	$07
00003Cr 1  05           	.byte	$05
00003Dr 1  07           	.byte	$07
00003Er 1  07           	.byte	$07
00003Fr 1  05           	.byte	$05
000040r 1  05           	.byte	$05
000041r 1  05           	.byte	$05
000042r 1  07           	.byte	$07
000043r 1  07           	.byte	$07
000044r 1  07           	.byte	$07
000045r 1  05           	.byte	$05
000046r 1  02           	.byte	$02
000047r 1  05           	.byte	$05
000048r 1  05           	.byte	$05
000049r 1  05           	.byte	$05
00004Ar 1  02           	.byte	$02
00004Br 1  06           	.byte	$06
00004Cr 1  05           	.byte	$05
00004Dr 1  06           	.byte	$06
00004Er 1  04           	.byte	$04
00004Fr 1  04           	.byte	$04
000050r 1  02           	.byte	$02
000051r 1  05           	.byte	$05
000052r 1  05           	.byte	$05
000053r 1  03           	.byte	$03
000054r 1  01           	.byte	$01
000055r 1  06           	.byte	$06
000056r 1  05           	.byte	$05
000057r 1  06           	.byte	$06
000058r 1  05           	.byte	$05
000059r 1  05           	.byte	$05
00005Ar 1  03           	.byte	$03
00005Br 1  04           	.byte	$04
00005Cr 1  02           	.byte	$02
00005Dr 1  01           	.byte	$01
00005Er 1  06           	.byte	$06
00005Fr 1  07           	.byte	$07
000060r 1  02           	.byte	$02
000061r 1  02           	.byte	$02
000062r 1  02           	.byte	$02
000063r 1  02           	.byte	$02
000064r 1  05           	.byte	$05
000065r 1  05           	.byte	$05
000066r 1  05           	.byte	$05
000067r 1  05           	.byte	$05
000068r 1  07           	.byte	$07
000069r 1  05           	.byte	$05
00006Ar 1  05           	.byte	$05
00006Br 1  05           	.byte	$05
00006Cr 1  05           	.byte	$05
00006Dr 1  02           	.byte	$02
00006Er 1  05           	.byte	$05
00006Fr 1  05           	.byte	$05
000070r 1  07           	.byte	$07
000071r 1  07           	.byte	$07
000072r 1  05           	.byte	$05
000073r 1  05           	.byte	$05
000074r 1  05           	.byte	$05
000075r 1  02           	.byte	$02
000076r 1  05           	.byte	$05
000077r 1  05           	.byte	$05
000078r 1  05           	.byte	$05
000079r 1  05           	.byte	$05
00007Ar 1  02           	.byte	$02
00007Br 1  02           	.byte	$02
00007Cr 1  02           	.byte	$02
00007Dr 1  07           	.byte	$07
00007Er 1  01           	.byte	$01
00007Fr 1  02           	.byte	$02
000080r 1  04           	.byte	$04
000081r 1  07           	.byte	$07
000082r 1               
000082r 1               .segment	"BSS"
000000r 1               
000000r 1               .segment	"HIGHBSS"
000000r 1               _windows:
000000r 1  00 00 00 00  	.res	56,$00
000004r 1  00 00 00 00  
000008r 1  00 00 00 00  
000038r 1               _active_count:
000038r 1  00           	.res	1,$00
000039r 1               _focused_handle:
000039r 1  00           	.res	1,$00
00003Ar 1               _dragging_handle:
00003Ar 1  00           	.res	1,$00
00003Br 1               _previous_buttons:
00003Br 1  00           	.res	1,$00
00003Cr 1               _drag_pointer_x:
00003Cr 1  00 00        	.res	2,$00
00003Er 1               _drag_pointer_y:
00003Er 1  00           	.res	1,$00
00003Fr 1               _drag_x:
00003Fr 1  00 00        	.res	2,$00
000041r 1               _drag_y:
000041r 1  00           	.res	1,$00
000042r 1               _drag_width:
000042r 1  00 00        	.res	2,$00
000044r 1               _drag_height:
000044r 1  00           	.res	1,$00
000045r 1               _drag_mode:
000045r 1  00           	.res	1,$00
000046r 1               _damage_left:
000046r 1  00 00        	.res	2,$00
000048r 1               _damage_top:
000048r 1  00           	.res	1,$00
000049r 1               _damage_right:
000049r 1  00 00        	.res	2,$00
00004Br 1               _damage_bottom:
00004Br 1  00           	.res	1,$00
00004Cr 1               
00004Cr 1               ; ---------------------------------------------------------------
00004Cr 1               ; unsigned char __near__ udeks_window_manager_start (void)
00004Cr 1               ; ---------------------------------------------------------------
00004Cr 1               
00004Cr 1               .segment	"CODE"
000000r 1               
000000r 1               .proc	_udeks_window_manager_start: near
000000r 1               
000000r 1               .segment	"CODE"
000000r 1               
000000r 1  20 rr rr     	jsr     decsp1
000003r 1  A9 00        	lda     #$00
000005r 1  A8           	tay
000006r 1  91 rr        L05C2:	sta     (sp),y
000008r 1  C9 20        	cmp     #$20
00000Ar 1  B0 19        	bcs     L05C3
00000Cr 1  B1 rr        	lda     (sp),y
00000Er 1  18           	clc
00000Fr 1  69 40        	adc     #$40
000011r 1  85 rr        	sta     ptr1
000013r 1  A9 00        	lda     #$00
000015r 1  69 F2        	adc     #$F2
000017r 1  85 rr        	sta     ptr1+1
000019r 1  A9 00        	lda     #$00
00001Br 1  91 rr        	sta     (ptr1),y
00001Dr 1  18           	clc
00001Er 1  A9 01        	lda     #$01
000020r 1  71 rr        	adc     (sp),y
000022r 1  4C rr rr     	jmp     L05C2
000025r 1  A9 57        L05C3:	lda     #$57
000027r 1  8D 40 F2     	sta     $F240
00002Ar 1  A9 4D        	lda     #$4D
00002Cr 1  8D 41 F2     	sta     $F241
00002Fr 1  A9 47        	lda     #$47
000031r 1  8D 42 F2     	sta     $F242
000034r 1  A9 52        	lda     #$52
000036r 1  8D 43 F2     	sta     $F243
000039r 1  A9 01        	lda     #$01
00003Br 1  8D 44 F2     	sta     $F244
00003Er 1  A9 02        	lda     #$02
000040r 1  8D 45 F2     	sta     $F245
000043r 1  20 rr rr     	jsr     _udeks_window_manager_reset
000046r 1  A2 00        	ldx     #$00
000048r 1  8A           	txa
000049r 1  4C rr rr     	jmp     incsp1
00004Cr 1               
00004Cr 1               .endproc
00004Cr 1               
00004Cr 1               ; ---------------------------------------------------------------
00004Cr 1               ; unsigned char __near__ udeks_window_manager_poll (void)
00004Cr 1               ; ---------------------------------------------------------------
00004Cr 1               
00004Cr 1               .segment	"CODE"
00004Cr 1               
00004Cr 1               .proc	_udeks_window_manager_poll: near
00004Cr 1               
00004Cr 1               .segment	"CODE"
00004Cr 1               
00004Cr 1  20 rr rr     	jsr     decsp7
00004Fr 1  A5 rr        	lda     regbank+4
000051r 1  A6 rr        	ldx     regbank+5
000053r 1  20 rr rr     	jsr     pushax
000056r 1  20 rr rr     	jsr     _udeks_vic_graphics_is_active
000059r 1  C9 00        	cmp     #$00
00005Br 1  D0 04        	bne     L052E
00005Dr 1  AA           	tax
00005Er 1  4C rr rr     	jmp     L05E7
000061r 1  AD rr rr     L052E:	lda     _cache_accept_state
000064r 1  C9 80        	cmp     #$80
000066r 1  B0 03        	bcs     L05C6
000068r 1  20 rr rr     	jsr     _cache_accept_poll
00006Br 1  AD rr rr     L05C6:	lda     _dragging_handle
00006Er 1  F0 03 4C rr  	jne     L05D8
000072r 1  rr           
000073r 1  AD rr rr     	lda     _cache_phase
000076r 1  C9 01        	cmp     #$01
000078r 1  F0 04        	beq     L05CD
00007Ar 1  C9 03        	cmp     #$03
00007Cr 1  D0 75        	bne     L05D8
00007Er 1  AD rr rr     L05CD:	lda     _cache_phase
000081r 1  20 rr rr     	jsr     pusha
000084r 1  A9 04        	lda     #$04
000086r 1  20 rr rr     	jsr     pusha
000089r 1  20 rr rr     L053C:	jsr     _cache_step
00008Cr 1  C9 00        	cmp     #$00
00008Er 1  F0 21        	beq     L053F
000090r 1  AD rr rr     	lda     _cache_owner
000093r 1  20 rr rr     	jsr     _window_by_handle
000096r 1  85 rr        	sta     regbank+4
000098r 1  86 rr        	stx     regbank+4+1
00009Ar 1  E0 00        	cpx     #$00
00009Cr 1  D0 04        	bne     L05E8
00009Er 1  C9 00        	cmp     #$00
0000A0r 1  F0 33        	beq     L053D
0000A2r 1  A5 rr        L05E8:	lda     regbank+4
0000A4r 1  A6 rr        	ldx     regbank+4+1
0000A6r 1  20 rr rr     	jsr     _damage_set
0000A9r 1  A9 00        	lda     #$00
0000ABr 1  20 rr rr     	jsr     _compose_damage
0000AEr 1  4C rr rr     	jmp     L053D
0000B1r 1  A8           L053F:	tay
0000B2r 1  B1 rr        	lda     (sp),y
0000B4r 1  38           	sec
0000B5r 1  E9 01        	sbc     #$01
0000B7r 1  91 rr        	sta     (sp),y
0000B9r 1  C9 00        	cmp     #$00
0000BBr 1  F0 18        	beq     L053D
0000BDr 1  C8           	iny
0000BEr 1  B1 rr        	lda     (sp),y
0000C0r 1  CD rr rr     	cmp     _cache_phase
0000C3r 1  D0 12        	bne     L05EB
0000C5r 1  C9 03        	cmp     #$03
0000C7r 1  D0 C0        	bne     L053C
0000C9r 1  AD 80 F7     	lda     $F780
0000CCr 1  29 07        	and     #$07
0000CEr 1  C9 07        	cmp     #$07
0000D0r 1  F0 05        	beq     L05EB
0000D2r 1  4C rr rr     	jmp     L053C
0000D5r 1  A0 01        L053D:	ldy     #$01
0000D7r 1  B1 rr        L05EB:	lda     (sp),y
0000D9r 1  C9 03        	cmp     #$03
0000DBr 1  D0 13        	bne     L0553
0000DDr 1  AD rr rr     	lda     _cache_phase
0000E0r 1  C9 03        	cmp     #$03
0000E2r 1  D0 09        	bne     L05D7
0000E4r 1  AD 80 F7     	lda     $F780
0000E7r 1  29 07        	and     #$07
0000E9r 1  C9 07        	cmp     #$07
0000EBr 1  D0 03        	bne     L0553
0000EDr 1  20 rr rr     L05D7:	jsr     _udeks_vic_bitmap_commit
0000F0r 1  20 rr rr     L0553:	jsr     incsp2
0000F3r 1  AD rr rr     L05D8:	lda     _cache_phase
0000F6r 1  C9 03        	cmp     #$03
0000F8r 1  D0 03 4C rr  	jeq     L05EA
0000FCr 1  rr           
0000FDr 1  20 rr rr     	jsr     _udeks_pointer_x
000100r 1  38           	sec
000101r 1  E9 0C        	sbc     #$0C
000103r 1  B0 01        	bcs     L0562
000105r 1  CA           	dex
000106r 1  A0 07        L0562:	ldy     #$07
000108r 1  20 rr rr     	jsr     staxysp
00010Br 1  20 rr rr     	jsr     _udeks_pointer_y
00010Er 1  38           	sec
00010Fr 1  E9 28        	sbc     #$28
000111r 1  A0 06        	ldy     #$06
000113r 1  91 rr        	sta     (sp),y
000115r 1  20 rr rr     	jsr     _udeks_pointer_buttons
000118r 1  A0 05        	ldy     #$05
00011Ar 1  91 rr        	sta     (sp),y
00011Cr 1  29 05        	and     #$05
00011Er 1  88           	dey
00011Fr 1  91 rr        	sta     (sp),y
000121r 1  B1 rr        	lda     (sp),y
000123r 1  D0 03 4C rr  	jeq     L05DD
000127r 1  rr           
000128r 1  AD rr rr     	lda     _previous_buttons
00012Br 1  F0 03 4C rr  	jne     L05DD
00012Fr 1  rr           
000130r 1  A0 0A        	ldy     #$0A
000132r 1  20 rr rr     	jsr     pushwysp
000135r 1  A0 08        	ldy     #$08
000137r 1  B1 rr        	lda     (sp),y
000139r 1  20 rr rr     	jsr     _top_window_at
00013Cr 1  A0 03        	ldy     #$03
00013Er 1  91 rr        	sta     (sp),y
000140r 1  20 rr rr     	jsr     _window_by_handle
000143r 1  85 rr        	sta     regbank+4
000145r 1  86 rr        	stx     regbank+4+1
000147r 1  E0 00        	cpx     #$00
000149r 1  D0 07        	bne     L05E9
00014Br 1  C9 00        	cmp     #$00
00014Dr 1  D0 03 4C rr  	jeq     L0577
000151r 1  rr           
000152r 1  A0 03        L05E9:	ldy     #$03
000154r 1  B1 rr        	lda     (sp),y
000156r 1  8D rr rr     	sta     _focused_handle
000159r 1  B1 rr        	lda     (sp),y
00015Br 1  20 rr rr     	jsr     _raise_window
00015Er 1  A0 02        	ldy     #$02
000160r 1  91 rr        	sta     (sp),y
000162r 1  20 rr rr     	jsr     decsp3
000165r 1  A0 0B        	ldy     #$0B
000167r 1  B1 rr        	lda     (sp),y
000169r 1  AA           	tax
00016Ar 1  88           	dey
00016Br 1  B1 rr        	lda     (sp),y
00016Dr 1  A0 01        	ldy     #$01
00016Fr 1  91 rr        	sta     (sp),y
000171r 1  C8           	iny
000172r 1  8A           	txa
000173r 1  91 rr        	sta     (sp),y
000175r 1  A0 09        	ldy     #$09
000177r 1  B1 rr        	lda     (sp),y
000179r 1  A0 00        	ldy     #$00
00017Br 1  91 rr        	sta     (sp),y
00017Dr 1  A5 rr        	lda     regbank+4
00017Fr 1  A6 rr        	ldx     regbank+4+1
000181r 1  20 rr rr     	jsr     _close_hit
000184r 1  C9 00        	cmp     #$00
000186r 1  F0 15        	beq     L057F
000188r 1  A9 1C        	lda     #$1C
00018Ar 1  20 rr rr     	jsr     _increment_counter
00018Dr 1  A0 04        	ldy     #$04
00018Fr 1  B1 rr        	lda     (sp),y
000191r 1  8D rr rr     	sta     _previous_buttons
000194r 1  88           	dey
000195r 1  B1 rr        	lda     (sp),y
000197r 1  20 rr rr     	jsr     _udeks_window_destroy
00019Ar 1  4C rr rr     	jmp     L05EC
00019Dr 1  20 rr rr     L057F:	jsr     decsp3
0001A0r 1  A0 0B        	ldy     #$0B
0001A2r 1  B1 rr        	lda     (sp),y
0001A4r 1  AA           	tax
0001A5r 1  88           	dey
0001A6r 1  B1 rr        	lda     (sp),y
0001A8r 1  A0 01        	ldy     #$01
0001AAr 1  91 rr        	sta     (sp),y
0001ACr 1  C8           	iny
0001ADr 1  8A           	txa
0001AEr 1  91 rr        	sta     (sp),y
0001B0r 1  A0 09        	ldy     #$09
0001B2r 1  B1 rr        	lda     (sp),y
0001B4r 1  A0 00        	ldy     #$00
0001B6r 1  91 rr        	sta     (sp),y
0001B8r 1  A5 rr        	lda     regbank+4
0001BAr 1  A6 rr        	ldx     regbank+4+1
0001BCr 1  20 rr rr     	jsr     _resize_hit
0001BFr 1  C9 00        	cmp     #$00
0001C1r 1  F0 2B        	beq     L058C
0001C3r 1  20 rr rr     	jsr     decsp4
0001C6r 1  A0 07        	ldy     #$07
0001C8r 1  B1 rr        	lda     (sp),y
0001CAr 1  A0 03        	ldy     #$03
0001CCr 1  91 rr        	sta     (sp),y
0001CEr 1  A0 0C        	ldy     #$0C
0001D0r 1  B1 rr        	lda     (sp),y
0001D2r 1  AA           	tax
0001D3r 1  88           	dey
0001D4r 1  B1 rr        	lda     (sp),y
0001D6r 1  A0 01        	ldy     #$01
0001D8r 1  91 rr        	sta     (sp),y
0001DAr 1  C8           	iny
0001DBr 1  8A           	txa
0001DCr 1  91 rr        	sta     (sp),y
0001DEr 1  A0 0A        	ldy     #$0A
0001E0r 1  B1 rr        	lda     (sp),y
0001E2r 1  A0 00        	ldy     #$00
0001E4r 1  91 rr        	sta     (sp),y
0001E6r 1  A9 02        	lda     #$02
0001E8r 1  20 rr rr     	jsr     _begin_drag
0001EBr 1  4C rr rr     	jmp     L05A8
0001EEr 1  20 rr rr     L058C:	jsr     decsp3
0001F1r 1  A0 0B        	ldy     #$0B
0001F3r 1  B1 rr        	lda     (sp),y
0001F5r 1  AA           	tax
0001F6r 1  88           	dey
0001F7r 1  B1 rr        	lda     (sp),y
0001F9r 1  A0 01        	ldy     #$01
0001FBr 1  91 rr        	sta     (sp),y
0001FDr 1  C8           	iny
0001FEr 1  8A           	txa
0001FFr 1  91 rr        	sta     (sp),y
000201r 1  A0 09        	ldy     #$09
000203r 1  B1 rr        	lda     (sp),y
000205r 1  A0 00        	ldy     #$00
000207r 1  91 rr        	sta     (sp),y
000209r 1  A5 rr        	lda     regbank+4
00020Br 1  A6 rr        	ldx     regbank+4+1
00020Dr 1  20 rr rr     	jsr     _title_hit
000210r 1  C9 00        	cmp     #$00
000212r 1  F0 2B        	beq     L0597
000214r 1  20 rr rr     	jsr     decsp4
000217r 1  A0 07        	ldy     #$07
000219r 1  B1 rr        	lda     (sp),y
00021Br 1  A0 03        	ldy     #$03
00021Dr 1  91 rr        	sta     (sp),y
00021Fr 1  A0 0C        	ldy     #$0C
000221r 1  B1 rr        	lda     (sp),y
000223r 1  AA           	tax
000224r 1  88           	dey
000225r 1  B1 rr        	lda     (sp),y
000227r 1  A0 01        	ldy     #$01
000229r 1  91 rr        	sta     (sp),y
00022Br 1  C8           	iny
00022Cr 1  8A           	txa
00022Dr 1  91 rr        	sta     (sp),y
00022Fr 1  A0 0A        	ldy     #$0A
000231r 1  B1 rr        	lda     (sp),y
000233r 1  A0 00        	ldy     #$00
000235r 1  91 rr        	sta     (sp),y
000237r 1  A9 01        	lda     #$01
000239r 1  20 rr rr     	jsr     _begin_drag
00023Cr 1  4C rr rr     	jmp     L05A8
00023Fr 1  A0 02        L0597:	ldy     #$02
000241r 1  B1 rr        	lda     (sp),y
000243r 1  F0 12        	beq     L05A8
000245r 1  A5 rr        	lda     regbank+4
000247r 1  A6 rr        	ldx     regbank+4+1
000249r 1  20 rr rr     	jsr     _damage_set
00024Cr 1  A9 00        	lda     #$00
00024Er 1  20 rr rr     	jsr     _compose_damage
000251r 1  4C rr rr     	jmp     L05A8
000254r 1  8D rr rr     L0577:	sta     _focused_handle
000257r 1  A0 04        L05A8:	ldy     #$04
000259r 1  B1 rr        L05DD:	lda     (sp),y
00025Br 1  D0 0B        	bne     L05E1
00025Dr 1  AD rr rr     	lda     _dragging_handle
000260r 1  F0 06        	beq     L05E1
000262r 1  20 rr rr     	jsr     _finish_drag
000265r 1  4C rr rr     	jmp     L05BA
000268r 1  B1 rr        L05E1:	lda     (sp),y
00026Ar 1  F0 29        	beq     L05E6
00026Cr 1  AD rr rr     	lda     _dragging_handle
00026Fr 1  F0 24        	beq     L05E6
000271r 1  AD rr rr     	lda     _drag_mode
000274r 1  C9 02        	cmp     #$02
000276r 1  D0 0F        	bne     L05B5
000278r 1  A0 0A        	ldy     #$0A
00027Ar 1  20 rr rr     	jsr     pushwysp
00027Dr 1  A0 08        	ldy     #$08
00027Fr 1  B1 rr        	lda     (sp),y
000281r 1  20 rr rr     	jsr     _resize_drag
000284r 1  4C rr rr     	jmp     L05BA
000287r 1  A0 0A        L05B5:	ldy     #$0A
000289r 1  20 rr rr     	jsr     pushwysp
00028Cr 1  A0 08        	ldy     #$08
00028Er 1  B1 rr        	lda     (sp),y
000290r 1  20 rr rr     	jsr     _move_drag
000293r 1  A0 04        L05BA:	ldy     #$04
000295r 1  B1 rr        L05E6:	lda     (sp),y
000297r 1  8D rr rr     	sta     _previous_buttons
00029Ar 1  20 rr rr     L05EC:	jsr     _publish_state
00029Dr 1  A2 00        L05EA:	ldx     #$00
00029Fr 1  8A           	txa
0002A0r 1  48           L05E7:	pha
0002A1r 1  A1 rr        	lda     (sp,x)
0002A3r 1  85 rr        	sta     regbank+4
0002A5r 1  A0 01        	ldy     #$01
0002A7r 1  B1 rr        	lda     (sp),y
0002A9r 1  85 rr        	sta     regbank+5
0002ABr 1  68           	pla
0002ACr 1  A0 09        	ldy     #$09
0002AEr 1  4C rr rr     	jmp     addysp
0002B1r 1               
0002B1r 1               .endproc
0002B1r 1               
0002B1r 1               ; ---------------------------------------------------------------
0002B1r 1               ; unsigned char __near__ udeks_window_manager_stop (void)
0002B1r 1               ; ---------------------------------------------------------------
0002B1r 1               
0002B1r 1               .segment	"CODE"
0002B1r 1               
0002B1r 1               .proc	_udeks_window_manager_stop: near
0002B1r 1               
0002B1r 1               .segment	"CODE"
0002B1r 1               
0002B1r 1  20 rr rr     	jsr     _udeks_window_manager_reset
0002B4r 1  A2 00        	ldx     #$00
0002B6r 1  8A           	txa
0002B7r 1  60           	rts
0002B8r 1               
0002B8r 1               .endproc
0002B8r 1               
0002B8r 1               ; ---------------------------------------------------------------
0002B8r 1               ; void __near__ udeks_window_manager_reset (void)
0002B8r 1               ; ---------------------------------------------------------------
0002B8r 1               
0002B8r 1               .segment	"CODE"
0002B8r 1               
0002B8r 1               .proc	_udeks_window_manager_reset: near
0002B8r 1               
0002B8r 1               .segment	"CODE"
0002B8r 1               
0002B8r 1  20 rr rr     	jsr     decsp1
0002BBr 1  20 rr rr     	jsr     _cache_invalidate
0002BEr 1  A9 00        	lda     #$00
0002C0r 1  A8           	tay
0002C1r 1  91 rr        L05ED:	sta     (sp),y
0002C3r 1  C9 04        	cmp     #$04
0002C5r 1  B0 23        	bcs     L05EE
0002C7r 1  B1 rr        	lda     (sp),y
0002C9r 1  20 rr rr     	jsr     pusha0
0002CCr 1  A9 0E        	lda     #$0E
0002CEr 1  20 rr rr     	jsr     tosmula0
0002D1r 1  18           	clc
0002D2r 1  69 rr        	adc     #<(_windows)
0002D4r 1  85 rr        	sta     ptr1
0002D6r 1  8A           	txa
0002D7r 1  69 rr        	adc     #>(_windows)
0002D9r 1  85 rr        	sta     ptr1+1
0002DBr 1  A9 00        	lda     #$00
0002DDr 1  A0 07        	ldy     #$07
0002DFr 1  91 rr        	sta     (ptr1),y
0002E1r 1  A8           	tay
0002E2r 1  18           	clc
0002E3r 1  A9 01        	lda     #$01
0002E5r 1  71 rr        	adc     (sp),y
0002E7r 1  4C rr rr     	jmp     L05ED
0002EAr 1  98           L05EE:	tya
0002EBr 1  8D rr rr     	sta     _active_count
0002EEr 1  8D rr rr     	sta     _focused_handle
0002F1r 1  8D rr rr     	sta     _dragging_handle
0002F4r 1  8D rr rr     	sta     _drag_mode
0002F7r 1  8D rr rr     	sta     _previous_buttons
0002FAr 1  20 rr rr     	jsr     _publish_state
0002FDr 1  4C rr rr     	jmp     incsp1
000300r 1               
000300r 1               .endproc
000300r 1               
000300r 1               ; ---------------------------------------------------------------
000300r 1               ; unsigned char __near__ udeks_window_create (unsigned char, unsigned char, unsigned char, unsigned int, unsigned char, unsigned int, unsigned char, __near__ const unsigned char *, __near__ __near__ function returning void *, __near__ __near__ function returning void *)
000300r 1               ; ---------------------------------------------------------------
000300r 1               
000300r 1               .segment	"CODE"
000300r 1               
000300r 1               .proc	_udeks_window_create: near
000300r 1               
000300r 1               .segment	"CODE"
000300r 1               
000300r 1  20 rr rr     	jsr     pushax
000303r 1  20 rr rr     	jsr     decsp1
000306r 1  A5 rr        	lda     regbank+4
000308r 1  A6 rr        	ldx     regbank+5
00030Ar 1  20 rr rr     	jsr     pushax
00030Dr 1  A0 0B        	ldy     #$0B
00030Fr 1  B1 rr        	lda     (sp),y
000311r 1  C9 00        	cmp     #$00
000313r 1  D0 05        	bne     L044A
000315r 1  88           	dey
000316r 1  B1 rr        	lda     (sp),y
000318r 1  C9 10        	cmp     #$10
00031Ar 1  90 45        L044A:	bcc     L05F1
00031Cr 1  A0 09        	ldy     #$09
00031Er 1  B1 rr        	lda     (sp),y
000320r 1  C9 12        	cmp     #$12
000322r 1  90 3D        	bcc     L05F1
000324r 1  A0 0D        	ldy     #$0D
000326r 1  B1 rr        	lda     (sp),y
000328r 1  A0 0A        	ldy     #$0A
00032Ar 1  18           	clc
00032Br 1  71 rr        	adc     (sp),y
00032Dr 1  48           	pha
00032Er 1  A0 0E        	ldy     #$0E
000330r 1  B1 rr        	lda     (sp),y
000332r 1  A0 0B        	ldy     #$0B
000334r 1  71 rr        	adc     (sp),y
000336r 1  AA           	tax
000337r 1  68           	pla
000338r 1  C9 41        	cmp     #$41
00033Ar 1  8A           	txa
00033Br 1  E9 01        	sbc     #$01
00033Dr 1  B0 22        	bcs     L05F1
00033Fr 1  A2 00        	ldx     #$00
000341r 1  A0 09        	ldy     #$09
000343r 1  B1 rr        	lda     (sp),y
000345r 1  18           	clc
000346r 1  A0 0C        	ldy     #$0C
000348r 1  71 rr        	adc     (sp),y
00034Ar 1  90 01        	bcc     L05EF
00034Cr 1  E8           	inx
00034Dr 1  C9 C9        L05EF:	cmp     #$C9
00034Fr 1  8A           	txa
000350r 1  E9 00        	sbc     #$00
000352r 1  B0 0D        	bcs     L05F1
000354r 1  A0 10        	ldy     #$10
000356r 1  B1 rr        	lda     (sp),y
000358r 1  C9 01        	cmp     #$01
00035Ar 1  D0 05        	bne     L05F1
00035Cr 1  A9 00        	lda     #$00
00035Er 1  4C rr rr     	jmp     L05F3
000361r 1  A2 00        L05F1:	ldx     #$00
000363r 1  8A           	txa
000364r 1  4C rr rr     	jmp     L0446
000367r 1  A0 02        L05F3:	ldy     #$02
000369r 1  91 rr        L05F0:	sta     (sp),y
00036Br 1  A2 00        	ldx     #$00
00036Dr 1  B1 rr        	lda     (sp),y
00036Fr 1  C9 04        	cmp     #$04
000371r 1  B0 25        	bcs     L05F5
000373r 1  20 rr rr     	jsr     pusha0
000376r 1  A9 0E        	lda     #$0E
000378r 1  20 rr rr     	jsr     tosmula0
00037Br 1  18           	clc
00037Cr 1  69 rr        	adc     #<(_windows)
00037Er 1  85 rr        	sta     ptr1
000380r 1  8A           	txa
000381r 1  69 rr        	adc     #>(_windows)
000383r 1  85 rr        	sta     ptr1+1
000385r 1  A0 07        	ldy     #$07
000387r 1  B1 rr        	lda     (ptr1),y
000389r 1  F0 0A        	beq     L044E
00038Br 1  A0 02        	ldy     #$02
00038Dr 1  18           	clc
00038Er 1  A9 01        	lda     #$01
000390r 1  71 rr        	adc     (sp),y
000392r 1  4C rr rr     	jmp     L05F0
000395r 1  A0 02        L044E:	ldy     #$02
000397r 1  AA           	tax
000398r 1  B1 rr        L05F5:	lda     (sp),y
00039Ar 1  C9 04        	cmp     #$04
00039Cr 1  D0 04        	bne     L05F7
00039Er 1  8A           	txa
00039Fr 1  4C rr rr     	jmp     L0446
0003A2r 1  B1 rr        L05F7:	lda     (sp),y
0003A4r 1  20 rr rr     	jsr     pusha0
0003A7r 1  A9 0E        	lda     #$0E
0003A9r 1  20 rr rr     	jsr     tosmula0
0003ACr 1  18           	clc
0003ADr 1  69 rr        	adc     #<(_windows)
0003AFr 1  A8           	tay
0003B0r 1  8A           	txa
0003B1r 1  69 rr        	adc     #>(_windows)
0003B3r 1  AA           	tax
0003B4r 1  98           	tya
0003B5r 1  85 rr        	sta     regbank+4
0003B7r 1  86 rr        	stx     regbank+4+1
0003B9r 1  85 rr        	sta     ptr1
0003BBr 1  86 rr        	stx     ptr1+1
0003BDr 1  A0 0F        	ldy     #$0F
0003BFr 1  B1 rr        	lda     (sp),y
0003C1r 1  29 0F        	and     #$0F
0003C3r 1  09 01        	ora     #$01
0003C5r 1  09 08        	ora     #$08
0003C7r 1  A0 00        	ldy     #$00
0003C9r 1  91 rr        	sta     (ptr1),y
0003CBr 1  A0 0E        	ldy     #$0E
0003CDr 1  B1 rr        	lda     (sp),y
0003CFr 1  AA           	tax
0003D0r 1  88           	dey
0003D1r 1  B1 rr        	lda     (sp),y
0003D3r 1  A0 01        	ldy     #$01
0003D5r 1  91 rr        	sta     (regbank+4),y
0003D7r 1  C8           	iny
0003D8r 1  8A           	txa
0003D9r 1  91 rr        	sta     (regbank+4),y
0003DBr 1  A0 0C        	ldy     #$0C
0003DDr 1  B1 rr        	lda     (sp),y
0003DFr 1  A0 03        	ldy     #$03
0003E1r 1  91 rr        	sta     (regbank+4),y
0003E3r 1  A0 0B        	ldy     #$0B
0003E5r 1  B1 rr        	lda     (sp),y
0003E7r 1  AA           	tax
0003E8r 1  88           	dey
0003E9r 1  B1 rr        	lda     (sp),y
0003EBr 1  A0 04        	ldy     #$04
0003EDr 1  91 rr        	sta     (regbank+4),y
0003EFr 1  C8           	iny
0003F0r 1  8A           	txa
0003F1r 1  91 rr        	sta     (regbank+4),y
0003F3r 1  A0 09        	ldy     #$09
0003F5r 1  B1 rr        	lda     (sp),y
0003F7r 1  A0 06        	ldy     #$06
0003F9r 1  91 rr        	sta     (regbank+4),y
0003FBr 1  AD rr rr     	lda     _active_count
0003FEr 1  18           	clc
0003FFr 1  69 01        	adc     #$01
000401r 1  C8           	iny
000402r 1  91 rr        	sta     (regbank+4),y
000404r 1  C8           	iny
000405r 1  B1 rr        	lda     (sp),y
000407r 1  AA           	tax
000408r 1  88           	dey
000409r 1  B1 rr        	lda     (sp),y
00040Br 1  C8           	iny
00040Cr 1  91 rr        	sta     (regbank+4),y
00040Er 1  C8           	iny
00040Fr 1  8A           	txa
000410r 1  91 rr        	sta     (regbank+4),y
000412r 1  A0 06        	ldy     #$06
000414r 1  B1 rr        	lda     (sp),y
000416r 1  AA           	tax
000417r 1  88           	dey
000418r 1  B1 rr        	lda     (sp),y
00041Ar 1  A0 0A        	ldy     #$0A
00041Cr 1  91 rr        	sta     (regbank+4),y
00041Er 1  C8           	iny
00041Fr 1  8A           	txa
000420r 1  91 rr        	sta     (regbank+4),y
000422r 1  A0 04        	ldy     #$04
000424r 1  B1 rr        	lda     (sp),y
000426r 1  AA           	tax
000427r 1  88           	dey
000428r 1  B1 rr        	lda     (sp),y
00042Ar 1  A0 0C        	ldy     #$0C
00042Cr 1  91 rr        	sta     (regbank+4),y
00042Er 1  C8           	iny
00042Fr 1  8A           	txa
000430r 1  91 rr        	sta     (regbank+4),y
000432r 1  EE rr rr     	inc     _active_count
000435r 1  A0 02        	ldy     #$02
000437r 1  B1 rr        	lda     (sp),y
000439r 1  18           	clc
00043Ar 1  69 01        	adc     #$01
00043Cr 1  8D rr rr     	sta     _focused_handle
00043Fr 1  A9 10        	lda     #$10
000441r 1  20 rr rr     	jsr     _increment_counter
000444r 1  20 rr rr     	jsr     _publish_state
000447r 1  A5 rr        	lda     regbank+4
000449r 1  A6 rr        	ldx     regbank+4+1
00044Br 1  20 rr rr     	jsr     _damage_set
00044Er 1  A9 00        	lda     #$00
000450r 1  20 rr rr     	jsr     _compose_damage
000453r 1  A2 00        	ldx     #$00
000455r 1  AD rr rr     	lda     _focused_handle
000458r 1  48           L0446:	pha
000459r 1  A1 rr        	lda     (sp,x)
00045Br 1  85 rr        	sta     regbank+4
00045Dr 1  A0 01        	ldy     #$01
00045Fr 1  B1 rr        	lda     (sp),y
000461r 1  85 rr        	sta     regbank+5
000463r 1  68           	pla
000464r 1  A0 12        	ldy     #$12
000466r 1  4C rr rr     	jmp     addysp
000469r 1               
000469r 1               .endproc
000469r 1               
000469r 1               ; ---------------------------------------------------------------
000469r 1               ; unsigned char __near__ udeks_window_destroy (unsigned char)
000469r 1               ; ---------------------------------------------------------------
000469r 1               
000469r 1               .segment	"CODE"
000469r 1               
000469r 1               .proc	_udeks_window_destroy: near
000469r 1               
000469r 1               .segment	"CODE"
000469r 1               
000469r 1  20 rr rr     	jsr     pusha
00046Cr 1  A5 rr        	lda     regbank+4
00046Er 1  A6 rr        	ldx     regbank+5
000470r 1  20 rr rr     	jsr     pushax
000473r 1  20 rr rr     	jsr     decsp4
000476r 1  A0 06        	ldy     #$06
000478r 1  B1 rr        	lda     (sp),y
00047Ar 1  20 rr rr     	jsr     _window_by_handle
00047Dr 1  85 rr        	sta     regbank+4
00047Fr 1  86 rr        	stx     regbank+4+1
000481r 1  E0 00        	cpx     #$00
000483r 1  D0 09        	bne     L0485
000485r 1  C9 00        	cmp     #$00
000487r 1  D0 05        	bne     L0485
000489r 1  A9 01        	lda     #$01
00048Br 1  4C rr rr     	jmp     L0481
00048Er 1  A0 0D        L0485:	ldy     #$0D
000490r 1  B1 rr        	lda     (regbank+4),y
000492r 1  AA           	tax
000493r 1  88           	dey
000494r 1  B1 rr        	lda     (regbank+4),y
000496r 1  A0 02        	ldy     #$02
000498r 1  20 rr rr     	jsr     staxysp
00049Br 1  A0 07        	ldy     #$07
00049Dr 1  B1 rr        	lda     (regbank+4),y
00049Fr 1  A0 00        	ldy     #$00
0004A1r 1  91 rr        	sta     (sp),y
0004A3r 1  A5 rr        	lda     regbank+4
0004A5r 1  A6 rr        	ldx     regbank+4+1
0004A7r 1  20 rr rr     	jsr     _damage_set
0004AAr 1  A0 06        	ldy     #$06
0004ACr 1  B1 rr        	lda     (sp),y
0004AEr 1  CD rr rr     	cmp     _dragging_handle
0004B1r 1  D0 35        	bne     L048F
0004B3r 1  20 rr rr     	jsr     _udeks_vic_bitmap_reset_clip
0004B6r 1  20 rr rr     	jsr     decsp5
0004B9r 1  AD rr rr     	lda     _drag_x
0004BCr 1  A0 03        	ldy     #$03
0004BEr 1  91 rr        	sta     (sp),y
0004C0r 1  C8           	iny
0004C1r 1  AD rr rr     	lda     _drag_x+1
0004C4r 1  91 rr        	sta     (sp),y
0004C6r 1  AD rr rr     	lda     _drag_y
0004C9r 1  A0 02        	ldy     #$02
0004CBr 1  91 rr        	sta     (sp),y
0004CDr 1  AD rr rr     	lda     _drag_width
0004D0r 1  A0 00        	ldy     #$00
0004D2r 1  91 rr        	sta     (sp),y
0004D4r 1  C8           	iny
0004D5r 1  AD rr rr     	lda     _drag_width+1
0004D8r 1  91 rr        	sta     (sp),y
0004DAr 1  AD rr rr     	lda     _drag_height
0004DDr 1  20 rr rr     	jsr     _udeks_vic_bitmap_outline_toggle
0004E0r 1  A9 00        	lda     #$00
0004E2r 1  8D rr rr     	sta     _dragging_handle
0004E5r 1  8D rr rr     	sta     _drag_mode
0004E8r 1  A9 00        L048F:	lda     #$00
0004EAr 1  A0 07        	ldy     #$07
0004ECr 1  91 rr        	sta     (regbank+4),y
0004EEr 1  CE rr rr     	dec     _active_count
0004F1r 1  A0 01        	ldy     #$01
0004F3r 1  91 rr        L05F9:	sta     (sp),y
0004F5r 1  C9 04        	cmp     #$04
0004F7r 1  B0 48        	bcs     L049F
0004F9r 1  B1 rr        	lda     (sp),y
0004FBr 1  20 rr rr     	jsr     pusha0
0004FEr 1  A9 0E        	lda     #$0E
000500r 1  20 rr rr     	jsr     tosmula0
000503r 1  18           	clc
000504r 1  69 rr        	adc     #<(_windows)
000506r 1  85 rr        	sta     ptr1
000508r 1  8A           	txa
000509r 1  69 rr        	adc     #>(_windows)
00050Br 1  85 rr        	sta     ptr1+1
00050Dr 1  A0 07        	ldy     #$07
00050Fr 1  B1 rr        	lda     (ptr1),y
000511r 1  38           	sec
000512r 1  A0 00        	ldy     #$00
000514r 1  F1 rr        	sbc     (sp),y
000516r 1  90 20        	bcc     L04A0
000518r 1  F0 1E        	beq     L04A0
00051Ar 1  C8           	iny
00051Br 1  B1 rr        	lda     (sp),y
00051Dr 1  20 rr rr     	jsr     pusha0
000520r 1  A9 0E        	lda     #$0E
000522r 1  20 rr rr     	jsr     tosmula0
000525r 1  18           	clc
000526r 1  69 rr        	adc     #<(_windows)
000528r 1  85 rr        	sta     ptr1
00052Ar 1  8A           	txa
00052Br 1  69 rr        	adc     #>(_windows)
00052Dr 1  85 rr        	sta     ptr1+1
00052Fr 1  A0 07        	ldy     #$07
000531r 1  B1 rr        	lda     (ptr1),y
000533r 1  38           	sec
000534r 1  E9 01        	sbc     #$01
000536r 1  91 rr        	sta     (ptr1),y
000538r 1  A0 01        L04A0:	ldy     #$01
00053Ar 1  18           	clc
00053Br 1  98           	tya
00053Cr 1  71 rr        	adc     (sp),y
00053Er 1  4C rr rr     	jmp     L05F9
000541r 1  20 rr rr     L049F:	jsr     _top_window
000544r 1  8D rr rr     	sta     _focused_handle
000547r 1  A9 00        	lda     #$00
000549r 1  20 rr rr     	jsr     _compose_damage
00054Cr 1  A9 12        	lda     #$12
00054Er 1  20 rr rr     	jsr     _increment_counter
000551r 1  20 rr rr     	jsr     _publish_state
000554r 1  A0 02        	ldy     #$02
000556r 1  B1 rr        	lda     (sp),y
000558r 1  C8           	iny
000559r 1  11 rr        	ora     (sp),y
00055Br 1  F0 22        	beq     L04B2
00055Dr 1  B1 rr        	lda     (sp),y
00055Fr 1  AA           	tax
000560r 1  88           	dey
000561r 1  B1 rr        	lda     (sp),y
000563r 1  20 rr rr     	jsr     pushax
000566r 1  A0 08        	ldy     #$08
000568r 1  B1 rr        	lda     (sp),y
00056Ar 1  48           	pha
00056Br 1  A0 00        	ldy     #$00
00056Dr 1  B1 rr        	lda     (sp),y
00056Fr 1  8D rr rr     	sta     jmpvec+1
000572r 1  C8           	iny
000573r 1  B1 rr        	lda     (sp),y
000575r 1  8D rr rr     	sta     jmpvec+2
000578r 1  68           	pla
000579r 1  20 rr rr     	jsr     jmpvec
00057Cr 1  20 rr rr     	jsr     incsp2
00057Fr 1  A2 00        L04B2:	ldx     #$00
000581r 1  8A           	txa
000582r 1  48           L0481:	pha
000583r 1  A0 04        	ldy     #$04
000585r 1  B1 rr        	lda     (sp),y
000587r 1  85 rr        	sta     regbank+4
000589r 1  C8           	iny
00058Ar 1  B1 rr        	lda     (sp),y
00058Cr 1  85 rr        	sta     regbank+5
00058Er 1  68           	pla
00058Fr 1  4C rr rr     	jmp     incsp7
000592r 1               
000592r 1               .endproc
000592r 1               
000592r 1               ; ---------------------------------------------------------------
000592r 1               ; unsigned char __near__ udeks_window_repaint (unsigned char)
000592r 1               ; ---------------------------------------------------------------
000592r 1               
000592r 1               .segment	"CODE"
000592r 1               
000592r 1               .proc	_udeks_window_repaint: near
000592r 1               
000592r 1               .segment	"CODE"
000592r 1               
000592r 1  20 rr rr     	jsr     pusha
000595r 1  A5 rr        	lda     regbank+4
000597r 1  A6 rr        	ldx     regbank+5
000599r 1  20 rr rr     	jsr     pushax
00059Cr 1  A0 02        	ldy     #$02
00059Er 1  B1 rr        	lda     (sp),y
0005A0r 1  20 rr rr     	jsr     _window_by_handle
0005A3r 1  85 rr        	sta     regbank+4
0005A5r 1  86 rr        	stx     regbank+4+1
0005A7r 1  E0 00        	cpx     #$00
0005A9r 1  D0 09        	bne     L04BC
0005ABr 1  C9 00        	cmp     #$00
0005ADr 1  D0 05        	bne     L04BC
0005AFr 1  A9 01        	lda     #$01
0005B1r 1  4C rr rr     	jmp     L04B8
0005B4r 1  AD rr rr     L04BC:	lda     _dragging_handle
0005B7r 1  F0 03 4C rr  	jne     L04F8
0005BBr 1  rr           
0005BCr 1  AA           	tax
0005BDr 1  AD rr rr     	lda     _cache_phase
0005C0r 1  C9 01        	cmp     #$01
0005C2r 1  D0 03 4C rr  	jeq     L05FC
0005C6r 1  rr           
0005C7r 1  C9 03        	cmp     #$03
0005C9r 1  D0 03 4C rr  	jeq     L05FC
0005CDr 1  rr           
0005CEr 1  A5 rr        	lda     regbank+4
0005D0r 1  A6 rr        	ldx     regbank+4+1
0005D2r 1  20 rr rr     	jsr     _damage_set
0005D5r 1  AD rr rr     	lda     _cache_phase
0005D8r 1  C9 02        	cmp     #$02
0005DAr 1  D0 08        	bne     L0602
0005DCr 1  A8           	tay
0005DDr 1  B1 rr        	lda     (sp),y
0005DFr 1  CD rr rr     	cmp     _cache_owner
0005E2r 1  D0 05        	bne     L0603
0005E4r 1  A9 00        L0602:	lda     #$00
0005E6r 1  4C rr rr     	jmp     L0605
0005E9r 1  AD rr rr     L0603:	lda     _cache_owner
0005ECr 1  20 rr rr     	jsr     _window_by_handle
0005EFr 1  85 rr        	sta     regbank+4
0005F1r 1  86 rr        	stx     regbank+4+1
0005F3r 1  AD rr rr     	lda     _damage_left
0005F6r 1  AE rr rr     	ldx     _damage_left+1
0005F9r 1  20 rr rr     	jsr     pushax
0005FCr 1  A0 02        	ldy     #$02
0005FEr 1  B1 rr        	lda     (regbank+4),y
000600r 1  AA           	tax
000601r 1  88           	dey
000602r 1  B1 rr        	lda     (regbank+4),y
000604r 1  20 rr rr     	jsr     tosicmp
000607r 1  B0 03 4C rr  	jcc     L04CD
00060Br 1  rr           
00060Cr 1  AD rr rr     	lda     _damage_right
00060Fr 1  AE rr rr     	ldx     _damage_right+1
000612r 1  20 rr rr     	jsr     pushax
000615r 1  A0 02        	ldy     #$02
000617r 1  B1 rr        	lda     (regbank+4),y
000619r 1  AA           	tax
00061Ar 1  88           	dey
00061Br 1  B1 rr        	lda     (regbank+4),y
00061Dr 1  20 rr rr     	jsr     pushax
000620r 1  A0 05        	ldy     #$05
000622r 1  B1 rr        	lda     (regbank+4),y
000624r 1  AA           	tax
000625r 1  88           	dey
000626r 1  B1 rr        	lda     (regbank+4),y
000628r 1  20 rr rr     	jsr     tosaddax
00062Br 1  20 rr rr     	jsr     tosicmp
00062Er 1  F0 05        	beq     L05FE
000630r 1  90 03 4C rr  	jcs     L04CD
000634r 1  rr           
000635r 1  AD rr rr     L05FE:	lda     _damage_bottom
000638r 1  20 rr rr     	jsr     pusha0
00063Br 1  A0 03        	ldy     #$03
00063Dr 1  B1 rr        	lda     (regbank+4),y
00063Fr 1  85 rr        	sta     ptr1
000641r 1  A0 06        	ldy     #$06
000643r 1  B1 rr        	lda     (regbank+4),y
000645r 1  18           	clc
000646r 1  65 rr        	adc     ptr1
000648r 1  90 01        	bcc     L05FB
00064Ar 1  E8           	inx
00064Br 1  20 rr rr     L05FB:	jsr     tosicmp
00064Er 1  90 05        	bcc     L04CE
000650r 1  F0 03 4C rr  	jne     L04CD
000654r 1  rr           
000655r 1  A9 82        L04CE:	lda     #$82
000657r 1  8D rr rr     	sta     _cache_phase
00065Ar 1  AD rr rr     	lda     _damage_bottom
00065Dr 1  20 rr rr     	jsr     pusha0
000660r 1  A0 03        	ldy     #$03
000662r 1  B1 rr        	lda     (regbank+4),y
000664r 1  20 rr rr     	jsr     tosicmp0
000667r 1  90 09        	bcc     L04D3
000669r 1  F0 07        	beq     L04D3
00066Br 1  A0 03        	ldy     #$03
00066Dr 1  B1 rr        	lda     (regbank+4),y
00066Fr 1  8D rr rr     	sta     _damage_bottom
000672r 1  AD rr rr     L04D3:	lda     _damage_top
000675r 1  CD rr rr     	cmp     _damage_bottom
000678r 1  B0 10        	bcs     L04D7
00067Ar 1  A9 80        	lda     #$80
00067Cr 1  8D rr rr     	sta     _drag_mode
00067Fr 1  AD rr rr     	lda     _cache_owner
000682r 1  20 rr rr     	jsr     _compose_damage
000685r 1  A9 00        	lda     #$00
000687r 1  8D rr rr     	sta     _drag_mode
00068Ar 1  A0 02        L04D7:	ldy     #$02
00068Cr 1  B1 rr        	lda     (sp),y
00068Er 1  20 rr rr     	jsr     _window_by_handle
000691r 1  85 rr        	sta     regbank+4
000693r 1  86 rr        	stx     regbank+4+1
000695r 1  A0 0B        	ldy     #$0B
000697r 1  B1 rr        	lda     (regbank+4),y
000699r 1  AA           	tax
00069Ar 1  88           	dey
00069Br 1  B1 rr        	lda     (regbank+4),y
00069Dr 1  E0 00        	cpx     #$00
00069Fr 1  D0 04        	bne     L0606
0006A1r 1  C9 00        	cmp     #$00
0006A3r 1  F0 6A        	beq     L0608
0006A5r 1  AD rr rr     L0606:	lda     _damage_bottom
0006A8r 1  20 rr rr     	jsr     pusha0
0006ABr 1  AD rr rr     	lda     _damage_top
0006AEr 1  18           	clc
0006AFr 1  69 0D        	adc     #$0D
0006B1r 1  90 03        	bcc     L05FD
0006B3r 1  A2 01        	ldx     #$01
0006B5r 1  18           	clc
0006B6r 1  69 01        L05FD:	adc     #$01
0006B8r 1  90 01        	bcc     L04E7
0006BAr 1  E8           	inx
0006BBr 1  20 rr rr     L04E7:	jsr     tosicmp
0006BEr 1  90 02        	bcc     L04E3
0006C0r 1  D0 4B        	bne     L0607
0006C2r 1  A0 00        L04E3:	ldy     #$00
0006C4r 1  B1 rr        	lda     (regbank+4),y
0006C6r 1  29 7F        	and     #$7F
0006C8r 1  91 rr        	sta     (regbank+4),y
0006CAr 1  20 rr rr     	jsr     decsp6
0006CDr 1  98           	tya
0006CEr 1  A0 04        	ldy     #$04
0006D0r 1  91 rr        	sta     (sp),y
0006D2r 1  C8           	iny
0006D3r 1  91 rr        	sta     (sp),y
0006D5r 1  A0 02        	ldy     #$02
0006D7r 1  91 rr        	sta     (sp),y
0006D9r 1  C8           	iny
0006DAr 1  91 rr        	sta     (sp),y
0006DCr 1  A8           	tay
0006DDr 1  91 rr        	sta     (sp),y
0006DFr 1  C8           	iny
0006E0r 1  91 rr        	sta     (sp),y
0006E2r 1  AA           	tax
0006E3r 1  20 rr rr     	jsr     _udeks_vic_bitmap_set_clip
0006E6r 1  A0 0B        	ldy     #$0B
0006E8r 1  B1 rr        	lda     (regbank+4),y
0006EAr 1  AA           	tax
0006EBr 1  88           	dey
0006ECr 1  B1 rr        	lda     (regbank+4),y
0006EEr 1  20 rr rr     	jsr     pushax
0006F1r 1  A0 04        	ldy     #$04
0006F3r 1  B1 rr        	lda     (sp),y
0006F5r 1  48           	pha
0006F6r 1  A0 00        	ldy     #$00
0006F8r 1  B1 rr        	lda     (sp),y
0006FAr 1  8D rr rr     	sta     jmpvec+1
0006FDr 1  C8           	iny
0006FEr 1  B1 rr        	lda     (sp),y
000700r 1  8D rr rr     	sta     jmpvec+2
000703r 1  68           	pla
000704r 1  20 rr rr     	jsr     jmpvec
000707r 1  20 rr rr     	jsr     incsp2
00070Ar 1  20 rr rr     	jsr     _udeks_vic_bitmap_reset_clip
00070Dr 1  A2 00        L0607:	ldx     #$00
00070Fr 1  A9 02        L0608:	lda     #$02
000711r 1  8D rr rr     	sta     _cache_phase
000714r 1  4C rr rr     	jmp     L05FC
000717r 1  AD rr rr     L04CD:	lda     _cache_owner
00071Ar 1  20 rr rr     	jsr     _cache_paint_image
00071Dr 1  4C rr rr     	jmp     L04F8
000720r 1  20 rr rr     L0605:	jsr     _compose_damage
000723r 1  A2 00        L04F8:	ldx     #$00
000725r 1  8A           L05FC:	txa
000726r 1  48           L04B8:	pha
000727r 1  A1 rr        	lda     (sp,x)
000729r 1  85 rr        	sta     regbank+4
00072Br 1  A0 01        	ldy     #$01
00072Dr 1  B1 rr        	lda     (sp),y
00072Fr 1  85 rr        	sta     regbank+5
000731r 1  68           	pla
000732r 1  4C rr rr     	jmp     incsp3
000735r 1               
000735r 1               .endproc
000735r 1               
000735r 1               ; ---------------------------------------------------------------
000735r 1               ; unsigned char __near__ udeks_window_begin_paint (unsigned char)
000735r 1               ; ---------------------------------------------------------------
000735r 1               
000735r 1               .segment	"CODE"
000735r 1               
000735r 1               .proc	_udeks_window_begin_paint: near
000735r 1               
000735r 1               .segment	"CODE"
000735r 1               
000735r 1  20 rr rr     	jsr     pusha
000738r 1  A5 rr        	lda     regbank+4
00073Ar 1  A6 rr        	ldx     regbank+5
00073Cr 1  20 rr rr     	jsr     pushax
00073Fr 1  A0 02        	ldy     #$02
000741r 1  B1 rr        	lda     (sp),y
000743r 1  20 rr rr     	jsr     _window_by_handle
000746r 1  85 rr        	sta     regbank+4
000748r 1  86 rr        	stx     regbank+4+1
00074Ar 1  E0 00        	cpx     #$00
00074Cr 1  D0 04        	bne     L0612
00074Er 1  C9 00        	cmp     #$00
000750r 1  F0 15        	beq     L0613
000752r 1  AD rr rr     L0612:	lda     _dragging_handle
000755r 1  D0 0E        	bne     L060C
000757r 1  A0 07        	ldy     #$07
000759r 1  B1 rr        	lda     (regbank+4),y
00075Br 1  CD rr rr     	cmp     _active_count
00075Er 1  D0 05        	bne     L060C
000760r 1  A2 00        	ldx     #$00
000762r 1  4C rr rr     	jmp     L060D
000765r 1  A2 00        L060C:	ldx     #$00
000767r 1  A9 01        L0613:	lda     #$01
000769r 1  4C rr rr     	jmp     L0206
00076Cr 1  AD rr rr     L060D:	lda     _cache_phase
00076Fr 1  C9 01        	cmp     #$01
000771r 1  F0 74        	beq     L0206
000773r 1  C9 03        	cmp     #$03
000775r 1  D0 05        	bne     L020F
000777r 1  A9 01        	lda     #$01
000779r 1  4C rr rr     	jmp     L0206
00077Cr 1  20 rr rr     L020F:	jsr     _cache_invalidate
00077Fr 1  A0 00        	ldy     #$00
000781r 1  B1 rr        	lda     (regbank+4),y
000783r 1  29 7F        	and     #$7F
000785r 1  91 rr        	sta     (regbank+4),y
000787r 1  20 rr rr     	jsr     decsp6
00078Ar 1  A0 02        	ldy     #$02
00078Cr 1  B1 rr        	lda     (regbank+4),y
00078Er 1  AA           	tax
00078Fr 1  88           	dey
000790r 1  B1 rr        	lda     (regbank+4),y
000792r 1  18           	clc
000793r 1  69 03        	adc     #$03
000795r 1  90 01        	bcc     L0218
000797r 1  E8           	inx
000798r 1  A0 04        L0218:	ldy     #$04
00079Ar 1  91 rr        	sta     (sp),y
00079Cr 1  C8           	iny
00079Dr 1  8A           	txa
00079Er 1  91 rr        	sta     (sp),y
0007A0r 1  A0 03        	ldy     #$03
0007A2r 1  A2 00        	ldx     #$00
0007A4r 1  B1 rr        	lda     (regbank+4),y
0007A6r 1  18           	clc
0007A7r 1  69 0D        	adc     #$0D
0007A9r 1  90 02        	bcc     L060A
0007ABr 1  E8           	inx
0007ACr 1  18           	clc
0007ADr 1  69 01        L060A:	adc     #$01
0007AFr 1  90 01        	bcc     L021B
0007B1r 1  E8           	inx
0007B2r 1  88           L021B:	dey
0007B3r 1  91 rr        	sta     (sp),y
0007B5r 1  C8           	iny
0007B6r 1  8A           	txa
0007B7r 1  91 rr        	sta     (sp),y
0007B9r 1  A0 05        	ldy     #$05
0007BBr 1  B1 rr        	lda     (regbank+4),y
0007BDr 1  AA           	tax
0007BEr 1  88           	dey
0007BFr 1  B1 rr        	lda     (regbank+4),y
0007C1r 1  38           	sec
0007C2r 1  E9 06        	sbc     #$06
0007C4r 1  B0 01        	bcs     L021D
0007C6r 1  CA           	dex
0007C7r 1  A0 00        L021D:	ldy     #$00
0007C9r 1  91 rr        	sta     (sp),y
0007CBr 1  C8           	iny
0007CCr 1  8A           	txa
0007CDr 1  91 rr        	sta     (sp),y
0007CFr 1  A0 06        	ldy     #$06
0007D1r 1  A2 00        	ldx     #$00
0007D3r 1  B1 rr        	lda     (regbank+4),y
0007D5r 1  38           	sec
0007D6r 1  E9 0D        	sbc     #$0D
0007D8r 1  B0 02        	bcs     L060B
0007DAr 1  CA           	dex
0007DBr 1  38           	sec
0007DCr 1  E9 04        L060B:	sbc     #$04
0007DEr 1  B0 01        	bcs     L0220
0007E0r 1  CA           	dex
0007E1r 1  20 rr rr     L0220:	jsr     _udeks_vic_bitmap_set_clip
0007E4r 1  A2 00        	ldx     #$00
0007E6r 1  8A           	txa
0007E7r 1  48           L0206:	pha
0007E8r 1  A1 rr        	lda     (sp,x)
0007EAr 1  85 rr        	sta     regbank+4
0007ECr 1  A0 01        	ldy     #$01
0007EEr 1  B1 rr        	lda     (sp),y
0007F0r 1  85 rr        	sta     regbank+5
0007F2r 1  68           	pla
0007F3r 1  4C rr rr     	jmp     incsp3
0007F6r 1               
0007F6r 1               .endproc
0007F6r 1               
0007F6r 1               ; ---------------------------------------------------------------
0007F6r 1               ; void __near__ udeks_window_end_paint (void)
0007F6r 1               ; ---------------------------------------------------------------
0007F6r 1               
0007F6r 1               .segment	"CODE"
0007F6r 1               
0007F6r 1               .proc	_udeks_window_end_paint: near
0007F6r 1               
0007F6r 1               .segment	"CODE"
0007F6r 1               
0007F6r 1  20 rr rr     	jsr     _udeks_vic_bitmap_reset_clip
0007F9r 1  4C rr rr     	jmp     _udeks_vic_bitmap_commit
0007FCr 1               
0007FCr 1               .endproc
0007FCr 1               
0007FCr 1               ; ---------------------------------------------------------------
0007FCr 1               ; unsigned char __near__ __fastcall__ udeks_window_image_complete (unsigned char)
0007FCr 1               ; ---------------------------------------------------------------
0007FCr 1               
0007FCr 1               .segment	"CODE"
0007FCr 1               
0007FCr 1               .proc	_udeks_window_image_complete: near
0007FCr 1               
0007FCr 1               .segment	"CODE"
0007FCr 1               
0007FCr 1  20 rr rr     	jsr     pusha
0007FFr 1  A5 rr        	lda     regbank+4
000801r 1  A6 rr        	ldx     regbank+5
000803r 1  20 rr rr     	jsr     pushax
000806r 1  A0 02        	ldy     #$02
000808r 1  B1 rr        	lda     (sp),y
00080Ar 1  20 rr rr     	jsr     _window_by_handle
00080Dr 1  85 rr        	sta     regbank+4
00080Fr 1  86 rr        	stx     regbank+4+1
000811r 1  E0 00        	cpx     #$00
000813r 1  D0 04        	bne     L0619
000815r 1  C9 00        	cmp     #$00
000817r 1  F0 18        	beq     L061B
000819r 1  AD rr rr     L0619:	lda     _dragging_handle
00081Cr 1  D0 11        	bne     L0615
00081Er 1  A0 07        	ldy     #$07
000820r 1  B1 rr        	lda     (regbank+4),y
000822r 1  CD rr rr     	cmp     _active_count
000825r 1  D0 08        	bne     L0615
000827r 1  A0 00        	ldy     #$00
000829r 1  B1 rr        	lda     (regbank+4),y
00082Br 1  29 01        	and     #$01
00082Dr 1  D0 07        	bne     L0229
00082Fr 1  A2 00        L0615:	ldx     #$00
000831r 1  A9 01        L061B:	lda     #$01
000833r 1  4C rr rr     	jmp     L0225
000836r 1  B1 rr        L0229:	lda     (regbank+4),y
000838r 1  09 80        	ora     #$80
00083Ar 1  91 rr        	sta     (regbank+4),y
00083Cr 1  A2 00        	ldx     #$00
00083Er 1  AD rr rr     	lda     _cache_accept_state
000841r 1  C9 80        	cmp     #$80
000843r 1  D0 13        	bne     L061A
000845r 1  AD rr rr     	lda     _cache_phase
000848r 1  D0 0E        	bne     L061A
00084Ar 1  A0 02        	ldy     #$02
00084Cr 1  B1 rr        	lda     (sp),y
00084Er 1  20 rr rr     	jsr     pusha
000851r 1  A9 02        	lda     #$02
000853r 1  20 rr rr     	jsr     _cache_request
000856r 1  A2 00        	ldx     #$00
000858r 1  8A           L061A:	txa
000859r 1  48           L0225:	pha
00085Ar 1  A1 rr        	lda     (sp,x)
00085Cr 1  85 rr        	sta     regbank+4
00085Er 1  A0 01        	ldy     #$01
000860r 1  B1 rr        	lda     (sp),y
000862r 1  85 rr        	sta     regbank+5
000864r 1  68           	pla
000865r 1  4C rr rr     	jmp     incsp3
000868r 1               
000868r 1               .endproc
000868r 1               
000868r 1               ; ---------------------------------------------------------------
000868r 1               ; unsigned char __near__ udeks_window_get_geometry (unsigned char, __near__ unsigned int *, __near__ unsigned char *, __near__ unsigned int *, __near__ unsigned char *)
000868r 1               ; ---------------------------------------------------------------
000868r 1               
000868r 1               .segment	"CODE"
000868r 1               
000868r 1               .proc	_udeks_window_get_geometry: near
000868r 1               
000868r 1               .segment	"CODE"
000868r 1               
000868r 1  20 rr rr     	jsr     pushax
00086Br 1  A5 rr        	lda     regbank+4
00086Dr 1  A6 rr        	ldx     regbank+5
00086Fr 1  20 rr rr     	jsr     pushax
000872r 1  A0 0A        	ldy     #$0A
000874r 1  B1 rr        	lda     (sp),y
000876r 1  20 rr rr     	jsr     _window_by_handle
000879r 1  85 rr        	sta     regbank+4
00087Br 1  86 rr        	stx     regbank+4+1
00087Dr 1  E0 00        	cpx     #$00
00087Fr 1  D0 09        	bne     L0500
000881r 1  C9 00        	cmp     #$00
000883r 1  D0 05        	bne     L0500
000885r 1  A9 01        	lda     #$01
000887r 1  4C rr rr     	jmp     L04FC
00088Ar 1  A0 09        L0500:	ldy     #$09
00088Cr 1  B1 rr        	lda     (sp),y
00088Er 1  85 rr        	sta     ptr1+1
000890r 1  88           	dey
000891r 1  B1 rr        	lda     (sp),y
000893r 1  85 rr        	sta     ptr1
000895r 1  A0 0A        	ldy     #$0A
000897r 1  B1 rr        	lda     (sp),y
000899r 1  CD rr rr     	cmp     _dragging_handle
00089Cr 1  D0 09        	bne     L0506
00089Er 1  AD rr rr     	lda     _drag_x
0008A1r 1  AE rr rr     	ldx     _drag_x+1
0008A4r 1  4C rr rr     	jmp     L0508
0008A7r 1  A0 02        L0506:	ldy     #$02
0008A9r 1  B1 rr        	lda     (regbank+4),y
0008ABr 1  AA           	tax
0008ACr 1  88           	dey
0008ADr 1  B1 rr        	lda     (regbank+4),y
0008AFr 1  A0 00        L0508:	ldy     #$00
0008B1r 1  91 rr        	sta     (ptr1),y
0008B3r 1  C8           	iny
0008B4r 1  8A           	txa
0008B5r 1  91 rr        	sta     (ptr1),y
0008B7r 1  A0 07        	ldy     #$07
0008B9r 1  B1 rr        	lda     (sp),y
0008BBr 1  85 rr        	sta     ptr1+1
0008BDr 1  88           	dey
0008BEr 1  B1 rr        	lda     (sp),y
0008C0r 1  85 rr        	sta     ptr1
0008C2r 1  A0 0A        	ldy     #$0A
0008C4r 1  B1 rr        	lda     (sp),y
0008C6r 1  CD rr rr     	cmp     _dragging_handle
0008C9r 1  D0 06        	bne     L050C
0008CBr 1  AD rr rr     	lda     _drag_y
0008CEr 1  4C rr rr     	jmp     L0623
0008D1r 1  A0 03        L050C:	ldy     #$03
0008D3r 1  B1 rr        	lda     (regbank+4),y
0008D5r 1  A0 00        L0623:	ldy     #$00
0008D7r 1  91 rr        	sta     (ptr1),y
0008D9r 1  A0 05        	ldy     #$05
0008DBr 1  B1 rr        	lda     (sp),y
0008DDr 1  85 rr        	sta     ptr1+1
0008DFr 1  88           	dey
0008E0r 1  B1 rr        	lda     (sp),y
0008E2r 1  85 rr        	sta     ptr1
0008E4r 1  A0 0A        	ldy     #$0A
0008E6r 1  B1 rr        	lda     (sp),y
0008E8r 1  CD rr rr     	cmp     _dragging_handle
0008EBr 1  D0 09        	bne     L0512
0008EDr 1  AD rr rr     	lda     _drag_width
0008F0r 1  AE rr rr     	ldx     _drag_width+1
0008F3r 1  4C rr rr     	jmp     L0514
0008F6r 1  A0 05        L0512:	ldy     #$05
0008F8r 1  B1 rr        	lda     (regbank+4),y
0008FAr 1  AA           	tax
0008FBr 1  88           	dey
0008FCr 1  B1 rr        	lda     (regbank+4),y
0008FEr 1  A0 00        L0514:	ldy     #$00
000900r 1  91 rr        	sta     (ptr1),y
000902r 1  C8           	iny
000903r 1  8A           	txa
000904r 1  91 rr        	sta     (ptr1),y
000906r 1  A0 03        	ldy     #$03
000908r 1  B1 rr        	lda     (sp),y
00090Ar 1  85 rr        	sta     ptr1+1
00090Cr 1  88           	dey
00090Dr 1  B1 rr        	lda     (sp),y
00090Fr 1  85 rr        	sta     ptr1
000911r 1  A0 0A        	ldy     #$0A
000913r 1  B1 rr        	lda     (sp),y
000915r 1  CD rr rr     	cmp     _dragging_handle
000918r 1  D0 06        	bne     L0518
00091Ar 1  AD rr rr     	lda     _drag_height
00091Dr 1  4C rr rr     	jmp     L0625
000920r 1  A0 06        L0518:	ldy     #$06
000922r 1  B1 rr        	lda     (regbank+4),y
000924r 1  A0 00        L0625:	ldy     #$00
000926r 1  91 rr        	sta     (ptr1),y
000928r 1  A2 00        	ldx     #$00
00092Ar 1  8A           	txa
00092Br 1  48           L04FC:	pha
00092Cr 1  A1 rr        	lda     (sp,x)
00092Er 1  85 rr        	sta     regbank+4
000930r 1  A0 01        	ldy     #$01
000932r 1  B1 rr        	lda     (sp),y
000934r 1  85 rr        	sta     regbank+5
000936r 1  68           	pla
000937r 1  A0 0B        	ldy     #$0B
000939r 1  4C rr rr     	jmp     addysp
00093Cr 1               
00093Cr 1               .endproc
00093Cr 1               
00093Cr 1               ; ---------------------------------------------------------------
00093Cr 1               ; unsigned char __near__ udeks_window_is_dragging (unsigned char)
00093Cr 1               ; ---------------------------------------------------------------
00093Cr 1               
00093Cr 1               .segment	"CODE"
00093Cr 1               
00093Cr 1               .proc	_udeks_window_is_dragging: near
00093Cr 1               
00093Cr 1               .segment	"CODE"
00093Cr 1               
00093Cr 1  20 rr rr     	jsr     pusha
00093Fr 1  A2 00        	ldx     #$00
000941r 1  A1 rr        	lda     (sp,x)
000943r 1  F0 0E        	beq     L062B
000945r 1  CD rr rr     	cmp     _dragging_handle
000948r 1  F0 04        	beq     L0629
00094Ar 1  8A           	txa
00094Br 1  4C rr rr     	jmp     incsp1
00094Er 1  A9 01        L0629:	lda     #$01
000950r 1  4C rr rr     	jmp     incsp1
000953r 1  4C rr rr     L062B:	jmp     incsp1
000956r 1               
000956r 1               .endproc
000956r 1               
000956r 1               ; ---------------------------------------------------------------
000956r 1               ; unsigned char __near__ udeks_window_is_focused (unsigned char)
000956r 1               ; ---------------------------------------------------------------
000956r 1               
000956r 1               .segment	"CODE"
000956r 1               
000956r 1               .proc	_udeks_window_is_focused: near
000956r 1               
000956r 1               .segment	"CODE"
000956r 1               
000956r 1  20 rr rr     	jsr     pusha
000959r 1  A2 00        	ldx     #$00
00095Br 1  A1 rr        	lda     (sp,x)
00095Dr 1  F0 0E        	beq     L0631
00095Fr 1  CD rr rr     	cmp     _focused_handle
000962r 1  F0 04        	beq     L062F
000964r 1  8A           	txa
000965r 1  4C rr rr     	jmp     incsp1
000968r 1  A9 01        L062F:	lda     #$01
00096Ar 1  4C rr rr     	jmp     incsp1
00096Dr 1  4C rr rr     L0631:	jmp     incsp1
000970r 1               
000970r 1               .endproc
000970r 1               
000970r 1               ; ---------------------------------------------------------------
000970r 1               ; void __near__ increment_counter (unsigned char)
000970r 1               ; ---------------------------------------------------------------
000970r 1               
000970r 1               .segment	"CODE"
000970r 1               
000970r 1               .proc	_increment_counter: near
000970r 1               
000970r 1               .segment	"CODE"
000970r 1               
000970r 1  20 rr rr     	jsr     pusha
000973r 1  A0 00        	ldy     #$00
000975r 1  B1 rr        	lda     (sp),y
000977r 1  18           	clc
000978r 1  69 40        	adc     #$40
00097Ar 1  85 rr        	sta     ptr1
00097Cr 1  98           	tya
00097Dr 1  69 F2        	adc     #$F2
00097Fr 1  85 rr        	sta     ptr1+1
000981r 1  A9 01        	lda     #$01
000983r 1  18           	clc
000984r 1  71 rr        	adc     (ptr1),y
000986r 1  91 rr        	sta     (ptr1),y
000988r 1  B1 rr        	lda     (sp),y
00098Ar 1  18           	clc
00098Br 1  69 40        	adc     #$40
00098Dr 1  85 rr        	sta     ptr1
00098Fr 1  98           	tya
000990r 1  69 F2        	adc     #$F2
000992r 1  85 rr        	sta     ptr1+1
000994r 1  B1 rr        	lda     (ptr1),y
000996r 1  D0 1A        	bne     L008D
000998r 1  AA           	tax
000999r 1  B1 rr        	lda     (sp),y
00099Br 1  18           	clc
00099Cr 1  69 01        	adc     #$01
00099Er 1  90 02        	bcc     L0632
0009A0r 1  E8           	inx
0009A1r 1  18           	clc
0009A2r 1  69 40        L0632:	adc     #$40
0009A4r 1  85 rr        	sta     ptr1
0009A6r 1  8A           	txa
0009A7r 1  69 F2        	adc     #$F2
0009A9r 1  85 rr        	sta     ptr1+1
0009ABr 1  A9 01        	lda     #$01
0009ADr 1  18           	clc
0009AEr 1  71 rr        	adc     (ptr1),y
0009B0r 1  91 rr        	sta     (ptr1),y
0009B2r 1  4C rr rr     L008D:	jmp     incsp1
0009B5r 1               
0009B5r 1               .endproc
0009B5r 1               
0009B5r 1               ; ---------------------------------------------------------------
0009B5r 1               ; __near__ struct udeks_window * __near__ window_by_handle (unsigned char)
0009B5r 1               ; ---------------------------------------------------------------
0009B5r 1               
0009B5r 1               .segment	"CODE"
0009B5r 1               
0009B5r 1               .proc	_window_by_handle: near
0009B5r 1               
0009B5r 1               .segment	"CODE"
0009B5r 1               
0009B5r 1  20 rr rr     	jsr     pusha
0009B8r 1  A0 00        	ldy     #$00
0009BAr 1  B1 rr        	lda     (sp),y
0009BCr 1  F0 26        	beq     L0633
0009BEr 1  C9 05        	cmp     #$05
0009C0r 1  B0 22        	bcs     L0633
0009C2r 1  A2 00        	ldx     #$00
0009C4r 1  B1 rr        	lda     (sp),y
0009C6r 1  38           	sec
0009C7r 1  E9 01        	sbc     #$01
0009C9r 1  B0 01        	bcs     L009B
0009CBr 1  CA           	dex
0009CCr 1  20 rr rr     L009B:	jsr     pushax
0009CFr 1  A9 0E        	lda     #$0E
0009D1r 1  20 rr rr     	jsr     tosmula0
0009D4r 1  18           	clc
0009D5r 1  69 rr        	adc     #<(_windows)
0009D7r 1  85 rr        	sta     ptr1
0009D9r 1  8A           	txa
0009DAr 1  69 rr        	adc     #>(_windows)
0009DCr 1  85 rr        	sta     ptr1+1
0009DEr 1  A0 07        	ldy     #$07
0009E0r 1  B1 rr        	lda     (ptr1),y
0009E2r 1  D0 06        	bne     L0098
0009E4r 1  A2 00        L0633:	ldx     #$00
0009E6r 1  8A           	txa
0009E7r 1  4C rr rr     	jmp     incsp1
0009EAr 1  A2 00        L0098:	ldx     #$00
0009ECr 1  A1 rr        	lda     (sp,x)
0009EEr 1  38           	sec
0009EFr 1  E9 01        	sbc     #$01
0009F1r 1  B0 01        	bcs     L00A0
0009F3r 1  CA           	dex
0009F4r 1  20 rr rr     L00A0:	jsr     pushax
0009F7r 1  A9 0E        	lda     #$0E
0009F9r 1  20 rr rr     	jsr     tosmula0
0009FCr 1  18           	clc
0009FDr 1  69 rr        	adc     #<(_windows)
0009FFr 1  A8           	tay
000A00r 1  8A           	txa
000A01r 1  69 rr        	adc     #>(_windows)
000A03r 1  AA           	tax
000A04r 1  98           	tya
000A05r 1  4C rr rr     	jmp     incsp1
000A08r 1               
000A08r 1               .endproc
000A08r 1               
000A08r 1               ; ---------------------------------------------------------------
000A08r 1               ; void __near__ publish_state (void)
000A08r 1               ; ---------------------------------------------------------------
000A08r 1               
000A08r 1               .segment	"CODE"
000A08r 1               
000A08r 1               .proc	_publish_state: near
000A08r 1               
000A08r 1               .segment	"CODE"
000A08r 1               
000A08r 1  A5 rr        	lda     regbank+4
000A0Ar 1  A6 rr        	ldx     regbank+5
000A0Cr 1  20 rr rr     	jsr     pushax
000A0Fr 1  AD rr rr     	lda     _active_count
000A12r 1  8D 46 F2     	sta     $F246
000A15r 1  AD rr rr     	lda     _focused_handle
000A18r 1  8D 47 F2     	sta     $F247
000A1Br 1  AD rr rr     	lda     _dragging_handle
000A1Er 1  8D 48 F2     	sta     $F248
000A21r 1  A9 04        	lda     #$04
000A23r 1  8D 4E F2     	sta     $F24E
000A26r 1  A9 3F        	lda     #$3F
000A28r 1  8D 4F F2     	sta     $F24F
000A2Br 1  AD rr rr     	lda     _dragging_handle
000A2Er 1  D0 0C        	bne     L00BB
000A30r 1  8D 49 F2     	sta     $F249
000A33r 1  8D 4A F2     	sta     $F24A
000A36r 1  8D 4B F2     	sta     $F24B
000A39r 1  4C rr rr     	jmp     L0637
000A3Cr 1  AD rr rr     L00BB:	lda     _dragging_handle
000A3Fr 1  20 rr rr     	jsr     _window_by_handle
000A42r 1  85 rr        	sta     regbank+4
000A44r 1  86 rr        	stx     regbank+4+1
000A46r 1  E0 00        	cpx     #$00
000A48r 1  D0 04        	bne     L0635
000A4Ar 1  C9 00        	cmp     #$00
000A4Cr 1  F0 1E        	beq     L00A1
000A4Er 1  AD rr rr     L0635:	lda     _drag_x
000A51r 1  8D 49 F2     	sta     $F249
000A54r 1  AD rr rr     	lda     _drag_x+1
000A57r 1  8D 4A F2     	sta     $F24A
000A5Ar 1  AD rr rr     	lda     _drag_y
000A5Dr 1  8D 4B F2     	sta     $F24B
000A60r 1  AD rr rr     	lda     _drag_width
000A63r 1  8D 4C F2     L0637:	sta     $F24C
000A66r 1  AD rr rr     	lda     _previous_buttons
000A69r 1  8D 4D F2     	sta     $F24D
000A6Cr 1  A0 00        L00A1:	ldy     #$00
000A6Er 1  B1 rr        	lda     (sp),y
000A70r 1  85 rr        	sta     regbank+4
000A72r 1  C8           	iny
000A73r 1  B1 rr        	lda     (sp),y
000A75r 1  85 rr        	sta     regbank+5
000A77r 1  4C rr rr     	jmp     incsp2
000A7Ar 1               
000A7Ar 1               .endproc
000A7Ar 1               
000A7Ar 1               ; ---------------------------------------------------------------
000A7Ar 1               ; unsigned char __near__ point_inside (unsigned int, unsigned char, register __near__ const struct udeks_window *)
000A7Ar 1               ; ---------------------------------------------------------------
000A7Ar 1               
000A7Ar 1               .segment	"CODE"
000A7Ar 1               
000A7Ar 1               .proc	_point_inside: near
000A7Ar 1               
000A7Ar 1               .segment	"CODE"
000A7Ar 1               
000A7Ar 1  20 rr rr     	jsr     pushax
000A7Dr 1  A0 00        	ldy     #$00
000A7Fr 1  A2 04        	ldx     #$04
000A81r 1  20 rr rr     	jsr     regswap2
000A84r 1  A0 06        	ldy     #$06
000A86r 1  20 rr rr     	jsr     pushwysp
000A89r 1  A0 02        	ldy     #$02
000A8Br 1  B1 rr        	lda     (regbank+4),y
000A8Dr 1  AA           	tax
000A8Er 1  88           	dey
000A8Fr 1  B1 rr        	lda     (regbank+4),y
000A91r 1  20 rr rr     	jsr     tosicmp
000A94r 1  90 49        	bcc     L00F8
000A96r 1  A0 06        	ldy     #$06
000A98r 1  20 rr rr     	jsr     pushwysp
000A9Br 1  A0 02        	ldy     #$02
000A9Dr 1  B1 rr        	lda     (regbank+4),y
000A9Fr 1  AA           	tax
000AA0r 1  88           	dey
000AA1r 1  B1 rr        	lda     (regbank+4),y
000AA3r 1  20 rr rr     	jsr     pushax
000AA6r 1  A0 05        	ldy     #$05
000AA8r 1  B1 rr        	lda     (regbank+4),y
000AAAr 1  AA           	tax
000AABr 1  88           	dey
000AACr 1  B1 rr        	lda     (regbank+4),y
000AAEr 1  20 rr rr     	jsr     tosaddax
000AB1r 1  20 rr rr     	jsr     tosicmp
000AB4r 1  B0 29        	bcs     L00F8
000AB6r 1  A0 02        	ldy     #$02
000AB8r 1  B1 rr        	lda     (sp),y
000ABAr 1  20 rr rr     	jsr     pusha0
000ABDr 1  A0 03        	ldy     #$03
000ABFr 1  B1 rr        	lda     (regbank+4),y
000AC1r 1  20 rr rr     	jsr     tosicmp0
000AC4r 1  90 19        	bcc     L00F8
000AC6r 1  A0 02        	ldy     #$02
000AC8r 1  B1 rr        	lda     (sp),y
000ACAr 1  20 rr rr     	jsr     pusha0
000ACDr 1  A0 03        	ldy     #$03
000ACFr 1  B1 rr        	lda     (regbank+4),y
000AD1r 1  85 rr        	sta     ptr1
000AD3r 1  A0 06        	ldy     #$06
000AD5r 1  B1 rr        	lda     (regbank+4),y
000AD7r 1  18           	clc
000AD8r 1  65 rr        	adc     ptr1
000ADAr 1  20 rr rr     	jsr     tosicmp0
000ADDr 1  90 06        	bcc     L00F7
000ADFr 1  A2 00        L00F8:	ldx     #$00
000AE1r 1  8A           	txa
000AE2r 1  4C rr rr     	jmp     L0639
000AE5r 1  A9 01        L00F7:	lda     #$01
000AE7r 1  A2 00        	ldx     #$00
000AE9r 1  48           L0639:	pha
000AEAr 1  A1 rr        	lda     (sp,x)
000AECr 1  85 rr        	sta     regbank+4
000AEEr 1  A0 01        	ldy     #$01
000AF0r 1  B1 rr        	lda     (sp),y
000AF2r 1  85 rr        	sta     regbank+5
000AF4r 1  68           	pla
000AF5r 1  4C rr rr     	jmp     incsp5
000AF8r 1               
000AF8r 1               .endproc
000AF8r 1               
000AF8r 1               ; ---------------------------------------------------------------
000AF8r 1               ; void __near__ damage_set (register __near__ const struct udeks_window *)
000AF8r 1               ; ---------------------------------------------------------------
000AF8r 1               
000AF8r 1               .segment	"CODE"
000AF8r 1               
000AF8r 1               .proc	_damage_set: near
000AF8r 1               
000AF8r 1               .segment	"CODE"
000AF8r 1               
000AF8r 1  20 rr rr     	jsr     pushax
000AFBr 1  A0 00        	ldy     #$00
000AFDr 1  A2 04        	ldx     #$04
000AFFr 1  20 rr rr     	jsr     regswap2
000B02r 1  A0 02        	ldy     #$02
000B04r 1  B1 rr        	lda     (regbank+4),y
000B06r 1  8D rr rr     	sta     _damage_left+1
000B09r 1  88           	dey
000B0Ar 1  B1 rr        	lda     (regbank+4),y
000B0Cr 1  8D rr rr     	sta     _damage_left
000B0Fr 1  A0 03        	ldy     #$03
000B11r 1  B1 rr        	lda     (regbank+4),y
000B13r 1  8D rr rr     	sta     _damage_top
000B16r 1  88           	dey
000B17r 1  B1 rr        	lda     (regbank+4),y
000B19r 1  AA           	tax
000B1Ar 1  88           	dey
000B1Br 1  B1 rr        	lda     (regbank+4),y
000B1Dr 1  20 rr rr     	jsr     pushax
000B20r 1  A0 05        	ldy     #$05
000B22r 1  B1 rr        	lda     (regbank+4),y
000B24r 1  AA           	tax
000B25r 1  88           	dey
000B26r 1  B1 rr        	lda     (regbank+4),y
000B28r 1  20 rr rr     	jsr     tosaddax
000B2Br 1  8D rr rr     	sta     _damage_right
000B2Er 1  8E rr rr     	stx     _damage_right+1
000B31r 1  A0 03        	ldy     #$03
000B33r 1  B1 rr        	lda     (regbank+4),y
000B35r 1  85 rr        	sta     ptr1
000B37r 1  A0 06        	ldy     #$06
000B39r 1  B1 rr        	lda     (regbank+4),y
000B3Br 1  18           	clc
000B3Cr 1  65 rr        	adc     ptr1
000B3Er 1  8D rr rr     	sta     _damage_bottom
000B41r 1  A0 00        	ldy     #$00
000B43r 1  B1 rr        	lda     (sp),y
000B45r 1  85 rr        	sta     regbank+4
000B47r 1  C8           	iny
000B48r 1  B1 rr        	lda     (sp),y
000B4Ar 1  85 rr        	sta     regbank+5
000B4Cr 1  4C rr rr     	jmp     incsp2
000B4Fr 1               
000B4Fr 1               .endproc
000B4Fr 1               
000B4Fr 1               ; ---------------------------------------------------------------
000B4Fr 1               ; void __near__ damage_add (register __near__ const struct udeks_window *)
000B4Fr 1               ; ---------------------------------------------------------------
000B4Fr 1               
000B4Fr 1               .segment	"CODE"
000B4Fr 1               
000B4Fr 1               .proc	_damage_add: near
000B4Fr 1               
000B4Fr 1               .segment	"CODE"
000B4Fr 1               
000B4Fr 1  20 rr rr     	jsr     pushax
000B52r 1  A0 00        	ldy     #$00
000B54r 1  A2 04        	ldx     #$04
000B56r 1  20 rr rr     	jsr     regswap2
000B59r 1  20 rr rr     	jsr     decsp3
000B5Cr 1  A0 02        	ldy     #$02
000B5Er 1  B1 rr        	lda     (regbank+4),y
000B60r 1  AA           	tax
000B61r 1  88           	dey
000B62r 1  B1 rr        	lda     (regbank+4),y
000B64r 1  20 rr rr     	jsr     pushax
000B67r 1  A0 05        	ldy     #$05
000B69r 1  B1 rr        	lda     (regbank+4),y
000B6Br 1  AA           	tax
000B6Cr 1  88           	dey
000B6Dr 1  B1 rr        	lda     (regbank+4),y
000B6Fr 1  20 rr rr     	jsr     tosaddax
000B72r 1  A0 01        	ldy     #$01
000B74r 1  20 rr rr     	jsr     staxysp
000B77r 1  A0 03        	ldy     #$03
000B79r 1  B1 rr        	lda     (regbank+4),y
000B7Br 1  85 rr        	sta     ptr1
000B7Dr 1  A0 06        	ldy     #$06
000B7Fr 1  B1 rr        	lda     (regbank+4),y
000B81r 1  18           	clc
000B82r 1  65 rr        	adc     ptr1
000B84r 1  A0 00        	ldy     #$00
000B86r 1  91 rr        	sta     (sp),y
000B88r 1  A0 02        	ldy     #$02
000B8Ar 1  B1 rr        	lda     (regbank+4),y
000B8Cr 1  AA           	tax
000B8Dr 1  88           	dey
000B8Er 1  B1 rr        	lda     (regbank+4),y
000B90r 1  CD rr rr     	cmp     _damage_left
000B93r 1  8A           	txa
000B94r 1  ED rr rr     	sbc     _damage_left+1
000B97r 1  B0 0C        	bcs     L010B
000B99r 1  C8           	iny
000B9Ar 1  B1 rr        	lda     (regbank+4),y
000B9Cr 1  8D rr rr     	sta     _damage_left+1
000B9Fr 1  88           	dey
000BA0r 1  B1 rr        	lda     (regbank+4),y
000BA2r 1  8D rr rr     	sta     _damage_left
000BA5r 1  A0 03        L010B:	ldy     #$03
000BA7r 1  B1 rr        	lda     (regbank+4),y
000BA9r 1  CD rr rr     	cmp     _damage_top
000BACr 1  B0 03        	bcs     L010F
000BAEr 1  8D rr rr     	sta     _damage_top
000BB1r 1  88           L010F:	dey
000BB2r 1  B1 rr        	lda     (sp),y
000BB4r 1  AA           	tax
000BB5r 1  88           	dey
000BB6r 1  B1 rr        	lda     (sp),y
000BB8r 1  38           	sec
000BB9r 1  ED rr rr     	sbc     _damage_right
000BBCr 1  85 rr        	sta     tmp1
000BBEr 1  8A           	txa
000BBFr 1  ED rr rr     	sbc     _damage_right+1
000BC2r 1  05 rr        	ora     tmp1
000BC4r 1  90 0E        	bcc     L0113
000BC6r 1  F0 0C        	beq     L0113
000BC8r 1  C8           	iny
000BC9r 1  B1 rr        	lda     (sp),y
000BCBr 1  8D rr rr     	sta     _damage_right+1
000BCEr 1  88           	dey
000BCFr 1  B1 rr        	lda     (sp),y
000BD1r 1  8D rr rr     	sta     _damage_right
000BD4r 1  88           L0113:	dey
000BD5r 1  B1 rr        	lda     (sp),y
000BD7r 1  38           	sec
000BD8r 1  ED rr rr     	sbc     _damage_bottom
000BDBr 1  90 07        	bcc     L0117
000BDDr 1  F0 05        	beq     L0117
000BDFr 1  B1 rr        	lda     (sp),y
000BE1r 1  8D rr rr     	sta     _damage_bottom
000BE4r 1  A0 03        L0117:	ldy     #$03
000BE6r 1  B1 rr        	lda     (sp),y
000BE8r 1  85 rr        	sta     regbank+4
000BEAr 1  C8           	iny
000BEBr 1  B1 rr        	lda     (sp),y
000BEDr 1  85 rr        	sta     regbank+5
000BEFr 1  4C rr rr     	jmp     incsp5
000BF2r 1               
000BF2r 1               .endproc
000BF2r 1               
000BF2r 1               ; ---------------------------------------------------------------
000BF2r 1               ; unsigned char __near__ set_damage_intersection (unsigned int, unsigned char, unsigned int, unsigned char)
000BF2r 1               ; ---------------------------------------------------------------
000BF2r 1               
000BF2r 1               .segment	"CODE"
000BF2r 1               
000BF2r 1               .proc	_set_damage_intersection: near
000BF2r 1               
000BF2r 1               .segment	"CODE"
000BF2r 1               
000BF2r 1  20 rr rr     	jsr     pusha
000BF5r 1  20 rr rr     	jsr     decsp6
000BF8r 1  A0 0B        	ldy     #$0B
000BFAr 1  B1 rr        	lda     (sp),y
000BFCr 1  AA           	tax
000BFDr 1  88           	dey
000BFEr 1  B1 rr        	lda     (sp),y
000C00r 1  38           	sec
000C01r 1  ED rr rr     	sbc     _damage_left
000C04r 1  85 rr        	sta     tmp1
000C06r 1  8A           	txa
000C07r 1  ED rr rr     	sbc     _damage_left+1
000C0Ar 1  05 rr        	ora     tmp1
000C0Cr 1  90 0C        	bcc     L011E
000C0Er 1  F0 0A        	beq     L011E
000C10r 1  C8           	iny
000C11r 1  B1 rr        	lda     (sp),y
000C13r 1  AA           	tax
000C14r 1  88           	dey
000C15r 1  B1 rr        	lda     (sp),y
000C17r 1  4C rr rr     	jmp     L0120
000C1Ar 1  AD rr rr     L011E:	lda     _damage_left
000C1Dr 1  AE rr rr     	ldx     _damage_left+1
000C20r 1  A0 04        L0120:	ldy     #$04
000C22r 1  20 rr rr     	jsr     staxysp
000C25r 1  A0 09        	ldy     #$09
000C27r 1  B1 rr        	lda     (sp),y
000C29r 1  38           	sec
000C2Ar 1  ED rr rr     	sbc     _damage_top
000C2Dr 1  90 07        	bcc     L063E
000C2Fr 1  F0 05        	beq     L063E
000C31r 1  B1 rr        	lda     (sp),y
000C33r 1  4C rr rr     	jmp     L0640
000C36r 1  AD rr rr     L063E:	lda     _damage_top
000C39r 1  A0 03        L0640:	ldy     #$03
000C3Br 1  91 rr        	sta     (sp),y
000C3Dr 1  A0 0A        	ldy     #$0A
000C3Fr 1  B1 rr        	lda     (sp),y
000C41r 1  A0 07        	ldy     #$07
000C43r 1  18           	clc
000C44r 1  71 rr        	adc     (sp),y
000C46r 1  48           	pha
000C47r 1  A0 0B        	ldy     #$0B
000C49r 1  B1 rr        	lda     (sp),y
000C4Br 1  A0 08        	ldy     #$08
000C4Dr 1  71 rr        	adc     (sp),y
000C4Fr 1  AA           	tax
000C50r 1  68           	pla
000C51r 1  A0 01        	ldy     #$01
000C53r 1  20 rr rr     	jsr     staxysp
000C56r 1  38           	sec
000C57r 1  ED rr rr     	sbc     _damage_right
000C5Ar 1  85 rr        	sta     tmp1
000C5Cr 1  8A           	txa
000C5Dr 1  ED rr rr     	sbc     _damage_right+1
000C60r 1  05 rr        	ora     tmp1
000C62r 1  90 0D        	bcc     L012A
000C64r 1  F0 0B        	beq     L012A
000C66r 1  AD rr rr     	lda     _damage_right
000C69r 1  AE rr rr     	ldx     _damage_right+1
000C6Cr 1  A0 01        	ldy     #$01
000C6Er 1  20 rr rr     	jsr     staxysp
000C71r 1  A0 06        L012A:	ldy     #$06
000C73r 1  B1 rr        	lda     (sp),y
000C75r 1  18           	clc
000C76r 1  A0 09        	ldy     #$09
000C78r 1  71 rr        	adc     (sp),y
000C7Ar 1  A0 00        	ldy     #$00
000C7Cr 1  91 rr        	sta     (sp),y
000C7Er 1  38           	sec
000C7Fr 1  ED rr rr     	sbc     _damage_bottom
000C82r 1  90 07        	bcc     L0131
000C84r 1  F0 05        	beq     L0131
000C86r 1  AD rr rr     	lda     _damage_bottom
000C89r 1  91 rr        	sta     (sp),y
000C8Br 1  A0 05        L0131:	ldy     #$05
000C8Dr 1  B1 rr        	lda     (sp),y
000C8Fr 1  AA           	tax
000C90r 1  88           	dey
000C91r 1  B1 rr        	lda     (sp),y
000C93r 1  A0 01        	ldy     #$01
000C95r 1  D1 rr        	cmp     (sp),y
000C97r 1  8A           	txa
000C98r 1  C8           	iny
000C99r 1  F1 rr        	sbc     (sp),y
000C9Br 1  B0 09        	bcs     L0641
000C9Dr 1  C8           	iny
000C9Er 1  B1 rr        	lda     (sp),y
000CA0r 1  A0 00        	ldy     #$00
000CA2r 1  D1 rr        	cmp     (sp),y
000CA4r 1  90 06        	bcc     L0135
000CA6r 1  A2 00        L0641:	ldx     #$00
000CA8r 1  8A           	txa
000CA9r 1  4C rr rr     	jmp     L011B
000CACr 1  20 rr rr     L0135:	jsr     decsp6
000CAFr 1  A0 0B        	ldy     #$0B
000CB1r 1  B1 rr        	lda     (sp),y
000CB3r 1  AA           	tax
000CB4r 1  88           	dey
000CB5r 1  B1 rr        	lda     (sp),y
000CB7r 1  A0 04        	ldy     #$04
000CB9r 1  91 rr        	sta     (sp),y
000CBBr 1  C8           	iny
000CBCr 1  8A           	txa
000CBDr 1  91 rr        	sta     (sp),y
000CBFr 1  A0 09        	ldy     #$09
000CC1r 1  B1 rr        	lda     (sp),y
000CC3r 1  A0 02        	ldy     #$02
000CC5r 1  91 rr        	sta     (sp),y
000CC7r 1  C8           	iny
000CC8r 1  A9 00        	lda     #$00
000CCAr 1  91 rr        	sta     (sp),y
000CCCr 1  A0 08        	ldy     #$08
000CCEr 1  B1 rr        	lda     (sp),y
000CD0r 1  AA           	tax
000CD1r 1  88           	dey
000CD2r 1  B1 rr        	lda     (sp),y
000CD4r 1  38           	sec
000CD5r 1  A0 0A        	ldy     #$0A
000CD7r 1  F1 rr        	sbc     (sp),y
000CD9r 1  48           	pha
000CDAr 1  8A           	txa
000CDBr 1  C8           	iny
000CDCr 1  F1 rr        	sbc     (sp),y
000CDEr 1  AA           	tax
000CDFr 1  68           	pla
000CE0r 1  A0 00        	ldy     #$00
000CE2r 1  91 rr        	sta     (sp),y
000CE4r 1  C8           	iny
000CE5r 1  8A           	txa
000CE6r 1  91 rr        	sta     (sp),y
000CE8r 1  A0 06        	ldy     #$06
000CEAr 1  B1 rr        	lda     (sp),y
000CECr 1  38           	sec
000CEDr 1  A0 09        	ldy     #$09
000CEFr 1  F1 rr        	sbc     (sp),y
000CF1r 1  A2 00        	ldx     #$00
000CF3r 1  20 rr rr     	jsr     _udeks_vic_bitmap_set_clip
000CF6r 1  A0 03        	ldy     #$03
000CF8r 1  B1 rr        	lda     (sp),y
000CFAr 1  38           	sec
000CFBr 1  A0 09        	ldy     #$09
000CFDr 1  F1 rr        	sbc     (sp),y
000CFFr 1  8D 8A F7     	sta     $F78A
000D02r 1  A0 00        	ldy     #$00
000D04r 1  B1 rr        	lda     (sp),y
000D06r 1  38           	sec
000D07r 1  A0 09        	ldy     #$09
000D09r 1  F1 rr        	sbc     (sp),y
000D0Br 1  8D 8B F7     	sta     $F78B
000D0Er 1  A0 02        	ldy     #$02
000D10r 1  B1 rr        	lda     (sp),y
000D12r 1  AA           	tax
000D13r 1  88           	dey
000D14r 1  B1 rr        	lda     (sp),y
000D16r 1  38           	sec
000D17r 1  A0 0A        	ldy     #$0A
000D19r 1  F1 rr        	sbc     (sp),y
000D1Br 1  8D 8C F7     	sta     $F78C
000D1Er 1  8A           	txa
000D1Fr 1  C8           	iny
000D20r 1  F1 rr        	sbc     (sp),y
000D22r 1  8D 8D F7     	sta     $F78C+1
000D25r 1  A2 00        	ldx     #$00
000D27r 1  A9 01        	lda     #$01
000D29r 1  A0 0C        L011B:	ldy     #$0C
000D2Br 1  4C rr rr     	jmp     addysp
000D2Er 1               
000D2Er 1               .endproc
000D2Er 1               
000D2Er 1               ; ---------------------------------------------------------------
000D2Er 1               ; void __near__ draw_glyph (int, int, __near__ const unsigned char *)
000D2Er 1               ; ---------------------------------------------------------------
000D2Er 1               
000D2Er 1               .segment	"CODE"
000D2Er 1               
000D2Er 1               .proc	_draw_glyph: near
000D2Er 1               
000D2Er 1               .segment	"CODE"
000D2Er 1               
000D2Er 1  20 rr rr     	jsr     pushax
000D31r 1  20 rr rr     	jsr     decsp2
000D34r 1  A9 00        	lda     #$00
000D36r 1  A0 01        	ldy     #$01
000D38r 1  91 rr        L0644:	sta     (sp),y
000D3Ar 1  C9 05        	cmp     #$05
000D3Cr 1  B0 7B        	bcs     L014A
000D3Er 1  A9 00        	lda     #$00
000D40r 1  88           	dey
000D41r 1  91 rr        L0643:	sta     (sp),y
000D43r 1  C9 03        	cmp     #$03
000D45r 1  B0 6A        	bcs     L014B
000D47r 1  A0 03        	ldy     #$03
000D49r 1  B1 rr        	lda     (sp),y
000D4Br 1  85 rr        	sta     ptr1+1
000D4Dr 1  88           	dey
000D4Er 1  B1 rr        	lda     (sp),y
000D50r 1  85 rr        	sta     ptr1
000D52r 1  88           	dey
000D53r 1  B1 rr        	lda     (sp),y
000D55r 1  A8           	tay
000D56r 1  B1 rr        	lda     (ptr1),y
000D58r 1  85 rr        	sta     ptr1
000D5Ar 1  A0 00        	ldy     #$00
000D5Cr 1  B1 rr        	lda     (sp),y
000D5Er 1  A8           	tay
000D5Fr 1  A9 04        	lda     #$04
000D61r 1  4A           L0642:	lsr     a
000D62r 1  88           	dey
000D63r 1  10 FC        	bpl     L0642
000D65r 1  2A           	rol     a
000D66r 1  A2 00        	ldx     #$00
000D68r 1  25 rr        	and     ptr1
000D6Ar 1  48           	pha
000D6Br 1  68           	pla
000D6Cr 1  F0 39        	beq     L0153
000D6Er 1  20 rr rr     	jsr     decsp4
000D71r 1  A0 04        	ldy     #$04
000D73r 1  B1 rr        	lda     (sp),y
000D75r 1  18           	clc
000D76r 1  A0 0A        	ldy     #$0A
000D78r 1  71 rr        	adc     (sp),y
000D7Ar 1  48           	pha
000D7Br 1  8A           	txa
000D7Cr 1  C8           	iny
000D7Dr 1  71 rr        	adc     (sp),y
000D7Fr 1  AA           	tax
000D80r 1  68           	pla
000D81r 1  A0 02        	ldy     #$02
000D83r 1  91 rr        	sta     (sp),y
000D85r 1  C8           	iny
000D86r 1  8A           	txa
000D87r 1  91 rr        	sta     (sp),y
000D89r 1  A0 05        	ldy     #$05
000D8Br 1  B1 rr        	lda     (sp),y
000D8Dr 1  18           	clc
000D8Er 1  A0 08        	ldy     #$08
000D90r 1  71 rr        	adc     (sp),y
000D92r 1  48           	pha
000D93r 1  A9 00        	lda     #$00
000D95r 1  C8           	iny
000D96r 1  71 rr        	adc     (sp),y
000D98r 1  AA           	tax
000D99r 1  68           	pla
000D9Ar 1  A0 00        	ldy     #$00
000D9Cr 1  91 rr        	sta     (sp),y
000D9Er 1  C8           	iny
000D9Fr 1  8A           	txa
000DA0r 1  91 rr        	sta     (sp),y
000DA2r 1  A9 00        	lda     #$00
000DA4r 1  20 rr rr     	jsr     _udeks_vic_bitmap_pixel
000DA7r 1  A0 00        L0153:	ldy     #$00
000DA9r 1  18           	clc
000DAAr 1  A9 01        	lda     #$01
000DACr 1  71 rr        	adc     (sp),y
000DAEr 1  4C rr rr     	jmp     L0643
000DB1r 1  C8           L014B:	iny
000DB2r 1  18           	clc
000DB3r 1  98           	tya
000DB4r 1  71 rr        	adc     (sp),y
000DB6r 1  4C rr rr     	jmp     L0644
000DB9r 1  4C rr rr     L014A:	jmp     incsp8
000DBCr 1               
000DBCr 1               .endproc
000DBCr 1               
000DBCr 1               ; ---------------------------------------------------------------
000DBCr 1               ; void __near__ draw_title (register __near__ const struct udeks_window *)
000DBCr 1               ; ---------------------------------------------------------------
000DBCr 1               
000DBCr 1               .segment	"CODE"
000DBCr 1               
000DBCr 1               .proc	_draw_title: near
000DBCr 1               
000DBCr 1               .segment	"CODE"
000DBCr 1               
000DBCr 1  20 rr rr     	jsr     pushax
000DBFr 1  A0 00        	ldy     #$00
000DC1r 1  A2 04        	ldx     #$04
000DC3r 1  20 rr rr     	jsr     regswap2
000DC6r 1  20 rr rr     	jsr     decsp7
000DC9r 1  A0 09        	ldy     #$09
000DCBr 1  B1 rr        	lda     (regbank+4),y
000DCDr 1  AA           	tax
000DCEr 1  88           	dey
000DCFr 1  B1 rr        	lda     (regbank+4),y
000DD1r 1  A0 05        	ldy     #$05
000DD3r 1  20 rr rr     	jsr     staxysp
000DD6r 1  A0 02        	ldy     #$02
000DD8r 1  B1 rr        	lda     (regbank+4),y
000DDAr 1  AA           	tax
000DDBr 1  88           	dey
000DDCr 1  B1 rr        	lda     (regbank+4),y
000DDEr 1  18           	clc
000DDFr 1  69 04        	adc     #$04
000DE1r 1  90 01        	bcc     L0168
000DE3r 1  E8           	inx
000DE4r 1  C8           L0168:	iny
000DE5r 1  20 rr rr     	jsr     staxysp
000DE8r 1  A0 02        	ldy     #$02
000DEAr 1  B1 rr        	lda     (regbank+4),y
000DECr 1  AA           	tax
000DEDr 1  88           	dey
000DEEr 1  B1 rr        	lda     (regbank+4),y
000DF0r 1  20 rr rr     	jsr     pushax
000DF3r 1  A0 05        	ldy     #$05
000DF5r 1  B1 rr        	lda     (regbank+4),y
000DF7r 1  AA           	tax
000DF8r 1  88           	dey
000DF9r 1  B1 rr        	lda     (regbank+4),y
000DFBr 1  20 rr rr     	jsr     tosaddax
000DFEr 1  38           	sec
000DFFr 1  E9 0E        	sbc     #$0E
000E01r 1  B0 01        	bcs     L016C
000E03r 1  CA           	dex
000E04r 1  20 rr rr     L016C:	jsr     stax0sp
000E07r 1  4C rr rr     	jmp     L016F
000E0Ar 1  A0 06        L016D:	ldy     #$06
000E0Cr 1  B1 rr        	lda     (sp),y
000E0Er 1  AA           	tax
000E0Fr 1  88           	dey
000E10r 1  B1 rr        	lda     (sp),y
000E12r 1  85 rr        	sta     regsave
000E14r 1  86 rr        	stx     regsave+1
000E16r 1  18           	clc
000E17r 1  69 01        	adc     #$01
000E19r 1  90 01        	bcc     L0177
000E1Br 1  E8           	inx
000E1Cr 1  20 rr rr     L0177:	jsr     staxysp
000E1Fr 1  A0 00        	ldy     #$00
000E21r 1  B1 rr        	lda     (regsave),y
000E23r 1  A0 04        	ldy     #$04
000E25r 1  91 rr        	sta     (sp),y
000E27r 1  C9 61        	cmp     #$61
000E29r 1  90 0B        	bcc     L064A
000E2Br 1  B1 rr        	lda     (sp),y
000E2Dr 1  C9 7B        	cmp     #$7B
000E2Fr 1  B0 05        	bcs     L064A
000E31r 1  38           	sec
000E32r 1  E9 20        	sbc     #$20
000E34r 1  91 rr        	sta     (sp),y
000E36r 1  B1 rr        L064A:	lda     (sp),y
000E38r 1  C9 41        	cmp     #$41
000E3Ar 1  90 44        	bcc     L0181
000E3Cr 1  C9 5B        	cmp     #$5B
000E3Er 1  B0 40        	bcs     L0181
000E40r 1  20 rr rr     	jsr     decsp4
000E43r 1  A0 07        	ldy     #$07
000E45r 1  B1 rr        	lda     (sp),y
000E47r 1  AA           	tax
000E48r 1  88           	dey
000E49r 1  B1 rr        	lda     (sp),y
000E4Br 1  A0 02        	ldy     #$02
000E4Dr 1  91 rr        	sta     (sp),y
000E4Fr 1  C8           	iny
000E50r 1  8A           	txa
000E51r 1  91 rr        	sta     (sp),y
000E53r 1  A2 00        	ldx     #$00
000E55r 1  B1 rr        	lda     (regbank+4),y
000E57r 1  18           	clc
000E58r 1  69 04        	adc     #$04
000E5Ar 1  90 01        	bcc     L0188
000E5Cr 1  E8           	inx
000E5Dr 1  A0 00        L0188:	ldy     #$00
000E5Fr 1  91 rr        	sta     (sp),y
000E61r 1  C8           	iny
000E62r 1  8A           	txa
000E63r 1  91 rr        	sta     (sp),y
000E65r 1  A0 08        	ldy     #$08
000E67r 1  A2 00        	ldx     #$00
000E69r 1  B1 rr        	lda     (sp),y
000E6Br 1  38           	sec
000E6Cr 1  E9 41        	sbc     #$41
000E6Er 1  B0 01        	bcs     L018B
000E70r 1  CA           	dex
000E71r 1  20 rr rr     L018B:	jsr     mulax5
000E74r 1  18           	clc
000E75r 1  69 rr        	adc     #<(_title_glyphs)
000E77r 1  A8           	tay
000E78r 1  8A           	txa
000E79r 1  69 rr        	adc     #>(_title_glyphs)
000E7Br 1  AA           	tax
000E7Cr 1  98           	tya
000E7Dr 1  20 rr rr     	jsr     _draw_glyph
000E80r 1  A0 02        L0181:	ldy     #$02
000E82r 1  A2 00        	ldx     #$00
000E84r 1  A9 04        	lda     #$04
000E86r 1  20 rr rr     	jsr     addeqysp
000E89r 1  A0 05        L016F:	ldy     #$05
000E8Br 1  B1 rr        	lda     (sp),y
000E8Dr 1  C8           	iny
000E8Er 1  11 rr        	ora     (sp),y
000E90r 1  F0 35        	beq     L0645
000E92r 1  B1 rr        	lda     (sp),y
000E94r 1  85 rr        	sta     ptr1+1
000E96r 1  88           	dey
000E97r 1  B1 rr        	lda     (sp),y
000E99r 1  85 rr        	sta     ptr1
000E9Br 1  A0 00        	ldy     #$00
000E9Dr 1  B1 rr        	lda     (ptr1),y
000E9Fr 1  F0 26        	beq     L0645
000EA1r 1  A0 03        	ldy     #$03
000EA3r 1  B1 rr        	lda     (sp),y
000EA5r 1  AA           	tax
000EA6r 1  88           	dey
000EA7r 1  B1 rr        	lda     (sp),y
000EA9r 1  18           	clc
000EAAr 1  69 03        	adc     #$03
000EACr 1  90 01        	bcc     L0173
000EAEr 1  E8           	inx
000EAFr 1  20 rr rr     L0173:	jsr     pushax
000EB2r 1  A0 03        	ldy     #$03
000EB4r 1  B1 rr        	lda     (sp),y
000EB6r 1  AA           	tax
000EB7r 1  88           	dey
000EB8r 1  B1 rr        	lda     (sp),y
000EBAr 1  20 rr rr     	jsr     tosicmp
000EBDr 1  10 03 4C rr  	jmi     L016D
000EC1r 1  rr           
000EC2r 1  D0 03 4C rr  	jeq     L016D
000EC6r 1  rr           
000EC7r 1  A0 07        L0645:	ldy     #$07
000EC9r 1  B1 rr        	lda     (sp),y
000ECBr 1  85 rr        	sta     regbank+4
000ECDr 1  C8           	iny
000ECEr 1  B1 rr        	lda     (sp),y
000ED0r 1  85 rr        	sta     regbank+5
000ED2r 1  C8           	iny
000ED3r 1  4C rr rr     	jmp     addysp
000ED6r 1               
000ED6r 1               .endproc
000ED6r 1               
000ED6r 1               ; ---------------------------------------------------------------
000ED6r 1               ; void __near__ draw_chrome (register __near__ const struct udeks_window *)
000ED6r 1               ; ---------------------------------------------------------------
000ED6r 1               
000ED6r 1               .segment	"CODE"
000ED6r 1               
000ED6r 1               .proc	_draw_chrome: near
000ED6r 1               
000ED6r 1               .segment	"CODE"
000ED6r 1               
000ED6r 1  20 rr rr     	jsr     pushax
000ED9r 1  A0 00        	ldy     #$00
000EDBr 1  A2 04        	ldx     #$04
000EDDr 1  20 rr rr     	jsr     regswap2
000EE0r 1  20 rr rr     	jsr     decsp6
000EE3r 1  A0 02        	ldy     #$02
000EE5r 1  B1 rr        	lda     (regbank+4),y
000EE7r 1  AA           	tax
000EE8r 1  88           	dey
000EE9r 1  B1 rr        	lda     (regbank+4),y
000EEBr 1  20 rr rr     	jsr     pushax
000EEEr 1  A0 03        	ldy     #$03
000EF0r 1  B1 rr        	lda     (regbank+4),y
000EF2r 1  20 rr rr     	jsr     pusha0
000EF5r 1  A0 05        	ldy     #$05
000EF7r 1  B1 rr        	lda     (regbank+4),y
000EF9r 1  AA           	tax
000EFAr 1  88           	dey
000EFBr 1  B1 rr        	lda     (regbank+4),y
000EFDr 1  20 rr rr     	jsr     pushax
000F00r 1  A0 06        	ldy     #$06
000F02r 1  B1 rr        	lda     (regbank+4),y
000F04r 1  20 rr rr     	jsr     pusha0
000F07r 1  20 rr rr     	jsr     decsp8
000F0Ar 1  A0 0F        	ldy     #$0F
000F0Cr 1  B1 rr        	lda     (sp),y
000F0Er 1  AA           	tax
000F0Fr 1  88           	dey
000F10r 1  B1 rr        	lda     (sp),y
000F12r 1  A0 06        	ldy     #$06
000F14r 1  91 rr        	sta     (sp),y
000F16r 1  C8           	iny
000F17r 1  8A           	txa
000F18r 1  91 rr        	sta     (sp),y
000F1Ar 1  A0 0D        	ldy     #$0D
000F1Cr 1  B1 rr        	lda     (sp),y
000F1Er 1  AA           	tax
000F1Fr 1  88           	dey
000F20r 1  B1 rr        	lda     (sp),y
000F22r 1  A0 04        	ldy     #$04
000F24r 1  91 rr        	sta     (sp),y
000F26r 1  C8           	iny
000F27r 1  8A           	txa
000F28r 1  91 rr        	sta     (sp),y
000F2Ar 1  A0 0B        	ldy     #$0B
000F2Cr 1  B1 rr        	lda     (sp),y
000F2Er 1  AA           	tax
000F2Fr 1  88           	dey
000F30r 1  B1 rr        	lda     (sp),y
000F32r 1  A0 02        	ldy     #$02
000F34r 1  91 rr        	sta     (sp),y
000F36r 1  C8           	iny
000F37r 1  8A           	txa
000F38r 1  91 rr        	sta     (sp),y
000F3Ar 1  A0 09        	ldy     #$09
000F3Cr 1  B1 rr        	lda     (sp),y
000F3Er 1  AA           	tax
000F3Fr 1  88           	dey
000F40r 1  B1 rr        	lda     (sp),y
000F42r 1  A0 00        	ldy     #$00
000F44r 1  91 rr        	sta     (sp),y
000F46r 1  C8           	iny
000F47r 1  8A           	txa
000F48r 1  91 rr        	sta     (sp),y
000F4Ar 1  A9 00        	lda     #$00
000F4Cr 1  20 rr rr     	jsr     _udeks_vic_bitmap_rectangle
000F4Fr 1  20 rr rr     	jsr     decsp8
000F52r 1  A0 0F        	ldy     #$0F
000F54r 1  B1 rr        	lda     (sp),y
000F56r 1  AA           	tax
000F57r 1  88           	dey
000F58r 1  B1 rr        	lda     (sp),y
000F5Ar 1  18           	clc
000F5Br 1  69 02        	adc     #$02
000F5Dr 1  90 01        	bcc     L019B
000F5Fr 1  E8           	inx
000F60r 1  A0 06        L019B:	ldy     #$06
000F62r 1  91 rr        	sta     (sp),y
000F64r 1  C8           	iny
000F65r 1  8A           	txa
000F66r 1  91 rr        	sta     (sp),y
000F68r 1  A0 0D        	ldy     #$0D
000F6Ar 1  B1 rr        	lda     (sp),y
000F6Cr 1  AA           	tax
000F6Dr 1  88           	dey
000F6Er 1  B1 rr        	lda     (sp),y
000F70r 1  18           	clc
000F71r 1  69 02        	adc     #$02
000F73r 1  90 01        	bcc     L019D
000F75r 1  E8           	inx
000F76r 1  A0 04        L019D:	ldy     #$04
000F78r 1  91 rr        	sta     (sp),y
000F7Ar 1  C8           	iny
000F7Br 1  8A           	txa
000F7Cr 1  91 rr        	sta     (sp),y
000F7Er 1  A0 0B        	ldy     #$0B
000F80r 1  B1 rr        	lda     (sp),y
000F82r 1  AA           	tax
000F83r 1  88           	dey
000F84r 1  B1 rr        	lda     (sp),y
000F86r 1  38           	sec
000F87r 1  E9 04        	sbc     #$04
000F89r 1  B0 01        	bcs     L019F
000F8Br 1  CA           	dex
000F8Cr 1  A0 02        L019F:	ldy     #$02
000F8Er 1  91 rr        	sta     (sp),y
000F90r 1  C8           	iny
000F91r 1  8A           	txa
000F92r 1  91 rr        	sta     (sp),y
000F94r 1  A0 09        	ldy     #$09
000F96r 1  B1 rr        	lda     (sp),y
000F98r 1  AA           	tax
000F99r 1  88           	dey
000F9Ar 1  B1 rr        	lda     (sp),y
000F9Cr 1  38           	sec
000F9Dr 1  E9 04        	sbc     #$04
000F9Fr 1  B0 01        	bcs     L01A1
000FA1r 1  CA           	dex
000FA2r 1  A0 00        L01A1:	ldy     #$00
000FA4r 1  91 rr        	sta     (sp),y
000FA6r 1  C8           	iny
000FA7r 1  8A           	txa
000FA8r 1  91 rr        	sta     (sp),y
000FAAr 1  A9 00        	lda     #$00
000FACr 1  20 rr rr     	jsr     _udeks_vic_bitmap_rectangle
000FAFr 1  20 rr rr     	jsr     decsp8
000FB2r 1  A0 0F        	ldy     #$0F
000FB4r 1  B1 rr        	lda     (sp),y
000FB6r 1  AA           	tax
000FB7r 1  88           	dey
000FB8r 1  B1 rr        	lda     (sp),y
000FBAr 1  18           	clc
000FBBr 1  69 02        	adc     #$02
000FBDr 1  90 01        	bcc     L01A5
000FBFr 1  E8           	inx
000FC0r 1  A0 06        L01A5:	ldy     #$06
000FC2r 1  91 rr        	sta     (sp),y
000FC4r 1  C8           	iny
000FC5r 1  8A           	txa
000FC6r 1  91 rr        	sta     (sp),y
000FC8r 1  A0 0D        	ldy     #$0D
000FCAr 1  B1 rr        	lda     (sp),y
000FCCr 1  AA           	tax
000FCDr 1  88           	dey
000FCEr 1  B1 rr        	lda     (sp),y
000FD0r 1  18           	clc
000FD1r 1  69 0D        	adc     #$0D
000FD3r 1  90 01        	bcc     L01A7
000FD5r 1  E8           	inx
000FD6r 1  A0 04        L01A7:	ldy     #$04
000FD8r 1  91 rr        	sta     (sp),y
000FDAr 1  C8           	iny
000FDBr 1  8A           	txa
000FDCr 1  91 rr        	sta     (sp),y
000FDEr 1  A0 0E        	ldy     #$0E
000FE0r 1  B1 rr        	lda     (sp),y
000FE2r 1  A0 0A        	ldy     #$0A
000FE4r 1  18           	clc
000FE5r 1  71 rr        	adc     (sp),y
000FE7r 1  48           	pha
000FE8r 1  A0 0F        	ldy     #$0F
000FEAr 1  B1 rr        	lda     (sp),y
000FECr 1  A0 0B        	ldy     #$0B
000FEEr 1  71 rr        	adc     (sp),y
000FF0r 1  AA           	tax
000FF1r 1  68           	pla
000FF2r 1  38           	sec
000FF3r 1  E9 03        	sbc     #$03
000FF5r 1  B0 01        	bcs     L01A9
000FF7r 1  CA           	dex
000FF8r 1  A0 02        L01A9:	ldy     #$02
000FFAr 1  91 rr        	sta     (sp),y
000FFCr 1  C8           	iny
000FFDr 1  8A           	txa
000FFEr 1  91 rr        	sta     (sp),y
001000r 1  A0 0D        	ldy     #$0D
001002r 1  B1 rr        	lda     (sp),y
001004r 1  AA           	tax
001005r 1  88           	dey
001006r 1  B1 rr        	lda     (sp),y
001008r 1  18           	clc
001009r 1  69 0D        	adc     #$0D
00100Br 1  90 01        	bcc     L01AB
00100Dr 1  E8           	inx
00100Er 1  A0 00        L01AB:	ldy     #$00
001010r 1  91 rr        	sta     (sp),y
001012r 1  C8           	iny
001013r 1  8A           	txa
001014r 1  91 rr        	sta     (sp),y
001016r 1  A9 00        	lda     #$00
001018r 1  20 rr rr     	jsr     _udeks_vic_bitmap_line
00101Br 1  A5 rr        	lda     regbank+4
00101Dr 1  A6 rr        	ldx     regbank+4+1
00101Fr 1  20 rr rr     	jsr     _draw_title
001022r 1  A0 00        	ldy     #$00
001024r 1  B1 rr        	lda     (regbank+4),y
001026r 1  29 04        	and     #$04
001028r 1  D0 03 4C rr  	jeq     L0651
00102Cr 1  rr           
00102Dr 1  A0 06        	ldy     #$06
00102Fr 1  B1 rr        	lda     (sp),y
001031r 1  A0 02        	ldy     #$02
001033r 1  18           	clc
001034r 1  71 rr        	adc     (sp),y
001036r 1  48           	pha
001037r 1  A0 07        	ldy     #$07
001039r 1  B1 rr        	lda     (sp),y
00103Br 1  A0 03        	ldy     #$03
00103Dr 1  71 rr        	adc     (sp),y
00103Fr 1  AA           	tax
001040r 1  68           	pla
001041r 1  38           	sec
001042r 1  E9 0C        	sbc     #$0C
001044r 1  B0 01        	bcs     L01B6
001046r 1  CA           	dex
001047r 1  A0 0C        L01B6:	ldy     #$0C
001049r 1  20 rr rr     	jsr     staxysp
00104Cr 1  20 rr rr     	jsr     decsp8
00104Fr 1  A0 15        	ldy     #$15
001051r 1  B1 rr        	lda     (sp),y
001053r 1  AA           	tax
001054r 1  88           	dey
001055r 1  B1 rr        	lda     (sp),y
001057r 1  A0 06        	ldy     #$06
001059r 1  91 rr        	sta     (sp),y
00105Br 1  C8           	iny
00105Cr 1  8A           	txa
00105Dr 1  91 rr        	sta     (sp),y
00105Fr 1  A0 0D        	ldy     #$0D
001061r 1  B1 rr        	lda     (sp),y
001063r 1  AA           	tax
001064r 1  88           	dey
001065r 1  B1 rr        	lda     (sp),y
001067r 1  18           	clc
001068r 1  69 03        	adc     #$03
00106Ar 1  90 01        	bcc     L01BA
00106Cr 1  E8           	inx
00106Dr 1  A0 04        L01BA:	ldy     #$04
00106Fr 1  91 rr        	sta     (sp),y
001071r 1  C8           	iny
001072r 1  8A           	txa
001073r 1  91 rr        	sta     (sp),y
001075r 1  A9 08        	lda     #$08
001077r 1  A0 02        	ldy     #$02
001079r 1  91 rr        	sta     (sp),y
00107Br 1  C8           	iny
00107Cr 1  A9 00        	lda     #$00
00107Er 1  91 rr        	sta     (sp),y
001080r 1  A9 08        	lda     #$08
001082r 1  A0 00        	ldy     #$00
001084r 1  91 rr        	sta     (sp),y
001086r 1  C8           	iny
001087r 1  A9 00        	lda     #$00
001089r 1  91 rr        	sta     (sp),y
00108Br 1  20 rr rr     	jsr     _udeks_vic_bitmap_rectangle
00108Er 1  20 rr rr     	jsr     decsp8
001091r 1  A0 15        	ldy     #$15
001093r 1  B1 rr        	lda     (sp),y
001095r 1  AA           	tax
001096r 1  88           	dey
001097r 1  B1 rr        	lda     (sp),y
001099r 1  18           	clc
00109Ar 1  69 02        	adc     #$02
00109Cr 1  90 01        	bcc     L01C0
00109Er 1  E8           	inx
00109Fr 1  A0 06        L01C0:	ldy     #$06
0010A1r 1  91 rr        	sta     (sp),y
0010A3r 1  C8           	iny
0010A4r 1  8A           	txa
0010A5r 1  91 rr        	sta     (sp),y
0010A7r 1  A0 0D        	ldy     #$0D
0010A9r 1  B1 rr        	lda     (sp),y
0010ABr 1  AA           	tax
0010ACr 1  88           	dey
0010ADr 1  B1 rr        	lda     (sp),y
0010AFr 1  18           	clc
0010B0r 1  69 05        	adc     #$05
0010B2r 1  90 01        	bcc     L01C2
0010B4r 1  E8           	inx
0010B5r 1  A0 04        L01C2:	ldy     #$04
0010B7r 1  91 rr        	sta     (sp),y
0010B9r 1  C8           	iny
0010BAr 1  8A           	txa
0010BBr 1  91 rr        	sta     (sp),y
0010BDr 1  A0 15        	ldy     #$15
0010BFr 1  B1 rr        	lda     (sp),y
0010C1r 1  AA           	tax
0010C2r 1  88           	dey
0010C3r 1  B1 rr        	lda     (sp),y
0010C5r 1  18           	clc
0010C6r 1  69 05        	adc     #$05
0010C8r 1  90 01        	bcc     L01C4
0010CAr 1  E8           	inx
0010CBr 1  A0 02        L01C4:	ldy     #$02
0010CDr 1  91 rr        	sta     (sp),y
0010CFr 1  C8           	iny
0010D0r 1  8A           	txa
0010D1r 1  91 rr        	sta     (sp),y
0010D3r 1  A0 0D        	ldy     #$0D
0010D5r 1  B1 rr        	lda     (sp),y
0010D7r 1  AA           	tax
0010D8r 1  88           	dey
0010D9r 1  B1 rr        	lda     (sp),y
0010DBr 1  18           	clc
0010DCr 1  69 08        	adc     #$08
0010DEr 1  90 01        	bcc     L01C6
0010E0r 1  E8           	inx
0010E1r 1  A0 00        L01C6:	ldy     #$00
0010E3r 1  91 rr        	sta     (sp),y
0010E5r 1  C8           	iny
0010E6r 1  8A           	txa
0010E7r 1  91 rr        	sta     (sp),y
0010E9r 1  A9 00        	lda     #$00
0010EBr 1  20 rr rr     	jsr     _udeks_vic_bitmap_line
0010EEr 1  20 rr rr     	jsr     decsp8
0010F1r 1  A0 15        	ldy     #$15
0010F3r 1  B1 rr        	lda     (sp),y
0010F5r 1  AA           	tax
0010F6r 1  88           	dey
0010F7r 1  B1 rr        	lda     (sp),y
0010F9r 1  18           	clc
0010FAr 1  69 05        	adc     #$05
0010FCr 1  90 01        	bcc     L01CA
0010FEr 1  E8           	inx
0010FFr 1  A0 06        L01CA:	ldy     #$06
001101r 1  91 rr        	sta     (sp),y
001103r 1  C8           	iny
001104r 1  8A           	txa
001105r 1  91 rr        	sta     (sp),y
001107r 1  A0 0D        	ldy     #$0D
001109r 1  B1 rr        	lda     (sp),y
00110Br 1  AA           	tax
00110Cr 1  88           	dey
00110Dr 1  B1 rr        	lda     (sp),y
00110Fr 1  18           	clc
001110r 1  69 05        	adc     #$05
001112r 1  90 01        	bcc     L01CC
001114r 1  E8           	inx
001115r 1  A0 04        L01CC:	ldy     #$04
001117r 1  91 rr        	sta     (sp),y
001119r 1  C8           	iny
00111Ar 1  8A           	txa
00111Br 1  91 rr        	sta     (sp),y
00111Dr 1  A0 15        	ldy     #$15
00111Fr 1  B1 rr        	lda     (sp),y
001121r 1  AA           	tax
001122r 1  88           	dey
001123r 1  B1 rr        	lda     (sp),y
001125r 1  18           	clc
001126r 1  69 02        	adc     #$02
001128r 1  90 01        	bcc     L01CE
00112Ar 1  E8           	inx
00112Br 1  A0 02        L01CE:	ldy     #$02
00112Dr 1  91 rr        	sta     (sp),y
00112Fr 1  C8           	iny
001130r 1  8A           	txa
001131r 1  91 rr        	sta     (sp),y
001133r 1  A0 0D        	ldy     #$0D
001135r 1  B1 rr        	lda     (sp),y
001137r 1  AA           	tax
001138r 1  88           	dey
001139r 1  B1 rr        	lda     (sp),y
00113Br 1  18           	clc
00113Cr 1  69 08        	adc     #$08
00113Er 1  90 01        	bcc     L01D0
001140r 1  E8           	inx
001141r 1  A0 00        L01D0:	ldy     #$00
001143r 1  91 rr        	sta     (sp),y
001145r 1  C8           	iny
001146r 1  8A           	txa
001147r 1  91 rr        	sta     (sp),y
001149r 1  A9 00        	lda     #$00
00114Br 1  20 rr rr     	jsr     _udeks_vic_bitmap_line
00114Er 1  A0 00        	ldy     #$00
001150r 1  B1 rr        L0651:	lda     (regbank+4),y
001152r 1  29 08        	and     #$08
001154r 1  D0 03 4C rr  	jeq     L018E
001158r 1  rr           
001159r 1  A0 06        	ldy     #$06
00115Br 1  B1 rr        	lda     (sp),y
00115Dr 1  A0 02        	ldy     #$02
00115Fr 1  18           	clc
001160r 1  71 rr        	adc     (sp),y
001162r 1  48           	pha
001163r 1  A0 07        	ldy     #$07
001165r 1  B1 rr        	lda     (sp),y
001167r 1  A0 03        	ldy     #$03
001169r 1  71 rr        	adc     (sp),y
00116Br 1  AA           	tax
00116Cr 1  68           	pla
00116Dr 1  38           	sec
00116Er 1  E9 05        	sbc     #$05
001170r 1  B0 01        	bcs     L01D8
001172r 1  CA           	dex
001173r 1  A0 0A        L01D8:	ldy     #$0A
001175r 1  20 rr rr     	jsr     staxysp
001178r 1  A0 04        	ldy     #$04
00117Ar 1  B1 rr        	lda     (sp),y
00117Cr 1  A0 00        	ldy     #$00
00117Er 1  18           	clc
00117Fr 1  71 rr        	adc     (sp),y
001181r 1  48           	pha
001182r 1  A0 05        	ldy     #$05
001184r 1  B1 rr        	lda     (sp),y
001186r 1  A0 01        	ldy     #$01
001188r 1  71 rr        	adc     (sp),y
00118Ar 1  AA           	tax
00118Br 1  68           	pla
00118Cr 1  38           	sec
00118Dr 1  E9 05        	sbc     #$05
00118Fr 1  B0 01        	bcs     L01DB
001191r 1  CA           	dex
001192r 1  A0 08        L01DB:	ldy     #$08
001194r 1  20 rr rr     	jsr     staxysp
001197r 1  20 rr rr     	jsr     decsp8
00119Ar 1  A0 13        	ldy     #$13
00119Cr 1  B1 rr        	lda     (sp),y
00119Er 1  AA           	tax
00119Fr 1  88           	dey
0011A0r 1  B1 rr        	lda     (sp),y
0011A2r 1  38           	sec
0011A3r 1  E9 06        	sbc     #$06
0011A5r 1  B0 01        	bcs     L01DE
0011A7r 1  CA           	dex
0011A8r 1  A0 06        L01DE:	ldy     #$06
0011AAr 1  91 rr        	sta     (sp),y
0011ACr 1  C8           	iny
0011ADr 1  8A           	txa
0011AEr 1  91 rr        	sta     (sp),y
0011B0r 1  A0 11        	ldy     #$11
0011B2r 1  B1 rr        	lda     (sp),y
0011B4r 1  AA           	tax
0011B5r 1  88           	dey
0011B6r 1  B1 rr        	lda     (sp),y
0011B8r 1  A0 04        	ldy     #$04
0011BAr 1  91 rr        	sta     (sp),y
0011BCr 1  C8           	iny
0011BDr 1  8A           	txa
0011BEr 1  91 rr        	sta     (sp),y
0011C0r 1  A0 13        	ldy     #$13
0011C2r 1  B1 rr        	lda     (sp),y
0011C4r 1  AA           	tax
0011C5r 1  88           	dey
0011C6r 1  B1 rr        	lda     (sp),y
0011C8r 1  A0 02        	ldy     #$02
0011CAr 1  91 rr        	sta     (sp),y
0011CCr 1  C8           	iny
0011CDr 1  8A           	txa
0011CEr 1  91 rr        	sta     (sp),y
0011D0r 1  A0 11        	ldy     #$11
0011D2r 1  B1 rr        	lda     (sp),y
0011D4r 1  AA           	tax
0011D5r 1  88           	dey
0011D6r 1  B1 rr        	lda     (sp),y
0011D8r 1  38           	sec
0011D9r 1  E9 06        	sbc     #$06
0011DBr 1  B0 01        	bcs     L01E2
0011DDr 1  CA           	dex
0011DEr 1  A0 00        L01E2:	ldy     #$00
0011E0r 1  91 rr        	sta     (sp),y
0011E2r 1  C8           	iny
0011E3r 1  8A           	txa
0011E4r 1  91 rr        	sta     (sp),y
0011E6r 1  A9 00        	lda     #$00
0011E8r 1  20 rr rr     	jsr     _udeks_vic_bitmap_line
0011EBr 1  20 rr rr     	jsr     decsp8
0011EEr 1  A0 13        	ldy     #$13
0011F0r 1  B1 rr        	lda     (sp),y
0011F2r 1  AA           	tax
0011F3r 1  88           	dey
0011F4r 1  B1 rr        	lda     (sp),y
0011F6r 1  38           	sec
0011F7r 1  E9 03        	sbc     #$03
0011F9r 1  B0 01        	bcs     L01E6
0011FBr 1  CA           	dex
0011FCr 1  A0 06        L01E6:	ldy     #$06
0011FEr 1  91 rr        	sta     (sp),y
001200r 1  C8           	iny
001201r 1  8A           	txa
001202r 1  91 rr        	sta     (sp),y
001204r 1  A0 11        	ldy     #$11
001206r 1  B1 rr        	lda     (sp),y
001208r 1  AA           	tax
001209r 1  88           	dey
00120Ar 1  B1 rr        	lda     (sp),y
00120Cr 1  A0 04        	ldy     #$04
00120Er 1  91 rr        	sta     (sp),y
001210r 1  C8           	iny
001211r 1  8A           	txa
001212r 1  91 rr        	sta     (sp),y
001214r 1  A0 13        	ldy     #$13
001216r 1  B1 rr        	lda     (sp),y
001218r 1  AA           	tax
001219r 1  88           	dey
00121Ar 1  B1 rr        	lda     (sp),y
00121Cr 1  A0 02        	ldy     #$02
00121Er 1  91 rr        	sta     (sp),y
001220r 1  C8           	iny
001221r 1  8A           	txa
001222r 1  91 rr        	sta     (sp),y
001224r 1  A0 11        	ldy     #$11
001226r 1  B1 rr        	lda     (sp),y
001228r 1  AA           	tax
001229r 1  88           	dey
00122Ar 1  B1 rr        	lda     (sp),y
00122Cr 1  38           	sec
00122Dr 1  E9 03        	sbc     #$03
00122Fr 1  B0 01        	bcs     L01EA
001231r 1  CA           	dex
001232r 1  A0 00        L01EA:	ldy     #$00
001234r 1  91 rr        	sta     (sp),y
001236r 1  C8           	iny
001237r 1  8A           	txa
001238r 1  91 rr        	sta     (sp),y
00123Ar 1  A9 00        	lda     #$00
00123Cr 1  20 rr rr     	jsr     _udeks_vic_bitmap_line
00123Fr 1  A0 0E        L018E:	ldy     #$0E
001241r 1  B1 rr        	lda     (sp),y
001243r 1  85 rr        	sta     regbank+4
001245r 1  C8           	iny
001246r 1  B1 rr        	lda     (sp),y
001248r 1  85 rr        	sta     regbank+5
00124Ar 1  C8           	iny
00124Br 1  4C rr rr     	jmp     addysp
00124Er 1               
00124Er 1               .endproc
00124Er 1               
00124Er 1               ; ---------------------------------------------------------------
00124Er 1               ; unsigned char __near__ cache_request (unsigned char, unsigned char)
00124Er 1               ; ---------------------------------------------------------------
00124Er 1               
00124Er 1               .segment	"CODE"
00124Er 1               
00124Er 1               .proc	_cache_request: near
00124Er 1               
00124Er 1               .segment	"CODE"
00124Er 1               
00124Er 1  20 rr rr     	jsr     pusha
001251r 1  A5 rr        	lda     regbank+4
001253r 1  A6 rr        	ldx     regbank+5
001255r 1  20 rr rr     	jsr     pushax
001258r 1  A0 03        	ldy     #$03
00125Ar 1  B1 rr        	lda     (sp),y
00125Cr 1  20 rr rr     	jsr     _window_by_handle
00125Fr 1  85 rr        	sta     regbank+4
001261r 1  86 rr        	stx     regbank+4+1
001263r 1  A0 03        	ldy     #$03
001265r 1  B1 rr        	lda     (sp),y
001267r 1  8D 92 F7     	sta     $F792
00126Ar 1  88           	dey
00126Br 1  B1 rr        	lda     (regbank+4),y
00126Dr 1  8D A2 F7     	sta     $F7A1+1
001270r 1  88           	dey
001271r 1  B1 rr        	lda     (regbank+4),y
001273r 1  8D A1 F7     	sta     $F7A1
001276r 1  A0 05        	ldy     #$05
001278r 1  B1 rr        	lda     (regbank+4),y
00127Ar 1  8D A4 F7     	sta     $F7A3+1
00127Dr 1  88           	dey
00127Er 1  B1 rr        	lda     (regbank+4),y
001280r 1  8D A3 F7     	sta     $F7A3
001283r 1  88           	dey
001284r 1  B1 rr        	lda     (regbank+4),y
001286r 1  8D A5 F7     	sta     $F7A5
001289r 1  A0 06        	ldy     #$06
00128Br 1  B1 rr        	lda     (regbank+4),y
00128Dr 1  8D A6 F7     	sta     $F7A6
001290r 1  A9 01        	lda     #$01
001292r 1  8D 95 F7     	sta     $F795
001295r 1  A0 02        	ldy     #$02
001297r 1  B1 rr        	lda     (sp),y
001299r 1  20 rr rr     	jsr     _cache_command
00129Cr 1  48           	pha
00129Dr 1  A0 00        	ldy     #$00
00129Fr 1  B1 rr        	lda     (sp),y
0012A1r 1  85 rr        	sta     regbank+4
0012A3r 1  C8           	iny
0012A4r 1  B1 rr        	lda     (sp),y
0012A6r 1  85 rr        	sta     regbank+5
0012A8r 1  68           	pla
0012A9r 1  4C rr rr     	jmp     incsp4
0012ACr 1               
0012ACr 1               .endproc
0012ACr 1               
0012ACr 1               ; ---------------------------------------------------------------
0012ACr 1               ; void __near__ cache_invalidate (void)
0012ACr 1               ; ---------------------------------------------------------------
0012ACr 1               
0012ACr 1               .segment	"CODE"
0012ACr 1               
0012ACr 1               .proc	_cache_invalidate: near
0012ACr 1               
0012ACr 1               .segment	"CODE"
0012ACr 1               
0012ACr 1  A9 01        	lda     #$01
0012AEr 1  4C rr rr     	jmp     _cache_command
0012B1r 1               
0012B1r 1               .endproc
0012B1r 1               
0012B1r 1               ; ---------------------------------------------------------------
0012B1r 1               ; unsigned char __near__ paint_window_damage (unsigned char)
0012B1r 1               ; ---------------------------------------------------------------
0012B1r 1               
0012B1r 1               .segment	"CODE"
0012B1r 1               
0012B1r 1               .proc	_paint_window_damage: near
0012B1r 1               
0012B1r 1               .segment	"CODE"
0012B1r 1               
0012B1r 1  20 rr rr     	jsr     pusha
0012B4r 1  A5 rr        	lda     regbank+4
0012B6r 1  A6 rr        	ldx     regbank+5
0012B8r 1  20 rr rr     	jsr     pushax
0012BBr 1  A0 02        	ldy     #$02
0012BDr 1  B1 rr        	lda     (sp),y
0012BFr 1  20 rr rr     	jsr     _window_by_handle
0012C2r 1  85 rr        	sta     regbank+4
0012C4r 1  86 rr        	stx     regbank+4+1
0012C6r 1  E0 00        	cpx     #$00
0012C8r 1  D0 07        	bne     L0655
0012CAr 1  C9 00        	cmp     #$00
0012CCr 1  D0 03 4C rr  	jeq     L023A
0012D0r 1  rr           
0012D1r 1  A0 00        L0655:	ldy     #$00
0012D3r 1  B1 rr        	lda     (regbank+4),y
0012D5r 1  29 01        	and     #$01
0012D7r 1  D0 04        	bne     L023E
0012D9r 1  AA           	tax
0012DAr 1  4C rr rr     	jmp     L023A
0012DDr 1  20 rr rr     L023E:	jsr     decsp5
0012E0r 1  A0 02        	ldy     #$02
0012E2r 1  B1 rr        	lda     (regbank+4),y
0012E4r 1  AA           	tax
0012E5r 1  88           	dey
0012E6r 1  B1 rr        	lda     (regbank+4),y
0012E8r 1  A0 03        	ldy     #$03
0012EAr 1  91 rr        	sta     (sp),y
0012ECr 1  C8           	iny
0012EDr 1  8A           	txa
0012EEr 1  91 rr        	sta     (sp),y
0012F0r 1  88           	dey
0012F1r 1  B1 rr        	lda     (regbank+4),y
0012F3r 1  88           	dey
0012F4r 1  91 rr        	sta     (sp),y
0012F6r 1  A0 05        	ldy     #$05
0012F8r 1  B1 rr        	lda     (regbank+4),y
0012FAr 1  AA           	tax
0012FBr 1  88           	dey
0012FCr 1  B1 rr        	lda     (regbank+4),y
0012FEr 1  A0 00        	ldy     #$00
001300r 1  91 rr        	sta     (sp),y
001302r 1  C8           	iny
001303r 1  8A           	txa
001304r 1  91 rr        	sta     (sp),y
001306r 1  A0 06        	ldy     #$06
001308r 1  B1 rr        	lda     (regbank+4),y
00130Ar 1  20 rr rr     	jsr     _set_damage_intersection
00130Dr 1  C9 00        	cmp     #$00
00130Fr 1  D0 04        	bne     L0245
001311r 1  AA           	tax
001312r 1  4C rr rr     	jmp     L023A
001315r 1  A0 00        L0245:	ldy     #$00
001317r 1  B1 rr        	lda     (regbank+4),y
001319r 1  29 7F        	and     #$7F
00131Br 1  91 rr        	sta     (regbank+4),y
00131Dr 1  20 rr rr     	jsr     decsp8
001320r 1  A0 02        	ldy     #$02
001322r 1  B1 rr        	lda     (regbank+4),y
001324r 1  AA           	tax
001325r 1  88           	dey
001326r 1  B1 rr        	lda     (regbank+4),y
001328r 1  A0 06        	ldy     #$06
00132Ar 1  91 rr        	sta     (sp),y
00132Cr 1  C8           	iny
00132Dr 1  8A           	txa
00132Er 1  91 rr        	sta     (sp),y
001330r 1  A0 03        	ldy     #$03
001332r 1  B1 rr        	lda     (regbank+4),y
001334r 1  C8           	iny
001335r 1  91 rr        	sta     (sp),y
001337r 1  C8           	iny
001338r 1  A9 00        	lda     #$00
00133Ar 1  91 rr        	sta     (sp),y
00133Cr 1  B1 rr        	lda     (regbank+4),y
00133Er 1  AA           	tax
00133Fr 1  88           	dey
001340r 1  B1 rr        	lda     (regbank+4),y
001342r 1  A0 02        	ldy     #$02
001344r 1  91 rr        	sta     (sp),y
001346r 1  C8           	iny
001347r 1  8A           	txa
001348r 1  91 rr        	sta     (sp),y
00134Ar 1  A0 06        	ldy     #$06
00134Cr 1  B1 rr        	lda     (regbank+4),y
00134Er 1  A0 00        	ldy     #$00
001350r 1  91 rr        	sta     (sp),y
001352r 1  C8           	iny
001353r 1  A9 00        	lda     #$00
001355r 1  91 rr        	sta     (sp),y
001357r 1  A9 07        	lda     #$07
001359r 1  20 rr rr     	jsr     _udeks_vic_bitmap_fill
00135Cr 1  A5 rr        	lda     regbank+4
00135Er 1  A6 rr        	ldx     regbank+4+1
001360r 1  20 rr rr     	jsr     _draw_chrome
001363r 1  A0 0B        	ldy     #$0B
001365r 1  B1 rr        	lda     (regbank+4),y
001367r 1  AA           	tax
001368r 1  88           	dey
001369r 1  B1 rr        	lda     (regbank+4),y
00136Br 1  E0 00        	cpx     #$00
00136Dr 1  D0 04        	bne     L0656
00136Fr 1  C9 00        	cmp     #$00
001371r 1  F0 74        	beq     L0256
001373r 1  20 rr rr     L0656:	jsr     decsp5
001376r 1  A0 02        	ldy     #$02
001378r 1  B1 rr        	lda     (regbank+4),y
00137Ar 1  AA           	tax
00137Br 1  88           	dey
00137Cr 1  B1 rr        	lda     (regbank+4),y
00137Er 1  18           	clc
00137Fr 1  69 03        	adc     #$03
001381r 1  90 01        	bcc     L025B
001383r 1  E8           	inx
001384r 1  A0 03        L025B:	ldy     #$03
001386r 1  91 rr        	sta     (sp),y
001388r 1  C8           	iny
001389r 1  8A           	txa
00138Ar 1  91 rr        	sta     (sp),y
00138Cr 1  88           	dey
00138Dr 1  B1 rr        	lda     (regbank+4),y
00138Fr 1  18           	clc
001390r 1  69 0D        	adc     #$0D
001392r 1  90 01        	bcc     L0652
001394r 1  18           	clc
001395r 1  69 01        L0652:	adc     #$01
001397r 1  88           	dey
001398r 1  91 rr        	sta     (sp),y
00139Ar 1  A0 05        	ldy     #$05
00139Cr 1  B1 rr        	lda     (regbank+4),y
00139Er 1  AA           	tax
00139Fr 1  88           	dey
0013A0r 1  B1 rr        	lda     (regbank+4),y
0013A2r 1  38           	sec
0013A3r 1  E9 06        	sbc     #$06
0013A5r 1  B0 01        	bcs     L0261
0013A7r 1  CA           	dex
0013A8r 1  A0 00        L0261:	ldy     #$00
0013AAr 1  91 rr        	sta     (sp),y
0013ACr 1  C8           	iny
0013ADr 1  8A           	txa
0013AEr 1  91 rr        	sta     (sp),y
0013B0r 1  A0 06        	ldy     #$06
0013B2r 1  B1 rr        	lda     (regbank+4),y
0013B4r 1  38           	sec
0013B5r 1  E9 0D        	sbc     #$0D
0013B7r 1  B0 01        	bcs     L0653
0013B9r 1  38           	sec
0013BAr 1  E9 04        L0653:	sbc     #$04
0013BCr 1  20 rr rr     	jsr     _set_damage_intersection
0013BFr 1  C9 00        	cmp     #$00
0013C1r 1  F0 24        	beq     L0256
0013C3r 1  A0 0B        	ldy     #$0B
0013C5r 1  B1 rr        	lda     (regbank+4),y
0013C7r 1  AA           	tax
0013C8r 1  88           	dey
0013C9r 1  B1 rr        	lda     (regbank+4),y
0013CBr 1  20 rr rr     	jsr     pushax
0013CEr 1  A0 04        	ldy     #$04
0013D0r 1  B1 rr        	lda     (sp),y
0013D2r 1  48           	pha
0013D3r 1  A0 00        	ldy     #$00
0013D5r 1  B1 rr        	lda     (sp),y
0013D7r 1  8D rr rr     	sta     jmpvec+1
0013DAr 1  C8           	iny
0013DBr 1  B1 rr        	lda     (sp),y
0013DDr 1  8D rr rr     	sta     jmpvec+2
0013E0r 1  68           	pla
0013E1r 1  20 rr rr     	jsr     jmpvec
0013E4r 1  20 rr rr     	jsr     incsp2
0013E7r 1  A9 14        L0256:	lda     #$14
0013E9r 1  20 rr rr     	jsr     _increment_counter
0013ECr 1  A2 00        	ldx     #$00
0013EEr 1  A9 01        	lda     #$01
0013F0r 1  48           L023A:	pha
0013F1r 1  A1 rr        	lda     (sp,x)
0013F3r 1  85 rr        	sta     regbank+4
0013F5r 1  A0 01        	ldy     #$01
0013F7r 1  B1 rr        	lda     (sp),y
0013F9r 1  85 rr        	sta     regbank+5
0013FBr 1  68           	pla
0013FCr 1  4C rr rr     	jmp     incsp3
0013FFr 1               
0013FFr 1               .endproc
0013FFr 1               
0013FFr 1               ; ---------------------------------------------------------------
0013FFr 1               ; void __near__ compose_damage (unsigned char)
0013FFr 1               ; ---------------------------------------------------------------
0013FFr 1               
0013FFr 1               .segment	"CODE"
0013FFr 1               
0013FFr 1               .proc	_compose_damage: near
0013FFr 1               
0013FFr 1               .segment	"CODE"
0013FFr 1               
0013FFr 1  20 rr rr     	jsr     pusha
001402r 1  20 rr rr     	jsr     decsp2
001405r 1  AD rr rr     	lda     _drag_mode
001408r 1  29 80        	and     #$80
00140Ar 1  F0 0D        	beq     L0665
00140Cr 1  A0 02        	ldy     #$02
00140Er 1  B1 rr        	lda     (sp),y
001410r 1  CD rr rr     	cmp     _cache_owner
001413r 1  F0 2C        	beq     L026D
001415r 1  C9 FF        	cmp     #$FF
001417r 1  F0 28        	beq     L026D
001419r 1  AD rr rr     L0665:	lda     _cache_phase
00141Cr 1  C9 03        	cmp     #$03
00141Er 1  D0 1E        	bne     L0275
001420r 1  AD rr rr     	lda     _cache_owner
001423r 1  20 rr rr     	jsr     _window_by_handle
001426r 1  20 rr rr     	jsr     pushax
001429r 1  A0 00        	ldy     #$00
00142Br 1  B1 rr        	lda     (sp),y
00142Dr 1  C8           	iny
00142Er 1  11 rr        	ora     (sp),y
001430r 1  F0 09        	beq     L0279
001432r 1  B1 rr        	lda     (sp),y
001434r 1  AA           	tax
001435r 1  88           	dey
001436r 1  B1 rr        	lda     (sp),y
001438r 1  20 rr rr     	jsr     _damage_add
00143Br 1  20 rr rr     L0279:	jsr     incsp2
00143Er 1  20 rr rr     L0275:	jsr     _cache_invalidate
001441r 1  A9 02        L026D:	lda     #$02
001443r 1  20 rr rr     	jsr     _udeks_vic_pointer_busy_begin
001446r 1  20 rr rr     	jsr     decsp6
001449r 1  AD rr rr     	lda     _damage_left
00144Cr 1  A0 04        	ldy     #$04
00144Er 1  91 rr        	sta     (sp),y
001450r 1  C8           	iny
001451r 1  AD rr rr     	lda     _damage_left+1
001454r 1  91 rr        	sta     (sp),y
001456r 1  AD rr rr     	lda     _damage_top
001459r 1  A0 02        	ldy     #$02
00145Br 1  91 rr        	sta     (sp),y
00145Dr 1  C8           	iny
00145Er 1  A9 00        	lda     #$00
001460r 1  91 rr        	sta     (sp),y
001462r 1  AD rr rr     	lda     _damage_right
001465r 1  38           	sec
001466r 1  ED rr rr     	sbc     _damage_left
001469r 1  48           	pha
00146Ar 1  AD rr rr     	lda     _damage_right+1
00146Dr 1  ED rr rr     	sbc     _damage_left+1
001470r 1  AA           	tax
001471r 1  68           	pla
001472r 1  A0 00        	ldy     #$00
001474r 1  91 rr        	sta     (sp),y
001476r 1  C8           	iny
001477r 1  8A           	txa
001478r 1  91 rr        	sta     (sp),y
00147Ar 1  A2 00        	ldx     #$00
00147Cr 1  AD rr rr     	lda     _damage_bottom
00147Fr 1  38           	sec
001480r 1  ED rr rr     	sbc     _damage_top
001483r 1  20 rr rr     	jsr     _udeks_vic_bitmap_set_clip
001486r 1  20 rr rr     	jsr     decsp8
001489r 1  AD rr rr     	lda     _damage_left
00148Cr 1  A0 06        	ldy     #$06
00148Er 1  91 rr        	sta     (sp),y
001490r 1  C8           	iny
001491r 1  AD rr rr     	lda     _damage_left+1
001494r 1  91 rr        	sta     (sp),y
001496r 1  AD rr rr     	lda     _damage_top
001499r 1  A0 04        	ldy     #$04
00149Br 1  91 rr        	sta     (sp),y
00149Dr 1  C8           	iny
00149Er 1  A9 00        	lda     #$00
0014A0r 1  91 rr        	sta     (sp),y
0014A2r 1  AD rr rr     	lda     _damage_right
0014A5r 1  38           	sec
0014A6r 1  ED rr rr     	sbc     _damage_left
0014A9r 1  48           	pha
0014AAr 1  AD rr rr     	lda     _damage_right+1
0014ADr 1  ED rr rr     	sbc     _damage_left+1
0014B0r 1  AA           	tax
0014B1r 1  68           	pla
0014B2r 1  A0 02        	ldy     #$02
0014B4r 1  91 rr        	sta     (sp),y
0014B6r 1  C8           	iny
0014B7r 1  8A           	txa
0014B8r 1  91 rr        	sta     (sp),y
0014BAr 1  AD rr rr     	lda     _damage_bottom
0014BDr 1  38           	sec
0014BEr 1  ED rr rr     	sbc     _damage_top
0014C1r 1  A0 00        	ldy     #$00
0014C3r 1  91 rr        	sta     (sp),y
0014C5r 1  C8           	iny
0014C6r 1  A9 00        	lda     #$00
0014C8r 1  91 rr        	sta     (sp),y
0014CAr 1  A9 07        	lda     #$07
0014CCr 1  20 rr rr     	jsr     _udeks_vic_bitmap_fill
0014CFr 1  A9 01        	lda     #$01
0014D1r 1  A8           	tay
0014D2r 1  91 rr        L065E:	sta     (sp),y
0014D4r 1  C8           	iny
0014D5r 1  B1 rr        	lda     (sp),y
0014D7r 1  C9 FF        	cmp     #$FF
0014D9r 1  F0 5B        	beq     L028F
0014DBr 1  88           	dey
0014DCr 1  B1 rr        	lda     (sp),y
0014DEr 1  38           	sec
0014DFr 1  ED rr rr     	sbc     _active_count
0014E2r 1  90 02        	bcc     L0668
0014E4r 1  D0 50        	bne     L028F
0014E6r 1  A9 00        L0668:	lda     #$00
0014E8r 1  88           	dey
0014E9r 1  91 rr        L065D:	sta     (sp),y
0014EBr 1  C9 04        	cmp     #$04
0014EDr 1  B0 3E        	bcs     L0290
0014EFr 1  B1 rr        	lda     (sp),y
0014F1r 1  20 rr rr     	jsr     pusha0
0014F4r 1  A9 0E        	lda     #$0E
0014F6r 1  20 rr rr     	jsr     tosmula0
0014F9r 1  18           	clc
0014FAr 1  69 rr        	adc     #<(_windows)
0014FCr 1  85 rr        	sta     ptr1
0014FEr 1  8A           	txa
0014FFr 1  69 rr        	adc     #>(_windows)
001501r 1  85 rr        	sta     ptr1+1
001503r 1  A0 07        	ldy     #$07
001505r 1  A2 00        	ldx     #$00
001507r 1  B1 rr        	lda     (ptr1),y
001509r 1  A0 01        	ldy     #$01
00150Br 1  D1 rr        	cmp     (sp),y
00150Dr 1  D0 15        	bne     L029A
00150Fr 1  A1 rr        	lda     (sp,x)
001511r 1  18           	clc
001512r 1  69 01        	adc     #$01
001514r 1  C8           	iny
001515r 1  D1 rr        	cmp     (sp),y
001517r 1  F0 14        	beq     L0290
001519r 1  A1 rr        	lda     (sp,x)
00151Br 1  18           	clc
00151Cr 1  69 01        	adc     #$01
00151Er 1  20 rr rr     	jsr     _paint_window_damage
001521r 1  4C rr rr     	jmp     L0290
001524r 1  88           L029A:	dey
001525r 1  18           	clc
001526r 1  A9 01        	lda     #$01
001528r 1  71 rr        	adc     (sp),y
00152Ar 1  4C rr rr     	jmp     L065D
00152Dr 1  A0 01        L0290:	ldy     #$01
00152Fr 1  18           	clc
001530r 1  98           	tya
001531r 1  71 rr        	adc     (sp),y
001533r 1  4C rr rr     	jmp     L065E
001536r 1  20 rr rr     L028F:	jsr     _udeks_vic_bitmap_reset_clip
001539r 1  20 rr rr     	jsr     _udeks_vic_bitmap_commit
00153Cr 1  A9 02        	lda     #$02
00153Er 1  20 rr rr     	jsr     _udeks_vic_pointer_busy_end
001541r 1  A9 1E        	lda     #$1E
001543r 1  20 rr rr     	jsr     _increment_counter
001546r 1  4C rr rr     	jmp     incsp3
001549r 1               
001549r 1               .endproc
001549r 1               
001549r 1               ; ---------------------------------------------------------------
001549r 1               ; void __near__ cache_paint_image (unsigned char)
001549r 1               ; ---------------------------------------------------------------
001549r 1               
001549r 1               .segment	"CODE"
001549r 1               
001549r 1               .proc	_cache_paint_image: near
001549r 1               
001549r 1               .segment	"CODE"
001549r 1               
001549r 1  20 rr rr     	jsr     pusha
00154Cr 1  A5 rr        	lda     regbank+4
00154Er 1  A6 rr        	ldx     regbank+5
001550r 1  20 rr rr     	jsr     pushax
001553r 1  A0 02        	ldy     #$02
001555r 1  B1 rr        	lda     (sp),y
001557r 1  20 rr rr     	jsr     _window_by_handle
00155Ar 1  85 rr        	sta     regbank+4
00155Cr 1  86 rr        	stx     regbank+4+1
00155Er 1  20 rr rr     	jsr     decsp1
001561r 1  AD rr rr     	lda     _cache_phase
001564r 1  09 80        	ora     #$80
001566r 1  8D rr rr     	sta     _cache_phase
001569r 1  AD rr rr     	lda     _drag_mode
00156Cr 1  09 80        	ora     #$80
00156Er 1  8D rr rr     	sta     _drag_mode
001571r 1  A0 03        	ldy     #$03
001573r 1  B1 rr        	lda     (sp),y
001575r 1  20 rr rr     	jsr     _compose_damage
001578r 1  A9 00        	lda     #$00
00157Ar 1  8D rr rr     	sta     _drag_mode
00157Dr 1  20 rr rr     	jsr     decsp5
001580r 1  A0 02        	ldy     #$02
001582r 1  B1 rr        	lda     (regbank+4),y
001584r 1  AA           	tax
001585r 1  88           	dey
001586r 1  B1 rr        	lda     (regbank+4),y
001588r 1  A0 03        	ldy     #$03
00158Ar 1  91 rr        	sta     (sp),y
00158Cr 1  C8           	iny
00158Dr 1  8A           	txa
00158Er 1  91 rr        	sta     (sp),y
001590r 1  88           	dey
001591r 1  B1 rr        	lda     (regbank+4),y
001593r 1  88           	dey
001594r 1  91 rr        	sta     (sp),y
001596r 1  A0 05        	ldy     #$05
001598r 1  B1 rr        	lda     (regbank+4),y
00159Ar 1  AA           	tax
00159Br 1  88           	dey
00159Cr 1  B1 rr        	lda     (regbank+4),y
00159Er 1  A0 00        	ldy     #$00
0015A0r 1  91 rr        	sta     (sp),y
0015A2r 1  C8           	iny
0015A3r 1  8A           	txa
0015A4r 1  91 rr        	sta     (sp),y
0015A6r 1  A0 06        	ldy     #$06
0015A8r 1  B1 rr        	lda     (regbank+4),y
0015AAr 1  20 rr rr     	jsr     _set_damage_intersection
0015ADr 1  A0 00        	ldy     #$00
0015AFr 1  91 rr        	sta     (sp),y
0015B1r 1  20 rr rr     	jsr     _udeks_vic_bitmap_reset_clip
0015B4r 1  A0 00        	ldy     #$00
0015B6r 1  B1 rr        	lda     (sp),y
0015B8r 1  D0 08        	bne     L02C3
0015BAr 1  A9 02        	lda     #$02
0015BCr 1  8D rr rr     	sta     _cache_phase
0015BFr 1  4C rr rr     	jmp     L02C8
0015C2r 1  A0 03        L02C3:	ldy     #$03
0015C4r 1  B1 rr        	lda     (sp),y
0015C6r 1  20 rr rr     	jsr     pusha
0015C9r 1  A9 06        	lda     #$06
0015CBr 1  20 rr rr     	jsr     _cache_request
0015CEr 1  C9 00        	cmp     #$00
0015D0r 1  F0 05        	beq     L02C8
0015D2r 1  A9 00        	lda     #$00
0015D4r 1  20 rr rr     	jsr     _compose_damage
0015D7r 1  A0 01        L02C8:	ldy     #$01
0015D9r 1  B1 rr        	lda     (sp),y
0015DBr 1  85 rr        	sta     regbank+4
0015DDr 1  C8           	iny
0015DEr 1  B1 rr        	lda     (sp),y
0015E0r 1  85 rr        	sta     regbank+5
0015E2r 1  4C rr rr     	jmp     incsp4
0015E5r 1               
0015E5r 1               .endproc
0015E5r 1               
0015E5r 1               ; ---------------------------------------------------------------
0015E5r 1               ; unsigned char __near__ top_window (void)
0015E5r 1               ; ---------------------------------------------------------------
0015E5r 1               
0015E5r 1               .segment	"CODE"
0015E5r 1               
0015E5r 1               .proc	_top_window: near
0015E5r 1               
0015E5r 1               .segment	"CODE"
0015E5r 1               
0015E5r 1  20 rr rr     	jsr     decsp1
0015E8r 1  A9 00        	lda     #$00
0015EAr 1  A8           	tay
0015EBr 1  91 rr        L066B:	sta     (sp),y
0015EDr 1  A2 00        	ldx     #$00
0015EFr 1  B1 rr        	lda     (sp),y
0015F1r 1  C9 04        	cmp     #$04
0015F3r 1  B0 4D        	bcs     L066F
0015F5r 1  20 rr rr     	jsr     pusha0
0015F8r 1  A9 0E        	lda     #$0E
0015FAr 1  20 rr rr     	jsr     tosmula0
0015FDr 1  18           	clc
0015FEr 1  69 rr        	adc     #<(_windows)
001600r 1  85 rr        	sta     ptr1
001602r 1  8A           	txa
001603r 1  69 rr        	adc     #>(_windows)
001605r 1  85 rr        	sta     ptr1+1
001607r 1  A0 07        	ldy     #$07
001609r 1  B1 rr        	lda     (ptr1),y
00160Br 1  F0 2B        	beq     L02D1
00160Dr 1  A2 00        	ldx     #$00
00160Fr 1  A1 rr        	lda     (sp,x)
001611r 1  20 rr rr     	jsr     pusha0
001614r 1  A9 0E        	lda     #$0E
001616r 1  20 rr rr     	jsr     tosmula0
001619r 1  18           	clc
00161Ar 1  69 rr        	adc     #<(_windows)
00161Cr 1  85 rr        	sta     ptr1
00161Er 1  8A           	txa
00161Fr 1  69 rr        	adc     #>(_windows)
001621r 1  85 rr        	sta     ptr1+1
001623r 1  A0 07        	ldy     #$07
001625r 1  B1 rr        	lda     (ptr1),y
001627r 1  CD rr rr     	cmp     _active_count
00162Ar 1  D0 0C        	bne     L02D1
00162Cr 1  A0 00        	ldy     #$00
00162Er 1  B1 rr        	lda     (sp),y
001630r 1  18           	clc
001631r 1  69 01        	adc     #$01
001633r 1  A2 00        	ldx     #$00
001635r 1  4C rr rr     	jmp     incsp1
001638r 1  A0 00        L02D1:	ldy     #$00
00163Ar 1  18           	clc
00163Br 1  A9 01        	lda     #$01
00163Dr 1  71 rr        	adc     (sp),y
00163Fr 1  4C rr rr     	jmp     L066B
001642r 1  8A           L066F:	txa
001643r 1  4C rr rr     	jmp     incsp1
001646r 1               
001646r 1               .endproc
001646r 1               
001646r 1               ; ---------------------------------------------------------------
001646r 1               ; unsigned char __near__ raise_window (unsigned char)
001646r 1               ; ---------------------------------------------------------------
001646r 1               
001646r 1               .segment	"CODE"
001646r 1               
001646r 1               .proc	_raise_window: near
001646r 1               
001646r 1               .segment	"CODE"
001646r 1               
001646r 1  20 rr rr     	jsr     pusha
001649r 1  20 rr rr     	jsr     decsp2
00164Cr 1  A5 rr        	lda     regbank+4
00164Er 1  A6 rr        	ldx     regbank+5
001650r 1  20 rr rr     	jsr     pushax
001653r 1  A0 04        	ldy     #$04
001655r 1  B1 rr        	lda     (sp),y
001657r 1  20 rr rr     	jsr     _window_by_handle
00165Ar 1  85 rr        	sta     regbank+4
00165Cr 1  86 rr        	stx     regbank+4+1
00165Er 1  E0 00        	cpx     #$00
001660r 1  D0 04        	bne     L0675
001662r 1  C9 00        	cmp     #$00
001664r 1  F0 72        	beq     L02E1
001666r 1  A0 07        L0675:	ldy     #$07
001668r 1  B1 rr        	lda     (regbank+4),y
00166Ar 1  CD rr rr     	cmp     _active_count
00166Dr 1  D0 06        	bne     L0674
00166Fr 1  A2 00        	ldx     #$00
001671r 1  8A           	txa
001672r 1  4C rr rr     	jmp     L02E1
001675r 1  B1 rr        L0674:	lda     (regbank+4),y
001677r 1  A0 02        	ldy     #$02
001679r 1  91 rr        	sta     (sp),y
00167Br 1  A9 00        	lda     #$00
00167Dr 1  C8           	iny
00167Er 1  91 rr        L0671:	sta     (sp),y
001680r 1  C9 04        	cmp     #$04
001682r 1  B0 49        	bcs     L02ED
001684r 1  B1 rr        	lda     (sp),y
001686r 1  20 rr rr     	jsr     pusha0
001689r 1  A9 0E        	lda     #$0E
00168Br 1  20 rr rr     	jsr     tosmula0
00168Er 1  18           	clc
00168Fr 1  69 rr        	adc     #<(_windows)
001691r 1  85 rr        	sta     ptr1
001693r 1  8A           	txa
001694r 1  69 rr        	adc     #>(_windows)
001696r 1  85 rr        	sta     ptr1+1
001698r 1  A0 07        	ldy     #$07
00169Ar 1  B1 rr        	lda     (ptr1),y
00169Cr 1  38           	sec
00169Dr 1  A0 02        	ldy     #$02
00169Fr 1  F1 rr        	sbc     (sp),y
0016A1r 1  90 20        	bcc     L02EE
0016A3r 1  F0 1E        	beq     L02EE
0016A5r 1  C8           	iny
0016A6r 1  B1 rr        	lda     (sp),y
0016A8r 1  20 rr rr     	jsr     pusha0
0016ABr 1  A9 0E        	lda     #$0E
0016ADr 1  20 rr rr     	jsr     tosmula0
0016B0r 1  18           	clc
0016B1r 1  69 rr        	adc     #<(_windows)
0016B3r 1  85 rr        	sta     ptr1
0016B5r 1  8A           	txa
0016B6r 1  69 rr        	adc     #>(_windows)
0016B8r 1  85 rr        	sta     ptr1+1
0016BAr 1  A0 07        	ldy     #$07
0016BCr 1  B1 rr        	lda     (ptr1),y
0016BEr 1  38           	sec
0016BFr 1  E9 01        	sbc     #$01
0016C1r 1  91 rr        	sta     (ptr1),y
0016C3r 1  A0 03        L02EE:	ldy     #$03
0016C5r 1  18           	clc
0016C6r 1  A9 01        	lda     #$01
0016C8r 1  71 rr        	adc     (sp),y
0016CAr 1  4C rr rr     	jmp     L0671
0016CDr 1  AD rr rr     L02ED:	lda     _active_count
0016D0r 1  A0 07        	ldy     #$07
0016D2r 1  91 rr        	sta     (regbank+4),y
0016D4r 1  A2 00        	ldx     #$00
0016D6r 1  A9 01        	lda     #$01
0016D8r 1  48           L02E1:	pha
0016D9r 1  A1 rr        	lda     (sp,x)
0016DBr 1  85 rr        	sta     regbank+4
0016DDr 1  A0 01        	ldy     #$01
0016DFr 1  B1 rr        	lda     (sp),y
0016E1r 1  85 rr        	sta     regbank+5
0016E3r 1  68           	pla
0016E4r 1  4C rr rr     	jmp     incsp5
0016E7r 1               
0016E7r 1               .endproc
0016E7r 1               
0016E7r 1               ; ---------------------------------------------------------------
0016E7r 1               ; unsigned char __near__ top_window_at (unsigned int, unsigned char)
0016E7r 1               ; ---------------------------------------------------------------
0016E7r 1               
0016E7r 1               .segment	"CODE"
0016E7r 1               
0016E7r 1               .proc	_top_window_at: near
0016E7r 1               
0016E7r 1               .segment	"CODE"
0016E7r 1               
0016E7r 1  20 rr rr     	jsr     pusha
0016EAr 1  20 rr rr     	jsr     decsp3
0016EDr 1  A9 00        	lda     #$00
0016EFr 1  A0 01        	ldy     #$01
0016F1r 1  91 rr        	sta     (sp),y
0016F3r 1  88           	dey
0016F4r 1  91 rr        	sta     (sp),y
0016F6r 1  A0 02        	ldy     #$02
0016F8r 1  91 rr        L0678:	sta     (sp),y
0016FAr 1  C9 04        	cmp     #$04
0016FCr 1  90 03 4C rr  	jcs     L0302
001700r 1  rr           
001701r 1  B1 rr        	lda     (sp),y
001703r 1  20 rr rr     	jsr     pusha0
001706r 1  A9 0E        	lda     #$0E
001708r 1  20 rr rr     	jsr     tosmula0
00170Br 1  18           	clc
00170Cr 1  69 rr        	adc     #<(_windows)
00170Er 1  85 rr        	sta     ptr1
001710r 1  8A           	txa
001711r 1  69 rr        	adc     #>(_windows)
001713r 1  85 rr        	sta     ptr1+1
001715r 1  A0 07        	ldy     #$07
001717r 1  B1 rr        	lda     (ptr1),y
001719r 1  D0 03 4C rr  	jeq     L0303
00171Dr 1  rr           
00171Er 1  A0 02        	ldy     #$02
001720r 1  B1 rr        	lda     (sp),y
001722r 1  20 rr rr     	jsr     pusha0
001725r 1  A9 0E        	lda     #$0E
001727r 1  20 rr rr     	jsr     tosmula0
00172Ar 1  85 rr        	sta     ptr1
00172Cr 1  8A           	txa
00172Dr 1  18           	clc
00172Er 1  69 rr        	adc     #>(_windows)
001730r 1  85 rr        	sta     ptr1+1
001732r 1  A0 rr        	ldy     #<(_windows)
001734r 1  B1 rr        	lda     (ptr1),y
001736r 1  29 01        	and     #$01
001738r 1  D0 03 4C rr  	jeq     L0303
00173Cr 1  rr           
00173Dr 1  20 rr rr     	jsr     decsp3
001740r 1  A0 08        	ldy     #$08
001742r 1  B1 rr        	lda     (sp),y
001744r 1  AA           	tax
001745r 1  88           	dey
001746r 1  B1 rr        	lda     (sp),y
001748r 1  A0 01        	ldy     #$01
00174Ar 1  91 rr        	sta     (sp),y
00174Cr 1  C8           	iny
00174Dr 1  8A           	txa
00174Er 1  91 rr        	sta     (sp),y
001750r 1  A0 06        	ldy     #$06
001752r 1  B1 rr        	lda     (sp),y
001754r 1  A0 00        	ldy     #$00
001756r 1  91 rr        	sta     (sp),y
001758r 1  A0 05        	ldy     #$05
00175Ar 1  B1 rr        	lda     (sp),y
00175Cr 1  20 rr rr     	jsr     pusha0
00175Fr 1  A9 0E        	lda     #$0E
001761r 1  20 rr rr     	jsr     tosmula0
001764r 1  18           	clc
001765r 1  69 rr        	adc     #<(_windows)
001767r 1  A8           	tay
001768r 1  8A           	txa
001769r 1  69 rr        	adc     #>(_windows)
00176Br 1  AA           	tax
00176Cr 1  98           	tya
00176Dr 1  20 rr rr     	jsr     _point_inside
001770r 1  C9 00        	cmp     #$00
001772r 1  F0 4C        	beq     L0303
001774r 1  A0 01        	ldy     #$01
001776r 1  B1 rr        	lda     (sp),y
001778r 1  F0 1F        	beq     L067D
00177Ar 1  C8           	iny
00177Br 1  B1 rr        	lda     (sp),y
00177Dr 1  20 rr rr     	jsr     pusha0
001780r 1  A9 0E        	lda     #$0E
001782r 1  20 rr rr     	jsr     tosmula0
001785r 1  18           	clc
001786r 1  69 rr        	adc     #<(_windows)
001788r 1  85 rr        	sta     ptr1
00178Ar 1  8A           	txa
00178Br 1  69 rr        	adc     #>(_windows)
00178Dr 1  85 rr        	sta     ptr1+1
00178Fr 1  A0 07        	ldy     #$07
001791r 1  B1 rr        	lda     (ptr1),y
001793r 1  A0 00        	ldy     #$00
001795r 1  D1 rr        	cmp     (sp),y
001797r 1  90 27        	bcc     L0303
001799r 1  A0 02        L067D:	ldy     #$02
00179Br 1  B1 rr        	lda     (sp),y
00179Dr 1  18           	clc
00179Er 1  69 01        	adc     #$01
0017A0r 1  88           	dey
0017A1r 1  91 rr        	sta     (sp),y
0017A3r 1  C8           	iny
0017A4r 1  B1 rr        	lda     (sp),y
0017A6r 1  20 rr rr     	jsr     pusha0
0017A9r 1  A9 0E        	lda     #$0E
0017ABr 1  20 rr rr     	jsr     tosmula0
0017AEr 1  18           	clc
0017AFr 1  69 rr        	adc     #<(_windows)
0017B1r 1  85 rr        	sta     ptr1
0017B3r 1  8A           	txa
0017B4r 1  69 rr        	adc     #>(_windows)
0017B6r 1  85 rr        	sta     ptr1+1
0017B8r 1  A0 07        	ldy     #$07
0017BAr 1  B1 rr        	lda     (ptr1),y
0017BCr 1  A0 00        	ldy     #$00
0017BEr 1  91 rr        	sta     (sp),y
0017C0r 1  A0 02        L0303:	ldy     #$02
0017C2r 1  18           	clc
0017C3r 1  A9 01        	lda     #$01
0017C5r 1  71 rr        	adc     (sp),y
0017C7r 1  4C rr rr     	jmp     L0678
0017CAr 1  88           L0302:	dey
0017CBr 1  A2 00        	ldx     #$00
0017CDr 1  B1 rr        	lda     (sp),y
0017CFr 1  4C rr rr     	jmp     incsp6
0017D2r 1               
0017D2r 1               .endproc
0017D2r 1               
0017D2r 1               ; ---------------------------------------------------------------
0017D2r 1               ; unsigned char __near__ close_hit (unsigned int, unsigned char, register __near__ const struct udeks_window *)
0017D2r 1               ; ---------------------------------------------------------------
0017D2r 1               
0017D2r 1               .segment	"CODE"
0017D2r 1               
0017D2r 1               .proc	_close_hit: near
0017D2r 1               
0017D2r 1               .segment	"CODE"
0017D2r 1               
0017D2r 1  20 rr rr     	jsr     pushax
0017D5r 1  A0 00        	ldy     #$00
0017D7r 1  A2 04        	ldx     #$04
0017D9r 1  20 rr rr     	jsr     regswap2
0017DCr 1  20 rr rr     	jsr     decsp2
0017DFr 1  A0 00        	ldy     #$00
0017E1r 1  B1 rr        	lda     (regbank+4),y
0017E3r 1  29 04        	and     #$04
0017E5r 1  D0 03 4C rr  	jeq     L0680
0017E9r 1  rr           
0017EAr 1  A0 02        	ldy     #$02
0017ECr 1  B1 rr        	lda     (regbank+4),y
0017EEr 1  AA           	tax
0017EFr 1  88           	dey
0017F0r 1  B1 rr        	lda     (regbank+4),y
0017F2r 1  20 rr rr     	jsr     pushax
0017F5r 1  A0 05        	ldy     #$05
0017F7r 1  B1 rr        	lda     (regbank+4),y
0017F9r 1  AA           	tax
0017FAr 1  88           	dey
0017FBr 1  B1 rr        	lda     (regbank+4),y
0017FDr 1  20 rr rr     	jsr     tosaddax
001800r 1  38           	sec
001801r 1  E9 0C        	sbc     #$0C
001803r 1  B0 01        	bcs     L0328
001805r 1  CA           	dex
001806r 1  20 rr rr     L0328:	jsr     stax0sp
001809r 1  A0 06        	ldy     #$06
00180Br 1  B1 rr        	lda     (sp),y
00180Dr 1  AA           	tax
00180Er 1  88           	dey
00180Fr 1  B1 rr        	lda     (sp),y
001811r 1  A0 00        	ldy     #$00
001813r 1  D1 rr        	cmp     (sp),y
001815r 1  8A           	txa
001816r 1  C8           	iny
001817r 1  F1 rr        	sbc     (sp),y
001819r 1  A9 00        	lda     #$00
00181Br 1  AA           	tax
00181Cr 1  90 50        	bcc     L0320
00181Er 1  A0 08        	ldy     #$08
001820r 1  20 rr rr     	jsr     pushwysp
001823r 1  A0 03        	ldy     #$03
001825r 1  B1 rr        	lda     (sp),y
001827r 1  AA           	tax
001828r 1  88           	dey
001829r 1  B1 rr        	lda     (sp),y
00182Br 1  18           	clc
00182Cr 1  69 08        	adc     #$08
00182Er 1  90 01        	bcc     L032B
001830r 1  E8           	inx
001831r 1  20 rr rr     L032B:	jsr     tosicmp
001834r 1  B0 2E        	bcs     L032A
001836r 1  A0 04        	ldy     #$04
001838r 1  B1 rr        	lda     (sp),y
00183Ar 1  20 rr rr     	jsr     pusha0
00183Dr 1  A0 03        	ldy     #$03
00183Fr 1  B1 rr        	lda     (regbank+4),y
001841r 1  18           	clc
001842r 1  69 03        	adc     #$03
001844r 1  90 02        	bcc     L032C
001846r 1  A2 01        	ldx     #$01
001848r 1  20 rr rr     L032C:	jsr     tosicmp
00184Br 1  90 17        	bcc     L032A
00184Dr 1  A0 04        	ldy     #$04
00184Fr 1  B1 rr        	lda     (sp),y
001851r 1  20 rr rr     	jsr     pusha0
001854r 1  A0 03        	ldy     #$03
001856r 1  B1 rr        	lda     (regbank+4),y
001858r 1  18           	clc
001859r 1  69 0B        	adc     #$0B
00185Br 1  90 02        	bcc     L032D
00185Dr 1  A2 01        	ldx     #$01
00185Fr 1  20 rr rr     L032D:	jsr     tosicmp
001862r 1  90 06        	bcc     L0329
001864r 1  A2 00        L032A:	ldx     #$00
001866r 1  8A           	txa
001867r 1  4C rr rr     	jmp     L0320
00186Ar 1  A9 01        L0329:	lda     #$01
00186Cr 1  A2 00        L0680:	ldx     #$00
00186Er 1  48           L0320:	pha
00186Fr 1  A0 02        	ldy     #$02
001871r 1  B1 rr        	lda     (sp),y
001873r 1  85 rr        	sta     regbank+4
001875r 1  C8           	iny
001876r 1  B1 rr        	lda     (sp),y
001878r 1  85 rr        	sta     regbank+5
00187Ar 1  68           	pla
00187Br 1  4C rr rr     	jmp     incsp7
00187Er 1               
00187Er 1               .endproc
00187Er 1               
00187Er 1               ; ---------------------------------------------------------------
00187Er 1               ; unsigned char __near__ title_hit (unsigned int, unsigned char, register __near__ const struct udeks_window *)
00187Er 1               ; ---------------------------------------------------------------
00187Er 1               
00187Er 1               .segment	"CODE"
00187Er 1               
00187Er 1               .proc	_title_hit: near
00187Er 1               
00187Er 1               .segment	"CODE"
00187Er 1               
00187Er 1  20 rr rr     	jsr     pushax
001881r 1  A0 00        	ldy     #$00
001883r 1  A2 04        	ldx     #$04
001885r 1  20 rr rr     	jsr     regswap2
001888r 1  A0 00        	ldy     #$00
00188Ar 1  B1 rr        	lda     (regbank+4),y
00188Cr 1  A2 00        	ldx     #$00
00188Er 1  29 02        	and     #$02
001890r 1  F0 63        	beq     L0683
001892r 1  A0 06        	ldy     #$06
001894r 1  20 rr rr     	jsr     pushwysp
001897r 1  A0 02        	ldy     #$02
001899r 1  B1 rr        	lda     (regbank+4),y
00189Br 1  AA           	tax
00189Cr 1  88           	dey
00189Dr 1  B1 rr        	lda     (regbank+4),y
00189Fr 1  20 rr rr     	jsr     tosicmp
0018A2r 1  90 47        	bcc     L0333
0018A4r 1  A0 06        	ldy     #$06
0018A6r 1  20 rr rr     	jsr     pushwysp
0018A9r 1  A0 02        	ldy     #$02
0018ABr 1  B1 rr        	lda     (regbank+4),y
0018ADr 1  AA           	tax
0018AEr 1  88           	dey
0018AFr 1  B1 rr        	lda     (regbank+4),y
0018B1r 1  20 rr rr     	jsr     pushax
0018B4r 1  A0 05        	ldy     #$05
0018B6r 1  B1 rr        	lda     (regbank+4),y
0018B8r 1  AA           	tax
0018B9r 1  88           	dey
0018BAr 1  B1 rr        	lda     (regbank+4),y
0018BCr 1  20 rr rr     	jsr     tosaddax
0018BFr 1  20 rr rr     	jsr     tosicmp
0018C2r 1  B0 27        	bcs     L0333
0018C4r 1  A0 02        	ldy     #$02
0018C6r 1  B1 rr        	lda     (sp),y
0018C8r 1  20 rr rr     	jsr     pusha0
0018CBr 1  A0 03        	ldy     #$03
0018CDr 1  B1 rr        	lda     (regbank+4),y
0018CFr 1  20 rr rr     	jsr     tosicmp0
0018D2r 1  90 17        	bcc     L0333
0018D4r 1  A0 02        	ldy     #$02
0018D6r 1  B1 rr        	lda     (sp),y
0018D8r 1  20 rr rr     	jsr     pusha0
0018DBr 1  A0 03        	ldy     #$03
0018DDr 1  B1 rr        	lda     (regbank+4),y
0018DFr 1  18           	clc
0018E0r 1  69 0D        	adc     #$0D
0018E2r 1  90 02        	bcc     L0334
0018E4r 1  A2 01        	ldx     #$01
0018E6r 1  20 rr rr     L0334:	jsr     tosicmp
0018E9r 1  90 06        	bcc     L0330
0018EBr 1  A2 00        L0333:	ldx     #$00
0018EDr 1  8A           	txa
0018EEr 1  4C rr rr     	jmp     L0683
0018F1r 1  A9 01        L0330:	lda     #$01
0018F3r 1  A2 00        	ldx     #$00
0018F5r 1  48           L0683:	pha
0018F6r 1  A1 rr        	lda     (sp,x)
0018F8r 1  85 rr        	sta     regbank+4
0018FAr 1  A0 01        	ldy     #$01
0018FCr 1  B1 rr        	lda     (sp),y
0018FEr 1  85 rr        	sta     regbank+5
001900r 1  68           	pla
001901r 1  4C rr rr     	jmp     incsp5
001904r 1               
001904r 1               .endproc
001904r 1               
001904r 1               ; ---------------------------------------------------------------
001904r 1               ; unsigned char __near__ resize_hit (unsigned int, unsigned char, register __near__ const struct udeks_window *)
001904r 1               ; ---------------------------------------------------------------
001904r 1               
001904r 1               .segment	"CODE"
001904r 1               
001904r 1               .proc	_resize_hit: near
001904r 1               
001904r 1               .segment	"CODE"
001904r 1               
001904r 1  20 rr rr     	jsr     pushax
001907r 1  A0 00        	ldy     #$00
001909r 1  A2 04        	ldx     #$04
00190Br 1  20 rr rr     	jsr     regswap2
00190Er 1  A0 00        	ldy     #$00
001910r 1  B1 rr        	lda     (regbank+4),y
001912r 1  A2 00        	ldx     #$00
001914r 1  29 08        	and     #$08
001916r 1  F0 52        	beq     L0687
001918r 1  A0 06        	ldy     #$06
00191Ar 1  20 rr rr     	jsr     pushwysp
00191Dr 1  A0 02        	ldy     #$02
00191Fr 1  B1 rr        	lda     (regbank+4),y
001921r 1  AA           	tax
001922r 1  88           	dey
001923r 1  B1 rr        	lda     (regbank+4),y
001925r 1  20 rr rr     	jsr     pushax
001928r 1  A0 05        	ldy     #$05
00192Ar 1  B1 rr        	lda     (regbank+4),y
00192Cr 1  AA           	tax
00192Dr 1  88           	dey
00192Er 1  B1 rr        	lda     (regbank+4),y
001930r 1  20 rr rr     	jsr     tosaddax
001933r 1  38           	sec
001934r 1  E9 0A        	sbc     #$0A
001936r 1  B0 01        	bcs     L033B
001938r 1  CA           	dex
001939r 1  20 rr rr     L033B:	jsr     tosicmp
00193Cr 1  90 22        	bcc     L033A
00193Er 1  A0 02        	ldy     #$02
001940r 1  B1 rr        	lda     (sp),y
001942r 1  20 rr rr     	jsr     pusha0
001945r 1  A0 03        	ldy     #$03
001947r 1  B1 rr        	lda     (regbank+4),y
001949r 1  85 rr        	sta     ptr1
00194Br 1  A0 06        	ldy     #$06
00194Dr 1  B1 rr        	lda     (regbank+4),y
00194Fr 1  18           	clc
001950r 1  65 rr        	adc     ptr1
001952r 1  90 01        	bcc     L0684
001954r 1  E8           	inx
001955r 1  38           L0684:	sec
001956r 1  E9 0A        	sbc     #$0A
001958r 1  B0 01        	bcs     L033C
00195Ar 1  CA           	dex
00195Br 1  20 rr rr     L033C:	jsr     tosicmp
00195Er 1  B0 06        	bcs     L0337
001960r 1  A2 00        L033A:	ldx     #$00
001962r 1  8A           	txa
001963r 1  4C rr rr     	jmp     L0687
001966r 1  A9 01        L0337:	lda     #$01
001968r 1  A2 00        	ldx     #$00
00196Ar 1  48           L0687:	pha
00196Br 1  A1 rr        	lda     (sp,x)
00196Dr 1  85 rr        	sta     regbank+4
00196Fr 1  A0 01        	ldy     #$01
001971r 1  B1 rr        	lda     (sp),y
001973r 1  85 rr        	sta     regbank+5
001975r 1  68           	pla
001976r 1  4C rr rr     	jmp     incsp5
001979r 1               
001979r 1               .endproc
001979r 1               
001979r 1               ; ---------------------------------------------------------------
001979r 1               ; void __near__ begin_drag (unsigned char, unsigned int, unsigned char, unsigned char)
001979r 1               ; ---------------------------------------------------------------
001979r 1               
001979r 1               .segment	"CODE"
001979r 1               
001979r 1               .proc	_begin_drag: near
001979r 1               
001979r 1               .segment	"CODE"
001979r 1               
001979r 1  20 rr rr     	jsr     pusha
00197Cr 1  A5 rr        	lda     regbank+4
00197Er 1  A6 rr        	ldx     regbank+5
001980r 1  20 rr rr     	jsr     pushax
001983r 1  A0 06        	ldy     #$06
001985r 1  B1 rr        	lda     (sp),y
001987r 1  20 rr rr     	jsr     _window_by_handle
00198Ar 1  85 rr        	sta     regbank+4
00198Cr 1  86 rr        	stx     regbank+4+1
00198Er 1  E0 00        	cpx     #$00
001990r 1  D0 07        	bne     L068B
001992r 1  C9 00        	cmp     #$00
001994r 1  D0 03 4C rr  	jeq     L033E
001998r 1  rr           
001999r 1  A0 06        L068B:	ldy     #$06
00199Br 1  B1 rr        	lda     (sp),y
00199Dr 1  8D rr rr     	sta     _dragging_handle
0019A0r 1  A0 02        	ldy     #$02
0019A2r 1  B1 rr        	lda     (sp),y
0019A4r 1  8D rr rr     	sta     _drag_mode
0019A7r 1  B1 rr        	lda     (sp),y
0019A9r 1  C9 01        	cmp     #$01
0019ABr 1  D0 1B        	bne     L0349
0019ADr 1  AD rr rr     	lda     _cache_phase
0019B0r 1  C9 02        	cmp     #$02
0019B2r 1  D0 14        	bne     L0349
0019B4r 1  A0 06        	ldy     #$06
0019B6r 1  B1 rr        	lda     (sp),y
0019B8r 1  CD rr rr     	cmp     _cache_owner
0019BBr 1  D0 0B        	bne     L0349
0019BDr 1  AD rr rr     	lda     _drag_mode
0019C0r 1  09 80        	ora     #$80
0019C2r 1  8D rr rr     	sta     _drag_mode
0019C5r 1  4C rr rr     	jmp     L034F
0019C8r 1  20 rr rr     L0349:	jsr     _cache_invalidate
0019CBr 1  A0 07        L034F:	ldy     #$07
0019CDr 1  20 rr rr     	jsr     pushwysp
0019D0r 1  A0 02        	ldy     #$02
0019D2r 1  B1 rr        	lda     (regbank+4),y
0019D4r 1  AA           	tax
0019D5r 1  88           	dey
0019D6r 1  B1 rr        	lda     (regbank+4),y
0019D8r 1  20 rr rr     	jsr     tossubax
0019DBr 1  8D rr rr     	sta     _drag_pointer_x
0019DEr 1  8E rr rr     	stx     _drag_pointer_x+1
0019E1r 1  A0 03        	ldy     #$03
0019E3r 1  B1 rr        	lda     (sp),y
0019E5r 1  20 rr rr     	jsr     pusha0
0019E8r 1  A0 03        	ldy     #$03
0019EAr 1  B1 rr        	lda     (regbank+4),y
0019ECr 1  20 rr rr     	jsr     tossuba0
0019EFr 1  8D rr rr     	sta     _drag_pointer_y
0019F2r 1  A0 02        	ldy     #$02
0019F4r 1  B1 rr        	lda     (regbank+4),y
0019F6r 1  8D rr rr     	sta     _drag_x+1
0019F9r 1  88           	dey
0019FAr 1  B1 rr        	lda     (regbank+4),y
0019FCr 1  8D rr rr     	sta     _drag_x
0019FFr 1  A0 03        	ldy     #$03
001A01r 1  B1 rr        	lda     (regbank+4),y
001A03r 1  8D rr rr     	sta     _drag_y
001A06r 1  A0 05        	ldy     #$05
001A08r 1  B1 rr        	lda     (regbank+4),y
001A0Ar 1  8D rr rr     	sta     _drag_width+1
001A0Dr 1  88           	dey
001A0Er 1  B1 rr        	lda     (regbank+4),y
001A10r 1  8D rr rr     	sta     _drag_width
001A13r 1  A0 06        	ldy     #$06
001A15r 1  B1 rr        	lda     (regbank+4),y
001A17r 1  8D rr rr     	sta     _drag_height
001A1Ar 1  A5 rr        	lda     regbank+4
001A1Cr 1  A6 rr        	ldx     regbank+4+1
001A1Er 1  20 rr rr     	jsr     _damage_set
001A21r 1  A9 FF        	lda     #$FF
001A23r 1  20 rr rr     	jsr     _compose_damage
001A26r 1  20 rr rr     	jsr     decsp5
001A29r 1  AD rr rr     	lda     _drag_x
001A2Cr 1  A0 03        	ldy     #$03
001A2Er 1  91 rr        	sta     (sp),y
001A30r 1  C8           	iny
001A31r 1  AD rr rr     	lda     _drag_x+1
001A34r 1  91 rr        	sta     (sp),y
001A36r 1  AD rr rr     	lda     _drag_y
001A39r 1  A0 02        	ldy     #$02
001A3Br 1  91 rr        	sta     (sp),y
001A3Dr 1  A0 05        	ldy     #$05
001A3Fr 1  B1 rr        	lda     (regbank+4),y
001A41r 1  AA           	tax
001A42r 1  88           	dey
001A43r 1  B1 rr        	lda     (regbank+4),y
001A45r 1  A0 00        	ldy     #$00
001A47r 1  91 rr        	sta     (sp),y
001A49r 1  C8           	iny
001A4Ar 1  8A           	txa
001A4Br 1  91 rr        	sta     (sp),y
001A4Dr 1  A0 06        	ldy     #$06
001A4Fr 1  B1 rr        	lda     (regbank+4),y
001A51r 1  20 rr rr     	jsr     _udeks_vic_bitmap_outline_toggle
001A54r 1  A9 18        	lda     #$18
001A56r 1  20 rr rr     	jsr     _increment_counter
001A59r 1  A0 00        L033E:	ldy     #$00
001A5Br 1  B1 rr        	lda     (sp),y
001A5Dr 1  85 rr        	sta     regbank+4
001A5Fr 1  C8           	iny
001A60r 1  B1 rr        	lda     (sp),y
001A62r 1  85 rr        	sta     regbank+5
001A64r 1  4C rr rr     	jmp     incsp7
001A67r 1               
001A67r 1               .endproc
001A67r 1               
001A67r 1               ; ---------------------------------------------------------------
001A67r 1               ; void __near__ move_drag (unsigned int, unsigned char)
001A67r 1               ; ---------------------------------------------------------------
001A67r 1               
001A67r 1               .segment	"CODE"
001A67r 1               
001A67r 1               .proc	_move_drag: near
001A67r 1               
001A67r 1               .segment	"CODE"
001A67r 1               
001A67r 1  20 rr rr     	jsr     pusha
001A6Ar 1  A5 rr        	lda     regbank+4
001A6Cr 1  A6 rr        	ldx     regbank+5
001A6Er 1  20 rr rr     	jsr     pushax
001A71r 1  20 rr rr     	jsr     decsp3
001A74r 1  AD rr rr     	lda     _dragging_handle
001A77r 1  20 rr rr     	jsr     _window_by_handle
001A7Ar 1  85 rr        	sta     regbank+4
001A7Cr 1  86 rr        	stx     regbank+4+1
001A7Er 1  E0 00        	cpx     #$00
001A80r 1  D0 0A        	bne     L036D
001A82r 1  C9 00        	cmp     #$00
001A84r 1  D0 06        	bne     L036D
001A86r 1  8D rr rr     	sta     _dragging_handle
001A89r 1  4C rr rr     	jmp     L0369
001A8Cr 1  A0 07        L036D:	ldy     #$07
001A8Er 1  B1 rr        	lda     (sp),y
001A90r 1  AA           	tax
001A91r 1  88           	dey
001A92r 1  B1 rr        	lda     (sp),y
001A94r 1  38           	sec
001A95r 1  ED rr rr     	sbc     _drag_pointer_x
001A98r 1  85 rr        	sta     tmp1
001A9Ar 1  8A           	txa
001A9Br 1  ED rr rr     	sbc     _drag_pointer_x+1
001A9Er 1  05 rr        	ora     tmp1
001AA0r 1  90 17        	bcc     L0374
001AA2r 1  F0 15        	beq     L0374
001AA4r 1  C8           	iny
001AA5r 1  B1 rr        	lda     (sp),y
001AA7r 1  AA           	tax
001AA8r 1  88           	dey
001AA9r 1  B1 rr        	lda     (sp),y
001AABr 1  38           	sec
001AACr 1  ED rr rr     	sbc     _drag_pointer_x
001AAFr 1  48           	pha
001AB0r 1  8A           	txa
001AB1r 1  ED rr rr     	sbc     _drag_pointer_x+1
001AB4r 1  AA           	tax
001AB5r 1  68           	pla
001AB6r 1  4C rr rr     	jmp     L0376
001AB9r 1  A2 00        L0374:	ldx     #$00
001ABBr 1  8A           	txa
001ABCr 1  A0 01        L0376:	ldy     #$01
001ABEr 1  20 rr rr     	jsr     staxysp
001AC1r 1  A0 05        	ldy     #$05
001AC3r 1  B1 rr        	lda     (sp),y
001AC5r 1  38           	sec
001AC6r 1  ED rr rr     	sbc     _drag_pointer_y
001AC9r 1  90 0B        	bcc     L068E
001ACBr 1  F0 09        	beq     L068E
001ACDr 1  B1 rr        	lda     (sp),y
001ACFr 1  38           	sec
001AD0r 1  ED rr rr     	sbc     _drag_pointer_y
001AD3r 1  4C rr rr     	jmp     L068F
001AD6r 1  A9 00        L068E:	lda     #$00
001AD8r 1  A0 00        L068F:	ldy     #$00
001ADAr 1  91 rr        	sta     (sp),y
001ADCr 1  A0 04        	ldy     #$04
001ADEr 1  20 rr rr     	jsr     pushwysp
001AE1r 1  A2 01        	ldx     #$01
001AE3r 1  A9 40        	lda     #$40
001AE5r 1  20 rr rr     	jsr     pushax
001AE8r 1  A0 05        	ldy     #$05
001AEAr 1  B1 rr        	lda     (regbank+4),y
001AECr 1  AA           	tax
001AEDr 1  88           	dey
001AEEr 1  B1 rr        	lda     (regbank+4),y
001AF0r 1  20 rr rr     	jsr     tossubax
001AF3r 1  20 rr rr     	jsr     tosicmp
001AF6r 1  90 19        	bcc     L037F
001AF8r 1  F0 17        	beq     L037F
001AFAr 1  A2 01        	ldx     #$01
001AFCr 1  A9 40        	lda     #$40
001AFEr 1  20 rr rr     	jsr     pushax
001B01r 1  A0 05        	ldy     #$05
001B03r 1  B1 rr        	lda     (regbank+4),y
001B05r 1  AA           	tax
001B06r 1  88           	dey
001B07r 1  B1 rr        	lda     (regbank+4),y
001B09r 1  20 rr rr     	jsr     tossubax
001B0Cr 1  A0 01        	ldy     #$01
001B0Er 1  20 rr rr     	jsr     staxysp
001B11r 1  A2 00        L037F:	ldx     #$00
001B13r 1  A1 rr        	lda     (sp,x)
001B15r 1  20 rr rr     	jsr     pusha0
001B18r 1  A9 C8        	lda     #$C8
001B1Ar 1  20 rr rr     	jsr     pusha0
001B1Dr 1  A0 06        	ldy     #$06
001B1Fr 1  B1 rr        	lda     (regbank+4),y
001B21r 1  20 rr rr     	jsr     tossuba0
001B24r 1  20 rr rr     	jsr     tosicmp
001B27r 1  90 12        	bcc     L0383
001B29r 1  F0 10        	beq     L0383
001B2Br 1  A9 C8        	lda     #$C8
001B2Dr 1  20 rr rr     	jsr     pusha0
001B30r 1  A0 06        	ldy     #$06
001B32r 1  B1 rr        	lda     (regbank+4),y
001B34r 1  20 rr rr     	jsr     tossuba0
001B37r 1  A0 00        	ldy     #$00
001B39r 1  91 rr        	sta     (sp),y
001B3Br 1  A0 02        L0383:	ldy     #$02
001B3Dr 1  B1 rr        	lda     (sp),y
001B3Fr 1  AA           	tax
001B40r 1  88           	dey
001B41r 1  B1 rr        	lda     (sp),y
001B43r 1  EC rr rr     	cpx     _drag_x+1
001B46r 1  D0 0D        	bne     L0387
001B48r 1  CD rr rr     	cmp     _drag_x
001B4Br 1  D0 08        	bne     L0387
001B4Dr 1  88           	dey
001B4Er 1  B1 rr        	lda     (sp),y
001B50r 1  CD rr rr     	cmp     _drag_y
001B53r 1  F0 61        	beq     L0369
001B55r 1  20 rr rr     L0387:	jsr     _udeks_vic_bitmap_reset_clip
001B58r 1  20 rr rr     	jsr     decsp8
001B5Br 1  AD rr rr     	lda     _drag_x
001B5Er 1  A0 06        	ldy     #$06
001B60r 1  91 rr        	sta     (sp),y
001B62r 1  C8           	iny
001B63r 1  AD rr rr     	lda     _drag_x+1
001B66r 1  91 rr        	sta     (sp),y
001B68r 1  AD rr rr     	lda     _drag_y
001B6Br 1  A0 05        	ldy     #$05
001B6Dr 1  91 rr        	sta     (sp),y
001B6Fr 1  A0 0A        	ldy     #$0A
001B71r 1  B1 rr        	lda     (sp),y
001B73r 1  AA           	tax
001B74r 1  88           	dey
001B75r 1  B1 rr        	lda     (sp),y
001B77r 1  A0 03        	ldy     #$03
001B79r 1  91 rr        	sta     (sp),y
001B7Br 1  C8           	iny
001B7Cr 1  8A           	txa
001B7Dr 1  91 rr        	sta     (sp),y
001B7Fr 1  A0 08        	ldy     #$08
001B81r 1  B1 rr        	lda     (sp),y
001B83r 1  A0 02        	ldy     #$02
001B85r 1  91 rr        	sta     (sp),y
001B87r 1  A0 05        	ldy     #$05
001B89r 1  B1 rr        	lda     (regbank+4),y
001B8Br 1  AA           	tax
001B8Cr 1  88           	dey
001B8Dr 1  B1 rr        	lda     (regbank+4),y
001B8Fr 1  A0 00        	ldy     #$00
001B91r 1  91 rr        	sta     (sp),y
001B93r 1  C8           	iny
001B94r 1  8A           	txa
001B95r 1  91 rr        	sta     (sp),y
001B97r 1  A0 06        	ldy     #$06
001B99r 1  B1 rr        	lda     (regbank+4),y
001B9Br 1  20 rr rr     	jsr     _udeks_vic_bitmap_outline_move
001B9Er 1  A0 02        	ldy     #$02
001BA0r 1  B1 rr        	lda     (sp),y
001BA2r 1  8D rr rr     	sta     _drag_x+1
001BA5r 1  88           	dey
001BA6r 1  B1 rr        	lda     (sp),y
001BA8r 1  8D rr rr     	sta     _drag_x
001BABr 1  88           	dey
001BACr 1  B1 rr        	lda     (sp),y
001BAEr 1  8D rr rr     	sta     _drag_y
001BB1r 1  A9 16        	lda     #$16
001BB3r 1  20 rr rr     	jsr     _increment_counter
001BB6r 1  A0 03        L0369:	ldy     #$03
001BB8r 1  B1 rr        	lda     (sp),y
001BBAr 1  85 rr        	sta     regbank+4
001BBCr 1  C8           	iny
001BBDr 1  B1 rr        	lda     (sp),y
001BBFr 1  85 rr        	sta     regbank+5
001BC1r 1  4C rr rr     	jmp     incsp8
001BC4r 1               
001BC4r 1               .endproc
001BC4r 1               
001BC4r 1               ; ---------------------------------------------------------------
001BC4r 1               ; void __near__ resize_drag (unsigned int, unsigned char)
001BC4r 1               ; ---------------------------------------------------------------
001BC4r 1               
001BC4r 1               .segment	"CODE"
001BC4r 1               
001BC4r 1               .proc	_resize_drag: near
001BC4r 1               
001BC4r 1               .segment	"CODE"
001BC4r 1               
001BC4r 1  20 rr rr     	jsr     pusha
001BC7r 1  20 rr rr     	jsr     decsp3
001BCAr 1  A0 05        	ldy     #$05
001BCCr 1  B1 rr        	lda     (sp),y
001BCEr 1  AA           	tax
001BCFr 1  88           	dey
001BD0r 1  B1 rr        	lda     (sp),y
001BD2r 1  38           	sec
001BD3r 1  ED rr rr     	sbc     _drag_x
001BD6r 1  85 rr        	sta     tmp1
001BD8r 1  8A           	txa
001BD9r 1  ED rr rr     	sbc     _drag_x+1
001BDCr 1  05 rr        	ora     tmp1
001BDEr 1  90 1D        	bcc     L039C
001BE0r 1  F0 1B        	beq     L039C
001BE2r 1  C8           	iny
001BE3r 1  B1 rr        	lda     (sp),y
001BE5r 1  AA           	tax
001BE6r 1  88           	dey
001BE7r 1  B1 rr        	lda     (sp),y
001BE9r 1  38           	sec
001BEAr 1  ED rr rr     	sbc     _drag_x
001BEDr 1  48           	pha
001BEEr 1  8A           	txa
001BEFr 1  ED rr rr     	sbc     _drag_x+1
001BF2r 1  AA           	tax
001BF3r 1  68           	pla
001BF4r 1  18           	clc
001BF5r 1  69 01        	adc     #$01
001BF7r 1  90 08        	bcc     L039F
001BF9r 1  E8           	inx
001BFAr 1  4C rr rr     	jmp     L039F
001BFDr 1  A2 00        L039C:	ldx     #$00
001BFFr 1  A9 30        	lda     #$30
001C01r 1  A0 01        L039F:	ldy     #$01
001C03r 1  20 rr rr     	jsr     staxysp
001C06r 1  A0 03        	ldy     #$03
001C08r 1  B1 rr        	lda     (sp),y
001C0Ar 1  38           	sec
001C0Br 1  ED rr rr     	sbc     _drag_y
001C0Er 1  90 0E        	bcc     L0693
001C10r 1  F0 0C        	beq     L0693
001C12r 1  B1 rr        	lda     (sp),y
001C14r 1  38           	sec
001C15r 1  ED rr rr     	sbc     _drag_y
001C18r 1  18           	clc
001C19r 1  69 01        	adc     #$01
001C1Br 1  4C rr rr     	jmp     L0694
001C1Er 1  A9 30        L0693:	lda     #$30
001C20r 1  A0 00        L0694:	ldy     #$00
001C22r 1  91 rr        	sta     (sp),y
001C24r 1  A0 02        	ldy     #$02
001C26r 1  B1 rr        	lda     (sp),y
001C28r 1  C9 00        	cmp     #$00
001C2Ar 1  D0 05        	bne     L03AB
001C2Cr 1  88           	dey
001C2Dr 1  B1 rr        	lda     (sp),y
001C2Fr 1  C9 30        	cmp     #$30
001C31r 1  B0 0B        L03AB:	bcs     L03A9
001C33r 1  A0 01        	ldy     #$01
001C35r 1  A9 30        	lda     #$30
001C37r 1  91 rr        	sta     (sp),y
001C39r 1  A9 00        	lda     #$00
001C3Br 1  C8           	iny
001C3Cr 1  91 rr        	sta     (sp),y
001C3Er 1  A0 00        L03A9:	ldy     #$00
001C40r 1  B1 rr        	lda     (sp),y
001C42r 1  C9 30        	cmp     #$30
001C44r 1  B0 04        	bcs     L03AE
001C46r 1  A9 30        	lda     #$30
001C48r 1  91 rr        	sta     (sp),y
001C4Ar 1  A0 04        L03AE:	ldy     #$04
001C4Cr 1  20 rr rr     	jsr     pushwysp
001C4Fr 1  A9 40        	lda     #$40
001C51r 1  38           	sec
001C52r 1  ED rr rr     	sbc     _drag_x
001C55r 1  48           	pha
001C56r 1  A9 01        	lda     #$01
001C58r 1  ED rr rr     	sbc     _drag_x+1
001C5Br 1  AA           	tax
001C5Cr 1  68           	pla
001C5Dr 1  20 rr rr     	jsr     tosicmp
001C60r 1  90 15        	bcc     L03B2
001C62r 1  F0 13        	beq     L03B2
001C64r 1  A9 40        	lda     #$40
001C66r 1  38           	sec
001C67r 1  ED rr rr     	sbc     _drag_x
001C6Ar 1  48           	pha
001C6Br 1  A9 01        	lda     #$01
001C6Dr 1  ED rr rr     	sbc     _drag_x+1
001C70r 1  AA           	tax
001C71r 1  68           	pla
001C72r 1  A0 01        	ldy     #$01
001C74r 1  20 rr rr     	jsr     staxysp
001C77r 1  A2 00        L03B2:	ldx     #$00
001C79r 1  A1 rr        	lda     (sp,x)
001C7Br 1  20 rr rr     	jsr     pusha0
001C7Er 1  A9 C8        	lda     #$C8
001C80r 1  38           	sec
001C81r 1  ED rr rr     	sbc     _drag_y
001C84r 1  20 rr rr     	jsr     tosicmp0
001C87r 1  90 0C        	bcc     L03B6
001C89r 1  F0 0A        	beq     L03B6
001C8Br 1  A9 C8        	lda     #$C8
001C8Dr 1  38           	sec
001C8Er 1  ED rr rr     	sbc     _drag_y
001C91r 1  A0 00        	ldy     #$00
001C93r 1  91 rr        	sta     (sp),y
001C95r 1  A0 02        L03B6:	ldy     #$02
001C97r 1  B1 rr        	lda     (sp),y
001C99r 1  AA           	tax
001C9Ar 1  88           	dey
001C9Br 1  B1 rr        	lda     (sp),y
001C9Dr 1  EC rr rr     	cpx     _drag_width+1
001CA0r 1  D0 0D        	bne     L03BB
001CA2r 1  CD rr rr     	cmp     _drag_width
001CA5r 1  D0 08        	bne     L03BB
001CA7r 1  88           	dey
001CA8r 1  B1 rr        	lda     (sp),y
001CAAr 1  CD rr rr     	cmp     _drag_height
001CADr 1  F0 73        	beq     L0399
001CAFr 1  20 rr rr     L03BB:	jsr     _udeks_vic_bitmap_reset_clip
001CB2r 1  20 rr rr     	jsr     decsp5
001CB5r 1  AD rr rr     	lda     _drag_x
001CB8r 1  A0 03        	ldy     #$03
001CBAr 1  91 rr        	sta     (sp),y
001CBCr 1  C8           	iny
001CBDr 1  AD rr rr     	lda     _drag_x+1
001CC0r 1  91 rr        	sta     (sp),y
001CC2r 1  AD rr rr     	lda     _drag_y
001CC5r 1  A0 02        	ldy     #$02
001CC7r 1  91 rr        	sta     (sp),y
001CC9r 1  AD rr rr     	lda     _drag_width
001CCCr 1  A0 00        	ldy     #$00
001CCEr 1  91 rr        	sta     (sp),y
001CD0r 1  C8           	iny
001CD1r 1  AD rr rr     	lda     _drag_width+1
001CD4r 1  91 rr        	sta     (sp),y
001CD6r 1  AD rr rr     	lda     _drag_height
001CD9r 1  20 rr rr     	jsr     _udeks_vic_bitmap_outline_toggle
001CDCr 1  20 rr rr     	jsr     decsp5
001CDFr 1  AD rr rr     	lda     _drag_x
001CE2r 1  A0 03        	ldy     #$03
001CE4r 1  91 rr        	sta     (sp),y
001CE6r 1  C8           	iny
001CE7r 1  AD rr rr     	lda     _drag_x+1
001CEAr 1  91 rr        	sta     (sp),y
001CECr 1  AD rr rr     	lda     _drag_y
001CEFr 1  A0 02        	ldy     #$02
001CF1r 1  91 rr        	sta     (sp),y
001CF3r 1  A0 07        	ldy     #$07
001CF5r 1  B1 rr        	lda     (sp),y
001CF7r 1  AA           	tax
001CF8r 1  88           	dey
001CF9r 1  B1 rr        	lda     (sp),y
001CFBr 1  A0 00        	ldy     #$00
001CFDr 1  91 rr        	sta     (sp),y
001CFFr 1  C8           	iny
001D00r 1  8A           	txa
001D01r 1  91 rr        	sta     (sp),y
001D03r 1  A0 05        	ldy     #$05
001D05r 1  B1 rr        	lda     (sp),y
001D07r 1  20 rr rr     	jsr     _udeks_vic_bitmap_outline_toggle
001D0Ar 1  A0 02        	ldy     #$02
001D0Cr 1  B1 rr        	lda     (sp),y
001D0Er 1  8D rr rr     	sta     _drag_width+1
001D11r 1  88           	dey
001D12r 1  B1 rr        	lda     (sp),y
001D14r 1  8D rr rr     	sta     _drag_width
001D17r 1  88           	dey
001D18r 1  B1 rr        	lda     (sp),y
001D1Ar 1  8D rr rr     	sta     _drag_height
001D1Dr 1  A9 16        	lda     #$16
001D1Fr 1  20 rr rr     	jsr     _increment_counter
001D22r 1  4C rr rr     L0399:	jmp     incsp6
001D25r 1               
001D25r 1               .endproc
001D25r 1               
001D25r 1               ; ---------------------------------------------------------------
001D25r 1               ; void __near__ finish_drag (void)
001D25r 1               ; ---------------------------------------------------------------
001D25r 1               
001D25r 1               .segment	"CODE"
001D25r 1               
001D25r 1               .proc	_finish_drag: near
001D25r 1               
001D25r 1               .segment	"CODE"
001D25r 1               
001D25r 1  A5 rr        	lda     regbank+4
001D27r 1  A6 rr        	ldx     regbank+5
001D29r 1  20 rr rr     	jsr     pushax
001D2Cr 1  20 rr rr     	jsr     decsp1
001D2Fr 1  AD rr rr     	lda     _dragging_handle
001D32r 1  A0 00        	ldy     #$00
001D34r 1  91 rr        	sta     (sp),y
001D36r 1  20 rr rr     	jsr     _window_by_handle
001D39r 1  85 rr        	sta     regbank+4
001D3Br 1  86 rr        	stx     regbank+4+1
001D3Dr 1  E0 00        	cpx     #$00
001D3Fr 1  D0 0A        	bne     L03D6
001D41r 1  C9 00        	cmp     #$00
001D43r 1  D0 06        	bne     L03D6
001D45r 1  8D rr rr     	sta     _dragging_handle
001D48r 1  4C rr rr     	jmp     L03D0
001D4Br 1  20 rr rr     L03D6:	jsr     _udeks_vic_bitmap_reset_clip
001D4Er 1  20 rr rr     	jsr     decsp5
001D51r 1  AD rr rr     	lda     _drag_x
001D54r 1  A0 03        	ldy     #$03
001D56r 1  91 rr        	sta     (sp),y
001D58r 1  C8           	iny
001D59r 1  AD rr rr     	lda     _drag_x+1
001D5Cr 1  91 rr        	sta     (sp),y
001D5Er 1  AD rr rr     	lda     _drag_y
001D61r 1  A0 02        	ldy     #$02
001D63r 1  91 rr        	sta     (sp),y
001D65r 1  AD rr rr     	lda     _drag_width
001D68r 1  A0 00        	ldy     #$00
001D6Ar 1  91 rr        	sta     (sp),y
001D6Cr 1  C8           	iny
001D6Dr 1  AD rr rr     	lda     _drag_width+1
001D70r 1  91 rr        	sta     (sp),y
001D72r 1  AD rr rr     	lda     _drag_height
001D75r 1  20 rr rr     	jsr     _udeks_vic_bitmap_outline_toggle
001D78r 1  A5 rr        	lda     regbank+4
001D7Ar 1  A6 rr        	ldx     regbank+4+1
001D7Cr 1  20 rr rr     	jsr     _damage_set
001D7Fr 1  AD rr rr     	lda     _drag_x
001D82r 1  A0 01        	ldy     #$01
001D84r 1  91 rr        	sta     (regbank+4),y
001D86r 1  C8           	iny
001D87r 1  AD rr rr     	lda     _drag_x+1
001D8Ar 1  91 rr        	sta     (regbank+4),y
001D8Cr 1  AD rr rr     	lda     _drag_y
001D8Fr 1  C8           	iny
001D90r 1  91 rr        	sta     (regbank+4),y
001D92r 1  AD rr rr     	lda     _drag_width
001D95r 1  C8           	iny
001D96r 1  91 rr        	sta     (regbank+4),y
001D98r 1  C8           	iny
001D99r 1  AD rr rr     	lda     _drag_width+1
001D9Cr 1  91 rr        	sta     (regbank+4),y
001D9Er 1  AD rr rr     	lda     _drag_height
001DA1r 1  C8           	iny
001DA2r 1  91 rr        	sta     (regbank+4),y
001DA4r 1  A5 rr        	lda     regbank+4
001DA6r 1  A6 rr        	ldx     regbank+4+1
001DA8r 1  20 rr rr     	jsr     _damage_add
001DABr 1  A9 00        	lda     #$00
001DADr 1  8D rr rr     	sta     _dragging_handle
001DB0r 1  AD rr rr     	lda     _drag_mode
001DB3r 1  29 80        	and     #$80
001DB5r 1  F0 0A        	beq     L0697
001DB7r 1  A0 00        	ldy     #$00
001DB9r 1  B1 rr        	lda     (sp),y
001DBBr 1  20 rr rr     	jsr     _cache_paint_image
001DBEr 1  4C rr rr     	jmp     L03F5
001DC1r 1  8D rr rr     L0697:	sta     _drag_mode
001DC4r 1  20 rr rr     	jsr     _compose_damage
001DC7r 1  20 rr rr     L03F5:	jsr     _udeks_pointer_resynchronize
001DCAr 1  A9 1A        	lda     #$1A
001DCCr 1  20 rr rr     	jsr     _increment_counter
001DCFr 1  A0 01        L03D0:	ldy     #$01
001DD1r 1  B1 rr        	lda     (sp),y
001DD3r 1  85 rr        	sta     regbank+4
001DD5r 1  C8           	iny
001DD6r 1  B1 rr        	lda     (sp),y
001DD8r 1  85 rr        	sta     regbank+5
001DDAr 1  4C rr rr     	jmp     incsp3
001DDDr 1               
001DDDr 1               .endproc
001DDDr 1               
001DDDr 1               
