ca65 V2.18 - Fedora 2.19-15.fc44
Main file   : /var/home/salvogendut/Dev/UDEKS/build/window-manager-bounded-repaint/build/window-repaint-geometry/replacement.s
Current file: /var/home/salvogendut/Dev/UDEKS/build/window-manager-bounded-repaint/build/window-repaint-geometry/replacement.s

000000r 1               ;
000000r 1               ; File generated by cc65 v 2.18 - Fedora 2.19-15.fc44
000000r 1               ;
000000r 1               	.fopt		compiler,"cc65 v 2.18 - Fedora 2.19-15.fc44"
000000r 1               	.setcpu		"6502"
000000r 1               	.smart		on
000000r 1               	.autoimport	on
000000r 1               	.case		on
000000r 1               	.debuginfo	off
000000r 1               	.importzp	sp, sreg, regsave, regbank
000000r 1               	.importzp	tmp1, tmp2, tmp3, tmp4, ptr1, ptr2, ptr3, ptr4
000000r 1               	.macpack	longbranch
000000r 2               .macro  jeq     Target
000000r 2                       .if     .match(Target, 0)
000000r 2                       bne     *+5
000000r 2                       jmp     Target
000000r 2                       .elseif .def(Target) .and .const((*-2)-(Target)) .and ((*+2)-(Target) <= 127)
000000r 2                               beq     Target
000000r 2                       .else
000000r 2                               bne     *+5
000000r 2                               jmp     Target
000000r 2                       .endif
000000r 2               .endmacro
000000r 2               .macro  jne     Target
000000r 2                       .if     .match(Target, 0)
000000r 2                               beq     *+5
000000r 2                               jmp     Target
000000r 2                       .elseif .def(Target) .and .const((*-2)-(Target)) .and ((*+2)-(Target) <= 127)
000000r 2                               bne     Target
000000r 2                       .else
000000r 2                               beq     *+5
000000r 2                               jmp     Target
000000r 2                       .endif
000000r 2               .endmacro
000000r 2               .macro  jmi     Target
000000r 2                       .if     .match(Target, 0)
000000r 2                               bpl     *+5
000000r 2                               jmp     Target
000000r 2                       .elseif .def(Target) .and .const((*-2)-(Target)) .and ((*+2)-(Target) <= 127)
000000r 2                               bmi     Target
000000r 2                       .else
000000r 2                               bpl     *+5
000000r 2                               jmp     Target
000000r 2                       .endif
000000r 2               .endmacro
000000r 2               .macro  jpl     Target
000000r 2                       .if     .match(Target, 0)
000000r 2                               bmi     *+5
000000r 2                               jmp     Target
000000r 2                       .elseif .def(Target) .and .const((*-2)-(Target)) .and ((*+2)-(Target) <= 127)
000000r 2                               bpl     Target
000000r 2                       .else
000000r 2                               bmi     *+5
000000r 2                               jmp     Target
000000r 2                       .endif
000000r 2               .endmacro
000000r 2               .macro  jcs     Target
000000r 2                       .if     .match(Target, 0)
000000r 2                               bcc     *+5
000000r 2                               jmp     Target
000000r 2                       .elseif .def(Target) .and .const((*-2)-(Target)) .and ((*+2)-(Target) <= 127)
000000r 2                               bcs     Target
000000r 2                       .else
000000r 2                               bcc     *+5
000000r 2                               jmp     Target
000000r 2                       .endif
000000r 2               .endmacro
000000r 2               .macro  jcc     Target
000000r 2                       .if     .match(Target, 0)
000000r 2                               bcs     *+5
000000r 2                               jmp     Target
000000r 2                       .elseif .def(Target) .and .const((*-2)-(Target)) .and ((*+2)-(Target) <= 127)
000000r 2                               bcc     Target
000000r 2                       .else
000000r 2                               bcs     *+5
000000r 2                               jmp     Target
000000r 2                       .endif
000000r 2               .endmacro
000000r 2               .macro  jvs     Target
000000r 2                       .if     .match(Target, 0)
000000r 2                               bvc     *+5
000000r 2                               jmp     Target
000000r 2                       .elseif .def(Target) .and .const((*-2)-(Target)) .and ((*+2)-(Target) <= 127)
000000r 2                               bvs     Target
000000r 2                       .else
000000r 2                               bvc     *+5
000000r 2                               jmp     Target
000000r 2                       .endif
000000r 2               .endmacro
000000r 2               .macro  jvc     Target
000000r 2                       .if     .match(Target, 0)
000000r 2                               bvs     *+5
000000r 2                               jmp     Target
000000r 2                       .elseif .def(Target) .and .const((*-2)-(Target)) .and ((*+2)-(Target) <= 127)
000000r 2                               bvc     Target
000000r 2                       .else
000000r 2                               bvs     *+5
000000r 2                               jmp     Target
000000r 2                       .endif
000000r 2               .endmacro
000000r 2               
000000r 1               	.import		_udeks_pointer_resynchronize
000000r 1               	.import		_udeks_pointer_x
000000r 1               	.import		_udeks_pointer_y
000000r 1               	.import		_udeks_pointer_buttons
000000r 1               	.import		_udeks_vic_graphics_is_active
000000r 1               	.import		_udeks_vic_pointer_busy_begin
000000r 1               	.import		_udeks_vic_pointer_busy_end
000000r 1               	.import		_udeks_vic_bitmap_pixel
000000r 1               	.import		_udeks_vic_bitmap_fill
000000r 1               	.import		_udeks_vic_bitmap_set_clip
000000r 1               	.import		_udeks_vic_bitmap_reset_clip
000000r 1               	.import		_udeks_vic_bitmap_outline_toggle
000000r 1               	.import		_udeks_vic_bitmap_outline_move
000000r 1               	.import		_udeks_vic_bitmap_commit
000000r 1               	.export		_udeks_window_manager_start
000000r 1               	.export		_udeks_window_manager_poll
000000r 1               	.export		_udeks_window_manager_stop
000000r 1               	.export		_udeks_window_manager_reset
000000r 1               	.export		_udeks_window_create
000000r 1               	.export		_udeks_window_destroy
000000r 1               	.export		_udeks_window_repaint
000000r 1               	.export		_udeks_window_begin_paint
000000r 1               	.export		_udeks_window_end_paint
000000r 1               	.export		_udeks_window_image_complete
000000r 1               	.export		_udeks_window_get_geometry
000000r 1               	.export		_udeks_window_is_dragging
000000r 1               	.export		_udeks_window_is_focused
000000r 1               	.export		_damage_left
000000r 1               	.export		_damage_top
000000r 1               	.export		_damage_right
000000r 1               	.export		_damage_bottom
000000r 1               	.import		_damage_set
000000r 1               	.import		_damage_add
000000r 1               	.import		_cache_accept_state
000000r 1               	.import		_cache_owner
000000r 1               	.import		_cache_phase
000000r 1               	.import		_cache_accept_poll
000000r 1               	.import		_cache_step
000000r 1               	.import		_cache_command
000000r 1               	.import		_udeks_vic_bitmap_commit_page
000000r 1               	.import		_repaint_receipt_validate
000000r 1               	.import		_repaint_receipt_ack
000000r 1               	.export		_lane_raster_step
000000r 1               	.import		_private_repaint_policy_call
000000r 1               	.export		_repaint_frontend_control
000000r 1               	.import		_memcpy
000000r 1               	.export		_repaint_frontend_poll
000000r 1               
000000r 1               .segment	"RODATA"
000000r 1               
000000r 1               _title_glyphs:
000000r 1  02           	.byte	$02
000001r 1  05           	.byte	$05
000002r 1  07           	.byte	$07
000003r 1  05           	.byte	$05
000004r 1  05           	.byte	$05
000005r 1  06           	.byte	$06
000006r 1  05           	.byte	$05
000007r 1  06           	.byte	$06
000008r 1  05           	.byte	$05
000009r 1  06           	.byte	$06
00000Ar 1  03           	.byte	$03
00000Br 1  04           	.byte	$04
00000Cr 1  04           	.byte	$04
00000Dr 1  04           	.byte	$04
00000Er 1  03           	.byte	$03
00000Fr 1  06           	.byte	$06
000010r 1  05           	.byte	$05
000011r 1  05           	.byte	$05
000012r 1  05           	.byte	$05
000013r 1  06           	.byte	$06
000014r 1  07           	.byte	$07
000015r 1  04           	.byte	$04
000016r 1  06           	.byte	$06
000017r 1  04           	.byte	$04
000018r 1  07           	.byte	$07
000019r 1  07           	.byte	$07
00001Ar 1  04           	.byte	$04
00001Br 1  06           	.byte	$06
00001Cr 1  04           	.byte	$04
00001Dr 1  04           	.byte	$04
00001Er 1  03           	.byte	$03
00001Fr 1  04           	.byte	$04
000020r 1  05           	.byte	$05
000021r 1  05           	.byte	$05
000022r 1  03           	.byte	$03
000023r 1  05           	.byte	$05
000024r 1  05           	.byte	$05
000025r 1  07           	.byte	$07
000026r 1  05           	.byte	$05
000027r 1  05           	.byte	$05
000028r 1  07           	.byte	$07
000029r 1  02           	.byte	$02
00002Ar 1  02           	.byte	$02
00002Br 1  02           	.byte	$02
00002Cr 1  07           	.byte	$07
00002Dr 1  01           	.byte	$01
00002Er 1  01           	.byte	$01
00002Fr 1  01           	.byte	$01
000030r 1  05           	.byte	$05
000031r 1  02           	.byte	$02
000032r 1  05           	.byte	$05
000033r 1  05           	.byte	$05
000034r 1  06           	.byte	$06
000035r 1  05           	.byte	$05
000036r 1  05           	.byte	$05
000037r 1  04           	.byte	$04
000038r 1  04           	.byte	$04
000039r 1  04           	.byte	$04
00003Ar 1  04           	.byte	$04
00003Br 1  07           	.byte	$07
00003Cr 1  05           	.byte	$05
00003Dr 1  07           	.byte	$07
00003Er 1  07           	.byte	$07
00003Fr 1  05           	.byte	$05
000040r 1  05           	.byte	$05
000041r 1  05           	.byte	$05
000042r 1  07           	.byte	$07
000043r 1  07           	.byte	$07
000044r 1  07           	.byte	$07
000045r 1  05           	.byte	$05
000046r 1  02           	.byte	$02
000047r 1  05           	.byte	$05
000048r 1  05           	.byte	$05
000049r 1  05           	.byte	$05
00004Ar 1  02           	.byte	$02
00004Br 1  06           	.byte	$06
00004Cr 1  05           	.byte	$05
00004Dr 1  06           	.byte	$06
00004Er 1  04           	.byte	$04
00004Fr 1  04           	.byte	$04
000050r 1  02           	.byte	$02
000051r 1  05           	.byte	$05
000052r 1  05           	.byte	$05
000053r 1  03           	.byte	$03
000054r 1  01           	.byte	$01
000055r 1  06           	.byte	$06
000056r 1  05           	.byte	$05
000057r 1  06           	.byte	$06
000058r 1  05           	.byte	$05
000059r 1  05           	.byte	$05
00005Ar 1  03           	.byte	$03
00005Br 1  04           	.byte	$04
00005Cr 1  02           	.byte	$02
00005Dr 1  01           	.byte	$01
00005Er 1  06           	.byte	$06
00005Fr 1  07           	.byte	$07
000060r 1  02           	.byte	$02
000061r 1  02           	.byte	$02
000062r 1  02           	.byte	$02
000063r 1  02           	.byte	$02
000064r 1  05           	.byte	$05
000065r 1  05           	.byte	$05
000066r 1  05           	.byte	$05
000067r 1  05           	.byte	$05
000068r 1  07           	.byte	$07
000069r 1  05           	.byte	$05
00006Ar 1  05           	.byte	$05
00006Br 1  05           	.byte	$05
00006Cr 1  05           	.byte	$05
00006Dr 1  02           	.byte	$02
00006Er 1  05           	.byte	$05
00006Fr 1  05           	.byte	$05
000070r 1  07           	.byte	$07
000071r 1  07           	.byte	$07
000072r 1  05           	.byte	$05
000073r 1  05           	.byte	$05
000074r 1  05           	.byte	$05
000075r 1  02           	.byte	$02
000076r 1  05           	.byte	$05
000077r 1  05           	.byte	$05
000078r 1  05           	.byte	$05
000079r 1  05           	.byte	$05
00007Ar 1  02           	.byte	$02
00007Br 1  02           	.byte	$02
00007Cr 1  02           	.byte	$02
00007Dr 1  07           	.byte	$07
00007Er 1  01           	.byte	$01
00007Fr 1  02           	.byte	$02
000080r 1  04           	.byte	$04
000081r 1  07           	.byte	$07
000082r 1               
000082r 1               .segment	"BSS"
000000r 1               
000000r 1               .segment	"HIGHBSS"
000000r 1               _windows:
000000r 1  00 00 00 00  	.res	56,$00
000004r 1  00 00 00 00  
000008r 1  00 00 00 00  
000038r 1               _active_count:
000038r 1  00           	.res	1,$00
000039r 1               _focused_handle:
000039r 1  00           	.res	1,$00
00003Ar 1               _dragging_handle:
00003Ar 1  00           	.res	1,$00
00003Br 1               _previous_buttons:
00003Br 1  00           	.res	1,$00
00003Cr 1               _drag_pointer_x:
00003Cr 1  00 00        	.res	2,$00
00003Er 1               _drag_pointer_y:
00003Er 1  00           	.res	1,$00
00003Fr 1               _drag_x:
00003Fr 1  00 00        	.res	2,$00
000041r 1               _drag_y:
000041r 1  00           	.res	1,$00
000042r 1               _drag_width:
000042r 1  00 00        	.res	2,$00
000044r 1               _drag_height:
000044r 1  00           	.res	1,$00
000045r 1               _drag_mode:
000045r 1  00           	.res	1,$00
000046r 1               _damage_left:
000046r 1  00 00        	.res	2,$00
000048r 1               _damage_top:
000048r 1  00           	.res	1,$00
000049r 1               _damage_right:
000049r 1  00 00        	.res	2,$00
00004Br 1               _damage_bottom:
00004Br 1  00           	.res	1,$00
00004Cr 1               _chrome_x:
00004Cr 1  00 00        	.res	2,$00
00004Er 1               _chrome_width:
00004Er 1  00 00        	.res	2,$00
000050r 1               _chrome_right:
000050r 1  00 00        	.res	2,$00
000052r 1               _chrome_y:
000052r 1  00           	.res	1,$00
000053r 1               _chrome_offset:
000053r 1  00           	.res	1,$00
000054r 1               _chrome_character:
000054r 1  00           	.res	1,$00
000055r 1               _chrome_bits:
000055r 1  00           	.res	1,$00
000056r 1               _chrome_column:
000056r 1  00           	.res	1,$00
000057r 1               _chrome_color:
000057r 1  00           	.res	1,$00
000058r 1               
000058r 1               ; ---------------------------------------------------------------
000058r 1               ; unsigned char __near__ udeks_window_manager_start (void)
000058r 1               ; ---------------------------------------------------------------
000058r 1               
000058r 1               .segment	"CODE"
000000r 1               
000000r 1               .proc	_udeks_window_manager_start: near
000000r 1               
000000r 1               .segment	"CODE"
000000r 1               
000000r 1  20 rr rr     	jsr     decsp1
000003r 1  A9 00        	lda     #$00
000005r 1  A8           	tay
000006r 1  91 rr        L065F:	sta     (sp),y
000008r 1  C9 20        	cmp     #$20
00000Ar 1  B0 19        	bcs     L0660
00000Cr 1  B1 rr        	lda     (sp),y
00000Er 1  18           	clc
00000Fr 1  69 40        	adc     #$40
000011r 1  85 rr        	sta     ptr1
000013r 1  A9 00        	lda     #$00
000015r 1  69 F2        	adc     #$F2
000017r 1  85 rr        	sta     ptr1+1
000019r 1  A9 00        	lda     #$00
00001Br 1  91 rr        	sta     (ptr1),y
00001Dr 1  18           	clc
00001Er 1  A9 01        	lda     #$01
000020r 1  71 rr        	adc     (sp),y
000022r 1  4C rr rr     	jmp     L065F
000025r 1  A9 57        L0660:	lda     #$57
000027r 1  8D 40 F2     	sta     $F240
00002Ar 1  A9 4D        	lda     #$4D
00002Cr 1  8D 41 F2     	sta     $F241
00002Fr 1  A9 47        	lda     #$47
000031r 1  8D 42 F2     	sta     $F242
000034r 1  A9 52        	lda     #$52
000036r 1  8D 43 F2     	sta     $F243
000039r 1  A9 01        	lda     #$01
00003Br 1  8D 44 F2     	sta     $F244
00003Er 1  A9 02        	lda     #$02
000040r 1  8D 45 F2     	sta     $F245
000043r 1  20 rr rr     	jsr     _udeks_window_manager_reset
000046r 1  A2 00        	ldx     #$00
000048r 1  8A           	txa
000049r 1  4C rr rr     	jmp     incsp1
00004Cr 1               
00004Cr 1               .endproc
00004Cr 1               
00004Cr 1               ; ---------------------------------------------------------------
00004Cr 1               ; unsigned char __near__ udeks_window_manager_poll (void)
00004Cr 1               ; ---------------------------------------------------------------
00004Cr 1               
00004Cr 1               .segment	"CODE"
00004Cr 1               
00004Cr 1               .proc	_udeks_window_manager_poll: near
00004Cr 1               
00004Cr 1               .segment	"CODE"
00004Cr 1               
00004Cr 1  20 rr rr     	jsr     decsp7
00004Fr 1  A5 rr        	lda     regbank+4
000051r 1  A6 rr        	ldx     regbank+5
000053r 1  20 rr rr     	jsr     pushax
000056r 1  20 rr rr     	jsr     _udeks_vic_graphics_is_active
000059r 1  C9 00        	cmp     #$00
00005Br 1  D0 04        	bne     L0518
00005Dr 1  AA           	tax
00005Er 1  4C rr rr     	jmp     L0684
000061r 1  AD rr rr     L0518:	lda     _cache_accept_state
000064r 1  C9 80        	cmp     #$80
000066r 1  B0 03        	bcs     L0663
000068r 1  20 rr rr     	jsr     _cache_accept_poll
00006Br 1  AD rr rr     L0663:	lda     _dragging_handle
00006Er 1  F0 03 4C rr  	jne     L0675
000072r 1  rr           
000073r 1  AD rr rr     	lda     _cache_phase
000076r 1  C9 01        	cmp     #$01
000078r 1  F0 04        	beq     L066A
00007Ar 1  C9 03        	cmp     #$03
00007Cr 1  D0 75        	bne     L0675
00007Er 1  AD rr rr     L066A:	lda     _cache_phase
000081r 1  20 rr rr     	jsr     pusha
000084r 1  A9 04        	lda     #$04
000086r 1  20 rr rr     	jsr     pusha
000089r 1  20 rr rr     L0526:	jsr     _cache_step
00008Cr 1  C9 00        	cmp     #$00
00008Er 1  F0 21        	beq     L0529
000090r 1  AD rr rr     	lda     _cache_owner
000093r 1  20 rr rr     	jsr     _window_by_handle
000096r 1  85 rr        	sta     regbank+4
000098r 1  86 rr        	stx     regbank+4+1
00009Ar 1  E0 00        	cpx     #$00
00009Cr 1  D0 04        	bne     L0685
00009Er 1  C9 00        	cmp     #$00
0000A0r 1  F0 33        	beq     L0527
0000A2r 1  A5 rr        L0685:	lda     regbank+4
0000A4r 1  A6 rr        	ldx     regbank+4+1
0000A6r 1  20 rr rr     	jsr     _damage_set
0000A9r 1  A9 00        	lda     #$00
0000ABr 1  20 rr rr     	jsr     _compose_damage
0000AEr 1  4C rr rr     	jmp     L0527
0000B1r 1  A8           L0529:	tay
0000B2r 1  B1 rr        	lda     (sp),y
0000B4r 1  38           	sec
0000B5r 1  E9 01        	sbc     #$01
0000B7r 1  91 rr        	sta     (sp),y
0000B9r 1  C9 00        	cmp     #$00
0000BBr 1  F0 18        	beq     L0527
0000BDr 1  C8           	iny
0000BEr 1  B1 rr        	lda     (sp),y
0000C0r 1  CD rr rr     	cmp     _cache_phase
0000C3r 1  D0 12        	bne     L0688
0000C5r 1  C9 03        	cmp     #$03
0000C7r 1  D0 C0        	bne     L0526
0000C9r 1  AD 80 F7     	lda     $F780
0000CCr 1  29 07        	and     #$07
0000CEr 1  C9 07        	cmp     #$07
0000D0r 1  F0 05        	beq     L0688
0000D2r 1  4C rr rr     	jmp     L0526
0000D5r 1  A0 01        L0527:	ldy     #$01
0000D7r 1  B1 rr        L0688:	lda     (sp),y
0000D9r 1  C9 03        	cmp     #$03
0000DBr 1  D0 13        	bne     L053D
0000DDr 1  AD rr rr     	lda     _cache_phase
0000E0r 1  C9 03        	cmp     #$03
0000E2r 1  D0 09        	bne     L0674
0000E4r 1  AD 80 F7     	lda     $F780
0000E7r 1  29 07        	and     #$07
0000E9r 1  C9 07        	cmp     #$07
0000EBr 1  D0 03        	bne     L053D
0000EDr 1  20 rr rr     L0674:	jsr     _udeks_vic_bitmap_commit
0000F0r 1  20 rr rr     L053D:	jsr     incsp2
0000F3r 1  AD rr rr     L0675:	lda     _cache_phase
0000F6r 1  C9 03        	cmp     #$03
0000F8r 1  D0 03 4C rr  	jeq     L0687
0000FCr 1  rr           
0000FDr 1  20 rr rr     	jsr     _udeks_pointer_x
000100r 1  38           	sec
000101r 1  E9 0C        	sbc     #$0C
000103r 1  B0 01        	bcs     L054C
000105r 1  CA           	dex
000106r 1  A0 07        L054C:	ldy     #$07
000108r 1  20 rr rr     	jsr     staxysp
00010Br 1  20 rr rr     	jsr     _udeks_pointer_y
00010Er 1  38           	sec
00010Fr 1  E9 28        	sbc     #$28
000111r 1  A0 06        	ldy     #$06
000113r 1  91 rr        	sta     (sp),y
000115r 1  20 rr rr     	jsr     _udeks_pointer_buttons
000118r 1  A0 05        	ldy     #$05
00011Ar 1  91 rr        	sta     (sp),y
00011Cr 1  29 05        	and     #$05
00011Er 1  88           	dey
00011Fr 1  91 rr        	sta     (sp),y
000121r 1  B1 rr        	lda     (sp),y
000123r 1  D0 03 4C rr  	jeq     L067A
000127r 1  rr           
000128r 1  AD rr rr     	lda     _previous_buttons
00012Br 1  F0 03 4C rr  	jne     L067A
00012Fr 1  rr           
000130r 1  A0 0A        	ldy     #$0A
000132r 1  20 rr rr     	jsr     pushwysp
000135r 1  A0 08        	ldy     #$08
000137r 1  B1 rr        	lda     (sp),y
000139r 1  20 rr rr     	jsr     _top_window_at
00013Cr 1  A0 03        	ldy     #$03
00013Er 1  91 rr        	sta     (sp),y
000140r 1  20 rr rr     	jsr     _window_by_handle
000143r 1  85 rr        	sta     regbank+4
000145r 1  86 rr        	stx     regbank+4+1
000147r 1  E0 00        	cpx     #$00
000149r 1  D0 07        	bne     L0686
00014Br 1  C9 00        	cmp     #$00
00014Dr 1  D0 03 4C rr  	jeq     L0561
000151r 1  rr           
000152r 1  A0 03        L0686:	ldy     #$03
000154r 1  B1 rr        	lda     (sp),y
000156r 1  8D rr rr     	sta     _focused_handle
000159r 1  B1 rr        	lda     (sp),y
00015Br 1  20 rr rr     	jsr     _raise_window
00015Er 1  A0 02        	ldy     #$02
000160r 1  91 rr        	sta     (sp),y
000162r 1  20 rr rr     	jsr     decsp3
000165r 1  A0 0B        	ldy     #$0B
000167r 1  B1 rr        	lda     (sp),y
000169r 1  AA           	tax
00016Ar 1  88           	dey
00016Br 1  B1 rr        	lda     (sp),y
00016Dr 1  A0 01        	ldy     #$01
00016Fr 1  91 rr        	sta     (sp),y
000171r 1  C8           	iny
000172r 1  8A           	txa
000173r 1  91 rr        	sta     (sp),y
000175r 1  A0 09        	ldy     #$09
000177r 1  B1 rr        	lda     (sp),y
000179r 1  A0 00        	ldy     #$00
00017Br 1  91 rr        	sta     (sp),y
00017Dr 1  A5 rr        	lda     regbank+4
00017Fr 1  A6 rr        	ldx     regbank+4+1
000181r 1  20 rr rr     	jsr     _close_hit
000184r 1  C9 00        	cmp     #$00
000186r 1  F0 15        	beq     L0569
000188r 1  A9 1C        	lda     #$1C
00018Ar 1  20 rr rr     	jsr     _increment_counter
00018Dr 1  A0 04        	ldy     #$04
00018Fr 1  B1 rr        	lda     (sp),y
000191r 1  8D rr rr     	sta     _previous_buttons
000194r 1  88           	dey
000195r 1  B1 rr        	lda     (sp),y
000197r 1  20 rr rr     	jsr     _udeks_window_destroy
00019Ar 1  4C rr rr     	jmp     L0689
00019Dr 1  20 rr rr     L0569:	jsr     decsp3
0001A0r 1  A0 0B        	ldy     #$0B
0001A2r 1  B1 rr        	lda     (sp),y
0001A4r 1  AA           	tax
0001A5r 1  88           	dey
0001A6r 1  B1 rr        	lda     (sp),y
0001A8r 1  A0 01        	ldy     #$01
0001AAr 1  91 rr        	sta     (sp),y
0001ACr 1  C8           	iny
0001ADr 1  8A           	txa
0001AEr 1  91 rr        	sta     (sp),y
0001B0r 1  A0 09        	ldy     #$09
0001B2r 1  B1 rr        	lda     (sp),y
0001B4r 1  A0 00        	ldy     #$00
0001B6r 1  91 rr        	sta     (sp),y
0001B8r 1  A5 rr        	lda     regbank+4
0001BAr 1  A6 rr        	ldx     regbank+4+1
0001BCr 1  20 rr rr     	jsr     _resize_hit
0001BFr 1  C9 00        	cmp     #$00
0001C1r 1  F0 2B        	beq     L0576
0001C3r 1  20 rr rr     	jsr     decsp4
0001C6r 1  A0 07        	ldy     #$07
0001C8r 1  B1 rr        	lda     (sp),y
0001CAr 1  A0 03        	ldy     #$03
0001CCr 1  91 rr        	sta     (sp),y
0001CEr 1  A0 0C        	ldy     #$0C
0001D0r 1  B1 rr        	lda     (sp),y
0001D2r 1  AA           	tax
0001D3r 1  88           	dey
0001D4r 1  B1 rr        	lda     (sp),y
0001D6r 1  A0 01        	ldy     #$01
0001D8r 1  91 rr        	sta     (sp),y
0001DAr 1  C8           	iny
0001DBr 1  8A           	txa
0001DCr 1  91 rr        	sta     (sp),y
0001DEr 1  A0 0A        	ldy     #$0A
0001E0r 1  B1 rr        	lda     (sp),y
0001E2r 1  A0 00        	ldy     #$00
0001E4r 1  91 rr        	sta     (sp),y
0001E6r 1  A9 02        	lda     #$02
0001E8r 1  20 rr rr     	jsr     _begin_drag
0001EBr 1  4C rr rr     	jmp     L0592
0001EEr 1  20 rr rr     L0576:	jsr     decsp3
0001F1r 1  A0 0B        	ldy     #$0B
0001F3r 1  B1 rr        	lda     (sp),y
0001F5r 1  AA           	tax
0001F6r 1  88           	dey
0001F7r 1  B1 rr        	lda     (sp),y
0001F9r 1  A0 01        	ldy     #$01
0001FBr 1  91 rr        	sta     (sp),y
0001FDr 1  C8           	iny
0001FEr 1  8A           	txa
0001FFr 1  91 rr        	sta     (sp),y
000201r 1  A0 09        	ldy     #$09
000203r 1  B1 rr        	lda     (sp),y
000205r 1  A0 00        	ldy     #$00
000207r 1  91 rr        	sta     (sp),y
000209r 1  A5 rr        	lda     regbank+4
00020Br 1  A6 rr        	ldx     regbank+4+1
00020Dr 1  20 rr rr     	jsr     _title_hit
000210r 1  C9 00        	cmp     #$00
000212r 1  F0 2B        	beq     L0581
000214r 1  20 rr rr     	jsr     decsp4
000217r 1  A0 07        	ldy     #$07
000219r 1  B1 rr        	lda     (sp),y
00021Br 1  A0 03        	ldy     #$03
00021Dr 1  91 rr        	sta     (sp),y
00021Fr 1  A0 0C        	ldy     #$0C
000221r 1  B1 rr        	lda     (sp),y
000223r 1  AA           	tax
000224r 1  88           	dey
000225r 1  B1 rr        	lda     (sp),y
000227r 1  A0 01        	ldy     #$01
000229r 1  91 rr        	sta     (sp),y
00022Br 1  C8           	iny
00022Cr 1  8A           	txa
00022Dr 1  91 rr        	sta     (sp),y
00022Fr 1  A0 0A        	ldy     #$0A
000231r 1  B1 rr        	lda     (sp),y
000233r 1  A0 00        	ldy     #$00
000235r 1  91 rr        	sta     (sp),y
000237r 1  A9 01        	lda     #$01
000239r 1  20 rr rr     	jsr     _begin_drag
00023Cr 1  4C rr rr     	jmp     L0592
00023Fr 1  A0 02        L0581:	ldy     #$02
000241r 1  B1 rr        	lda     (sp),y
000243r 1  F0 12        	beq     L0592
000245r 1  A5 rr        	lda     regbank+4
000247r 1  A6 rr        	ldx     regbank+4+1
000249r 1  20 rr rr     	jsr     _damage_set
00024Cr 1  A9 00        	lda     #$00
00024Er 1  20 rr rr     	jsr     _compose_damage
000251r 1  4C rr rr     	jmp     L0592
000254r 1  8D rr rr     L0561:	sta     _focused_handle
000257r 1  A0 04        L0592:	ldy     #$04
000259r 1  B1 rr        L067A:	lda     (sp),y
00025Br 1  D0 0B        	bne     L067E
00025Dr 1  AD rr rr     	lda     _dragging_handle
000260r 1  F0 06        	beq     L067E
000262r 1  20 rr rr     	jsr     _finish_drag
000265r 1  4C rr rr     	jmp     L05A4
000268r 1  B1 rr        L067E:	lda     (sp),y
00026Ar 1  F0 29        	beq     L0683
00026Cr 1  AD rr rr     	lda     _dragging_handle
00026Fr 1  F0 24        	beq     L0683
000271r 1  AD rr rr     	lda     _drag_mode
000274r 1  C9 02        	cmp     #$02
000276r 1  D0 0F        	bne     L059F
000278r 1  A0 0A        	ldy     #$0A
00027Ar 1  20 rr rr     	jsr     pushwysp
00027Dr 1  A0 08        	ldy     #$08
00027Fr 1  B1 rr        	lda     (sp),y
000281r 1  20 rr rr     	jsr     _resize_drag
000284r 1  4C rr rr     	jmp     L05A4
000287r 1  A0 0A        L059F:	ldy     #$0A
000289r 1  20 rr rr     	jsr     pushwysp
00028Cr 1  A0 08        	ldy     #$08
00028Er 1  B1 rr        	lda     (sp),y
000290r 1  20 rr rr     	jsr     _move_drag
000293r 1  A0 04        L05A4:	ldy     #$04
000295r 1  B1 rr        L0683:	lda     (sp),y
000297r 1  8D rr rr     	sta     _previous_buttons
00029Ar 1  20 rr rr     L0689:	jsr     _publish_state
00029Dr 1  A2 00        L0687:	ldx     #$00
00029Fr 1  8A           	txa
0002A0r 1  48           L0684:	pha
0002A1r 1  A1 rr        	lda     (sp,x)
0002A3r 1  85 rr        	sta     regbank+4
0002A5r 1  A0 01        	ldy     #$01
0002A7r 1  B1 rr        	lda     (sp),y
0002A9r 1  85 rr        	sta     regbank+5
0002ABr 1  68           	pla
0002ACr 1  A0 09        	ldy     #$09
0002AEr 1  4C rr rr     	jmp     addysp
0002B1r 1               
0002B1r 1               .endproc
0002B1r 1               
0002B1r 1               ; ---------------------------------------------------------------
0002B1r 1               ; unsigned char __near__ udeks_window_manager_stop (void)
0002B1r 1               ; ---------------------------------------------------------------
0002B1r 1               
0002B1r 1               .segment	"CODE"
0002B1r 1               
0002B1r 1               .proc	_udeks_window_manager_stop: near
0002B1r 1               
0002B1r 1               .segment	"CODE"
0002B1r 1               
0002B1r 1  20 rr rr     	jsr     _udeks_window_manager_reset
0002B4r 1  A2 00        	ldx     #$00
0002B6r 1  8A           	txa
0002B7r 1  60           	rts
0002B8r 1               
0002B8r 1               .endproc
0002B8r 1               
0002B8r 1               ; ---------------------------------------------------------------
0002B8r 1               ; void __near__ udeks_window_manager_reset (void)
0002B8r 1               ; ---------------------------------------------------------------
0002B8r 1               
0002B8r 1               .segment	"CODE"
0002B8r 1               
0002B8r 1               .proc	_udeks_window_manager_reset: near
0002B8r 1               
0002B8r 1               .segment	"CODE"
0002B8r 1               
0002B8r 1  20 rr rr     	jsr     decsp1
0002BBr 1  20 rr rr     	jsr     _cache_invalidate
0002BEr 1  A9 00        	lda     #$00
0002C0r 1  A8           	tay
0002C1r 1  91 rr        L068A:	sta     (sp),y
0002C3r 1  C9 04        	cmp     #$04
0002C5r 1  B0 23        	bcs     L068B
0002C7r 1  B1 rr        	lda     (sp),y
0002C9r 1  20 rr rr     	jsr     pusha0
0002CCr 1  A9 0E        	lda     #$0E
0002CEr 1  20 rr rr     	jsr     tosmula0
0002D1r 1  18           	clc
0002D2r 1  69 rr        	adc     #<(_windows)
0002D4r 1  85 rr        	sta     ptr1
0002D6r 1  8A           	txa
0002D7r 1  69 rr        	adc     #>(_windows)
0002D9r 1  85 rr        	sta     ptr1+1
0002DBr 1  A9 00        	lda     #$00
0002DDr 1  A0 07        	ldy     #$07
0002DFr 1  91 rr        	sta     (ptr1),y
0002E1r 1  A8           	tay
0002E2r 1  18           	clc
0002E3r 1  A9 01        	lda     #$01
0002E5r 1  71 rr        	adc     (sp),y
0002E7r 1  4C rr rr     	jmp     L068A
0002EAr 1  98           L068B:	tya
0002EBr 1  8D rr rr     	sta     _active_count
0002EEr 1  8D rr rr     	sta     _focused_handle
0002F1r 1  8D rr rr     	sta     _dragging_handle
0002F4r 1  8D rr rr     	sta     _drag_mode
0002F7r 1  8D rr rr     	sta     _previous_buttons
0002FAr 1  20 rr rr     	jsr     _publish_state
0002FDr 1  4C rr rr     	jmp     incsp1
000300r 1               
000300r 1               .endproc
000300r 1               
000300r 1               ; ---------------------------------------------------------------
000300r 1               ; unsigned char __near__ udeks_window_create (unsigned char, unsigned char, unsigned char, unsigned int, unsigned char, unsigned int, unsigned char, __near__ const unsigned char *, __near__ __near__ function returning void *, __near__ __near__ function returning void *)
000300r 1               ; ---------------------------------------------------------------
000300r 1               
000300r 1               .segment	"CODE"
000300r 1               
000300r 1               .proc	_udeks_window_create: near
000300r 1               
000300r 1               .segment	"CODE"
000300r 1               
000300r 1  20 rr rr     	jsr     pushax
000303r 1  20 rr rr     	jsr     decsp1
000306r 1  A5 rr        	lda     regbank+4
000308r 1  A6 rr        	ldx     regbank+5
00030Ar 1  20 rr rr     	jsr     pushax
00030Dr 1  A0 0B        	ldy     #$0B
00030Fr 1  B1 rr        	lda     (sp),y
000311r 1  C9 00        	cmp     #$00
000313r 1  D0 05        	bne     L0434
000315r 1  88           	dey
000316r 1  B1 rr        	lda     (sp),y
000318r 1  C9 10        	cmp     #$10
00031Ar 1  90 45        L0434:	bcc     L068E
00031Cr 1  A0 09        	ldy     #$09
00031Er 1  B1 rr        	lda     (sp),y
000320r 1  C9 12        	cmp     #$12
000322r 1  90 3D        	bcc     L068E
000324r 1  A0 0D        	ldy     #$0D
000326r 1  B1 rr        	lda     (sp),y
000328r 1  A0 0A        	ldy     #$0A
00032Ar 1  18           	clc
00032Br 1  71 rr        	adc     (sp),y
00032Dr 1  48           	pha
00032Er 1  A0 0E        	ldy     #$0E
000330r 1  B1 rr        	lda     (sp),y
000332r 1  A0 0B        	ldy     #$0B
000334r 1  71 rr        	adc     (sp),y
000336r 1  AA           	tax
000337r 1  68           	pla
000338r 1  C9 41        	cmp     #$41
00033Ar 1  8A           	txa
00033Br 1  E9 01        	sbc     #$01
00033Dr 1  B0 22        	bcs     L068E
00033Fr 1  A2 00        	ldx     #$00
000341r 1  A0 09        	ldy     #$09
000343r 1  B1 rr        	lda     (sp),y
000345r 1  18           	clc
000346r 1  A0 0C        	ldy     #$0C
000348r 1  71 rr        	adc     (sp),y
00034Ar 1  90 01        	bcc     L068C
00034Cr 1  E8           	inx
00034Dr 1  C9 C9        L068C:	cmp     #$C9
00034Fr 1  8A           	txa
000350r 1  E9 00        	sbc     #$00
000352r 1  B0 0D        	bcs     L068E
000354r 1  A0 10        	ldy     #$10
000356r 1  B1 rr        	lda     (sp),y
000358r 1  C9 01        	cmp     #$01
00035Ar 1  D0 05        	bne     L068E
00035Cr 1  A9 00        	lda     #$00
00035Er 1  4C rr rr     	jmp     L0690
000361r 1  A2 00        L068E:	ldx     #$00
000363r 1  8A           	txa
000364r 1  4C rr rr     	jmp     L0430
000367r 1  A0 02        L0690:	ldy     #$02
000369r 1  91 rr        L068D:	sta     (sp),y
00036Br 1  A2 00        	ldx     #$00
00036Dr 1  B1 rr        	lda     (sp),y
00036Fr 1  C9 04        	cmp     #$04
000371r 1  B0 25        	bcs     L0692
000373r 1  20 rr rr     	jsr     pusha0
000376r 1  A9 0E        	lda     #$0E
000378r 1  20 rr rr     	jsr     tosmula0
00037Br 1  18           	clc
00037Cr 1  69 rr        	adc     #<(_windows)
00037Er 1  85 rr        	sta     ptr1
000380r 1  8A           	txa
000381r 1  69 rr        	adc     #>(_windows)
000383r 1  85 rr        	sta     ptr1+1
000385r 1  A0 07        	ldy     #$07
000387r 1  B1 rr        	lda     (ptr1),y
000389r 1  F0 0A        	beq     L0438
00038Br 1  A0 02        	ldy     #$02
00038Dr 1  18           	clc
00038Er 1  A9 01        	lda     #$01
000390r 1  71 rr        	adc     (sp),y
000392r 1  4C rr rr     	jmp     L068D
000395r 1  A0 02        L0438:	ldy     #$02
000397r 1  AA           	tax
000398r 1  B1 rr        L0692:	lda     (sp),y
00039Ar 1  C9 04        	cmp     #$04
00039Cr 1  D0 04        	bne     L0694
00039Er 1  8A           	txa
00039Fr 1  4C rr rr     	jmp     L0430
0003A2r 1  B1 rr        L0694:	lda     (sp),y
0003A4r 1  20 rr rr     	jsr     pusha0
0003A7r 1  A9 0E        	lda     #$0E
0003A9r 1  20 rr rr     	jsr     tosmula0
0003ACr 1  18           	clc
0003ADr 1  69 rr        	adc     #<(_windows)
0003AFr 1  A8           	tay
0003B0r 1  8A           	txa
0003B1r 1  69 rr        	adc     #>(_windows)
0003B3r 1  AA           	tax
0003B4r 1  98           	tya
0003B5r 1  85 rr        	sta     regbank+4
0003B7r 1  86 rr        	stx     regbank+4+1
0003B9r 1  85 rr        	sta     ptr1
0003BBr 1  86 rr        	stx     ptr1+1
0003BDr 1  A0 0F        	ldy     #$0F
0003BFr 1  B1 rr        	lda     (sp),y
0003C1r 1  29 0F        	and     #$0F
0003C3r 1  09 01        	ora     #$01
0003C5r 1  09 08        	ora     #$08
0003C7r 1  A0 00        	ldy     #$00
0003C9r 1  91 rr        	sta     (ptr1),y
0003CBr 1  A0 0E        	ldy     #$0E
0003CDr 1  B1 rr        	lda     (sp),y
0003CFr 1  AA           	tax
0003D0r 1  88           	dey
0003D1r 1  B1 rr        	lda     (sp),y
0003D3r 1  A0 01        	ldy     #$01
0003D5r 1  91 rr        	sta     (regbank+4),y
0003D7r 1  C8           	iny
0003D8r 1  8A           	txa
0003D9r 1  91 rr        	sta     (regbank+4),y
0003DBr 1  A0 0C        	ldy     #$0C
0003DDr 1  B1 rr        	lda     (sp),y
0003DFr 1  A0 03        	ldy     #$03
0003E1r 1  91 rr        	sta     (regbank+4),y
0003E3r 1  A0 0B        	ldy     #$0B
0003E5r 1  B1 rr        	lda     (sp),y
0003E7r 1  AA           	tax
0003E8r 1  88           	dey
0003E9r 1  B1 rr        	lda     (sp),y
0003EBr 1  A0 04        	ldy     #$04
0003EDr 1  91 rr        	sta     (regbank+4),y
0003EFr 1  C8           	iny
0003F0r 1  8A           	txa
0003F1r 1  91 rr        	sta     (regbank+4),y
0003F3r 1  A0 09        	ldy     #$09
0003F5r 1  B1 rr        	lda     (sp),y
0003F7r 1  A0 06        	ldy     #$06
0003F9r 1  91 rr        	sta     (regbank+4),y
0003FBr 1  AD rr rr     	lda     _active_count
0003FEr 1  18           	clc
0003FFr 1  69 01        	adc     #$01
000401r 1  C8           	iny
000402r 1  91 rr        	sta     (regbank+4),y
000404r 1  C8           	iny
000405r 1  B1 rr        	lda     (sp),y
000407r 1  AA           	tax
000408r 1  88           	dey
000409r 1  B1 rr        	lda     (sp),y
00040Br 1  C8           	iny
00040Cr 1  91 rr        	sta     (regbank+4),y
00040Er 1  C8           	iny
00040Fr 1  8A           	txa
000410r 1  91 rr        	sta     (regbank+4),y
000412r 1  A0 06        	ldy     #$06
000414r 1  B1 rr        	lda     (sp),y
000416r 1  AA           	tax
000417r 1  88           	dey
000418r 1  B1 rr        	lda     (sp),y
00041Ar 1  A0 0A        	ldy     #$0A
00041Cr 1  91 rr        	sta     (regbank+4),y
00041Er 1  C8           	iny
00041Fr 1  8A           	txa
000420r 1  91 rr        	sta     (regbank+4),y
000422r 1  A0 04        	ldy     #$04
000424r 1  B1 rr        	lda     (sp),y
000426r 1  AA           	tax
000427r 1  88           	dey
000428r 1  B1 rr        	lda     (sp),y
00042Ar 1  A0 0C        	ldy     #$0C
00042Cr 1  91 rr        	sta     (regbank+4),y
00042Er 1  C8           	iny
00042Fr 1  8A           	txa
000430r 1  91 rr        	sta     (regbank+4),y
000432r 1  EE rr rr     	inc     _active_count
000435r 1  A0 02        	ldy     #$02
000437r 1  B1 rr        	lda     (sp),y
000439r 1  18           	clc
00043Ar 1  69 01        	adc     #$01
00043Cr 1  8D rr rr     	sta     _focused_handle
00043Fr 1  A9 10        	lda     #$10
000441r 1  20 rr rr     	jsr     _increment_counter
000444r 1  20 rr rr     	jsr     _publish_state
000447r 1  A5 rr        	lda     regbank+4
000449r 1  A6 rr        	ldx     regbank+4+1
00044Br 1  20 rr rr     	jsr     _damage_set
00044Er 1  A9 00        	lda     #$00
000450r 1  20 rr rr     	jsr     _compose_damage
000453r 1  A2 00        	ldx     #$00
000455r 1  AD rr rr     	lda     _focused_handle
000458r 1  48           L0430:	pha
000459r 1  A1 rr        	lda     (sp,x)
00045Br 1  85 rr        	sta     regbank+4
00045Dr 1  A0 01        	ldy     #$01
00045Fr 1  B1 rr        	lda     (sp),y
000461r 1  85 rr        	sta     regbank+5
000463r 1  68           	pla
000464r 1  A0 12        	ldy     #$12
000466r 1  4C rr rr     	jmp     addysp
000469r 1               
000469r 1               .endproc
000469r 1               
000469r 1               ; ---------------------------------------------------------------
000469r 1               ; unsigned char __near__ udeks_window_destroy (unsigned char)
000469r 1               ; ---------------------------------------------------------------
000469r 1               
000469r 1               .segment	"CODE"
000469r 1               
000469r 1               .proc	_udeks_window_destroy: near
000469r 1               
000469r 1               .segment	"CODE"
000469r 1               
000469r 1  20 rr rr     	jsr     pusha
00046Cr 1  A5 rr        	lda     regbank+4
00046Er 1  A6 rr        	ldx     regbank+5
000470r 1  20 rr rr     	jsr     pushax
000473r 1  20 rr rr     	jsr     decsp4
000476r 1  A0 06        	ldy     #$06
000478r 1  B1 rr        	lda     (sp),y
00047Ar 1  20 rr rr     	jsr     _window_by_handle
00047Dr 1  85 rr        	sta     regbank+4
00047Fr 1  86 rr        	stx     regbank+4+1
000481r 1  E0 00        	cpx     #$00
000483r 1  D0 09        	bne     L046F
000485r 1  C9 00        	cmp     #$00
000487r 1  D0 05        	bne     L046F
000489r 1  A9 01        	lda     #$01
00048Br 1  4C rr rr     	jmp     L046B
00048Er 1  A0 0D        L046F:	ldy     #$0D
000490r 1  B1 rr        	lda     (regbank+4),y
000492r 1  AA           	tax
000493r 1  88           	dey
000494r 1  B1 rr        	lda     (regbank+4),y
000496r 1  A0 02        	ldy     #$02
000498r 1  20 rr rr     	jsr     staxysp
00049Br 1  A0 07        	ldy     #$07
00049Dr 1  B1 rr        	lda     (regbank+4),y
00049Fr 1  A0 00        	ldy     #$00
0004A1r 1  91 rr        	sta     (sp),y
0004A3r 1  A5 rr        	lda     regbank+4
0004A5r 1  A6 rr        	ldx     regbank+4+1
0004A7r 1  20 rr rr     	jsr     _damage_set
0004AAr 1  A0 06        	ldy     #$06
0004ACr 1  B1 rr        	lda     (sp),y
0004AEr 1  CD rr rr     	cmp     _dragging_handle
0004B1r 1  D0 35        	bne     L0479
0004B3r 1  20 rr rr     	jsr     _udeks_vic_bitmap_reset_clip
0004B6r 1  20 rr rr     	jsr     decsp5
0004B9r 1  AD rr rr     	lda     _drag_x
0004BCr 1  A0 03        	ldy     #$03
0004BEr 1  91 rr        	sta     (sp),y
0004C0r 1  C8           	iny
0004C1r 1  AD rr rr     	lda     _drag_x+1
0004C4r 1  91 rr        	sta     (sp),y
0004C6r 1  AD rr rr     	lda     _drag_y
0004C9r 1  A0 02        	ldy     #$02
0004CBr 1  91 rr        	sta     (sp),y
0004CDr 1  AD rr rr     	lda     _drag_width
0004D0r 1  A0 00        	ldy     #$00
0004D2r 1  91 rr        	sta     (sp),y
0004D4r 1  C8           	iny
0004D5r 1  AD rr rr     	lda     _drag_width+1
0004D8r 1  91 rr        	sta     (sp),y
0004DAr 1  AD rr rr     	lda     _drag_height
0004DDr 1  20 rr rr     	jsr     _udeks_vic_bitmap_outline_toggle
0004E0r 1  A9 00        	lda     #$00
0004E2r 1  8D rr rr     	sta     _dragging_handle
0004E5r 1  8D rr rr     	sta     _drag_mode
0004E8r 1  A9 00        L0479:	lda     #$00
0004EAr 1  A0 07        	ldy     #$07
0004ECr 1  91 rr        	sta     (regbank+4),y
0004EEr 1  CE rr rr     	dec     _active_count
0004F1r 1  A0 01        	ldy     #$01
0004F3r 1  91 rr        L0696:	sta     (sp),y
0004F5r 1  C9 04        	cmp     #$04
0004F7r 1  B0 48        	bcs     L0489
0004F9r 1  B1 rr        	lda     (sp),y
0004FBr 1  20 rr rr     	jsr     pusha0
0004FEr 1  A9 0E        	lda     #$0E
000500r 1  20 rr rr     	jsr     tosmula0
000503r 1  18           	clc
000504r 1  69 rr        	adc     #<(_windows)
000506r 1  85 rr        	sta     ptr1
000508r 1  8A           	txa
000509r 1  69 rr        	adc     #>(_windows)
00050Br 1  85 rr        	sta     ptr1+1
00050Dr 1  A0 07        	ldy     #$07
00050Fr 1  B1 rr        	lda     (ptr1),y
000511r 1  38           	sec
000512r 1  A0 00        	ldy     #$00
000514r 1  F1 rr        	sbc     (sp),y
000516r 1  90 20        	bcc     L048A
000518r 1  F0 1E        	beq     L048A
00051Ar 1  C8           	iny
00051Br 1  B1 rr        	lda     (sp),y
00051Dr 1  20 rr rr     	jsr     pusha0
000520r 1  A9 0E        	lda     #$0E
000522r 1  20 rr rr     	jsr     tosmula0
000525r 1  18           	clc
000526r 1  69 rr        	adc     #<(_windows)
000528r 1  85 rr        	sta     ptr1
00052Ar 1  8A           	txa
00052Br 1  69 rr        	adc     #>(_windows)
00052Dr 1  85 rr        	sta     ptr1+1
00052Fr 1  A0 07        	ldy     #$07
000531r 1  B1 rr        	lda     (ptr1),y
000533r 1  38           	sec
000534r 1  E9 01        	sbc     #$01
000536r 1  91 rr        	sta     (ptr1),y
000538r 1  A0 01        L048A:	ldy     #$01
00053Ar 1  18           	clc
00053Br 1  98           	tya
00053Cr 1  71 rr        	adc     (sp),y
00053Er 1  4C rr rr     	jmp     L0696
000541r 1  20 rr rr     L0489:	jsr     _top_window
000544r 1  8D rr rr     	sta     _focused_handle
000547r 1  A9 00        	lda     #$00
000549r 1  20 rr rr     	jsr     _compose_damage
00054Cr 1  A9 12        	lda     #$12
00054Er 1  20 rr rr     	jsr     _increment_counter
000551r 1  20 rr rr     	jsr     _publish_state
000554r 1  A0 02        	ldy     #$02
000556r 1  B1 rr        	lda     (sp),y
000558r 1  C8           	iny
000559r 1  11 rr        	ora     (sp),y
00055Br 1  F0 22        	beq     L049C
00055Dr 1  B1 rr        	lda     (sp),y
00055Fr 1  AA           	tax
000560r 1  88           	dey
000561r 1  B1 rr        	lda     (sp),y
000563r 1  20 rr rr     	jsr     pushax
000566r 1  A0 08        	ldy     #$08
000568r 1  B1 rr        	lda     (sp),y
00056Ar 1  48           	pha
00056Br 1  A0 00        	ldy     #$00
00056Dr 1  B1 rr        	lda     (sp),y
00056Fr 1  8D rr rr     	sta     jmpvec+1
000572r 1  C8           	iny
000573r 1  B1 rr        	lda     (sp),y
000575r 1  8D rr rr     	sta     jmpvec+2
000578r 1  68           	pla
000579r 1  20 rr rr     	jsr     jmpvec
00057Cr 1  20 rr rr     	jsr     incsp2
00057Fr 1  A2 00        L049C:	ldx     #$00
000581r 1  8A           	txa
000582r 1  48           L046B:	pha
000583r 1  A0 04        	ldy     #$04
000585r 1  B1 rr        	lda     (sp),y
000587r 1  85 rr        	sta     regbank+4
000589r 1  C8           	iny
00058Ar 1  B1 rr        	lda     (sp),y
00058Cr 1  85 rr        	sta     regbank+5
00058Er 1  68           	pla
00058Fr 1  4C rr rr     	jmp     incsp7
000592r 1               
000592r 1               .endproc
000592r 1               
000592r 1               ; ---------------------------------------------------------------
000592r 1               ; unsigned char __near__ udeks_window_repaint (unsigned char)
000592r 1               ; ---------------------------------------------------------------
000592r 1               
000592r 1               .segment	"CODE"
000592r 1               
000592r 1               .proc	_udeks_window_repaint: near
000592r 1               
000592r 1               .segment	"CODE"
000592r 1               
000592r 1  20 rr rr     	jsr     pusha
000595r 1  A5 rr        	lda     regbank+4
000597r 1  A6 rr        	ldx     regbank+5
000599r 1  20 rr rr     	jsr     pushax
00059Cr 1  A0 02        	ldy     #$02
00059Er 1  B1 rr        	lda     (sp),y
0005A0r 1  20 rr rr     	jsr     _window_by_handle
0005A3r 1  85 rr        	sta     regbank+4
0005A5r 1  86 rr        	stx     regbank+4+1
0005A7r 1  E0 00        	cpx     #$00
0005A9r 1  D0 09        	bne     L04A6
0005ABr 1  C9 00        	cmp     #$00
0005ADr 1  D0 05        	bne     L04A6
0005AFr 1  A9 01        	lda     #$01
0005B1r 1  4C rr rr     	jmp     L04A2
0005B4r 1  AD rr rr     L04A6:	lda     _dragging_handle
0005B7r 1  F0 03 4C rr  	jne     L04E2
0005BBr 1  rr           
0005BCr 1  AA           	tax
0005BDr 1  AD rr rr     	lda     _cache_phase
0005C0r 1  C9 01        	cmp     #$01
0005C2r 1  D0 03 4C rr  	jeq     L0699
0005C6r 1  rr           
0005C7r 1  C9 03        	cmp     #$03
0005C9r 1  D0 03 4C rr  	jeq     L0699
0005CDr 1  rr           
0005CEr 1  A5 rr        	lda     regbank+4
0005D0r 1  A6 rr        	ldx     regbank+4+1
0005D2r 1  20 rr rr     	jsr     _damage_set
0005D5r 1  AD rr rr     	lda     _cache_phase
0005D8r 1  C9 02        	cmp     #$02
0005DAr 1  D0 08        	bne     L069F
0005DCr 1  A8           	tay
0005DDr 1  B1 rr        	lda     (sp),y
0005DFr 1  CD rr rr     	cmp     _cache_owner
0005E2r 1  D0 05        	bne     L06A0
0005E4r 1  A9 00        L069F:	lda     #$00
0005E6r 1  4C rr rr     	jmp     L06A2
0005E9r 1  AD rr rr     L06A0:	lda     _cache_owner
0005ECr 1  20 rr rr     	jsr     _window_by_handle
0005EFr 1  85 rr        	sta     regbank+4
0005F1r 1  86 rr        	stx     regbank+4+1
0005F3r 1  AD rr rr     	lda     _damage_left
0005F6r 1  AE rr rr     	ldx     _damage_left+1
0005F9r 1  20 rr rr     	jsr     pushax
0005FCr 1  A0 02        	ldy     #$02
0005FEr 1  B1 rr        	lda     (regbank+4),y
000600r 1  AA           	tax
000601r 1  88           	dey
000602r 1  B1 rr        	lda     (regbank+4),y
000604r 1  20 rr rr     	jsr     tosicmp
000607r 1  B0 03 4C rr  	jcc     L04B7
00060Br 1  rr           
00060Cr 1  AD rr rr     	lda     _damage_right
00060Fr 1  AE rr rr     	ldx     _damage_right+1
000612r 1  20 rr rr     	jsr     pushax
000615r 1  A0 02        	ldy     #$02
000617r 1  B1 rr        	lda     (regbank+4),y
000619r 1  AA           	tax
00061Ar 1  88           	dey
00061Br 1  B1 rr        	lda     (regbank+4),y
00061Dr 1  20 rr rr     	jsr     pushax
000620r 1  A0 05        	ldy     #$05
000622r 1  B1 rr        	lda     (regbank+4),y
000624r 1  AA           	tax
000625r 1  88           	dey
000626r 1  B1 rr        	lda     (regbank+4),y
000628r 1  20 rr rr     	jsr     tosaddax
00062Br 1  20 rr rr     	jsr     tosicmp
00062Er 1  F0 05        	beq     L069B
000630r 1  90 03 4C rr  	jcs     L04B7
000634r 1  rr           
000635r 1  AD rr rr     L069B:	lda     _damage_bottom
000638r 1  20 rr rr     	jsr     pusha0
00063Br 1  A0 03        	ldy     #$03
00063Dr 1  B1 rr        	lda     (regbank+4),y
00063Fr 1  85 rr        	sta     ptr1
000641r 1  A0 06        	ldy     #$06
000643r 1  B1 rr        	lda     (regbank+4),y
000645r 1  18           	clc
000646r 1  65 rr        	adc     ptr1
000648r 1  90 01        	bcc     L0698
00064Ar 1  E8           	inx
00064Br 1  20 rr rr     L0698:	jsr     tosicmp
00064Er 1  90 05        	bcc     L04B8
000650r 1  F0 03 4C rr  	jne     L04B7
000654r 1  rr           
000655r 1  A9 82        L04B8:	lda     #$82
000657r 1  8D rr rr     	sta     _cache_phase
00065Ar 1  AD rr rr     	lda     _damage_bottom
00065Dr 1  20 rr rr     	jsr     pusha0
000660r 1  A0 03        	ldy     #$03
000662r 1  B1 rr        	lda     (regbank+4),y
000664r 1  20 rr rr     	jsr     tosicmp0
000667r 1  90 09        	bcc     L04BD
000669r 1  F0 07        	beq     L04BD
00066Br 1  A0 03        	ldy     #$03
00066Dr 1  B1 rr        	lda     (regbank+4),y
00066Fr 1  8D rr rr     	sta     _damage_bottom
000672r 1  AD rr rr     L04BD:	lda     _damage_top
000675r 1  CD rr rr     	cmp     _damage_bottom
000678r 1  B0 10        	bcs     L04C1
00067Ar 1  A9 80        	lda     #$80
00067Cr 1  8D rr rr     	sta     _drag_mode
00067Fr 1  AD rr rr     	lda     _cache_owner
000682r 1  20 rr rr     	jsr     _compose_damage
000685r 1  A9 00        	lda     #$00
000687r 1  8D rr rr     	sta     _drag_mode
00068Ar 1  A0 02        L04C1:	ldy     #$02
00068Cr 1  B1 rr        	lda     (sp),y
00068Er 1  20 rr rr     	jsr     _window_by_handle
000691r 1  85 rr        	sta     regbank+4
000693r 1  86 rr        	stx     regbank+4+1
000695r 1  A0 0B        	ldy     #$0B
000697r 1  B1 rr        	lda     (regbank+4),y
000699r 1  AA           	tax
00069Ar 1  88           	dey
00069Br 1  B1 rr        	lda     (regbank+4),y
00069Dr 1  E0 00        	cpx     #$00
00069Fr 1  D0 04        	bne     L06A3
0006A1r 1  C9 00        	cmp     #$00
0006A3r 1  F0 6A        	beq     L06A5
0006A5r 1  AD rr rr     L06A3:	lda     _damage_bottom
0006A8r 1  20 rr rr     	jsr     pusha0
0006ABr 1  AD rr rr     	lda     _damage_top
0006AEr 1  18           	clc
0006AFr 1  69 0D        	adc     #$0D
0006B1r 1  90 03        	bcc     L069A
0006B3r 1  A2 01        	ldx     #$01
0006B5r 1  18           	clc
0006B6r 1  69 01        L069A:	adc     #$01
0006B8r 1  90 01        	bcc     L04D1
0006BAr 1  E8           	inx
0006BBr 1  20 rr rr     L04D1:	jsr     tosicmp
0006BEr 1  90 02        	bcc     L04CD
0006C0r 1  D0 4B        	bne     L06A4
0006C2r 1  A0 00        L04CD:	ldy     #$00
0006C4r 1  B1 rr        	lda     (regbank+4),y
0006C6r 1  29 7F        	and     #$7F
0006C8r 1  91 rr        	sta     (regbank+4),y
0006CAr 1  20 rr rr     	jsr     decsp6
0006CDr 1  98           	tya
0006CEr 1  A0 04        	ldy     #$04
0006D0r 1  91 rr        	sta     (sp),y
0006D2r 1  C8           	iny
0006D3r 1  91 rr        	sta     (sp),y
0006D5r 1  A0 02        	ldy     #$02
0006D7r 1  91 rr        	sta     (sp),y
0006D9r 1  C8           	iny
0006DAr 1  91 rr        	sta     (sp),y
0006DCr 1  A8           	tay
0006DDr 1  91 rr        	sta     (sp),y
0006DFr 1  C8           	iny
0006E0r 1  91 rr        	sta     (sp),y
0006E2r 1  AA           	tax
0006E3r 1  20 rr rr     	jsr     _udeks_vic_bitmap_set_clip
0006E6r 1  A0 0B        	ldy     #$0B
0006E8r 1  B1 rr        	lda     (regbank+4),y
0006EAr 1  AA           	tax
0006EBr 1  88           	dey
0006ECr 1  B1 rr        	lda     (regbank+4),y
0006EEr 1  20 rr rr     	jsr     pushax
0006F1r 1  A0 04        	ldy     #$04
0006F3r 1  B1 rr        	lda     (sp),y
0006F5r 1  48           	pha
0006F6r 1  A0 00        	ldy     #$00
0006F8r 1  B1 rr        	lda     (sp),y
0006FAr 1  8D rr rr     	sta     jmpvec+1
0006FDr 1  C8           	iny
0006FEr 1  B1 rr        	lda     (sp),y
000700r 1  8D rr rr     	sta     jmpvec+2
000703r 1  68           	pla
000704r 1  20 rr rr     	jsr     jmpvec
000707r 1  20 rr rr     	jsr     incsp2
00070Ar 1  20 rr rr     	jsr     _udeks_vic_bitmap_reset_clip
00070Dr 1  A2 00        L06A4:	ldx     #$00
00070Fr 1  A9 02        L06A5:	lda     #$02
000711r 1  8D rr rr     	sta     _cache_phase
000714r 1  4C rr rr     	jmp     L0699
000717r 1  AD rr rr     L04B7:	lda     _cache_owner
00071Ar 1  20 rr rr     	jsr     _cache_paint_image
00071Dr 1  4C rr rr     	jmp     L04E2
000720r 1  20 rr rr     L06A2:	jsr     _compose_damage
000723r 1  A2 00        L04E2:	ldx     #$00
000725r 1  8A           L0699:	txa
000726r 1  48           L04A2:	pha
000727r 1  A1 rr        	lda     (sp,x)
000729r 1  85 rr        	sta     regbank+4
00072Br 1  A0 01        	ldy     #$01
00072Dr 1  B1 rr        	lda     (sp),y
00072Fr 1  85 rr        	sta     regbank+5
000731r 1  68           	pla
000732r 1  4C rr rr     	jmp     incsp3
000735r 1               
000735r 1               .endproc
000735r 1               
000735r 1               ; ---------------------------------------------------------------
000735r 1               ; unsigned char __near__ udeks_window_begin_paint (unsigned char)
000735r 1               ; ---------------------------------------------------------------
000735r 1               
000735r 1               .segment	"CODE"
000735r 1               
000735r 1               .proc	_udeks_window_begin_paint: near
000735r 1               
000735r 1               .segment	"CODE"
000735r 1               
000735r 1  20 rr rr     	jsr     pusha
000738r 1  A5 rr        	lda     regbank+4
00073Ar 1  A6 rr        	ldx     regbank+5
00073Cr 1  20 rr rr     	jsr     pushax
00073Fr 1  A0 02        	ldy     #$02
000741r 1  B1 rr        	lda     (sp),y
000743r 1  20 rr rr     	jsr     _window_by_handle
000746r 1  85 rr        	sta     regbank+4
000748r 1  86 rr        	stx     regbank+4+1
00074Ar 1  E0 00        	cpx     #$00
00074Cr 1  D0 04        	bne     L06AF
00074Er 1  C9 00        	cmp     #$00
000750r 1  F0 15        	beq     L06B0
000752r 1  AD rr rr     L06AF:	lda     _dragging_handle
000755r 1  D0 0E        	bne     L06A9
000757r 1  A0 07        	ldy     #$07
000759r 1  B1 rr        	lda     (regbank+4),y
00075Br 1  CD rr rr     	cmp     _active_count
00075Er 1  D0 05        	bne     L06A9
000760r 1  A2 00        	ldx     #$00
000762r 1  4C rr rr     	jmp     L06AA
000765r 1  A2 00        L06A9:	ldx     #$00
000767r 1  A9 01        L06B0:	lda     #$01
000769r 1  4C rr rr     	jmp     L01F0
00076Cr 1  AD rr rr     L06AA:	lda     _cache_phase
00076Fr 1  C9 01        	cmp     #$01
000771r 1  F0 74        	beq     L01F0
000773r 1  C9 03        	cmp     #$03
000775r 1  D0 05        	bne     L01F9
000777r 1  A9 01        	lda     #$01
000779r 1  4C rr rr     	jmp     L01F0
00077Cr 1  20 rr rr     L01F9:	jsr     _cache_invalidate
00077Fr 1  A0 00        	ldy     #$00
000781r 1  B1 rr        	lda     (regbank+4),y
000783r 1  29 7F        	and     #$7F
000785r 1  91 rr        	sta     (regbank+4),y
000787r 1  20 rr rr     	jsr     decsp6
00078Ar 1  A0 02        	ldy     #$02
00078Cr 1  B1 rr        	lda     (regbank+4),y
00078Er 1  AA           	tax
00078Fr 1  88           	dey
000790r 1  B1 rr        	lda     (regbank+4),y
000792r 1  18           	clc
000793r 1  69 03        	adc     #$03
000795r 1  90 01        	bcc     L0202
000797r 1  E8           	inx
000798r 1  A0 04        L0202:	ldy     #$04
00079Ar 1  91 rr        	sta     (sp),y
00079Cr 1  C8           	iny
00079Dr 1  8A           	txa
00079Er 1  91 rr        	sta     (sp),y
0007A0r 1  A0 03        	ldy     #$03
0007A2r 1  A2 00        	ldx     #$00
0007A4r 1  B1 rr        	lda     (regbank+4),y
0007A6r 1  18           	clc
0007A7r 1  69 0D        	adc     #$0D
0007A9r 1  90 02        	bcc     L06A7
0007ABr 1  E8           	inx
0007ACr 1  18           	clc
0007ADr 1  69 01        L06A7:	adc     #$01
0007AFr 1  90 01        	bcc     L0205
0007B1r 1  E8           	inx
0007B2r 1  88           L0205:	dey
0007B3r 1  91 rr        	sta     (sp),y
0007B5r 1  C8           	iny
0007B6r 1  8A           	txa
0007B7r 1  91 rr        	sta     (sp),y
0007B9r 1  A0 05        	ldy     #$05
0007BBr 1  B1 rr        	lda     (regbank+4),y
0007BDr 1  AA           	tax
0007BEr 1  88           	dey
0007BFr 1  B1 rr        	lda     (regbank+4),y
0007C1r 1  38           	sec
0007C2r 1  E9 06        	sbc     #$06
0007C4r 1  B0 01        	bcs     L0207
0007C6r 1  CA           	dex
0007C7r 1  A0 00        L0207:	ldy     #$00
0007C9r 1  91 rr        	sta     (sp),y
0007CBr 1  C8           	iny
0007CCr 1  8A           	txa
0007CDr 1  91 rr        	sta     (sp),y
0007CFr 1  A0 06        	ldy     #$06
0007D1r 1  A2 00        	ldx     #$00
0007D3r 1  B1 rr        	lda     (regbank+4),y
0007D5r 1  38           	sec
0007D6r 1  E9 0D        	sbc     #$0D
0007D8r 1  B0 02        	bcs     L06A8
0007DAr 1  CA           	dex
0007DBr 1  38           	sec
0007DCr 1  E9 04        L06A8:	sbc     #$04
0007DEr 1  B0 01        	bcs     L020A
0007E0r 1  CA           	dex
0007E1r 1  20 rr rr     L020A:	jsr     _udeks_vic_bitmap_set_clip
0007E4r 1  A2 00        	ldx     #$00
0007E6r 1  8A           	txa
0007E7r 1  48           L01F0:	pha
0007E8r 1  A1 rr        	lda     (sp,x)
0007EAr 1  85 rr        	sta     regbank+4
0007ECr 1  A0 01        	ldy     #$01
0007EEr 1  B1 rr        	lda     (sp),y
0007F0r 1  85 rr        	sta     regbank+5
0007F2r 1  68           	pla
0007F3r 1  4C rr rr     	jmp     incsp3
0007F6r 1               
0007F6r 1               .endproc
0007F6r 1               
0007F6r 1               ; ---------------------------------------------------------------
0007F6r 1               ; void __near__ udeks_window_end_paint (void)
0007F6r 1               ; ---------------------------------------------------------------
0007F6r 1               
0007F6r 1               .segment	"CODE"
0007F6r 1               
0007F6r 1               .proc	_udeks_window_end_paint: near
0007F6r 1               
0007F6r 1               .segment	"CODE"
0007F6r 1               
0007F6r 1  20 rr rr     	jsr     _udeks_vic_bitmap_reset_clip
0007F9r 1  4C rr rr     	jmp     _udeks_vic_bitmap_commit
0007FCr 1               
0007FCr 1               .endproc
0007FCr 1               
0007FCr 1               ; ---------------------------------------------------------------
0007FCr 1               ; unsigned char __near__ __fastcall__ udeks_window_image_complete (unsigned char)
0007FCr 1               ; ---------------------------------------------------------------
0007FCr 1               
0007FCr 1               .segment	"CODE"
0007FCr 1               
0007FCr 1               .proc	_udeks_window_image_complete: near
0007FCr 1               
0007FCr 1               .segment	"CODE"
0007FCr 1               
0007FCr 1  20 rr rr     	jsr     pusha
0007FFr 1  A5 rr        	lda     regbank+4
000801r 1  A6 rr        	ldx     regbank+5
000803r 1  20 rr rr     	jsr     pushax
000806r 1  A0 02        	ldy     #$02
000808r 1  B1 rr        	lda     (sp),y
00080Ar 1  20 rr rr     	jsr     _window_by_handle
00080Dr 1  85 rr        	sta     regbank+4
00080Fr 1  86 rr        	stx     regbank+4+1
000811r 1  E0 00        	cpx     #$00
000813r 1  D0 04        	bne     L06B6
000815r 1  C9 00        	cmp     #$00
000817r 1  F0 18        	beq     L06B8
000819r 1  AD rr rr     L06B6:	lda     _dragging_handle
00081Cr 1  D0 11        	bne     L06B2
00081Er 1  A0 07        	ldy     #$07
000820r 1  B1 rr        	lda     (regbank+4),y
000822r 1  CD rr rr     	cmp     _active_count
000825r 1  D0 08        	bne     L06B2
000827r 1  A0 00        	ldy     #$00
000829r 1  B1 rr        	lda     (regbank+4),y
00082Br 1  29 01        	and     #$01
00082Dr 1  D0 07        	bne     L0213
00082Fr 1  A2 00        L06B2:	ldx     #$00
000831r 1  A9 01        L06B8:	lda     #$01
000833r 1  4C rr rr     	jmp     L020F
000836r 1  B1 rr        L0213:	lda     (regbank+4),y
000838r 1  09 80        	ora     #$80
00083Ar 1  91 rr        	sta     (regbank+4),y
00083Cr 1  A2 00        	ldx     #$00
00083Er 1  AD rr rr     	lda     _cache_accept_state
000841r 1  C9 80        	cmp     #$80
000843r 1  D0 13        	bne     L06B7
000845r 1  AD rr rr     	lda     _cache_phase
000848r 1  D0 0E        	bne     L06B7
00084Ar 1  A0 02        	ldy     #$02
00084Cr 1  B1 rr        	lda     (sp),y
00084Er 1  20 rr rr     	jsr     pusha
000851r 1  A9 02        	lda     #$02
000853r 1  20 rr rr     	jsr     _cache_request
000856r 1  A2 00        	ldx     #$00
000858r 1  8A           L06B7:	txa
000859r 1  48           L020F:	pha
00085Ar 1  A1 rr        	lda     (sp,x)
00085Cr 1  85 rr        	sta     regbank+4
00085Er 1  A0 01        	ldy     #$01
000860r 1  B1 rr        	lda     (sp),y
000862r 1  85 rr        	sta     regbank+5
000864r 1  68           	pla
000865r 1  4C rr rr     	jmp     incsp3
000868r 1               
000868r 1               .endproc
000868r 1               
000868r 1               ; ---------------------------------------------------------------
000868r 1               ; unsigned char __near__ udeks_window_get_geometry (unsigned char, __near__ unsigned int *, __near__ unsigned char *, __near__ unsigned int *, __near__ unsigned char *)
000868r 1               ; ---------------------------------------------------------------
000868r 1               
000868r 1               .segment	"CODE"
000868r 1               
000868r 1               .proc	_udeks_window_get_geometry: near
000868r 1               
000868r 1               .segment	"CODE"
000868r 1               
000868r 1  20 rr rr     	jsr     pushax
00086Br 1  A5 rr        	lda     regbank+4
00086Dr 1  A6 rr        	ldx     regbank+5
00086Fr 1  20 rr rr     	jsr     pushax
000872r 1  A0 0A        	ldy     #$0A
000874r 1  B1 rr        	lda     (sp),y
000876r 1  20 rr rr     	jsr     _window_by_handle
000879r 1  85 rr        	sta     regbank+4
00087Br 1  86 rr        	stx     regbank+4+1
00087Dr 1  E0 00        	cpx     #$00
00087Fr 1  D0 09        	bne     L04EA
000881r 1  C9 00        	cmp     #$00
000883r 1  D0 05        	bne     L04EA
000885r 1  A9 01        	lda     #$01
000887r 1  4C rr rr     	jmp     L04E6
00088Ar 1  A0 09        L04EA:	ldy     #$09
00088Cr 1  B1 rr        	lda     (sp),y
00088Er 1  85 rr        	sta     ptr1+1
000890r 1  88           	dey
000891r 1  B1 rr        	lda     (sp),y
000893r 1  85 rr        	sta     ptr1
000895r 1  A0 0A        	ldy     #$0A
000897r 1  B1 rr        	lda     (sp),y
000899r 1  CD rr rr     	cmp     _dragging_handle
00089Cr 1  D0 09        	bne     L04F0
00089Er 1  AD rr rr     	lda     _drag_x
0008A1r 1  AE rr rr     	ldx     _drag_x+1
0008A4r 1  4C rr rr     	jmp     L04F2
0008A7r 1  A0 02        L04F0:	ldy     #$02
0008A9r 1  B1 rr        	lda     (regbank+4),y
0008ABr 1  AA           	tax
0008ACr 1  88           	dey
0008ADr 1  B1 rr        	lda     (regbank+4),y
0008AFr 1  A0 00        L04F2:	ldy     #$00
0008B1r 1  91 rr        	sta     (ptr1),y
0008B3r 1  C8           	iny
0008B4r 1  8A           	txa
0008B5r 1  91 rr        	sta     (ptr1),y
0008B7r 1  A0 07        	ldy     #$07
0008B9r 1  B1 rr        	lda     (sp),y
0008BBr 1  85 rr        	sta     ptr1+1
0008BDr 1  88           	dey
0008BEr 1  B1 rr        	lda     (sp),y
0008C0r 1  85 rr        	sta     ptr1
0008C2r 1  A0 0A        	ldy     #$0A
0008C4r 1  B1 rr        	lda     (sp),y
0008C6r 1  CD rr rr     	cmp     _dragging_handle
0008C9r 1  D0 06        	bne     L04F6
0008CBr 1  AD rr rr     	lda     _drag_y
0008CEr 1  4C rr rr     	jmp     L06C0
0008D1r 1  A0 03        L04F6:	ldy     #$03
0008D3r 1  B1 rr        	lda     (regbank+4),y
0008D5r 1  A0 00        L06C0:	ldy     #$00
0008D7r 1  91 rr        	sta     (ptr1),y
0008D9r 1  A0 05        	ldy     #$05
0008DBr 1  B1 rr        	lda     (sp),y
0008DDr 1  85 rr        	sta     ptr1+1
0008DFr 1  88           	dey
0008E0r 1  B1 rr        	lda     (sp),y
0008E2r 1  85 rr        	sta     ptr1
0008E4r 1  A0 0A        	ldy     #$0A
0008E6r 1  B1 rr        	lda     (sp),y
0008E8r 1  CD rr rr     	cmp     _dragging_handle
0008EBr 1  D0 09        	bne     L04FC
0008EDr 1  AD rr rr     	lda     _drag_width
0008F0r 1  AE rr rr     	ldx     _drag_width+1
0008F3r 1  4C rr rr     	jmp     L04FE
0008F6r 1  A0 05        L04FC:	ldy     #$05
0008F8r 1  B1 rr        	lda     (regbank+4),y
0008FAr 1  AA           	tax
0008FBr 1  88           	dey
0008FCr 1  B1 rr        	lda     (regbank+4),y
0008FEr 1  A0 00        L04FE:	ldy     #$00
000900r 1  91 rr        	sta     (ptr1),y
000902r 1  C8           	iny
000903r 1  8A           	txa
000904r 1  91 rr        	sta     (ptr1),y
000906r 1  A0 03        	ldy     #$03
000908r 1  B1 rr        	lda     (sp),y
00090Ar 1  85 rr        	sta     ptr1+1
00090Cr 1  88           	dey
00090Dr 1  B1 rr        	lda     (sp),y
00090Fr 1  85 rr        	sta     ptr1
000911r 1  A0 0A        	ldy     #$0A
000913r 1  B1 rr        	lda     (sp),y
000915r 1  CD rr rr     	cmp     _dragging_handle
000918r 1  D0 06        	bne     L0502
00091Ar 1  AD rr rr     	lda     _drag_height
00091Dr 1  4C rr rr     	jmp     L06C2
000920r 1  A0 06        L0502:	ldy     #$06
000922r 1  B1 rr        	lda     (regbank+4),y
000924r 1  A0 00        L06C2:	ldy     #$00
000926r 1  91 rr        	sta     (ptr1),y
000928r 1  A2 00        	ldx     #$00
00092Ar 1  8A           	txa
00092Br 1  48           L04E6:	pha
00092Cr 1  A1 rr        	lda     (sp,x)
00092Er 1  85 rr        	sta     regbank+4
000930r 1  A0 01        	ldy     #$01
000932r 1  B1 rr        	lda     (sp),y
000934r 1  85 rr        	sta     regbank+5
000936r 1  68           	pla
000937r 1  A0 0B        	ldy     #$0B
000939r 1  4C rr rr     	jmp     addysp
00093Cr 1               
00093Cr 1               .endproc
00093Cr 1               
00093Cr 1               ; ---------------------------------------------------------------
00093Cr 1               ; unsigned char __near__ udeks_window_is_dragging (unsigned char)
00093Cr 1               ; ---------------------------------------------------------------
00093Cr 1               
00093Cr 1               .segment	"CODE"
00093Cr 1               
00093Cr 1               .proc	_udeks_window_is_dragging: near
00093Cr 1               
00093Cr 1               .segment	"CODE"
00093Cr 1               
00093Cr 1  20 rr rr     	jsr     pusha
00093Fr 1  A2 00        	ldx     #$00
000941r 1  A1 rr        	lda     (sp,x)
000943r 1  F0 0E        	beq     L06C8
000945r 1  CD rr rr     	cmp     _dragging_handle
000948r 1  F0 04        	beq     L06C6
00094Ar 1  8A           	txa
00094Br 1  4C rr rr     	jmp     incsp1
00094Er 1  A9 01        L06C6:	lda     #$01
000950r 1  4C rr rr     	jmp     incsp1
000953r 1  4C rr rr     L06C8:	jmp     incsp1
000956r 1               
000956r 1               .endproc
000956r 1               
000956r 1               ; ---------------------------------------------------------------
000956r 1               ; unsigned char __near__ udeks_window_is_focused (unsigned char)
000956r 1               ; ---------------------------------------------------------------
000956r 1               
000956r 1               .segment	"CODE"
000956r 1               
000956r 1               .proc	_udeks_window_is_focused: near
000956r 1               
000956r 1               .segment	"CODE"
000956r 1               
000956r 1  20 rr rr     	jsr     pusha
000959r 1  A2 00        	ldx     #$00
00095Br 1  A1 rr        	lda     (sp,x)
00095Dr 1  F0 0E        	beq     L06CE
00095Fr 1  CD rr rr     	cmp     _focused_handle
000962r 1  F0 04        	beq     L06CC
000964r 1  8A           	txa
000965r 1  4C rr rr     	jmp     incsp1
000968r 1  A9 01        L06CC:	lda     #$01
00096Ar 1  4C rr rr     	jmp     incsp1
00096Dr 1  4C rr rr     L06CE:	jmp     incsp1
000970r 1               
000970r 1               .endproc
000970r 1               
000970r 1               ; ---------------------------------------------------------------
000970r 1               ; void __near__ increment_counter (unsigned char)
000970r 1               ; ---------------------------------------------------------------
000970r 1               
000970r 1               .segment	"CODE"
000970r 1               
000970r 1               .proc	_increment_counter: near
000970r 1               
000970r 1               .segment	"CODE"
000970r 1               
000970r 1  20 rr rr     	jsr     pusha
000973r 1  A0 00        	ldy     #$00
000975r 1  B1 rr        	lda     (sp),y
000977r 1  18           	clc
000978r 1  69 40        	adc     #$40
00097Ar 1  85 rr        	sta     ptr1
00097Cr 1  98           	tya
00097Dr 1  69 F2        	adc     #$F2
00097Fr 1  85 rr        	sta     ptr1+1
000981r 1  A9 01        	lda     #$01
000983r 1  18           	clc
000984r 1  71 rr        	adc     (ptr1),y
000986r 1  91 rr        	sta     (ptr1),y
000988r 1  B1 rr        	lda     (sp),y
00098Ar 1  18           	clc
00098Br 1  69 40        	adc     #$40
00098Dr 1  85 rr        	sta     ptr1
00098Fr 1  98           	tya
000990r 1  69 F2        	adc     #$F2
000992r 1  85 rr        	sta     ptr1+1
000994r 1  B1 rr        	lda     (ptr1),y
000996r 1  D0 1A        	bne     L008D
000998r 1  AA           	tax
000999r 1  B1 rr        	lda     (sp),y
00099Br 1  18           	clc
00099Cr 1  69 01        	adc     #$01
00099Er 1  90 02        	bcc     L06CF
0009A0r 1  E8           	inx
0009A1r 1  18           	clc
0009A2r 1  69 40        L06CF:	adc     #$40
0009A4r 1  85 rr        	sta     ptr1
0009A6r 1  8A           	txa
0009A7r 1  69 F2        	adc     #$F2
0009A9r 1  85 rr        	sta     ptr1+1
0009ABr 1  A9 01        	lda     #$01
0009ADr 1  18           	clc
0009AEr 1  71 rr        	adc     (ptr1),y
0009B0r 1  91 rr        	sta     (ptr1),y
0009B2r 1  4C rr rr     L008D:	jmp     incsp1
0009B5r 1               
0009B5r 1               .endproc
0009B5r 1               
0009B5r 1               ; ---------------------------------------------------------------
0009B5r 1               ; __near__ struct udeks_window * __near__ window_by_handle (unsigned char)
0009B5r 1               ; ---------------------------------------------------------------
0009B5r 1               
0009B5r 1               .segment	"CODE"
0009B5r 1               
0009B5r 1               .proc	_window_by_handle: near
0009B5r 1               
0009B5r 1               .segment	"CODE"
0009B5r 1               
0009B5r 1  20 rr rr     	jsr     pusha
0009B8r 1  A0 00        	ldy     #$00
0009BAr 1  B1 rr        	lda     (sp),y
0009BCr 1  F0 26        	beq     L06D0
0009BEr 1  C9 05        	cmp     #$05
0009C0r 1  B0 22        	bcs     L06D0
0009C2r 1  A2 00        	ldx     #$00
0009C4r 1  B1 rr        	lda     (sp),y
0009C6r 1  38           	sec
0009C7r 1  E9 01        	sbc     #$01
0009C9r 1  B0 01        	bcs     L009B
0009CBr 1  CA           	dex
0009CCr 1  20 rr rr     L009B:	jsr     pushax
0009CFr 1  A9 0E        	lda     #$0E
0009D1r 1  20 rr rr     	jsr     tosmula0
0009D4r 1  18           	clc
0009D5r 1  69 rr        	adc     #<(_windows)
0009D7r 1  85 rr        	sta     ptr1
0009D9r 1  8A           	txa
0009DAr 1  69 rr        	adc     #>(_windows)
0009DCr 1  85 rr        	sta     ptr1+1
0009DEr 1  A0 07        	ldy     #$07
0009E0r 1  B1 rr        	lda     (ptr1),y
0009E2r 1  D0 06        	bne     L0098
0009E4r 1  A2 00        L06D0:	ldx     #$00
0009E6r 1  8A           	txa
0009E7r 1  4C rr rr     	jmp     incsp1
0009EAr 1  A2 00        L0098:	ldx     #$00
0009ECr 1  A1 rr        	lda     (sp,x)
0009EEr 1  38           	sec
0009EFr 1  E9 01        	sbc     #$01
0009F1r 1  B0 01        	bcs     L00A0
0009F3r 1  CA           	dex
0009F4r 1  20 rr rr     L00A0:	jsr     pushax
0009F7r 1  A9 0E        	lda     #$0E
0009F9r 1  20 rr rr     	jsr     tosmula0
0009FCr 1  18           	clc
0009FDr 1  69 rr        	adc     #<(_windows)
0009FFr 1  A8           	tay
000A00r 1  8A           	txa
000A01r 1  69 rr        	adc     #>(_windows)
000A03r 1  AA           	tax
000A04r 1  98           	tya
000A05r 1  4C rr rr     	jmp     incsp1
000A08r 1               
000A08r 1               .endproc
000A08r 1               
000A08r 1               ; ---------------------------------------------------------------
000A08r 1               ; void __near__ publish_state (void)
000A08r 1               ; ---------------------------------------------------------------
000A08r 1               
000A08r 1               .segment	"CODE"
000A08r 1               
000A08r 1               .proc	_publish_state: near
000A08r 1               
000A08r 1               .segment	"CODE"
000A08r 1               
000A08r 1  A5 rr        	lda     regbank+4
000A0Ar 1  A6 rr        	ldx     regbank+5
000A0Cr 1  20 rr rr     	jsr     pushax
000A0Fr 1  AD rr rr     	lda     _active_count
000A12r 1  8D 46 F2     	sta     $F246
000A15r 1  AD rr rr     	lda     _focused_handle
000A18r 1  8D 47 F2     	sta     $F247
000A1Br 1  AD rr rr     	lda     _dragging_handle
000A1Er 1  8D 48 F2     	sta     $F248
000A21r 1  A9 04        	lda     #$04
000A23r 1  8D 4E F2     	sta     $F24E
000A26r 1  A9 3F        	lda     #$3F
000A28r 1  8D 4F F2     	sta     $F24F
000A2Br 1  AD rr rr     	lda     _dragging_handle
000A2Er 1  D0 0C        	bne     L00BB
000A30r 1  8D 49 F2     	sta     $F249
000A33r 1  8D 4A F2     	sta     $F24A
000A36r 1  8D 4B F2     	sta     $F24B
000A39r 1  4C rr rr     	jmp     L06D4
000A3Cr 1  AD rr rr     L00BB:	lda     _dragging_handle
000A3Fr 1  20 rr rr     	jsr     _window_by_handle
000A42r 1  85 rr        	sta     regbank+4
000A44r 1  86 rr        	stx     regbank+4+1
000A46r 1  E0 00        	cpx     #$00
000A48r 1  D0 04        	bne     L06D2
000A4Ar 1  C9 00        	cmp     #$00
000A4Cr 1  F0 1E        	beq     L00A1
000A4Er 1  AD rr rr     L06D2:	lda     _drag_x
000A51r 1  8D 49 F2     	sta     $F249
000A54r 1  AD rr rr     	lda     _drag_x+1
000A57r 1  8D 4A F2     	sta     $F24A
000A5Ar 1  AD rr rr     	lda     _drag_y
000A5Dr 1  8D 4B F2     	sta     $F24B
000A60r 1  AD rr rr     	lda     _drag_width
000A63r 1  8D 4C F2     L06D4:	sta     $F24C
000A66r 1  AD rr rr     	lda     _previous_buttons
000A69r 1  8D 4D F2     	sta     $F24D
000A6Cr 1  A0 00        L00A1:	ldy     #$00
000A6Er 1  B1 rr        	lda     (sp),y
000A70r 1  85 rr        	sta     regbank+4
000A72r 1  C8           	iny
000A73r 1  B1 rr        	lda     (sp),y
000A75r 1  85 rr        	sta     regbank+5
000A77r 1  4C rr rr     	jmp     incsp2
000A7Ar 1               
000A7Ar 1               .endproc
000A7Ar 1               
000A7Ar 1               ; ---------------------------------------------------------------
000A7Ar 1               ; unsigned char __near__ point_inside (unsigned int, unsigned char, register __near__ const struct udeks_window *)
000A7Ar 1               ; ---------------------------------------------------------------
000A7Ar 1               
000A7Ar 1               .segment	"CODE"
000A7Ar 1               
000A7Ar 1               .proc	_point_inside: near
000A7Ar 1               
000A7Ar 1               .segment	"CODE"
000A7Ar 1               
000A7Ar 1  20 rr rr     	jsr     pushax
000A7Dr 1  A0 00        	ldy     #$00
000A7Fr 1  A2 04        	ldx     #$04
000A81r 1  20 rr rr     	jsr     regswap2
000A84r 1  A0 06        	ldy     #$06
000A86r 1  20 rr rr     	jsr     pushwysp
000A89r 1  A0 02        	ldy     #$02
000A8Br 1  B1 rr        	lda     (regbank+4),y
000A8Dr 1  AA           	tax
000A8Er 1  88           	dey
000A8Fr 1  B1 rr        	lda     (regbank+4),y
000A91r 1  20 rr rr     	jsr     tosicmp
000A94r 1  90 49        	bcc     L00F8
000A96r 1  A0 06        	ldy     #$06
000A98r 1  20 rr rr     	jsr     pushwysp
000A9Br 1  A0 02        	ldy     #$02
000A9Dr 1  B1 rr        	lda     (regbank+4),y
000A9Fr 1  AA           	tax
000AA0r 1  88           	dey
000AA1r 1  B1 rr        	lda     (regbank+4),y
000AA3r 1  20 rr rr     	jsr     pushax
000AA6r 1  A0 05        	ldy     #$05
000AA8r 1  B1 rr        	lda     (regbank+4),y
000AAAr 1  AA           	tax
000AABr 1  88           	dey
000AACr 1  B1 rr        	lda     (regbank+4),y
000AAEr 1  20 rr rr     	jsr     tosaddax
000AB1r 1  20 rr rr     	jsr     tosicmp
000AB4r 1  B0 29        	bcs     L00F8
000AB6r 1  A0 02        	ldy     #$02
000AB8r 1  B1 rr        	lda     (sp),y
000ABAr 1  20 rr rr     	jsr     pusha0
000ABDr 1  A0 03        	ldy     #$03
000ABFr 1  B1 rr        	lda     (regbank+4),y
000AC1r 1  20 rr rr     	jsr     tosicmp0
000AC4r 1  90 19        	bcc     L00F8
000AC6r 1  A0 02        	ldy     #$02
000AC8r 1  B1 rr        	lda     (sp),y
000ACAr 1  20 rr rr     	jsr     pusha0
000ACDr 1  A0 03        	ldy     #$03
000ACFr 1  B1 rr        	lda     (regbank+4),y
000AD1r 1  85 rr        	sta     ptr1
000AD3r 1  A0 06        	ldy     #$06
000AD5r 1  B1 rr        	lda     (regbank+4),y
000AD7r 1  18           	clc
000AD8r 1  65 rr        	adc     ptr1
000ADAr 1  20 rr rr     	jsr     tosicmp0
000ADDr 1  90 06        	bcc     L00F7
000ADFr 1  A2 00        L00F8:	ldx     #$00
000AE1r 1  8A           	txa
000AE2r 1  4C rr rr     	jmp     L06D6
000AE5r 1  A9 01        L00F7:	lda     #$01
000AE7r 1  A2 00        	ldx     #$00
000AE9r 1  48           L06D6:	pha
000AEAr 1  A1 rr        	lda     (sp,x)
000AECr 1  85 rr        	sta     regbank+4
000AEEr 1  A0 01        	ldy     #$01
000AF0r 1  B1 rr        	lda     (sp),y
000AF2r 1  85 rr        	sta     regbank+5
000AF4r 1  68           	pla
000AF5r 1  4C rr rr     	jmp     incsp5
000AF8r 1               
000AF8r 1               .endproc
000AF8r 1               
000AF8r 1               ; ---------------------------------------------------------------
000AF8r 1               ; unsigned char __near__ set_damage_intersection (unsigned int, unsigned char, unsigned int, unsigned char)
000AF8r 1               ; ---------------------------------------------------------------
000AF8r 1               
000AF8r 1               .segment	"CODE"
000AF8r 1               
000AF8r 1               .proc	_set_damage_intersection: near
000AF8r 1               
000AF8r 1               .segment	"CODE"
000AF8r 1               
000AF8r 1  20 rr rr     	jsr     pusha
000AFBr 1  20 rr rr     	jsr     decsp6
000AFEr 1  A0 0B        	ldy     #$0B
000B00r 1  B1 rr        	lda     (sp),y
000B02r 1  AA           	tax
000B03r 1  88           	dey
000B04r 1  B1 rr        	lda     (sp),y
000B06r 1  38           	sec
000B07r 1  ED rr rr     	sbc     _damage_left
000B0Ar 1  85 rr        	sta     tmp1
000B0Cr 1  8A           	txa
000B0Dr 1  ED rr rr     	sbc     _damage_left+1
000B10r 1  05 rr        	ora     tmp1
000B12r 1  90 0C        	bcc     L00FE
000B14r 1  F0 0A        	beq     L00FE
000B16r 1  C8           	iny
000B17r 1  B1 rr        	lda     (sp),y
000B19r 1  AA           	tax
000B1Ar 1  88           	dey
000B1Br 1  B1 rr        	lda     (sp),y
000B1Dr 1  4C rr rr     	jmp     L0100
000B20r 1  AD rr rr     L00FE:	lda     _damage_left
000B23r 1  AE rr rr     	ldx     _damage_left+1
000B26r 1  A0 04        L0100:	ldy     #$04
000B28r 1  20 rr rr     	jsr     staxysp
000B2Br 1  A0 09        	ldy     #$09
000B2Dr 1  B1 rr        	lda     (sp),y
000B2Fr 1  38           	sec
000B30r 1  ED rr rr     	sbc     _damage_top
000B33r 1  90 07        	bcc     L06D9
000B35r 1  F0 05        	beq     L06D9
000B37r 1  B1 rr        	lda     (sp),y
000B39r 1  4C rr rr     	jmp     L06DB
000B3Cr 1  AD rr rr     L06D9:	lda     _damage_top
000B3Fr 1  A0 03        L06DB:	ldy     #$03
000B41r 1  91 rr        	sta     (sp),y
000B43r 1  A0 0A        	ldy     #$0A
000B45r 1  B1 rr        	lda     (sp),y
000B47r 1  A0 07        	ldy     #$07
000B49r 1  18           	clc
000B4Ar 1  71 rr        	adc     (sp),y
000B4Cr 1  48           	pha
000B4Dr 1  A0 0B        	ldy     #$0B
000B4Fr 1  B1 rr        	lda     (sp),y
000B51r 1  A0 08        	ldy     #$08
000B53r 1  71 rr        	adc     (sp),y
000B55r 1  AA           	tax
000B56r 1  68           	pla
000B57r 1  A0 01        	ldy     #$01
000B59r 1  20 rr rr     	jsr     staxysp
000B5Cr 1  38           	sec
000B5Dr 1  ED rr rr     	sbc     _damage_right
000B60r 1  85 rr        	sta     tmp1
000B62r 1  8A           	txa
000B63r 1  ED rr rr     	sbc     _damage_right+1
000B66r 1  05 rr        	ora     tmp1
000B68r 1  90 0D        	bcc     L010A
000B6Ar 1  F0 0B        	beq     L010A
000B6Cr 1  AD rr rr     	lda     _damage_right
000B6Fr 1  AE rr rr     	ldx     _damage_right+1
000B72r 1  A0 01        	ldy     #$01
000B74r 1  20 rr rr     	jsr     staxysp
000B77r 1  A0 06        L010A:	ldy     #$06
000B79r 1  B1 rr        	lda     (sp),y
000B7Br 1  18           	clc
000B7Cr 1  A0 09        	ldy     #$09
000B7Er 1  71 rr        	adc     (sp),y
000B80r 1  A0 00        	ldy     #$00
000B82r 1  91 rr        	sta     (sp),y
000B84r 1  38           	sec
000B85r 1  ED rr rr     	sbc     _damage_bottom
000B88r 1  90 07        	bcc     L0111
000B8Ar 1  F0 05        	beq     L0111
000B8Cr 1  AD rr rr     	lda     _damage_bottom
000B8Fr 1  91 rr        	sta     (sp),y
000B91r 1  A0 05        L0111:	ldy     #$05
000B93r 1  B1 rr        	lda     (sp),y
000B95r 1  AA           	tax
000B96r 1  88           	dey
000B97r 1  B1 rr        	lda     (sp),y
000B99r 1  A0 01        	ldy     #$01
000B9Br 1  D1 rr        	cmp     (sp),y
000B9Dr 1  8A           	txa
000B9Er 1  C8           	iny
000B9Fr 1  F1 rr        	sbc     (sp),y
000BA1r 1  B0 09        	bcs     L06DC
000BA3r 1  C8           	iny
000BA4r 1  B1 rr        	lda     (sp),y
000BA6r 1  A0 00        	ldy     #$00
000BA8r 1  D1 rr        	cmp     (sp),y
000BAAr 1  90 06        	bcc     L0115
000BACr 1  A2 00        L06DC:	ldx     #$00
000BAEr 1  8A           	txa
000BAFr 1  4C rr rr     	jmp     L00FB
000BB2r 1  20 rr rr     L0115:	jsr     decsp6
000BB5r 1  A0 0B        	ldy     #$0B
000BB7r 1  B1 rr        	lda     (sp),y
000BB9r 1  AA           	tax
000BBAr 1  88           	dey
000BBBr 1  B1 rr        	lda     (sp),y
000BBDr 1  A0 04        	ldy     #$04
000BBFr 1  91 rr        	sta     (sp),y
000BC1r 1  C8           	iny
000BC2r 1  8A           	txa
000BC3r 1  91 rr        	sta     (sp),y
000BC5r 1  A0 09        	ldy     #$09
000BC7r 1  B1 rr        	lda     (sp),y
000BC9r 1  A0 02        	ldy     #$02
000BCBr 1  91 rr        	sta     (sp),y
000BCDr 1  C8           	iny
000BCEr 1  A9 00        	lda     #$00
000BD0r 1  91 rr        	sta     (sp),y
000BD2r 1  A0 08        	ldy     #$08
000BD4r 1  B1 rr        	lda     (sp),y
000BD6r 1  AA           	tax
000BD7r 1  88           	dey
000BD8r 1  B1 rr        	lda     (sp),y
000BDAr 1  38           	sec
000BDBr 1  A0 0A        	ldy     #$0A
000BDDr 1  F1 rr        	sbc     (sp),y
000BDFr 1  48           	pha
000BE0r 1  8A           	txa
000BE1r 1  C8           	iny
000BE2r 1  F1 rr        	sbc     (sp),y
000BE4r 1  AA           	tax
000BE5r 1  68           	pla
000BE6r 1  A0 00        	ldy     #$00
000BE8r 1  91 rr        	sta     (sp),y
000BEAr 1  C8           	iny
000BEBr 1  8A           	txa
000BECr 1  91 rr        	sta     (sp),y
000BEEr 1  A0 06        	ldy     #$06
000BF0r 1  B1 rr        	lda     (sp),y
000BF2r 1  38           	sec
000BF3r 1  A0 09        	ldy     #$09
000BF5r 1  F1 rr        	sbc     (sp),y
000BF7r 1  A2 00        	ldx     #$00
000BF9r 1  20 rr rr     	jsr     _udeks_vic_bitmap_set_clip
000BFCr 1  A0 03        	ldy     #$03
000BFEr 1  B1 rr        	lda     (sp),y
000C00r 1  38           	sec
000C01r 1  A0 09        	ldy     #$09
000C03r 1  F1 rr        	sbc     (sp),y
000C05r 1  8D 8A F7     	sta     $F78A
000C08r 1  A0 00        	ldy     #$00
000C0Ar 1  B1 rr        	lda     (sp),y
000C0Cr 1  38           	sec
000C0Dr 1  A0 09        	ldy     #$09
000C0Fr 1  F1 rr        	sbc     (sp),y
000C11r 1  8D 8B F7     	sta     $F78B
000C14r 1  A0 02        	ldy     #$02
000C16r 1  B1 rr        	lda     (sp),y
000C18r 1  AA           	tax
000C19r 1  88           	dey
000C1Ar 1  B1 rr        	lda     (sp),y
000C1Cr 1  38           	sec
000C1Dr 1  A0 0A        	ldy     #$0A
000C1Fr 1  F1 rr        	sbc     (sp),y
000C21r 1  8D 8C F7     	sta     $F78C
000C24r 1  8A           	txa
000C25r 1  C8           	iny
000C26r 1  F1 rr        	sbc     (sp),y
000C28r 1  8D 8D F7     	sta     $F78C+1
000C2Br 1  A2 00        	ldx     #$00
000C2Dr 1  A9 01        	lda     #$01
000C2Fr 1  A0 0C        L00FB:	ldy     #$0C
000C31r 1  4C rr rr     	jmp     addysp
000C34r 1               
000C34r 1               .endproc
000C34r 1               
000C34r 1               ; ---------------------------------------------------------------
000C34r 1               ; void __near__ chrome_pixel (unsigned int)
000C34r 1               ; ---------------------------------------------------------------
000C34r 1               
000C34r 1               .segment	"CODE"
000C34r 1               
000C34r 1               .proc	_chrome_pixel: near
000C34r 1               
000C34r 1               .segment	"CODE"
000C34r 1               
000C34r 1  20 rr rr     	jsr     pushax
000C37r 1  20 rr rr     	jsr     decsp4
000C3Ar 1  A0 05        	ldy     #$05
000C3Cr 1  B1 rr        	lda     (sp),y
000C3Er 1  AA           	tax
000C3Fr 1  88           	dey
000C40r 1  B1 rr        	lda     (sp),y
000C42r 1  A0 02        	ldy     #$02
000C44r 1  91 rr        	sta     (sp),y
000C46r 1  C8           	iny
000C47r 1  8A           	txa
000C48r 1  91 rr        	sta     (sp),y
000C4Ar 1  AD rr rr     	lda     _chrome_y
000C4Dr 1  A0 00        	ldy     #$00
000C4Fr 1  91 rr        	sta     (sp),y
000C51r 1  C8           	iny
000C52r 1  A9 00        	lda     #$00
000C54r 1  91 rr        	sta     (sp),y
000C56r 1  20 rr rr     	jsr     _udeks_vic_bitmap_pixel
000C59r 1  4C rr rr     	jmp     incsp2
000C5Cr 1               
000C5Cr 1               .endproc
000C5Cr 1               
000C5Cr 1               ; ---------------------------------------------------------------
000C5Cr 1               ; void __near__ chrome_span (unsigned int, unsigned int)
000C5Cr 1               ; ---------------------------------------------------------------
000C5Cr 1               
000C5Cr 1               .segment	"CODE"
000C5Cr 1               
000C5Cr 1               .proc	_chrome_span: near
000C5Cr 1               
000C5Cr 1               .segment	"CODE"
000C5Cr 1               
000C5Cr 1  20 rr rr     	jsr     pushax
000C5Fr 1  20 rr rr     	jsr     decsp8
000C62r 1  A0 0B        	ldy     #$0B
000C64r 1  B1 rr        	lda     (sp),y
000C66r 1  AA           	tax
000C67r 1  88           	dey
000C68r 1  B1 rr        	lda     (sp),y
000C6Ar 1  A0 06        	ldy     #$06
000C6Cr 1  91 rr        	sta     (sp),y
000C6Er 1  C8           	iny
000C6Fr 1  8A           	txa
000C70r 1  91 rr        	sta     (sp),y
000C72r 1  AD rr rr     	lda     _chrome_y
000C75r 1  A0 04        	ldy     #$04
000C77r 1  91 rr        	sta     (sp),y
000C79r 1  C8           	iny
000C7Ar 1  A9 00        	lda     #$00
000C7Cr 1  91 rr        	sta     (sp),y
000C7Er 1  A0 09        	ldy     #$09
000C80r 1  B1 rr        	lda     (sp),y
000C82r 1  AA           	tax
000C83r 1  88           	dey
000C84r 1  B1 rr        	lda     (sp),y
000C86r 1  A0 02        	ldy     #$02
000C88r 1  91 rr        	sta     (sp),y
000C8Ar 1  C8           	iny
000C8Br 1  8A           	txa
000C8Cr 1  91 rr        	sta     (sp),y
000C8Er 1  A9 01        	lda     #$01
000C90r 1  A0 00        	ldy     #$00
000C92r 1  91 rr        	sta     (sp),y
000C94r 1  C8           	iny
000C95r 1  A9 00        	lda     #$00
000C97r 1  91 rr        	sta     (sp),y
000C99r 1  AD rr rr     	lda     _chrome_color
000C9Cr 1  20 rr rr     	jsr     _udeks_vic_bitmap_fill
000C9Fr 1  4C rr rr     	jmp     incsp4
000CA2r 1               
000CA2r 1               .endproc
000CA2r 1               
000CA2r 1               ; ---------------------------------------------------------------
000CA2r 1               ; void __near__ draw_chrome_row (register __near__ const struct udeks_window *, unsigned char)
000CA2r 1               ; ---------------------------------------------------------------
000CA2r 1               
000CA2r 1               .segment	"CODE"
000CA2r 1               
000CA2r 1               .proc	_draw_chrome_row: near
000CA2r 1               
000CA2r 1               .segment	"CODE"
000CA2r 1               
000CA2r 1  20 rr rr     	jsr     pusha
000CA5r 1  A0 01        	ldy     #$01
000CA7r 1  A2 04        	ldx     #$04
000CA9r 1  20 rr rr     	jsr     regswap2
000CACr 1  20 rr rr     	jsr     decsp2
000CAFr 1  A0 02        	ldy     #$02
000CB1r 1  B1 rr        	lda     (regbank+4),y
000CB3r 1  8D rr rr     	sta     _chrome_x+1
000CB6r 1  88           	dey
000CB7r 1  B1 rr        	lda     (regbank+4),y
000CB9r 1  8D rr rr     	sta     _chrome_x
000CBCr 1  A0 03        	ldy     #$03
000CBEr 1  B1 rr        	lda     (regbank+4),y
000CC0r 1  85 rr        	sta     ptr1
000CC2r 1  88           	dey
000CC3r 1  B1 rr        	lda     (sp),y
000CC5r 1  18           	clc
000CC6r 1  65 rr        	adc     ptr1
000CC8r 1  8D rr rr     	sta     _chrome_y
000CCBr 1  A0 05        	ldy     #$05
000CCDr 1  B1 rr        	lda     (regbank+4),y
000CCFr 1  8D rr rr     	sta     _chrome_width+1
000CD2r 1  88           	dey
000CD3r 1  B1 rr        	lda     (regbank+4),y
000CD5r 1  8D rr rr     	sta     _chrome_width
000CD8r 1  AD rr rr     	lda     _chrome_x
000CDBr 1  18           	clc
000CDCr 1  6D rr rr     	adc     _chrome_width
000CDFr 1  48           	pha
000CE0r 1  AD rr rr     	lda     _chrome_x+1
000CE3r 1  6D rr rr     	adc     _chrome_width+1
000CE6r 1  AA           	tax
000CE7r 1  68           	pla
000CE8r 1  38           	sec
000CE9r 1  E9 01        	sbc     #$01
000CEBr 1  B0 01        	bcs     L013F
000CEDr 1  CA           	dex
000CEEr 1  8D rr rr     L013F:	sta     _chrome_right
000CF1r 1  8E rr rr     	stx     _chrome_right+1
000CF4r 1  A0 02        	ldy     #$02
000CF6r 1  B1 rr        	lda     (sp),y
000CF8r 1  F0 21        	beq     L06E7
000CFAr 1  A2 00        	ldx     #$00
000CFCr 1  B1 rr        	lda     (sp),y
000CFEr 1  85 rr        	sta     ptr1
000D00r 1  86 rr        	stx     ptr1+1
000D02r 1  A0 06        	ldy     #$06
000D04r 1  B1 rr        	lda     (regbank+4),y
000D06r 1  38           	sec
000D07r 1  E9 01        	sbc     #$01
000D09r 1  B0 01        	bcs     L0142
000D0Br 1  CA           	dex
000D0Cr 1  E4 rr        L0142:	cpx     ptr1+1
000D0Er 1  D0 09        	bne     L06E6
000D10r 1  C5 rr        	cmp     ptr1
000D12r 1  D0 05        	bne     L06E6
000D14r 1  A9 00        	lda     #$00
000D16r 1  4C rr rr     	jmp     L06E7
000D19r 1  A9 07        L06E6:	lda     #$07
000D1Br 1  8D rr rr     L06E7:	sta     _chrome_color
000D1Er 1  AD rr rr     	lda     _chrome_x
000D21r 1  AE rr rr     	ldx     _chrome_x+1
000D24r 1  20 rr rr     	jsr     pushax
000D27r 1  AD rr rr     	lda     _chrome_width
000D2Ar 1  AE rr rr     	ldx     _chrome_width+1
000D2Dr 1  20 rr rr     	jsr     _chrome_span
000D30r 1  AD rr rr     	lda     _chrome_color
000D33r 1  F0 14        	beq     L06E9
000D35r 1  AD rr rr     	lda     _chrome_x
000D38r 1  AE rr rr     	ldx     _chrome_x+1
000D3Br 1  20 rr rr     	jsr     _chrome_pixel
000D3Er 1  AD rr rr     	lda     _chrome_right
000D41r 1  AE rr rr     	ldx     _chrome_right+1
000D44r 1  20 rr rr     	jsr     _chrome_pixel
000D47r 1  A9 00        	lda     #$00
000D49r 1  8D rr rr     L06E9:	sta     _chrome_color
000D4Cr 1  A0 02        	ldy     #$02
000D4Er 1  B1 rr        	lda     (sp),y
000D50r 1  C9 02        	cmp     #$02
000D52r 1  B0 03 4C rr  	jcc     L0161
000D56r 1  rr           
000D57r 1  B1 rr        	lda     (sp),y
000D59r 1  20 rr rr     	jsr     pusha0
000D5Cr 1  A0 06        	ldy     #$06
000D5Er 1  B1 rr        	lda     (regbank+4),y
000D60r 1  38           	sec
000D61r 1  E9 03        	sbc     #$03
000D63r 1  B0 02        	bcs     L0156
000D65r 1  A2 FF        	ldx     #$FF
000D67r 1  20 rr rr     L0156:	jsr     tosicmp
000D6Ar 1  90 02        	bcc     L0154
000D6Cr 1  D0 69        	bne     L0161
000D6Er 1  A0 02        L0154:	ldy     #$02
000D70r 1  B1 rr        	lda     (sp),y
000D72r 1  C9 02        	cmp     #$02
000D74r 1  F0 22        	beq     L06EC
000D76r 1  A2 00        	ldx     #$00
000D78r 1  B1 rr        	lda     (sp),y
000D7Ar 1  85 rr        	sta     ptr1
000D7Cr 1  86 rr        	stx     ptr1+1
000D7Er 1  A0 06        	ldy     #$06
000D80r 1  B1 rr        	lda     (regbank+4),y
000D82r 1  38           	sec
000D83r 1  E9 03        	sbc     #$03
000D85r 1  B0 01        	bcs     L015A
000D87r 1  CA           	dex
000D88r 1  E4 rr        L015A:	cpx     ptr1+1
000D8Ar 1  D0 04        	bne     L0703
000D8Cr 1  C5 rr        	cmp     ptr1
000D8Er 1  F0 08        	beq     L06EC
000D90r 1  A0 02        L0703:	ldy     #$02
000D92r 1  B1 rr        	lda     (sp),y
000D94r 1  C9 0D        	cmp     #$0D
000D96r 1  D0 21        	bne     L0158
000D98r 1  AD rr rr     L06EC:	lda     _chrome_x
000D9Br 1  AE rr rr     	ldx     _chrome_x+1
000D9Er 1  18           	clc
000D9Fr 1  69 02        	adc     #$02
000DA1r 1  90 01        	bcc     L015E
000DA3r 1  E8           	inx
000DA4r 1  20 rr rr     L015E:	jsr     pushax
000DA7r 1  AD rr rr     	lda     _chrome_width
000DAAr 1  AE rr rr     	ldx     _chrome_width+1
000DADr 1  38           	sec
000DAEr 1  E9 04        	sbc     #$04
000DB0r 1  B0 01        	bcs     L0160
000DB2r 1  CA           	dex
000DB3r 1  20 rr rr     L0160:	jsr     _chrome_span
000DB6r 1  4C rr rr     	jmp     L0161
000DB9r 1  AD rr rr     L0158:	lda     _chrome_x
000DBCr 1  AE rr rr     	ldx     _chrome_x+1
000DBFr 1  18           	clc
000DC0r 1  69 02        	adc     #$02
000DC2r 1  90 01        	bcc     L0164
000DC4r 1  E8           	inx
000DC5r 1  20 rr rr     L0164:	jsr     _chrome_pixel
000DC8r 1  AD rr rr     	lda     _chrome_right
000DCBr 1  AE rr rr     	ldx     _chrome_right+1
000DCEr 1  38           	sec
000DCFr 1  E9 02        	sbc     #$02
000DD1r 1  B0 01        	bcs     L0167
000DD3r 1  CA           	dex
000DD4r 1  20 rr rr     L0167:	jsr     _chrome_pixel
000DD7r 1  A0 00        L0161:	ldy     #$00
000DD9r 1  B1 rr        	lda     (regbank+4),y
000DDBr 1  29 04        	and     #$04
000DDDr 1  D0 03 4C rr  	jeq     L0706
000DE1r 1  rr           
000DE2r 1  A0 02        	ldy     #$02
000DE4r 1  B1 rr        	lda     (sp),y
000DE6r 1  C9 03        	cmp     #$03
000DE8r 1  B0 03 4C rr  	jcc     L017C
000DECr 1  rr           
000DEDr 1  C9 0B        	cmp     #$0B
000DEFr 1  90 03 4C rr  	jcs     L017C
000DF3r 1  rr           
000DF4r 1  AD rr rr     	lda     _chrome_right
000DF7r 1  AE rr rr     	ldx     _chrome_right+1
000DFAr 1  38           	sec
000DFBr 1  E9 0B        	sbc     #$0B
000DFDr 1  B0 01        	bcs     L016F
000DFFr 1  CA           	dex
000E00r 1  8D rr rr     L016F:	sta     _chrome_x
000E03r 1  8E rr rr     	stx     _chrome_x+1
000E06r 1  B1 rr        	lda     (sp),y
000E08r 1  C9 03        	cmp     #$03
000E0Ar 1  F0 04        	beq     L06F0
000E0Cr 1  C9 0A        	cmp     #$0A
000E0Er 1  D0 13        	bne     L0170
000E10r 1  AD rr rr     L06F0:	lda     _chrome_x
000E13r 1  AE rr rr     	ldx     _chrome_x+1
000E16r 1  20 rr rr     	jsr     pushax
000E19r 1  A2 00        	ldx     #$00
000E1Br 1  A9 08        	lda     #$08
000E1Dr 1  20 rr rr     	jsr     _chrome_span
000E20r 1  4C rr rr     	jmp     L0176
000E23r 1  AD rr rr     L0170:	lda     _chrome_x
000E26r 1  AE rr rr     	ldx     _chrome_x+1
000E29r 1  20 rr rr     	jsr     _chrome_pixel
000E2Cr 1  AD rr rr     	lda     _chrome_x
000E2Fr 1  AE rr rr     	ldx     _chrome_x+1
000E32r 1  18           	clc
000E33r 1  69 07        	adc     #$07
000E35r 1  90 01        	bcc     L017B
000E37r 1  E8           	inx
000E38r 1  20 rr rr     L017B:	jsr     _chrome_pixel
000E3Br 1  A0 02        L0176:	ldy     #$02
000E3Dr 1  B1 rr        	lda     (sp),y
000E3Fr 1  C9 05        	cmp     #$05
000E41r 1  90 31        	bcc     L017C
000E43r 1  C9 09        	cmp     #$09
000E45r 1  B0 2D        	bcs     L017C
000E47r 1  18           	clc
000E48r 1  6D rr rr     	adc     _chrome_x
000E4Br 1  AE rr rr     	ldx     _chrome_x+1
000E4Er 1  90 01        	bcc     L06E3
000E50r 1  E8           	inx
000E51r 1  38           L06E3:	sec
000E52r 1  E9 03        	sbc     #$03
000E54r 1  B0 01        	bcs     L0182
000E56r 1  CA           	dex
000E57r 1  20 rr rr     L0182:	jsr     _chrome_pixel
000E5Ar 1  AD rr rr     	lda     _chrome_x
000E5Dr 1  AE rr rr     	ldx     _chrome_x+1
000E60r 1  18           	clc
000E61r 1  69 0A        	adc     #$0A
000E63r 1  90 01        	bcc     L0185
000E65r 1  E8           	inx
000E66r 1  38           L0185:	sec
000E67r 1  A0 02        	ldy     #$02
000E69r 1  F1 rr        	sbc     (sp),y
000E6Br 1  48           	pha
000E6Cr 1  8A           	txa
000E6Dr 1  E9 00        	sbc     #$00
000E6Fr 1  AA           	tax
000E70r 1  68           	pla
000E71r 1  20 rr rr     	jsr     _chrome_pixel
000E74r 1  A0 00        L017C:	ldy     #$00
000E76r 1  B1 rr        L0706:	lda     (regbank+4),y
000E78r 1  29 08        	and     #$08
000E7Ar 1  F0 50        	beq     L0190
000E7Cr 1  A0 06        	ldy     #$06
000E7Er 1  A2 00        	ldx     #$00
000E80r 1  B1 rr        	lda     (regbank+4),y
000E82r 1  38           	sec
000E83r 1  E9 05        	sbc     #$05
000E85r 1  B0 02        	bcs     L0704
000E87r 1  CA           	dex
000E88r 1  38           	sec
000E89r 1  A0 02        L0704:	ldy     #$02
000E8Br 1  F1 rr        	sbc     (sp),y
000E8Dr 1  48           	pha
000E8Er 1  8A           	txa
000E8Fr 1  E9 00        	sbc     #$00
000E91r 1  68           	pla
000E92r 1  8D rr rr     	sta     _chrome_offset
000E95r 1  C9 07        	cmp     #$07
000E97r 1  B0 16        	bcs     L06F4
000E99r 1  AD rr rr     	lda     _chrome_right
000E9Cr 1  AE rr rr     	ldx     _chrome_right+1
000E9Fr 1  38           	sec
000EA0r 1  E9 0A        	sbc     #$0A
000EA2r 1  B0 01        	bcs     L018F
000EA4r 1  CA           	dex
000EA5r 1  18           L018F:	clc
000EA6r 1  6D rr rr     	adc     _chrome_offset
000EA9r 1  90 01        	bcc     L06DD
000EABr 1  E8           	inx
000EACr 1  20 rr rr     L06DD:	jsr     _chrome_pixel
000EAFr 1  AD rr rr     L06F4:	lda     _chrome_offset
000EB2r 1  C9 04        	cmp     #$04
000EB4r 1  B0 16        	bcs     L0190
000EB6r 1  AD rr rr     	lda     _chrome_right
000EB9r 1  AE rr rr     	ldx     _chrome_right+1
000EBCr 1  38           	sec
000EBDr 1  E9 07        	sbc     #$07
000EBFr 1  B0 01        	bcs     L0194
000EC1r 1  CA           	dex
000EC2r 1  18           L0194:	clc
000EC3r 1  6D rr rr     	adc     _chrome_offset
000EC6r 1  90 01        	bcc     L06DE
000EC8r 1  E8           	inx
000EC9r 1  20 rr rr     L06DE:	jsr     _chrome_pixel
000ECCr 1  A0 02        L0190:	ldy     #$02
000ECEr 1  B1 rr        	lda     (sp),y
000ED0r 1  C9 04        	cmp     #$04
000ED2r 1  B0 03 4C rr  	jcc     L01A1
000ED6r 1  rr           
000ED7r 1  C9 09        	cmp     #$09
000ED9r 1  90 03 4C rr  	jcs     L01A1
000EDDr 1  rr           
000EDEr 1  A0 09        	ldy     #$09
000EE0r 1  B1 rr        	lda     (regbank+4),y
000EE2r 1  AA           	tax
000EE3r 1  88           	dey
000EE4r 1  B1 rr        	lda     (regbank+4),y
000EE6r 1  20 rr rr     	jsr     stax0sp
000EE9r 1  A0 02        	ldy     #$02
000EEBr 1  B1 rr        	lda     (regbank+4),y
000EEDr 1  AA           	tax
000EEEr 1  88           	dey
000EEFr 1  B1 rr        	lda     (regbank+4),y
000EF1r 1  18           	clc
000EF2r 1  69 04        	adc     #$04
000EF4r 1  90 01        	bcc     L019C
000EF6r 1  E8           	inx
000EF7r 1  8D rr rr     L019C:	sta     _chrome_x
000EFAr 1  8E rr rr     	stx     _chrome_x+1
000EFDr 1  AD rr rr     	lda     _chrome_right
000F00r 1  38           	sec
000F01r 1  E9 0D        	sbc     #$0D
000F03r 1  8D rr rr     	sta     _chrome_right
000F06r 1  90 03 4C rr  	jcs     L06FF
000F0Ar 1  rr           
000F0Br 1  CE rr rr     	dec     _chrome_right+1
000F0Er 1  4C rr rr     	jmp     L06FF
000F11r 1  C8           L01A0:	iny
000F12r 1  B1 rr        	lda     (sp),y
000F14r 1  AA           	tax
000F15r 1  88           	dey
000F16r 1  B1 rr        	lda     (sp),y
000F18r 1  85 rr        	sta     regsave
000F1Ar 1  86 rr        	stx     regsave+1
000F1Cr 1  18           	clc
000F1Dr 1  69 01        	adc     #$01
000F1Fr 1  90 01        	bcc     L01A9
000F21r 1  E8           	inx
000F22r 1  20 rr rr     L01A9:	jsr     stax0sp
000F25r 1  A0 00        	ldy     #$00
000F27r 1  B1 rr        	lda     (regsave),y
000F29r 1  8D rr rr     	sta     _chrome_character
000F2Cr 1  C9 61        	cmp     #$61
000F2Er 1  90 0D        	bcc     L06F9
000F30r 1  AD rr rr     	lda     _chrome_character
000F33r 1  C9 7B        	cmp     #$7B
000F35r 1  B0 06        	bcs     L06F9
000F37r 1  38           	sec
000F38r 1  E9 20        	sbc     #$20
000F3Ar 1  8D rr rr     	sta     _chrome_character
000F3Dr 1  AD rr rr     L06F9:	lda     _chrome_character
000F40r 1  C9 41        	cmp     #$41
000F42r 1  90 6A        	bcc     L01BB
000F44r 1  C9 5B        	cmp     #$5B
000F46r 1  B0 66        	bcs     L01BB
000F48r 1  A2 00        	ldx     #$00
000F4Ar 1  AD rr rr     	lda     _chrome_character
000F4Dr 1  38           	sec
000F4Er 1  E9 41        	sbc     #$41
000F50r 1  B0 01        	bcs     L01B7
000F52r 1  CA           	dex
000F53r 1  20 rr rr     L01B7:	jsr     mulax5
000F56r 1  18           	clc
000F57r 1  69 rr        	adc     #<(_title_glyphs)
000F59r 1  85 rr        	sta     ptr1
000F5Br 1  8A           	txa
000F5Cr 1  69 rr        	adc     #>(_title_glyphs)
000F5Er 1  85 rr        	sta     ptr1+1
000F60r 1  A2 00        	ldx     #$00
000F62r 1  A0 02        	ldy     #$02
000F64r 1  B1 rr        	lda     (sp),y
000F66r 1  38           	sec
000F67r 1  E9 04        	sbc     #$04
000F69r 1  B0 01        	bcs     L01B9
000F6Br 1  CA           	dex
000F6Cr 1  18           L01B9:	clc
000F6Dr 1  65 rr        	adc     ptr1
000F6Fr 1  85 rr        	sta     ptr1
000F71r 1  8A           	txa
000F72r 1  65 rr        	adc     ptr1+1
000F74r 1  85 rr        	sta     ptr1+1
000F76r 1  A0 00        	ldy     #$00
000F78r 1  B1 rr        	lda     (ptr1),y
000F7Ar 1  8D rr rr     	sta     _chrome_bits
000F7Dr 1  8C rr rr     	sty     _chrome_column
000F80r 1  AD rr rr     L06FD:	lda     _chrome_column
000F83r 1  C9 03        	cmp     #$03
000F85r 1  B0 27        	bcs     L01BB
000F87r 1  AC rr rr     	ldy     _chrome_column
000F8Ar 1  A9 04        	lda     #$04
000F8Cr 1  4A           L06E4:	lsr     a
000F8Dr 1  88           	dey
000F8Er 1  10 FC        	bpl     L06E4
000F90r 1  2A           	rol     a
000F91r 1  2D rr rr     	and     _chrome_bits
000F94r 1  48           	pha
000F95r 1  68           	pla
000F96r 1  F0 10        	beq     L06FE
000F98r 1  AD rr rr     	lda     _chrome_x
000F9Br 1  AE rr rr     	ldx     _chrome_x+1
000F9Er 1  18           	clc
000F9Fr 1  6D rr rr     	adc     _chrome_column
000FA2r 1  90 01        	bcc     L06DF
000FA4r 1  E8           	inx
000FA5r 1  20 rr rr     L06DF:	jsr     _chrome_pixel
000FA8r 1  EE rr rr     L06FE:	inc     _chrome_column
000FABr 1  4C rr rr     	jmp     L06FD
000FAEr 1  A9 04        L01BB:	lda     #$04
000FB0r 1  18           	clc
000FB1r 1  6D rr rr     	adc     _chrome_x
000FB4r 1  8D rr rr     	sta     _chrome_x
000FB7r 1  90 03        	bcc     L01C9
000FB9r 1  EE rr rr     	inc     _chrome_x+1
000FBCr 1  A0 01        L01C9:	ldy     #$01
000FBEr 1  B1 rr        L06FF:	lda     (sp),y
000FC0r 1  88           	dey
000FC1r 1  11 rr        	ora     (sp),y
000FC3r 1  F0 30        	beq     L01A1
000FC5r 1  C8           	iny
000FC6r 1  B1 rr        	lda     (sp),y
000FC8r 1  85 rr        	sta     ptr1+1
000FCAr 1  88           	dey
000FCBr 1  B1 rr        	lda     (sp),y
000FCDr 1  85 rr        	sta     ptr1
000FCFr 1  B1 rr        	lda     (ptr1),y
000FD1r 1  F0 22        	beq     L01A1
000FD3r 1  AD rr rr     	lda     _chrome_x
000FD6r 1  AE rr rr     	ldx     _chrome_x+1
000FD9r 1  18           	clc
000FDAr 1  69 03        	adc     #$03
000FDCr 1  90 01        	bcc     L01A5
000FDEr 1  E8           	inx
000FDFr 1  38           L01A5:	sec
000FE0r 1  ED rr rr     	sbc     _chrome_right
000FE3r 1  85 rr        	sta     tmp1
000FE5r 1  8A           	txa
000FE6r 1  ED rr rr     	sbc     _chrome_right+1
000FE9r 1  05 rr        	ora     tmp1
000FEBr 1  B0 03 4C rr  	jcc     L01A0
000FEFr 1  rr           
000FF0r 1  D0 03 4C rr  	jeq     L01A0
000FF4r 1  rr           
000FF5r 1  A0 03        L01A1:	ldy     #$03
000FF7r 1  B1 rr        	lda     (sp),y
000FF9r 1  85 rr        	sta     regbank+4
000FFBr 1  C8           	iny
000FFCr 1  B1 rr        	lda     (sp),y
000FFEr 1  85 rr        	sta     regbank+5
001000r 1  4C rr rr     	jmp     incsp5
001003r 1               
001003r 1               .endproc
001003r 1               
001003r 1               ; ---------------------------------------------------------------
001003r 1               ; void __near__ draw_chrome (register __near__ const struct udeks_window *)
001003r 1               ; ---------------------------------------------------------------
001003r 1               
001003r 1               .segment	"CODE"
001003r 1               
001003r 1               .proc	_draw_chrome: near
001003r 1               
001003r 1               .segment	"CODE"
001003r 1               
001003r 1  20 rr rr     	jsr     pushax
001006r 1  A0 00        	ldy     #$00
001008r 1  A2 04        	ldx     #$04
00100Ar 1  20 rr rr     	jsr     regswap2
00100Dr 1  20 rr rr     	jsr     decsp1
001010r 1  A9 00        	lda     #$00
001012r 1  A8           	tay
001013r 1  91 rr        L0707:	sta     (sp),y
001015r 1  B1 rr        	lda     (sp),y
001017r 1  20 rr rr     	jsr     pusha0
00101Ar 1  A0 06        	ldy     #$06
00101Cr 1  B1 rr        	lda     (regbank+4),y
00101Er 1  20 rr rr     	jsr     tosicmp0
001021r 1  B0 18        	bcs     L01CC
001023r 1  A5 rr        	lda     regbank+4
001025r 1  A6 rr        	ldx     regbank+4+1
001027r 1  20 rr rr     	jsr     pushax
00102Ar 1  A0 02        	ldy     #$02
00102Cr 1  B1 rr        	lda     (sp),y
00102Er 1  20 rr rr     	jsr     _draw_chrome_row
001031r 1  A0 00        	ldy     #$00
001033r 1  18           	clc
001034r 1  A9 01        	lda     #$01
001036r 1  71 rr        	adc     (sp),y
001038r 1  4C rr rr     	jmp     L0707
00103Br 1  A0 01        L01CC:	ldy     #$01
00103Dr 1  B1 rr        	lda     (sp),y
00103Fr 1  85 rr        	sta     regbank+4
001041r 1  C8           	iny
001042r 1  B1 rr        	lda     (sp),y
001044r 1  85 rr        	sta     regbank+5
001046r 1  4C rr rr     	jmp     incsp3
001049r 1               
001049r 1               .endproc
001049r 1               
001049r 1               ; ---------------------------------------------------------------
001049r 1               ; unsigned char __near__ cache_request (unsigned char, unsigned char)
001049r 1               ; ---------------------------------------------------------------
001049r 1               
001049r 1               .segment	"CODE"
001049r 1               
001049r 1               .proc	_cache_request: near
001049r 1               
001049r 1               .segment	"CODE"
001049r 1               
001049r 1  20 rr rr     	jsr     pusha
00104Cr 1  A5 rr        	lda     regbank+4
00104Er 1  A6 rr        	ldx     regbank+5
001050r 1  20 rr rr     	jsr     pushax
001053r 1  A0 03        	ldy     #$03
001055r 1  B1 rr        	lda     (sp),y
001057r 1  20 rr rr     	jsr     _window_by_handle
00105Ar 1  85 rr        	sta     regbank+4
00105Cr 1  86 rr        	stx     regbank+4+1
00105Er 1  A0 03        	ldy     #$03
001060r 1  B1 rr        	lda     (sp),y
001062r 1  8D 92 F7     	sta     $F792
001065r 1  88           	dey
001066r 1  B1 rr        	lda     (regbank+4),y
001068r 1  8D A2 F7     	sta     $F7A1+1
00106Br 1  88           	dey
00106Cr 1  B1 rr        	lda     (regbank+4),y
00106Er 1  8D A1 F7     	sta     $F7A1
001071r 1  A0 05        	ldy     #$05
001073r 1  B1 rr        	lda     (regbank+4),y
001075r 1  8D A4 F7     	sta     $F7A3+1
001078r 1  88           	dey
001079r 1  B1 rr        	lda     (regbank+4),y
00107Br 1  8D A3 F7     	sta     $F7A3
00107Er 1  88           	dey
00107Fr 1  B1 rr        	lda     (regbank+4),y
001081r 1  8D A5 F7     	sta     $F7A5
001084r 1  A0 06        	ldy     #$06
001086r 1  B1 rr        	lda     (regbank+4),y
001088r 1  8D A6 F7     	sta     $F7A6
00108Br 1  A9 01        	lda     #$01
00108Dr 1  8D 95 F7     	sta     $F795
001090r 1  A0 02        	ldy     #$02
001092r 1  B1 rr        	lda     (sp),y
001094r 1  20 rr rr     	jsr     _cache_command
001097r 1  48           	pha
001098r 1  A0 00        	ldy     #$00
00109Ar 1  B1 rr        	lda     (sp),y
00109Cr 1  85 rr        	sta     regbank+4
00109Er 1  C8           	iny
00109Fr 1  B1 rr        	lda     (sp),y
0010A1r 1  85 rr        	sta     regbank+5
0010A3r 1  68           	pla
0010A4r 1  4C rr rr     	jmp     incsp4
0010A7r 1               
0010A7r 1               .endproc
0010A7r 1               
0010A7r 1               ; ---------------------------------------------------------------
0010A7r 1               ; void __near__ cache_invalidate (void)
0010A7r 1               ; ---------------------------------------------------------------
0010A7r 1               
0010A7r 1               .segment	"CODE"
0010A7r 1               
0010A7r 1               .proc	_cache_invalidate: near
0010A7r 1               
0010A7r 1               .segment	"CODE"
0010A7r 1               
0010A7r 1  A9 01        	lda     #$01
0010A9r 1  4C rr rr     	jmp     _cache_command
0010ACr 1               
0010ACr 1               .endproc
0010ACr 1               
0010ACr 1               ; ---------------------------------------------------------------
0010ACr 1               ; unsigned char __near__ paint_window_damage (unsigned char)
0010ACr 1               ; ---------------------------------------------------------------
0010ACr 1               
0010ACr 1               .segment	"CODE"
0010ACr 1               
0010ACr 1               .proc	_paint_window_damage: near
0010ACr 1               
0010ACr 1               .segment	"CODE"
0010ACr 1               
0010ACr 1  20 rr rr     	jsr     pusha
0010AFr 1  A5 rr        	lda     regbank+4
0010B1r 1  A6 rr        	ldx     regbank+5
0010B3r 1  20 rr rr     	jsr     pushax
0010B6r 1  A0 02        	ldy     #$02
0010B8r 1  B1 rr        	lda     (sp),y
0010BAr 1  20 rr rr     	jsr     _window_by_handle
0010BDr 1  85 rr        	sta     regbank+4
0010BFr 1  86 rr        	stx     regbank+4+1
0010C1r 1  E0 00        	cpx     #$00
0010C3r 1  D0 07        	bne     L070B
0010C5r 1  C9 00        	cmp     #$00
0010C7r 1  D0 03 4C rr  	jeq     L0224
0010CBr 1  rr           
0010CCr 1  A0 00        L070B:	ldy     #$00
0010CEr 1  B1 rr        	lda     (regbank+4),y
0010D0r 1  29 01        	and     #$01
0010D2r 1  D0 04        	bne     L0228
0010D4r 1  AA           	tax
0010D5r 1  4C rr rr     	jmp     L0224
0010D8r 1  20 rr rr     L0228:	jsr     decsp5
0010DBr 1  A0 02        	ldy     #$02
0010DDr 1  B1 rr        	lda     (regbank+4),y
0010DFr 1  AA           	tax
0010E0r 1  88           	dey
0010E1r 1  B1 rr        	lda     (regbank+4),y
0010E3r 1  A0 03        	ldy     #$03
0010E5r 1  91 rr        	sta     (sp),y
0010E7r 1  C8           	iny
0010E8r 1  8A           	txa
0010E9r 1  91 rr        	sta     (sp),y
0010EBr 1  88           	dey
0010ECr 1  B1 rr        	lda     (regbank+4),y
0010EEr 1  88           	dey
0010EFr 1  91 rr        	sta     (sp),y
0010F1r 1  A0 05        	ldy     #$05
0010F3r 1  B1 rr        	lda     (regbank+4),y
0010F5r 1  AA           	tax
0010F6r 1  88           	dey
0010F7r 1  B1 rr        	lda     (regbank+4),y
0010F9r 1  A0 00        	ldy     #$00
0010FBr 1  91 rr        	sta     (sp),y
0010FDr 1  C8           	iny
0010FEr 1  8A           	txa
0010FFr 1  91 rr        	sta     (sp),y
001101r 1  A0 06        	ldy     #$06
001103r 1  B1 rr        	lda     (regbank+4),y
001105r 1  20 rr rr     	jsr     _set_damage_intersection
001108r 1  C9 00        	cmp     #$00
00110Ar 1  D0 04        	bne     L022F
00110Cr 1  AA           	tax
00110Dr 1  4C rr rr     	jmp     L0224
001110r 1  A0 00        L022F:	ldy     #$00
001112r 1  B1 rr        	lda     (regbank+4),y
001114r 1  29 7F        	and     #$7F
001116r 1  91 rr        	sta     (regbank+4),y
001118r 1  20 rr rr     	jsr     decsp8
00111Br 1  A0 02        	ldy     #$02
00111Dr 1  B1 rr        	lda     (regbank+4),y
00111Fr 1  AA           	tax
001120r 1  88           	dey
001121r 1  B1 rr        	lda     (regbank+4),y
001123r 1  A0 06        	ldy     #$06
001125r 1  91 rr        	sta     (sp),y
001127r 1  C8           	iny
001128r 1  8A           	txa
001129r 1  91 rr        	sta     (sp),y
00112Br 1  A0 03        	ldy     #$03
00112Dr 1  B1 rr        	lda     (regbank+4),y
00112Fr 1  C8           	iny
001130r 1  91 rr        	sta     (sp),y
001132r 1  C8           	iny
001133r 1  A9 00        	lda     #$00
001135r 1  91 rr        	sta     (sp),y
001137r 1  B1 rr        	lda     (regbank+4),y
001139r 1  AA           	tax
00113Ar 1  88           	dey
00113Br 1  B1 rr        	lda     (regbank+4),y
00113Dr 1  A0 02        	ldy     #$02
00113Fr 1  91 rr        	sta     (sp),y
001141r 1  C8           	iny
001142r 1  8A           	txa
001143r 1  91 rr        	sta     (sp),y
001145r 1  A0 06        	ldy     #$06
001147r 1  B1 rr        	lda     (regbank+4),y
001149r 1  A0 00        	ldy     #$00
00114Br 1  91 rr        	sta     (sp),y
00114Dr 1  C8           	iny
00114Er 1  A9 00        	lda     #$00
001150r 1  91 rr        	sta     (sp),y
001152r 1  A9 07        	lda     #$07
001154r 1  20 rr rr     	jsr     _udeks_vic_bitmap_fill
001157r 1  A5 rr        	lda     regbank+4
001159r 1  A6 rr        	ldx     regbank+4+1
00115Br 1  20 rr rr     	jsr     _draw_chrome
00115Er 1  A0 0B        	ldy     #$0B
001160r 1  B1 rr        	lda     (regbank+4),y
001162r 1  AA           	tax
001163r 1  88           	dey
001164r 1  B1 rr        	lda     (regbank+4),y
001166r 1  E0 00        	cpx     #$00
001168r 1  D0 04        	bne     L070C
00116Ar 1  C9 00        	cmp     #$00
00116Cr 1  F0 74        	beq     L0240
00116Er 1  20 rr rr     L070C:	jsr     decsp5
001171r 1  A0 02        	ldy     #$02
001173r 1  B1 rr        	lda     (regbank+4),y
001175r 1  AA           	tax
001176r 1  88           	dey
001177r 1  B1 rr        	lda     (regbank+4),y
001179r 1  18           	clc
00117Ar 1  69 03        	adc     #$03
00117Cr 1  90 01        	bcc     L0245
00117Er 1  E8           	inx
00117Fr 1  A0 03        L0245:	ldy     #$03
001181r 1  91 rr        	sta     (sp),y
001183r 1  C8           	iny
001184r 1  8A           	txa
001185r 1  91 rr        	sta     (sp),y
001187r 1  88           	dey
001188r 1  B1 rr        	lda     (regbank+4),y
00118Ar 1  18           	clc
00118Br 1  69 0D        	adc     #$0D
00118Dr 1  90 01        	bcc     L0708
00118Fr 1  18           	clc
001190r 1  69 01        L0708:	adc     #$01
001192r 1  88           	dey
001193r 1  91 rr        	sta     (sp),y
001195r 1  A0 05        	ldy     #$05
001197r 1  B1 rr        	lda     (regbank+4),y
001199r 1  AA           	tax
00119Ar 1  88           	dey
00119Br 1  B1 rr        	lda     (regbank+4),y
00119Dr 1  38           	sec
00119Er 1  E9 06        	sbc     #$06
0011A0r 1  B0 01        	bcs     L024B
0011A2r 1  CA           	dex
0011A3r 1  A0 00        L024B:	ldy     #$00
0011A5r 1  91 rr        	sta     (sp),y
0011A7r 1  C8           	iny
0011A8r 1  8A           	txa
0011A9r 1  91 rr        	sta     (sp),y
0011ABr 1  A0 06        	ldy     #$06
0011ADr 1  B1 rr        	lda     (regbank+4),y
0011AFr 1  38           	sec
0011B0r 1  E9 0D        	sbc     #$0D
0011B2r 1  B0 01        	bcs     L0709
0011B4r 1  38           	sec
0011B5r 1  E9 04        L0709:	sbc     #$04
0011B7r 1  20 rr rr     	jsr     _set_damage_intersection
0011BAr 1  C9 00        	cmp     #$00
0011BCr 1  F0 24        	beq     L0240
0011BEr 1  A0 0B        	ldy     #$0B
0011C0r 1  B1 rr        	lda     (regbank+4),y
0011C2r 1  AA           	tax
0011C3r 1  88           	dey
0011C4r 1  B1 rr        	lda     (regbank+4),y
0011C6r 1  20 rr rr     	jsr     pushax
0011C9r 1  A0 04        	ldy     #$04
0011CBr 1  B1 rr        	lda     (sp),y
0011CDr 1  48           	pha
0011CEr 1  A0 00        	ldy     #$00
0011D0r 1  B1 rr        	lda     (sp),y
0011D2r 1  8D rr rr     	sta     jmpvec+1
0011D5r 1  C8           	iny
0011D6r 1  B1 rr        	lda     (sp),y
0011D8r 1  8D rr rr     	sta     jmpvec+2
0011DBr 1  68           	pla
0011DCr 1  20 rr rr     	jsr     jmpvec
0011DFr 1  20 rr rr     	jsr     incsp2
0011E2r 1  A9 14        L0240:	lda     #$14
0011E4r 1  20 rr rr     	jsr     _increment_counter
0011E7r 1  A2 00        	ldx     #$00
0011E9r 1  A9 01        	lda     #$01
0011EBr 1  48           L0224:	pha
0011ECr 1  A1 rr        	lda     (sp,x)
0011EEr 1  85 rr        	sta     regbank+4
0011F0r 1  A0 01        	ldy     #$01
0011F2r 1  B1 rr        	lda     (sp),y
0011F4r 1  85 rr        	sta     regbank+5
0011F6r 1  68           	pla
0011F7r 1  4C rr rr     	jmp     incsp3
0011FAr 1               
0011FAr 1               .endproc
0011FAr 1               
0011FAr 1               ; ---------------------------------------------------------------
0011FAr 1               ; void __near__ compose_damage (unsigned char)
0011FAr 1               ; ---------------------------------------------------------------
0011FAr 1               
0011FAr 1               .segment	"CODE"
0011FAr 1               
0011FAr 1               .proc	_compose_damage: near
0011FAr 1               
0011FAr 1               .segment	"CODE"
0011FAr 1               
0011FAr 1  20 rr rr     	jsr     pusha
0011FDr 1  20 rr rr     	jsr     decsp2
001200r 1  AD rr rr     	lda     _drag_mode
001203r 1  29 80        	and     #$80
001205r 1  F0 0D        	beq     L071B
001207r 1  A0 02        	ldy     #$02
001209r 1  B1 rr        	lda     (sp),y
00120Br 1  CD rr rr     	cmp     _cache_owner
00120Er 1  F0 2C        	beq     L0257
001210r 1  C9 FF        	cmp     #$FF
001212r 1  F0 28        	beq     L0257
001214r 1  AD rr rr     L071B:	lda     _cache_phase
001217r 1  C9 03        	cmp     #$03
001219r 1  D0 1E        	bne     L025F
00121Br 1  AD rr rr     	lda     _cache_owner
00121Er 1  20 rr rr     	jsr     _window_by_handle
001221r 1  20 rr rr     	jsr     pushax
001224r 1  A0 00        	ldy     #$00
001226r 1  B1 rr        	lda     (sp),y
001228r 1  C8           	iny
001229r 1  11 rr        	ora     (sp),y
00122Br 1  F0 09        	beq     L0263
00122Dr 1  B1 rr        	lda     (sp),y
00122Fr 1  AA           	tax
001230r 1  88           	dey
001231r 1  B1 rr        	lda     (sp),y
001233r 1  20 rr rr     	jsr     _damage_add
001236r 1  20 rr rr     L0263:	jsr     incsp2
001239r 1  20 rr rr     L025F:	jsr     _cache_invalidate
00123Cr 1  A9 02        L0257:	lda     #$02
00123Er 1  20 rr rr     	jsr     _udeks_vic_pointer_busy_begin
001241r 1  20 rr rr     	jsr     decsp6
001244r 1  AD rr rr     	lda     _damage_left
001247r 1  A0 04        	ldy     #$04
001249r 1  91 rr        	sta     (sp),y
00124Br 1  C8           	iny
00124Cr 1  AD rr rr     	lda     _damage_left+1
00124Fr 1  91 rr        	sta     (sp),y
001251r 1  AD rr rr     	lda     _damage_top
001254r 1  A0 02        	ldy     #$02
001256r 1  91 rr        	sta     (sp),y
001258r 1  C8           	iny
001259r 1  A9 00        	lda     #$00
00125Br 1  91 rr        	sta     (sp),y
00125Dr 1  AD rr rr     	lda     _damage_right
001260r 1  38           	sec
001261r 1  ED rr rr     	sbc     _damage_left
001264r 1  48           	pha
001265r 1  AD rr rr     	lda     _damage_right+1
001268r 1  ED rr rr     	sbc     _damage_left+1
00126Br 1  AA           	tax
00126Cr 1  68           	pla
00126Dr 1  A0 00        	ldy     #$00
00126Fr 1  91 rr        	sta     (sp),y
001271r 1  C8           	iny
001272r 1  8A           	txa
001273r 1  91 rr        	sta     (sp),y
001275r 1  A2 00        	ldx     #$00
001277r 1  AD rr rr     	lda     _damage_bottom
00127Ar 1  38           	sec
00127Br 1  ED rr rr     	sbc     _damage_top
00127Er 1  20 rr rr     	jsr     _udeks_vic_bitmap_set_clip
001281r 1  20 rr rr     	jsr     decsp8
001284r 1  AD rr rr     	lda     _damage_left
001287r 1  A0 06        	ldy     #$06
001289r 1  91 rr        	sta     (sp),y
00128Br 1  C8           	iny
00128Cr 1  AD rr rr     	lda     _damage_left+1
00128Fr 1  91 rr        	sta     (sp),y
001291r 1  AD rr rr     	lda     _damage_top
001294r 1  A0 04        	ldy     #$04
001296r 1  91 rr        	sta     (sp),y
001298r 1  C8           	iny
001299r 1  A9 00        	lda     #$00
00129Br 1  91 rr        	sta     (sp),y
00129Dr 1  AD rr rr     	lda     _damage_right
0012A0r 1  38           	sec
0012A1r 1  ED rr rr     	sbc     _damage_left
0012A4r 1  48           	pha
0012A5r 1  AD rr rr     	lda     _damage_right+1
0012A8r 1  ED rr rr     	sbc     _damage_left+1
0012ABr 1  AA           	tax
0012ACr 1  68           	pla
0012ADr 1  A0 02        	ldy     #$02
0012AFr 1  91 rr        	sta     (sp),y
0012B1r 1  C8           	iny
0012B2r 1  8A           	txa
0012B3r 1  91 rr        	sta     (sp),y
0012B5r 1  AD rr rr     	lda     _damage_bottom
0012B8r 1  38           	sec
0012B9r 1  ED rr rr     	sbc     _damage_top
0012BCr 1  A0 00        	ldy     #$00
0012BEr 1  91 rr        	sta     (sp),y
0012C0r 1  C8           	iny
0012C1r 1  A9 00        	lda     #$00
0012C3r 1  91 rr        	sta     (sp),y
0012C5r 1  A9 07        	lda     #$07
0012C7r 1  20 rr rr     	jsr     _udeks_vic_bitmap_fill
0012CAr 1  A9 01        	lda     #$01
0012CCr 1  A8           	tay
0012CDr 1  91 rr        L0714:	sta     (sp),y
0012CFr 1  C8           	iny
0012D0r 1  B1 rr        	lda     (sp),y
0012D2r 1  C9 FF        	cmp     #$FF
0012D4r 1  F0 5B        	beq     L0279
0012D6r 1  88           	dey
0012D7r 1  B1 rr        	lda     (sp),y
0012D9r 1  38           	sec
0012DAr 1  ED rr rr     	sbc     _active_count
0012DDr 1  90 02        	bcc     L071E
0012DFr 1  D0 50        	bne     L0279
0012E1r 1  A9 00        L071E:	lda     #$00
0012E3r 1  88           	dey
0012E4r 1  91 rr        L0713:	sta     (sp),y
0012E6r 1  C9 04        	cmp     #$04
0012E8r 1  B0 3E        	bcs     L027A
0012EAr 1  B1 rr        	lda     (sp),y
0012ECr 1  20 rr rr     	jsr     pusha0
0012EFr 1  A9 0E        	lda     #$0E
0012F1r 1  20 rr rr     	jsr     tosmula0
0012F4r 1  18           	clc
0012F5r 1  69 rr        	adc     #<(_windows)
0012F7r 1  85 rr        	sta     ptr1
0012F9r 1  8A           	txa
0012FAr 1  69 rr        	adc     #>(_windows)
0012FCr 1  85 rr        	sta     ptr1+1
0012FEr 1  A0 07        	ldy     #$07
001300r 1  A2 00        	ldx     #$00
001302r 1  B1 rr        	lda     (ptr1),y
001304r 1  A0 01        	ldy     #$01
001306r 1  D1 rr        	cmp     (sp),y
001308r 1  D0 15        	bne     L0284
00130Ar 1  A1 rr        	lda     (sp,x)
00130Cr 1  18           	clc
00130Dr 1  69 01        	adc     #$01
00130Fr 1  C8           	iny
001310r 1  D1 rr        	cmp     (sp),y
001312r 1  F0 14        	beq     L027A
001314r 1  A1 rr        	lda     (sp,x)
001316r 1  18           	clc
001317r 1  69 01        	adc     #$01
001319r 1  20 rr rr     	jsr     _paint_window_damage
00131Cr 1  4C rr rr     	jmp     L027A
00131Fr 1  88           L0284:	dey
001320r 1  18           	clc
001321r 1  A9 01        	lda     #$01
001323r 1  71 rr        	adc     (sp),y
001325r 1  4C rr rr     	jmp     L0713
001328r 1  A0 01        L027A:	ldy     #$01
00132Ar 1  18           	clc
00132Br 1  98           	tya
00132Cr 1  71 rr        	adc     (sp),y
00132Er 1  4C rr rr     	jmp     L0714
001331r 1  20 rr rr     L0279:	jsr     _udeks_vic_bitmap_reset_clip
001334r 1  20 rr rr     	jsr     _udeks_vic_bitmap_commit
001337r 1  A9 02        	lda     #$02
001339r 1  20 rr rr     	jsr     _udeks_vic_pointer_busy_end
00133Cr 1  A9 1E        	lda     #$1E
00133Er 1  20 rr rr     	jsr     _increment_counter
001341r 1  4C rr rr     	jmp     incsp3
001344r 1               
001344r 1               .endproc
001344r 1               
001344r 1               ; ---------------------------------------------------------------
001344r 1               ; void __near__ cache_paint_image (unsigned char)
001344r 1               ; ---------------------------------------------------------------
001344r 1               
001344r 1               .segment	"CODE"
001344r 1               
001344r 1               .proc	_cache_paint_image: near
001344r 1               
001344r 1               .segment	"CODE"
001344r 1               
001344r 1  20 rr rr     	jsr     pusha
001347r 1  A5 rr        	lda     regbank+4
001349r 1  A6 rr        	ldx     regbank+5
00134Br 1  20 rr rr     	jsr     pushax
00134Er 1  A0 02        	ldy     #$02
001350r 1  B1 rr        	lda     (sp),y
001352r 1  20 rr rr     	jsr     _window_by_handle
001355r 1  85 rr        	sta     regbank+4
001357r 1  86 rr        	stx     regbank+4+1
001359r 1  20 rr rr     	jsr     decsp1
00135Cr 1  AD rr rr     	lda     _cache_phase
00135Fr 1  09 80        	ora     #$80
001361r 1  8D rr rr     	sta     _cache_phase
001364r 1  AD rr rr     	lda     _drag_mode
001367r 1  09 80        	ora     #$80
001369r 1  8D rr rr     	sta     _drag_mode
00136Cr 1  A0 03        	ldy     #$03
00136Er 1  B1 rr        	lda     (sp),y
001370r 1  20 rr rr     	jsr     _compose_damage
001373r 1  A9 00        	lda     #$00
001375r 1  8D rr rr     	sta     _drag_mode
001378r 1  20 rr rr     	jsr     decsp5
00137Br 1  A0 02        	ldy     #$02
00137Dr 1  B1 rr        	lda     (regbank+4),y
00137Fr 1  AA           	tax
001380r 1  88           	dey
001381r 1  B1 rr        	lda     (regbank+4),y
001383r 1  A0 03        	ldy     #$03
001385r 1  91 rr        	sta     (sp),y
001387r 1  C8           	iny
001388r 1  8A           	txa
001389r 1  91 rr        	sta     (sp),y
00138Br 1  88           	dey
00138Cr 1  B1 rr        	lda     (regbank+4),y
00138Er 1  88           	dey
00138Fr 1  91 rr        	sta     (sp),y
001391r 1  A0 05        	ldy     #$05
001393r 1  B1 rr        	lda     (regbank+4),y
001395r 1  AA           	tax
001396r 1  88           	dey
001397r 1  B1 rr        	lda     (regbank+4),y
001399r 1  A0 00        	ldy     #$00
00139Br 1  91 rr        	sta     (sp),y
00139Dr 1  C8           	iny
00139Er 1  8A           	txa
00139Fr 1  91 rr        	sta     (sp),y
0013A1r 1  A0 06        	ldy     #$06
0013A3r 1  B1 rr        	lda     (regbank+4),y
0013A5r 1  20 rr rr     	jsr     _set_damage_intersection
0013A8r 1  A0 00        	ldy     #$00
0013AAr 1  91 rr        	sta     (sp),y
0013ACr 1  20 rr rr     	jsr     _udeks_vic_bitmap_reset_clip
0013AFr 1  A0 00        	ldy     #$00
0013B1r 1  B1 rr        	lda     (sp),y
0013B3r 1  D0 08        	bne     L02AD
0013B5r 1  A9 02        	lda     #$02
0013B7r 1  8D rr rr     	sta     _cache_phase
0013BAr 1  4C rr rr     	jmp     L02B2
0013BDr 1  A0 03        L02AD:	ldy     #$03
0013BFr 1  B1 rr        	lda     (sp),y
0013C1r 1  20 rr rr     	jsr     pusha
0013C4r 1  A9 06        	lda     #$06
0013C6r 1  20 rr rr     	jsr     _cache_request
0013C9r 1  C9 00        	cmp     #$00
0013CBr 1  F0 05        	beq     L02B2
0013CDr 1  A9 00        	lda     #$00
0013CFr 1  20 rr rr     	jsr     _compose_damage
0013D2r 1  A0 01        L02B2:	ldy     #$01
0013D4r 1  B1 rr        	lda     (sp),y
0013D6r 1  85 rr        	sta     regbank+4
0013D8r 1  C8           	iny
0013D9r 1  B1 rr        	lda     (sp),y
0013DBr 1  85 rr        	sta     regbank+5
0013DDr 1  4C rr rr     	jmp     incsp4
0013E0r 1               
0013E0r 1               .endproc
0013E0r 1               
0013E0r 1               ; ---------------------------------------------------------------
0013E0r 1               ; unsigned char __near__ top_window (void)
0013E0r 1               ; ---------------------------------------------------------------
0013E0r 1               
0013E0r 1               .segment	"CODE"
0013E0r 1               
0013E0r 1               .proc	_top_window: near
0013E0r 1               
0013E0r 1               .segment	"CODE"
0013E0r 1               
0013E0r 1  20 rr rr     	jsr     decsp1
0013E3r 1  A9 00        	lda     #$00
0013E5r 1  A8           	tay
0013E6r 1  91 rr        L0721:	sta     (sp),y
0013E8r 1  A2 00        	ldx     #$00
0013EAr 1  B1 rr        	lda     (sp),y
0013ECr 1  C9 04        	cmp     #$04
0013EEr 1  B0 4D        	bcs     L0725
0013F0r 1  20 rr rr     	jsr     pusha0
0013F3r 1  A9 0E        	lda     #$0E
0013F5r 1  20 rr rr     	jsr     tosmula0
0013F8r 1  18           	clc
0013F9r 1  69 rr        	adc     #<(_windows)
0013FBr 1  85 rr        	sta     ptr1
0013FDr 1  8A           	txa
0013FEr 1  69 rr        	adc     #>(_windows)
001400r 1  85 rr        	sta     ptr1+1
001402r 1  A0 07        	ldy     #$07
001404r 1  B1 rr        	lda     (ptr1),y
001406r 1  F0 2B        	beq     L02BB
001408r 1  A2 00        	ldx     #$00
00140Ar 1  A1 rr        	lda     (sp,x)
00140Cr 1  20 rr rr     	jsr     pusha0
00140Fr 1  A9 0E        	lda     #$0E
001411r 1  20 rr rr     	jsr     tosmula0
001414r 1  18           	clc
001415r 1  69 rr        	adc     #<(_windows)
001417r 1  85 rr        	sta     ptr1
001419r 1  8A           	txa
00141Ar 1  69 rr        	adc     #>(_windows)
00141Cr 1  85 rr        	sta     ptr1+1
00141Er 1  A0 07        	ldy     #$07
001420r 1  B1 rr        	lda     (ptr1),y
001422r 1  CD rr rr     	cmp     _active_count
001425r 1  D0 0C        	bne     L02BB
001427r 1  A0 00        	ldy     #$00
001429r 1  B1 rr        	lda     (sp),y
00142Br 1  18           	clc
00142Cr 1  69 01        	adc     #$01
00142Er 1  A2 00        	ldx     #$00
001430r 1  4C rr rr     	jmp     incsp1
001433r 1  A0 00        L02BB:	ldy     #$00
001435r 1  18           	clc
001436r 1  A9 01        	lda     #$01
001438r 1  71 rr        	adc     (sp),y
00143Ar 1  4C rr rr     	jmp     L0721
00143Dr 1  8A           L0725:	txa
00143Er 1  4C rr rr     	jmp     incsp1
001441r 1               
001441r 1               .endproc
001441r 1               
001441r 1               ; ---------------------------------------------------------------
001441r 1               ; unsigned char __near__ raise_window (unsigned char)
001441r 1               ; ---------------------------------------------------------------
001441r 1               
001441r 1               .segment	"CODE"
001441r 1               
001441r 1               .proc	_raise_window: near
001441r 1               
001441r 1               .segment	"CODE"
001441r 1               
001441r 1  20 rr rr     	jsr     pusha
001444r 1  20 rr rr     	jsr     decsp2
001447r 1  A5 rr        	lda     regbank+4
001449r 1  A6 rr        	ldx     regbank+5
00144Br 1  20 rr rr     	jsr     pushax
00144Er 1  A0 04        	ldy     #$04
001450r 1  B1 rr        	lda     (sp),y
001452r 1  20 rr rr     	jsr     _window_by_handle
001455r 1  85 rr        	sta     regbank+4
001457r 1  86 rr        	stx     regbank+4+1
001459r 1  E0 00        	cpx     #$00
00145Br 1  D0 04        	bne     L072B
00145Dr 1  C9 00        	cmp     #$00
00145Fr 1  F0 72        	beq     L02CB
001461r 1  A0 07        L072B:	ldy     #$07
001463r 1  B1 rr        	lda     (regbank+4),y
001465r 1  CD rr rr     	cmp     _active_count
001468r 1  D0 06        	bne     L072A
00146Ar 1  A2 00        	ldx     #$00
00146Cr 1  8A           	txa
00146Dr 1  4C rr rr     	jmp     L02CB
001470r 1  B1 rr        L072A:	lda     (regbank+4),y
001472r 1  A0 02        	ldy     #$02
001474r 1  91 rr        	sta     (sp),y
001476r 1  A9 00        	lda     #$00
001478r 1  C8           	iny
001479r 1  91 rr        L0727:	sta     (sp),y
00147Br 1  C9 04        	cmp     #$04
00147Dr 1  B0 49        	bcs     L02D7
00147Fr 1  B1 rr        	lda     (sp),y
001481r 1  20 rr rr     	jsr     pusha0
001484r 1  A9 0E        	lda     #$0E
001486r 1  20 rr rr     	jsr     tosmula0
001489r 1  18           	clc
00148Ar 1  69 rr        	adc     #<(_windows)
00148Cr 1  85 rr        	sta     ptr1
00148Er 1  8A           	txa
00148Fr 1  69 rr        	adc     #>(_windows)
001491r 1  85 rr        	sta     ptr1+1
001493r 1  A0 07        	ldy     #$07
001495r 1  B1 rr        	lda     (ptr1),y
001497r 1  38           	sec
001498r 1  A0 02        	ldy     #$02
00149Ar 1  F1 rr        	sbc     (sp),y
00149Cr 1  90 20        	bcc     L02D8
00149Er 1  F0 1E        	beq     L02D8
0014A0r 1  C8           	iny
0014A1r 1  B1 rr        	lda     (sp),y
0014A3r 1  20 rr rr     	jsr     pusha0
0014A6r 1  A9 0E        	lda     #$0E
0014A8r 1  20 rr rr     	jsr     tosmula0
0014ABr 1  18           	clc
0014ACr 1  69 rr        	adc     #<(_windows)
0014AEr 1  85 rr        	sta     ptr1
0014B0r 1  8A           	txa
0014B1r 1  69 rr        	adc     #>(_windows)
0014B3r 1  85 rr        	sta     ptr1+1
0014B5r 1  A0 07        	ldy     #$07
0014B7r 1  B1 rr        	lda     (ptr1),y
0014B9r 1  38           	sec
0014BAr 1  E9 01        	sbc     #$01
0014BCr 1  91 rr        	sta     (ptr1),y
0014BEr 1  A0 03        L02D8:	ldy     #$03
0014C0r 1  18           	clc
0014C1r 1  A9 01        	lda     #$01
0014C3r 1  71 rr        	adc     (sp),y
0014C5r 1  4C rr rr     	jmp     L0727
0014C8r 1  AD rr rr     L02D7:	lda     _active_count
0014CBr 1  A0 07        	ldy     #$07
0014CDr 1  91 rr        	sta     (regbank+4),y
0014CFr 1  A2 00        	ldx     #$00
0014D1r 1  A9 01        	lda     #$01
0014D3r 1  48           L02CB:	pha
0014D4r 1  A1 rr        	lda     (sp,x)
0014D6r 1  85 rr        	sta     regbank+4
0014D8r 1  A0 01        	ldy     #$01
0014DAr 1  B1 rr        	lda     (sp),y
0014DCr 1  85 rr        	sta     regbank+5
0014DEr 1  68           	pla
0014DFr 1  4C rr rr     	jmp     incsp5
0014E2r 1               
0014E2r 1               .endproc
0014E2r 1               
0014E2r 1               ; ---------------------------------------------------------------
0014E2r 1               ; unsigned char __near__ top_window_at (unsigned int, unsigned char)
0014E2r 1               ; ---------------------------------------------------------------
0014E2r 1               
0014E2r 1               .segment	"CODE"
0014E2r 1               
0014E2r 1               .proc	_top_window_at: near
0014E2r 1               
0014E2r 1               .segment	"CODE"
0014E2r 1               
0014E2r 1  20 rr rr     	jsr     pusha
0014E5r 1  20 rr rr     	jsr     decsp3
0014E8r 1  A9 00        	lda     #$00
0014EAr 1  A0 01        	ldy     #$01
0014ECr 1  91 rr        	sta     (sp),y
0014EEr 1  88           	dey
0014EFr 1  91 rr        	sta     (sp),y
0014F1r 1  A0 02        	ldy     #$02
0014F3r 1  91 rr        L072E:	sta     (sp),y
0014F5r 1  C9 04        	cmp     #$04
0014F7r 1  90 03 4C rr  	jcs     L02EC
0014FBr 1  rr           
0014FCr 1  B1 rr        	lda     (sp),y
0014FEr 1  20 rr rr     	jsr     pusha0
001501r 1  A9 0E        	lda     #$0E
001503r 1  20 rr rr     	jsr     tosmula0
001506r 1  18           	clc
001507r 1  69 rr        	adc     #<(_windows)
001509r 1  85 rr        	sta     ptr1
00150Br 1  8A           	txa
00150Cr 1  69 rr        	adc     #>(_windows)
00150Er 1  85 rr        	sta     ptr1+1
001510r 1  A0 07        	ldy     #$07
001512r 1  B1 rr        	lda     (ptr1),y
001514r 1  D0 03 4C rr  	jeq     L02ED
001518r 1  rr           
001519r 1  A0 02        	ldy     #$02
00151Br 1  B1 rr        	lda     (sp),y
00151Dr 1  20 rr rr     	jsr     pusha0
001520r 1  A9 0E        	lda     #$0E
001522r 1  20 rr rr     	jsr     tosmula0
001525r 1  85 rr        	sta     ptr1
001527r 1  8A           	txa
001528r 1  18           	clc
001529r 1  69 rr        	adc     #>(_windows)
00152Br 1  85 rr        	sta     ptr1+1
00152Dr 1  A0 rr        	ldy     #<(_windows)
00152Fr 1  B1 rr        	lda     (ptr1),y
001531r 1  29 01        	and     #$01
001533r 1  D0 03 4C rr  	jeq     L02ED
001537r 1  rr           
001538r 1  20 rr rr     	jsr     decsp3
00153Br 1  A0 08        	ldy     #$08
00153Dr 1  B1 rr        	lda     (sp),y
00153Fr 1  AA           	tax
001540r 1  88           	dey
001541r 1  B1 rr        	lda     (sp),y
001543r 1  A0 01        	ldy     #$01
001545r 1  91 rr        	sta     (sp),y
001547r 1  C8           	iny
001548r 1  8A           	txa
001549r 1  91 rr        	sta     (sp),y
00154Br 1  A0 06        	ldy     #$06
00154Dr 1  B1 rr        	lda     (sp),y
00154Fr 1  A0 00        	ldy     #$00
001551r 1  91 rr        	sta     (sp),y
001553r 1  A0 05        	ldy     #$05
001555r 1  B1 rr        	lda     (sp),y
001557r 1  20 rr rr     	jsr     pusha0
00155Ar 1  A9 0E        	lda     #$0E
00155Cr 1  20 rr rr     	jsr     tosmula0
00155Fr 1  18           	clc
001560r 1  69 rr        	adc     #<(_windows)
001562r 1  A8           	tay
001563r 1  8A           	txa
001564r 1  69 rr        	adc     #>(_windows)
001566r 1  AA           	tax
001567r 1  98           	tya
001568r 1  20 rr rr     	jsr     _point_inside
00156Br 1  C9 00        	cmp     #$00
00156Dr 1  F0 4C        	beq     L02ED
00156Fr 1  A0 01        	ldy     #$01
001571r 1  B1 rr        	lda     (sp),y
001573r 1  F0 1F        	beq     L0733
001575r 1  C8           	iny
001576r 1  B1 rr        	lda     (sp),y
001578r 1  20 rr rr     	jsr     pusha0
00157Br 1  A9 0E        	lda     #$0E
00157Dr 1  20 rr rr     	jsr     tosmula0
001580r 1  18           	clc
001581r 1  69 rr        	adc     #<(_windows)
001583r 1  85 rr        	sta     ptr1
001585r 1  8A           	txa
001586r 1  69 rr        	adc     #>(_windows)
001588r 1  85 rr        	sta     ptr1+1
00158Ar 1  A0 07        	ldy     #$07
00158Cr 1  B1 rr        	lda     (ptr1),y
00158Er 1  A0 00        	ldy     #$00
001590r 1  D1 rr        	cmp     (sp),y
001592r 1  90 27        	bcc     L02ED
001594r 1  A0 02        L0733:	ldy     #$02
001596r 1  B1 rr        	lda     (sp),y
001598r 1  18           	clc
001599r 1  69 01        	adc     #$01
00159Br 1  88           	dey
00159Cr 1  91 rr        	sta     (sp),y
00159Er 1  C8           	iny
00159Fr 1  B1 rr        	lda     (sp),y
0015A1r 1  20 rr rr     	jsr     pusha0
0015A4r 1  A9 0E        	lda     #$0E
0015A6r 1  20 rr rr     	jsr     tosmula0
0015A9r 1  18           	clc
0015AAr 1  69 rr        	adc     #<(_windows)
0015ACr 1  85 rr        	sta     ptr1
0015AEr 1  8A           	txa
0015AFr 1  69 rr        	adc     #>(_windows)
0015B1r 1  85 rr        	sta     ptr1+1
0015B3r 1  A0 07        	ldy     #$07
0015B5r 1  B1 rr        	lda     (ptr1),y
0015B7r 1  A0 00        	ldy     #$00
0015B9r 1  91 rr        	sta     (sp),y
0015BBr 1  A0 02        L02ED:	ldy     #$02
0015BDr 1  18           	clc
0015BEr 1  A9 01        	lda     #$01
0015C0r 1  71 rr        	adc     (sp),y
0015C2r 1  4C rr rr     	jmp     L072E
0015C5r 1  88           L02EC:	dey
0015C6r 1  A2 00        	ldx     #$00
0015C8r 1  B1 rr        	lda     (sp),y
0015CAr 1  4C rr rr     	jmp     incsp6
0015CDr 1               
0015CDr 1               .endproc
0015CDr 1               
0015CDr 1               ; ---------------------------------------------------------------
0015CDr 1               ; unsigned char __near__ close_hit (unsigned int, unsigned char, register __near__ const struct udeks_window *)
0015CDr 1               ; ---------------------------------------------------------------
0015CDr 1               
0015CDr 1               .segment	"CODE"
0015CDr 1               
0015CDr 1               .proc	_close_hit: near
0015CDr 1               
0015CDr 1               .segment	"CODE"
0015CDr 1               
0015CDr 1  20 rr rr     	jsr     pushax
0015D0r 1  A0 00        	ldy     #$00
0015D2r 1  A2 04        	ldx     #$04
0015D4r 1  20 rr rr     	jsr     regswap2
0015D7r 1  20 rr rr     	jsr     decsp2
0015DAr 1  A0 00        	ldy     #$00
0015DCr 1  B1 rr        	lda     (regbank+4),y
0015DEr 1  29 04        	and     #$04
0015E0r 1  D0 03 4C rr  	jeq     L0736
0015E4r 1  rr           
0015E5r 1  A0 02        	ldy     #$02
0015E7r 1  B1 rr        	lda     (regbank+4),y
0015E9r 1  AA           	tax
0015EAr 1  88           	dey
0015EBr 1  B1 rr        	lda     (regbank+4),y
0015EDr 1  20 rr rr     	jsr     pushax
0015F0r 1  A0 05        	ldy     #$05
0015F2r 1  B1 rr        	lda     (regbank+4),y
0015F4r 1  AA           	tax
0015F5r 1  88           	dey
0015F6r 1  B1 rr        	lda     (regbank+4),y
0015F8r 1  20 rr rr     	jsr     tosaddax
0015FBr 1  38           	sec
0015FCr 1  E9 0C        	sbc     #$0C
0015FEr 1  B0 01        	bcs     L0312
001600r 1  CA           	dex
001601r 1  20 rr rr     L0312:	jsr     stax0sp
001604r 1  A0 06        	ldy     #$06
001606r 1  B1 rr        	lda     (sp),y
001608r 1  AA           	tax
001609r 1  88           	dey
00160Ar 1  B1 rr        	lda     (sp),y
00160Cr 1  A0 00        	ldy     #$00
00160Er 1  D1 rr        	cmp     (sp),y
001610r 1  8A           	txa
001611r 1  C8           	iny
001612r 1  F1 rr        	sbc     (sp),y
001614r 1  A9 00        	lda     #$00
001616r 1  AA           	tax
001617r 1  90 50        	bcc     L030A
001619r 1  A0 08        	ldy     #$08
00161Br 1  20 rr rr     	jsr     pushwysp
00161Er 1  A0 03        	ldy     #$03
001620r 1  B1 rr        	lda     (sp),y
001622r 1  AA           	tax
001623r 1  88           	dey
001624r 1  B1 rr        	lda     (sp),y
001626r 1  18           	clc
001627r 1  69 08        	adc     #$08
001629r 1  90 01        	bcc     L0315
00162Br 1  E8           	inx
00162Cr 1  20 rr rr     L0315:	jsr     tosicmp
00162Fr 1  B0 2E        	bcs     L0314
001631r 1  A0 04        	ldy     #$04
001633r 1  B1 rr        	lda     (sp),y
001635r 1  20 rr rr     	jsr     pusha0
001638r 1  A0 03        	ldy     #$03
00163Ar 1  B1 rr        	lda     (regbank+4),y
00163Cr 1  18           	clc
00163Dr 1  69 03        	adc     #$03
00163Fr 1  90 02        	bcc     L0316
001641r 1  A2 01        	ldx     #$01
001643r 1  20 rr rr     L0316:	jsr     tosicmp
001646r 1  90 17        	bcc     L0314
001648r 1  A0 04        	ldy     #$04
00164Ar 1  B1 rr        	lda     (sp),y
00164Cr 1  20 rr rr     	jsr     pusha0
00164Fr 1  A0 03        	ldy     #$03
001651r 1  B1 rr        	lda     (regbank+4),y
001653r 1  18           	clc
001654r 1  69 0B        	adc     #$0B
001656r 1  90 02        	bcc     L0317
001658r 1  A2 01        	ldx     #$01
00165Ar 1  20 rr rr     L0317:	jsr     tosicmp
00165Dr 1  90 06        	bcc     L0313
00165Fr 1  A2 00        L0314:	ldx     #$00
001661r 1  8A           	txa
001662r 1  4C rr rr     	jmp     L030A
001665r 1  A9 01        L0313:	lda     #$01
001667r 1  A2 00        L0736:	ldx     #$00
001669r 1  48           L030A:	pha
00166Ar 1  A0 02        	ldy     #$02
00166Cr 1  B1 rr        	lda     (sp),y
00166Er 1  85 rr        	sta     regbank+4
001670r 1  C8           	iny
001671r 1  B1 rr        	lda     (sp),y
001673r 1  85 rr        	sta     regbank+5
001675r 1  68           	pla
001676r 1  4C rr rr     	jmp     incsp7
001679r 1               
001679r 1               .endproc
001679r 1               
001679r 1               ; ---------------------------------------------------------------
001679r 1               ; unsigned char __near__ title_hit (unsigned int, unsigned char, register __near__ const struct udeks_window *)
001679r 1               ; ---------------------------------------------------------------
001679r 1               
001679r 1               .segment	"CODE"
001679r 1               
001679r 1               .proc	_title_hit: near
001679r 1               
001679r 1               .segment	"CODE"
001679r 1               
001679r 1  20 rr rr     	jsr     pushax
00167Cr 1  A0 00        	ldy     #$00
00167Er 1  A2 04        	ldx     #$04
001680r 1  20 rr rr     	jsr     regswap2
001683r 1  A0 00        	ldy     #$00
001685r 1  B1 rr        	lda     (regbank+4),y
001687r 1  A2 00        	ldx     #$00
001689r 1  29 02        	and     #$02
00168Br 1  F0 63        	beq     L0739
00168Dr 1  A0 06        	ldy     #$06
00168Fr 1  20 rr rr     	jsr     pushwysp
001692r 1  A0 02        	ldy     #$02
001694r 1  B1 rr        	lda     (regbank+4),y
001696r 1  AA           	tax
001697r 1  88           	dey
001698r 1  B1 rr        	lda     (regbank+4),y
00169Ar 1  20 rr rr     	jsr     tosicmp
00169Dr 1  90 47        	bcc     L031D
00169Fr 1  A0 06        	ldy     #$06
0016A1r 1  20 rr rr     	jsr     pushwysp
0016A4r 1  A0 02        	ldy     #$02
0016A6r 1  B1 rr        	lda     (regbank+4),y
0016A8r 1  AA           	tax
0016A9r 1  88           	dey
0016AAr 1  B1 rr        	lda     (regbank+4),y
0016ACr 1  20 rr rr     	jsr     pushax
0016AFr 1  A0 05        	ldy     #$05
0016B1r 1  B1 rr        	lda     (regbank+4),y
0016B3r 1  AA           	tax
0016B4r 1  88           	dey
0016B5r 1  B1 rr        	lda     (regbank+4),y
0016B7r 1  20 rr rr     	jsr     tosaddax
0016BAr 1  20 rr rr     	jsr     tosicmp
0016BDr 1  B0 27        	bcs     L031D
0016BFr 1  A0 02        	ldy     #$02
0016C1r 1  B1 rr        	lda     (sp),y
0016C3r 1  20 rr rr     	jsr     pusha0
0016C6r 1  A0 03        	ldy     #$03
0016C8r 1  B1 rr        	lda     (regbank+4),y
0016CAr 1  20 rr rr     	jsr     tosicmp0
0016CDr 1  90 17        	bcc     L031D
0016CFr 1  A0 02        	ldy     #$02
0016D1r 1  B1 rr        	lda     (sp),y
0016D3r 1  20 rr rr     	jsr     pusha0
0016D6r 1  A0 03        	ldy     #$03
0016D8r 1  B1 rr        	lda     (regbank+4),y
0016DAr 1  18           	clc
0016DBr 1  69 0D        	adc     #$0D
0016DDr 1  90 02        	bcc     L031E
0016DFr 1  A2 01        	ldx     #$01
0016E1r 1  20 rr rr     L031E:	jsr     tosicmp
0016E4r 1  90 06        	bcc     L031A
0016E6r 1  A2 00        L031D:	ldx     #$00
0016E8r 1  8A           	txa
0016E9r 1  4C rr rr     	jmp     L0739
0016ECr 1  A9 01        L031A:	lda     #$01
0016EEr 1  A2 00        	ldx     #$00
0016F0r 1  48           L0739:	pha
0016F1r 1  A1 rr        	lda     (sp,x)
0016F3r 1  85 rr        	sta     regbank+4
0016F5r 1  A0 01        	ldy     #$01
0016F7r 1  B1 rr        	lda     (sp),y
0016F9r 1  85 rr        	sta     regbank+5
0016FBr 1  68           	pla
0016FCr 1  4C rr rr     	jmp     incsp5
0016FFr 1               
0016FFr 1               .endproc
0016FFr 1               
0016FFr 1               ; ---------------------------------------------------------------
0016FFr 1               ; unsigned char __near__ resize_hit (unsigned int, unsigned char, register __near__ const struct udeks_window *)
0016FFr 1               ; ---------------------------------------------------------------
0016FFr 1               
0016FFr 1               .segment	"CODE"
0016FFr 1               
0016FFr 1               .proc	_resize_hit: near
0016FFr 1               
0016FFr 1               .segment	"CODE"
0016FFr 1               
0016FFr 1  20 rr rr     	jsr     pushax
001702r 1  A0 00        	ldy     #$00
001704r 1  A2 04        	ldx     #$04
001706r 1  20 rr rr     	jsr     regswap2
001709r 1  A0 00        	ldy     #$00
00170Br 1  B1 rr        	lda     (regbank+4),y
00170Dr 1  A2 00        	ldx     #$00
00170Fr 1  29 08        	and     #$08
001711r 1  F0 52        	beq     L073D
001713r 1  A0 06        	ldy     #$06
001715r 1  20 rr rr     	jsr     pushwysp
001718r 1  A0 02        	ldy     #$02
00171Ar 1  B1 rr        	lda     (regbank+4),y
00171Cr 1  AA           	tax
00171Dr 1  88           	dey
00171Er 1  B1 rr        	lda     (regbank+4),y
001720r 1  20 rr rr     	jsr     pushax
001723r 1  A0 05        	ldy     #$05
001725r 1  B1 rr        	lda     (regbank+4),y
001727r 1  AA           	tax
001728r 1  88           	dey
001729r 1  B1 rr        	lda     (regbank+4),y
00172Br 1  20 rr rr     	jsr     tosaddax
00172Er 1  38           	sec
00172Fr 1  E9 0A        	sbc     #$0A
001731r 1  B0 01        	bcs     L0325
001733r 1  CA           	dex
001734r 1  20 rr rr     L0325:	jsr     tosicmp
001737r 1  90 22        	bcc     L0324
001739r 1  A0 02        	ldy     #$02
00173Br 1  B1 rr        	lda     (sp),y
00173Dr 1  20 rr rr     	jsr     pusha0
001740r 1  A0 03        	ldy     #$03
001742r 1  B1 rr        	lda     (regbank+4),y
001744r 1  85 rr        	sta     ptr1
001746r 1  A0 06        	ldy     #$06
001748r 1  B1 rr        	lda     (regbank+4),y
00174Ar 1  18           	clc
00174Br 1  65 rr        	adc     ptr1
00174Dr 1  90 01        	bcc     L073A
00174Fr 1  E8           	inx
001750r 1  38           L073A:	sec
001751r 1  E9 0A        	sbc     #$0A
001753r 1  B0 01        	bcs     L0326
001755r 1  CA           	dex
001756r 1  20 rr rr     L0326:	jsr     tosicmp
001759r 1  B0 06        	bcs     L0321
00175Br 1  A2 00        L0324:	ldx     #$00
00175Dr 1  8A           	txa
00175Er 1  4C rr rr     	jmp     L073D
001761r 1  A9 01        L0321:	lda     #$01
001763r 1  A2 00        	ldx     #$00
001765r 1  48           L073D:	pha
001766r 1  A1 rr        	lda     (sp,x)
001768r 1  85 rr        	sta     regbank+4
00176Ar 1  A0 01        	ldy     #$01
00176Cr 1  B1 rr        	lda     (sp),y
00176Er 1  85 rr        	sta     regbank+5
001770r 1  68           	pla
001771r 1  4C rr rr     	jmp     incsp5
001774r 1               
001774r 1               .endproc
001774r 1               
001774r 1               ; ---------------------------------------------------------------
001774r 1               ; void __near__ begin_drag (unsigned char, unsigned int, unsigned char, unsigned char)
001774r 1               ; ---------------------------------------------------------------
001774r 1               
001774r 1               .segment	"CODE"
001774r 1               
001774r 1               .proc	_begin_drag: near
001774r 1               
001774r 1               .segment	"CODE"
001774r 1               
001774r 1  20 rr rr     	jsr     pusha
001777r 1  A5 rr        	lda     regbank+4
001779r 1  A6 rr        	ldx     regbank+5
00177Br 1  20 rr rr     	jsr     pushax
00177Er 1  A0 06        	ldy     #$06
001780r 1  B1 rr        	lda     (sp),y
001782r 1  20 rr rr     	jsr     _window_by_handle
001785r 1  85 rr        	sta     regbank+4
001787r 1  86 rr        	stx     regbank+4+1
001789r 1  E0 00        	cpx     #$00
00178Br 1  D0 07        	bne     L0741
00178Dr 1  C9 00        	cmp     #$00
00178Fr 1  D0 03 4C rr  	jeq     L0328
001793r 1  rr           
001794r 1  A0 06        L0741:	ldy     #$06
001796r 1  B1 rr        	lda     (sp),y
001798r 1  8D rr rr     	sta     _dragging_handle
00179Br 1  A0 02        	ldy     #$02
00179Dr 1  B1 rr        	lda     (sp),y
00179Fr 1  8D rr rr     	sta     _drag_mode
0017A2r 1  B1 rr        	lda     (sp),y
0017A4r 1  C9 01        	cmp     #$01
0017A6r 1  D0 1B        	bne     L0333
0017A8r 1  AD rr rr     	lda     _cache_phase
0017ABr 1  C9 02        	cmp     #$02
0017ADr 1  D0 14        	bne     L0333
0017AFr 1  A0 06        	ldy     #$06
0017B1r 1  B1 rr        	lda     (sp),y
0017B3r 1  CD rr rr     	cmp     _cache_owner
0017B6r 1  D0 0B        	bne     L0333
0017B8r 1  AD rr rr     	lda     _drag_mode
0017BBr 1  09 80        	ora     #$80
0017BDr 1  8D rr rr     	sta     _drag_mode
0017C0r 1  4C rr rr     	jmp     L0339
0017C3r 1  20 rr rr     L0333:	jsr     _cache_invalidate
0017C6r 1  A0 07        L0339:	ldy     #$07
0017C8r 1  20 rr rr     	jsr     pushwysp
0017CBr 1  A0 02        	ldy     #$02
0017CDr 1  B1 rr        	lda     (regbank+4),y
0017CFr 1  AA           	tax
0017D0r 1  88           	dey
0017D1r 1  B1 rr        	lda     (regbank+4),y
0017D3r 1  20 rr rr     	jsr     tossubax
0017D6r 1  8D rr rr     	sta     _drag_pointer_x
0017D9r 1  8E rr rr     	stx     _drag_pointer_x+1
0017DCr 1  A0 03        	ldy     #$03
0017DEr 1  B1 rr        	lda     (sp),y
0017E0r 1  20 rr rr     	jsr     pusha0
0017E3r 1  A0 03        	ldy     #$03
0017E5r 1  B1 rr        	lda     (regbank+4),y
0017E7r 1  20 rr rr     	jsr     tossuba0
0017EAr 1  8D rr rr     	sta     _drag_pointer_y
0017EDr 1  A0 02        	ldy     #$02
0017EFr 1  B1 rr        	lda     (regbank+4),y
0017F1r 1  8D rr rr     	sta     _drag_x+1
0017F4r 1  88           	dey
0017F5r 1  B1 rr        	lda     (regbank+4),y
0017F7r 1  8D rr rr     	sta     _drag_x
0017FAr 1  A0 03        	ldy     #$03
0017FCr 1  B1 rr        	lda     (regbank+4),y
0017FEr 1  8D rr rr     	sta     _drag_y
001801r 1  A0 05        	ldy     #$05
001803r 1  B1 rr        	lda     (regbank+4),y
001805r 1  8D rr rr     	sta     _drag_width+1
001808r 1  88           	dey
001809r 1  B1 rr        	lda     (regbank+4),y
00180Br 1  8D rr rr     	sta     _drag_width
00180Er 1  A0 06        	ldy     #$06
001810r 1  B1 rr        	lda     (regbank+4),y
001812r 1  8D rr rr     	sta     _drag_height
001815r 1  A5 rr        	lda     regbank+4
001817r 1  A6 rr        	ldx     regbank+4+1
001819r 1  20 rr rr     	jsr     _damage_set
00181Cr 1  A9 FF        	lda     #$FF
00181Er 1  20 rr rr     	jsr     _compose_damage
001821r 1  20 rr rr     	jsr     decsp5
001824r 1  AD rr rr     	lda     _drag_x
001827r 1  A0 03        	ldy     #$03
001829r 1  91 rr        	sta     (sp),y
00182Br 1  C8           	iny
00182Cr 1  AD rr rr     	lda     _drag_x+1
00182Fr 1  91 rr        	sta     (sp),y
001831r 1  AD rr rr     	lda     _drag_y
001834r 1  A0 02        	ldy     #$02
001836r 1  91 rr        	sta     (sp),y
001838r 1  A0 05        	ldy     #$05
00183Ar 1  B1 rr        	lda     (regbank+4),y
00183Cr 1  AA           	tax
00183Dr 1  88           	dey
00183Er 1  B1 rr        	lda     (regbank+4),y
001840r 1  A0 00        	ldy     #$00
001842r 1  91 rr        	sta     (sp),y
001844r 1  C8           	iny
001845r 1  8A           	txa
001846r 1  91 rr        	sta     (sp),y
001848r 1  A0 06        	ldy     #$06
00184Ar 1  B1 rr        	lda     (regbank+4),y
00184Cr 1  20 rr rr     	jsr     _udeks_vic_bitmap_outline_toggle
00184Fr 1  A9 18        	lda     #$18
001851r 1  20 rr rr     	jsr     _increment_counter
001854r 1  A0 00        L0328:	ldy     #$00
001856r 1  B1 rr        	lda     (sp),y
001858r 1  85 rr        	sta     regbank+4
00185Ar 1  C8           	iny
00185Br 1  B1 rr        	lda     (sp),y
00185Dr 1  85 rr        	sta     regbank+5
00185Fr 1  4C rr rr     	jmp     incsp7
001862r 1               
001862r 1               .endproc
001862r 1               
001862r 1               ; ---------------------------------------------------------------
001862r 1               ; void __near__ move_drag (unsigned int, unsigned char)
001862r 1               ; ---------------------------------------------------------------
001862r 1               
001862r 1               .segment	"CODE"
001862r 1               
001862r 1               .proc	_move_drag: near
001862r 1               
001862r 1               .segment	"CODE"
001862r 1               
001862r 1  20 rr rr     	jsr     pusha
001865r 1  A5 rr        	lda     regbank+4
001867r 1  A6 rr        	ldx     regbank+5
001869r 1  20 rr rr     	jsr     pushax
00186Cr 1  20 rr rr     	jsr     decsp3
00186Fr 1  AD rr rr     	lda     _dragging_handle
001872r 1  20 rr rr     	jsr     _window_by_handle
001875r 1  85 rr        	sta     regbank+4
001877r 1  86 rr        	stx     regbank+4+1
001879r 1  E0 00        	cpx     #$00
00187Br 1  D0 0A        	bne     L0357
00187Dr 1  C9 00        	cmp     #$00
00187Fr 1  D0 06        	bne     L0357
001881r 1  8D rr rr     	sta     _dragging_handle
001884r 1  4C rr rr     	jmp     L0353
001887r 1  A0 07        L0357:	ldy     #$07
001889r 1  B1 rr        	lda     (sp),y
00188Br 1  AA           	tax
00188Cr 1  88           	dey
00188Dr 1  B1 rr        	lda     (sp),y
00188Fr 1  38           	sec
001890r 1  ED rr rr     	sbc     _drag_pointer_x
001893r 1  85 rr        	sta     tmp1
001895r 1  8A           	txa
001896r 1  ED rr rr     	sbc     _drag_pointer_x+1
001899r 1  05 rr        	ora     tmp1
00189Br 1  90 17        	bcc     L035E
00189Dr 1  F0 15        	beq     L035E
00189Fr 1  C8           	iny
0018A0r 1  B1 rr        	lda     (sp),y
0018A2r 1  AA           	tax
0018A3r 1  88           	dey
0018A4r 1  B1 rr        	lda     (sp),y
0018A6r 1  38           	sec
0018A7r 1  ED rr rr     	sbc     _drag_pointer_x
0018AAr 1  48           	pha
0018ABr 1  8A           	txa
0018ACr 1  ED rr rr     	sbc     _drag_pointer_x+1
0018AFr 1  AA           	tax
0018B0r 1  68           	pla
0018B1r 1  4C rr rr     	jmp     L0360
0018B4r 1  A2 00        L035E:	ldx     #$00
0018B6r 1  8A           	txa
0018B7r 1  A0 01        L0360:	ldy     #$01
0018B9r 1  20 rr rr     	jsr     staxysp
0018BCr 1  A0 05        	ldy     #$05
0018BEr 1  B1 rr        	lda     (sp),y
0018C0r 1  38           	sec
0018C1r 1  ED rr rr     	sbc     _drag_pointer_y
0018C4r 1  90 0B        	bcc     L0744
0018C6r 1  F0 09        	beq     L0744
0018C8r 1  B1 rr        	lda     (sp),y
0018CAr 1  38           	sec
0018CBr 1  ED rr rr     	sbc     _drag_pointer_y
0018CEr 1  4C rr rr     	jmp     L0745
0018D1r 1  A9 00        L0744:	lda     #$00
0018D3r 1  A0 00        L0745:	ldy     #$00
0018D5r 1  91 rr        	sta     (sp),y
0018D7r 1  A0 04        	ldy     #$04
0018D9r 1  20 rr rr     	jsr     pushwysp
0018DCr 1  A2 01        	ldx     #$01
0018DEr 1  A9 40        	lda     #$40
0018E0r 1  20 rr rr     	jsr     pushax
0018E3r 1  A0 05        	ldy     #$05
0018E5r 1  B1 rr        	lda     (regbank+4),y
0018E7r 1  AA           	tax
0018E8r 1  88           	dey
0018E9r 1  B1 rr        	lda     (regbank+4),y
0018EBr 1  20 rr rr     	jsr     tossubax
0018EEr 1  20 rr rr     	jsr     tosicmp
0018F1r 1  90 19        	bcc     L0369
0018F3r 1  F0 17        	beq     L0369
0018F5r 1  A2 01        	ldx     #$01
0018F7r 1  A9 40        	lda     #$40
0018F9r 1  20 rr rr     	jsr     pushax
0018FCr 1  A0 05        	ldy     #$05
0018FEr 1  B1 rr        	lda     (regbank+4),y
001900r 1  AA           	tax
001901r 1  88           	dey
001902r 1  B1 rr        	lda     (regbank+4),y
001904r 1  20 rr rr     	jsr     tossubax
001907r 1  A0 01        	ldy     #$01
001909r 1  20 rr rr     	jsr     staxysp
00190Cr 1  A2 00        L0369:	ldx     #$00
00190Er 1  A1 rr        	lda     (sp,x)
001910r 1  20 rr rr     	jsr     pusha0
001913r 1  A9 C8        	lda     #$C8
001915r 1  20 rr rr     	jsr     pusha0
001918r 1  A0 06        	ldy     #$06
00191Ar 1  B1 rr        	lda     (regbank+4),y
00191Cr 1  20 rr rr     	jsr     tossuba0
00191Fr 1  20 rr rr     	jsr     tosicmp
001922r 1  90 12        	bcc     L036D
001924r 1  F0 10        	beq     L036D
001926r 1  A9 C8        	lda     #$C8
001928r 1  20 rr rr     	jsr     pusha0
00192Br 1  A0 06        	ldy     #$06
00192Dr 1  B1 rr        	lda     (regbank+4),y
00192Fr 1  20 rr rr     	jsr     tossuba0
001932r 1  A0 00        	ldy     #$00
001934r 1  91 rr        	sta     (sp),y
001936r 1  A0 02        L036D:	ldy     #$02
001938r 1  B1 rr        	lda     (sp),y
00193Ar 1  AA           	tax
00193Br 1  88           	dey
00193Cr 1  B1 rr        	lda     (sp),y
00193Er 1  EC rr rr     	cpx     _drag_x+1
001941r 1  D0 0D        	bne     L0371
001943r 1  CD rr rr     	cmp     _drag_x
001946r 1  D0 08        	bne     L0371
001948r 1  88           	dey
001949r 1  B1 rr        	lda     (sp),y
00194Br 1  CD rr rr     	cmp     _drag_y
00194Er 1  F0 61        	beq     L0353
001950r 1  20 rr rr     L0371:	jsr     _udeks_vic_bitmap_reset_clip
001953r 1  20 rr rr     	jsr     decsp8
001956r 1  AD rr rr     	lda     _drag_x
001959r 1  A0 06        	ldy     #$06
00195Br 1  91 rr        	sta     (sp),y
00195Dr 1  C8           	iny
00195Er 1  AD rr rr     	lda     _drag_x+1
001961r 1  91 rr        	sta     (sp),y
001963r 1  AD rr rr     	lda     _drag_y
001966r 1  A0 05        	ldy     #$05
001968r 1  91 rr        	sta     (sp),y
00196Ar 1  A0 0A        	ldy     #$0A
00196Cr 1  B1 rr        	lda     (sp),y
00196Er 1  AA           	tax
00196Fr 1  88           	dey
001970r 1  B1 rr        	lda     (sp),y
001972r 1  A0 03        	ldy     #$03
001974r 1  91 rr        	sta     (sp),y
001976r 1  C8           	iny
001977r 1  8A           	txa
001978r 1  91 rr        	sta     (sp),y
00197Ar 1  A0 08        	ldy     #$08
00197Cr 1  B1 rr        	lda     (sp),y
00197Er 1  A0 02        	ldy     #$02
001980r 1  91 rr        	sta     (sp),y
001982r 1  A0 05        	ldy     #$05
001984r 1  B1 rr        	lda     (regbank+4),y
001986r 1  AA           	tax
001987r 1  88           	dey
001988r 1  B1 rr        	lda     (regbank+4),y
00198Ar 1  A0 00        	ldy     #$00
00198Cr 1  91 rr        	sta     (sp),y
00198Er 1  C8           	iny
00198Fr 1  8A           	txa
001990r 1  91 rr        	sta     (sp),y
001992r 1  A0 06        	ldy     #$06
001994r 1  B1 rr        	lda     (regbank+4),y
001996r 1  20 rr rr     	jsr     _udeks_vic_bitmap_outline_move
001999r 1  A0 02        	ldy     #$02
00199Br 1  B1 rr        	lda     (sp),y
00199Dr 1  8D rr rr     	sta     _drag_x+1
0019A0r 1  88           	dey
0019A1r 1  B1 rr        	lda     (sp),y
0019A3r 1  8D rr rr     	sta     _drag_x
0019A6r 1  88           	dey
0019A7r 1  B1 rr        	lda     (sp),y
0019A9r 1  8D rr rr     	sta     _drag_y
0019ACr 1  A9 16        	lda     #$16
0019AEr 1  20 rr rr     	jsr     _increment_counter
0019B1r 1  A0 03        L0353:	ldy     #$03
0019B3r 1  B1 rr        	lda     (sp),y
0019B5r 1  85 rr        	sta     regbank+4
0019B7r 1  C8           	iny
0019B8r 1  B1 rr        	lda     (sp),y
0019BAr 1  85 rr        	sta     regbank+5
0019BCr 1  4C rr rr     	jmp     incsp8
0019BFr 1               
0019BFr 1               .endproc
0019BFr 1               
0019BFr 1               ; ---------------------------------------------------------------
0019BFr 1               ; void __near__ resize_drag (unsigned int, unsigned char)
0019BFr 1               ; ---------------------------------------------------------------
0019BFr 1               
0019BFr 1               .segment	"CODE"
0019BFr 1               
0019BFr 1               .proc	_resize_drag: near
0019BFr 1               
0019BFr 1               .segment	"CODE"
0019BFr 1               
0019BFr 1  20 rr rr     	jsr     pusha
0019C2r 1  20 rr rr     	jsr     decsp3
0019C5r 1  A0 05        	ldy     #$05
0019C7r 1  B1 rr        	lda     (sp),y
0019C9r 1  AA           	tax
0019CAr 1  88           	dey
0019CBr 1  B1 rr        	lda     (sp),y
0019CDr 1  38           	sec
0019CEr 1  ED rr rr     	sbc     _drag_x
0019D1r 1  85 rr        	sta     tmp1
0019D3r 1  8A           	txa
0019D4r 1  ED rr rr     	sbc     _drag_x+1
0019D7r 1  05 rr        	ora     tmp1
0019D9r 1  90 1D        	bcc     L0386
0019DBr 1  F0 1B        	beq     L0386
0019DDr 1  C8           	iny
0019DEr 1  B1 rr        	lda     (sp),y
0019E0r 1  AA           	tax
0019E1r 1  88           	dey
0019E2r 1  B1 rr        	lda     (sp),y
0019E4r 1  38           	sec
0019E5r 1  ED rr rr     	sbc     _drag_x
0019E8r 1  48           	pha
0019E9r 1  8A           	txa
0019EAr 1  ED rr rr     	sbc     _drag_x+1
0019EDr 1  AA           	tax
0019EEr 1  68           	pla
0019EFr 1  18           	clc
0019F0r 1  69 01        	adc     #$01
0019F2r 1  90 08        	bcc     L0389
0019F4r 1  E8           	inx
0019F5r 1  4C rr rr     	jmp     L0389
0019F8r 1  A2 00        L0386:	ldx     #$00
0019FAr 1  A9 30        	lda     #$30
0019FCr 1  A0 01        L0389:	ldy     #$01
0019FEr 1  20 rr rr     	jsr     staxysp
001A01r 1  A0 03        	ldy     #$03
001A03r 1  B1 rr        	lda     (sp),y
001A05r 1  38           	sec
001A06r 1  ED rr rr     	sbc     _drag_y
001A09r 1  90 0E        	bcc     L0749
001A0Br 1  F0 0C        	beq     L0749
001A0Dr 1  B1 rr        	lda     (sp),y
001A0Fr 1  38           	sec
001A10r 1  ED rr rr     	sbc     _drag_y
001A13r 1  18           	clc
001A14r 1  69 01        	adc     #$01
001A16r 1  4C rr rr     	jmp     L074A
001A19r 1  A9 30        L0749:	lda     #$30
001A1Br 1  A0 00        L074A:	ldy     #$00
001A1Dr 1  91 rr        	sta     (sp),y
001A1Fr 1  A0 02        	ldy     #$02
001A21r 1  B1 rr        	lda     (sp),y
001A23r 1  C9 00        	cmp     #$00
001A25r 1  D0 05        	bne     L0395
001A27r 1  88           	dey
001A28r 1  B1 rr        	lda     (sp),y
001A2Ar 1  C9 30        	cmp     #$30
001A2Cr 1  B0 0B        L0395:	bcs     L0393
001A2Er 1  A0 01        	ldy     #$01
001A30r 1  A9 30        	lda     #$30
001A32r 1  91 rr        	sta     (sp),y
001A34r 1  A9 00        	lda     #$00
001A36r 1  C8           	iny
001A37r 1  91 rr        	sta     (sp),y
001A39r 1  A0 00        L0393:	ldy     #$00
001A3Br 1  B1 rr        	lda     (sp),y
001A3Dr 1  C9 30        	cmp     #$30
001A3Fr 1  B0 04        	bcs     L0398
001A41r 1  A9 30        	lda     #$30
001A43r 1  91 rr        	sta     (sp),y
001A45r 1  A0 04        L0398:	ldy     #$04
001A47r 1  20 rr rr     	jsr     pushwysp
001A4Ar 1  A9 40        	lda     #$40
001A4Cr 1  38           	sec
001A4Dr 1  ED rr rr     	sbc     _drag_x
001A50r 1  48           	pha
001A51r 1  A9 01        	lda     #$01
001A53r 1  ED rr rr     	sbc     _drag_x+1
001A56r 1  AA           	tax
001A57r 1  68           	pla
001A58r 1  20 rr rr     	jsr     tosicmp
001A5Br 1  90 15        	bcc     L039C
001A5Dr 1  F0 13        	beq     L039C
001A5Fr 1  A9 40        	lda     #$40
001A61r 1  38           	sec
001A62r 1  ED rr rr     	sbc     _drag_x
001A65r 1  48           	pha
001A66r 1  A9 01        	lda     #$01
001A68r 1  ED rr rr     	sbc     _drag_x+1
001A6Br 1  AA           	tax
001A6Cr 1  68           	pla
001A6Dr 1  A0 01        	ldy     #$01
001A6Fr 1  20 rr rr     	jsr     staxysp
001A72r 1  A2 00        L039C:	ldx     #$00
001A74r 1  A1 rr        	lda     (sp,x)
001A76r 1  20 rr rr     	jsr     pusha0
001A79r 1  A9 C8        	lda     #$C8
001A7Br 1  38           	sec
001A7Cr 1  ED rr rr     	sbc     _drag_y
001A7Fr 1  20 rr rr     	jsr     tosicmp0
001A82r 1  90 0C        	bcc     L03A0
001A84r 1  F0 0A        	beq     L03A0
001A86r 1  A9 C8        	lda     #$C8
001A88r 1  38           	sec
001A89r 1  ED rr rr     	sbc     _drag_y
001A8Cr 1  A0 00        	ldy     #$00
001A8Er 1  91 rr        	sta     (sp),y
001A90r 1  A0 02        L03A0:	ldy     #$02
001A92r 1  B1 rr        	lda     (sp),y
001A94r 1  AA           	tax
001A95r 1  88           	dey
001A96r 1  B1 rr        	lda     (sp),y
001A98r 1  EC rr rr     	cpx     _drag_width+1
001A9Br 1  D0 0D        	bne     L03A5
001A9Dr 1  CD rr rr     	cmp     _drag_width
001AA0r 1  D0 08        	bne     L03A5
001AA2r 1  88           	dey
001AA3r 1  B1 rr        	lda     (sp),y
001AA5r 1  CD rr rr     	cmp     _drag_height
001AA8r 1  F0 73        	beq     L0383
001AAAr 1  20 rr rr     L03A5:	jsr     _udeks_vic_bitmap_reset_clip
001AADr 1  20 rr rr     	jsr     decsp5
001AB0r 1  AD rr rr     	lda     _drag_x
001AB3r 1  A0 03        	ldy     #$03
001AB5r 1  91 rr        	sta     (sp),y
001AB7r 1  C8           	iny
001AB8r 1  AD rr rr     	lda     _drag_x+1
001ABBr 1  91 rr        	sta     (sp),y
001ABDr 1  AD rr rr     	lda     _drag_y
001AC0r 1  A0 02        	ldy     #$02
001AC2r 1  91 rr        	sta     (sp),y
001AC4r 1  AD rr rr     	lda     _drag_width
001AC7r 1  A0 00        	ldy     #$00
001AC9r 1  91 rr        	sta     (sp),y
001ACBr 1  C8           	iny
001ACCr 1  AD rr rr     	lda     _drag_width+1
001ACFr 1  91 rr        	sta     (sp),y
001AD1r 1  AD rr rr     	lda     _drag_height
001AD4r 1  20 rr rr     	jsr     _udeks_vic_bitmap_outline_toggle
001AD7r 1  20 rr rr     	jsr     decsp5
001ADAr 1  AD rr rr     	lda     _drag_x
001ADDr 1  A0 03        	ldy     #$03
001ADFr 1  91 rr        	sta     (sp),y
001AE1r 1  C8           	iny
001AE2r 1  AD rr rr     	lda     _drag_x+1
001AE5r 1  91 rr        	sta     (sp),y
001AE7r 1  AD rr rr     	lda     _drag_y
001AEAr 1  A0 02        	ldy     #$02
001AECr 1  91 rr        	sta     (sp),y
001AEEr 1  A0 07        	ldy     #$07
001AF0r 1  B1 rr        	lda     (sp),y
001AF2r 1  AA           	tax
001AF3r 1  88           	dey
001AF4r 1  B1 rr        	lda     (sp),y
001AF6r 1  A0 00        	ldy     #$00
001AF8r 1  91 rr        	sta     (sp),y
001AFAr 1  C8           	iny
001AFBr 1  8A           	txa
001AFCr 1  91 rr        	sta     (sp),y
001AFEr 1  A0 05        	ldy     #$05
001B00r 1  B1 rr        	lda     (sp),y
001B02r 1  20 rr rr     	jsr     _udeks_vic_bitmap_outline_toggle
001B05r 1  A0 02        	ldy     #$02
001B07r 1  B1 rr        	lda     (sp),y
001B09r 1  8D rr rr     	sta     _drag_width+1
001B0Cr 1  88           	dey
001B0Dr 1  B1 rr        	lda     (sp),y
001B0Fr 1  8D rr rr     	sta     _drag_width
001B12r 1  88           	dey
001B13r 1  B1 rr        	lda     (sp),y
001B15r 1  8D rr rr     	sta     _drag_height
001B18r 1  A9 16        	lda     #$16
001B1Ar 1  20 rr rr     	jsr     _increment_counter
001B1Dr 1  4C rr rr     L0383:	jmp     incsp6
001B20r 1               
001B20r 1               .endproc
001B20r 1               
001B20r 1               ; ---------------------------------------------------------------
001B20r 1               ; void __near__ finish_drag (void)
001B20r 1               ; ---------------------------------------------------------------
001B20r 1               
001B20r 1               .segment	"CODE"
001B20r 1               
001B20r 1               .proc	_finish_drag: near
001B20r 1               
001B20r 1               .segment	"CODE"
001B20r 1               
001B20r 1  A5 rr        	lda     regbank+4
001B22r 1  A6 rr        	ldx     regbank+5
001B24r 1  20 rr rr     	jsr     pushax
001B27r 1  20 rr rr     	jsr     decsp1
001B2Ar 1  AD rr rr     	lda     _dragging_handle
001B2Dr 1  A0 00        	ldy     #$00
001B2Fr 1  91 rr        	sta     (sp),y
001B31r 1  20 rr rr     	jsr     _window_by_handle
001B34r 1  85 rr        	sta     regbank+4
001B36r 1  86 rr        	stx     regbank+4+1
001B38r 1  E0 00        	cpx     #$00
001B3Ar 1  D0 0A        	bne     L03C0
001B3Cr 1  C9 00        	cmp     #$00
001B3Er 1  D0 06        	bne     L03C0
001B40r 1  8D rr rr     	sta     _dragging_handle
001B43r 1  4C rr rr     	jmp     L03BA
001B46r 1  20 rr rr     L03C0:	jsr     _udeks_vic_bitmap_reset_clip
001B49r 1  20 rr rr     	jsr     decsp5
001B4Cr 1  AD rr rr     	lda     _drag_x
001B4Fr 1  A0 03        	ldy     #$03
001B51r 1  91 rr        	sta     (sp),y
001B53r 1  C8           	iny
001B54r 1  AD rr rr     	lda     _drag_x+1
001B57r 1  91 rr        	sta     (sp),y
001B59r 1  AD rr rr     	lda     _drag_y
001B5Cr 1  A0 02        	ldy     #$02
001B5Er 1  91 rr        	sta     (sp),y
001B60r 1  AD rr rr     	lda     _drag_width
001B63r 1  A0 00        	ldy     #$00
001B65r 1  91 rr        	sta     (sp),y
001B67r 1  C8           	iny
001B68r 1  AD rr rr     	lda     _drag_width+1
001B6Br 1  91 rr        	sta     (sp),y
001B6Dr 1  AD rr rr     	lda     _drag_height
001B70r 1  20 rr rr     	jsr     _udeks_vic_bitmap_outline_toggle
001B73r 1  A5 rr        	lda     regbank+4
001B75r 1  A6 rr        	ldx     regbank+4+1
001B77r 1  20 rr rr     	jsr     _damage_set
001B7Ar 1  AD rr rr     	lda     _drag_x
001B7Dr 1  A0 01        	ldy     #$01
001B7Fr 1  91 rr        	sta     (regbank+4),y
001B81r 1  C8           	iny
001B82r 1  AD rr rr     	lda     _drag_x+1
001B85r 1  91 rr        	sta     (regbank+4),y
001B87r 1  AD rr rr     	lda     _drag_y
001B8Ar 1  C8           	iny
001B8Br 1  91 rr        	sta     (regbank+4),y
001B8Dr 1  AD rr rr     	lda     _drag_width
001B90r 1  C8           	iny
001B91r 1  91 rr        	sta     (regbank+4),y
001B93r 1  C8           	iny
001B94r 1  AD rr rr     	lda     _drag_width+1
001B97r 1  91 rr        	sta     (regbank+4),y
001B99r 1  AD rr rr     	lda     _drag_height
001B9Cr 1  C8           	iny
001B9Dr 1  91 rr        	sta     (regbank+4),y
001B9Fr 1  A5 rr        	lda     regbank+4
001BA1r 1  A6 rr        	ldx     regbank+4+1
001BA3r 1  20 rr rr     	jsr     _damage_add
001BA6r 1  A9 00        	lda     #$00
001BA8r 1  8D rr rr     	sta     _dragging_handle
001BABr 1  AD rr rr     	lda     _drag_mode
001BAEr 1  29 80        	and     #$80
001BB0r 1  F0 0A        	beq     L074D
001BB2r 1  A0 00        	ldy     #$00
001BB4r 1  B1 rr        	lda     (sp),y
001BB6r 1  20 rr rr     	jsr     _cache_paint_image
001BB9r 1  4C rr rr     	jmp     L03DF
001BBCr 1  8D rr rr     L074D:	sta     _drag_mode
001BBFr 1  20 rr rr     	jsr     _compose_damage
001BC2r 1  20 rr rr     L03DF:	jsr     _udeks_pointer_resynchronize
001BC5r 1  A9 1A        	lda     #$1A
001BC7r 1  20 rr rr     	jsr     _increment_counter
001BCAr 1  A0 01        L03BA:	ldy     #$01
001BCCr 1  B1 rr        	lda     (sp),y
001BCEr 1  85 rr        	sta     regbank+4
001BD0r 1  C8           	iny
001BD1r 1  B1 rr        	lda     (sp),y
001BD3r 1  85 rr        	sta     regbank+5
001BD5r 1  4C rr rr     	jmp     incsp3
001BD8r 1               
001BD8r 1               .endproc
001BD8r 1               
001BD8r 1               ; ---------------------------------------------------------------
001BD8r 1               ; unsigned char __near__ lane_raster_step (register __near__ const struct udeks_repaint_lane_work *)
001BD8r 1               ; ---------------------------------------------------------------
001BD8r 1               
001BD8r 1               .segment	"CODE"
001BD8r 1               
001BD8r 1               .proc	_lane_raster_step: near
001BD8r 1               
001BD8r 1               .segment	"CODE"
001BD8r 1               
001BD8r 1  20 rr rr     	jsr     pushax
001BDBr 1  A0 00        	ldy     #$00
001BDDr 1  A2 04        	ldx     #$04
001BDFr 1  20 rr rr     	jsr     regswap2
001BE2r 1  A5 rr        	lda     regbank+2
001BE4r 1  A6 rr        	ldx     regbank+3
001BE6r 1  20 rr rr     	jsr     pushax
001BE9r 1  A5 rr        	lda     regbank+1
001BEBr 1  20 rr rr     	jsr     pusha
001BEEr 1  A5 rr        	lda     regbank+0
001BF0r 1  20 rr rr     	jsr     pusha
001BF3r 1  A9 00        	lda     #$00
001BF5r 1  85 rr        	sta     regbank+0
001BF7r 1  20 rr rr     	jsr     decsp1
001BFAr 1  A5 rr        	lda     regbank+4
001BFCr 1  05 rr        	ora     regbank+4+1
001BFEr 1  D0 06        	bne     L05AE
001C00r 1  AA           	tax
001C01r 1  A9 02        	lda     #$02
001C03r 1  4C rr rr     	jmp     L05AC
001C06r 1  A5 rr        L05AE:	lda     regbank+4
001C08r 1  A6 rr        	ldx     regbank+4+1
001C0Ar 1  20 rr rr     	jsr     _repaint_receipt_validate
001C0Dr 1  A0 00        	ldy     #$00
001C0Fr 1  91 rr        	sta     (sp),y
001C11r 1  B1 rr        	lda     (sp),y
001C13r 1  F0 07        	beq     L05B4
001C15r 1  A2 00        	ldx     #$00
001C17r 1  B1 rr        	lda     (sp),y
001C19r 1  4C rr rr     	jmp     L05AC
001C1Cr 1  A0 04        L05B4:	ldy     #$04
001C1Er 1  B1 rr        	lda     (regbank+4),y
001C20r 1  C9 06        	cmp     #$06
001C22r 1  D0 48        	bne     L0757
001C24r 1  88           	dey
001C25r 1  B1 rr        	lda     (regbank+4),y
001C27r 1  AA           	tax
001C28r 1  88           	dey
001C29r 1  B1 rr        	lda     (regbank+4),y
001C2Br 1  C9 20        	cmp     #$20
001C2Dr 1  8A           	txa
001C2Er 1  E9 00        	sbc     #$00
001C30r 1  90 06        	bcc     L0753
001C32r 1  A2 00        	ldx     #$00
001C34r 1  98           	tya
001C35r 1  4C rr rr     	jmp     L05AC
001C38r 1  B1 rr        L0753:	lda     (regbank+4),y
001C3Ar 1  A0 00        	ldy     #$00
001C3Cr 1  91 rr        	sta     (sp),y
001C3Er 1  A2 E1        	ldx     #$E1
001C40r 1  A9 90        	lda     #$90
001C42r 1  18           	clc
001C43r 1  71 rr        	adc     (sp),y
001C45r 1  90 01        	bcc     L05C2
001C47r 1  E8           	inx
001C48r 1  85 rr        L05C2:	sta     ptr1
001C4Ar 1  86 rr        	stx     ptr1+1
001C4Cr 1  B1 rr        	lda     (ptr1),y
001C4Er 1  F0 10        	beq     L0755
001C50r 1  B1 rr        	lda     (sp),y
001C52r 1  20 rr rr     	jsr     _udeks_vic_bitmap_commit_page
001C55r 1  A0 00        	ldy     #$00
001C57r 1  B1 rr        	lda     (sp),y
001C59r 1  A8           	tay
001C5Ar 1  A9 00        	lda     #$00
001C5Cr 1  99 90 E1     	sta     $E190,y
001C5Fr 1  A8           	tay
001C60r 1  B1 rr        L0755:	lda     (sp),y
001C62r 1  C9 1F        	cmp     #$1F
001C64r 1  20 rr rr     	jsr     boolne
001C67r 1  85 rr        	sta     regbank+0
001C69r 1  4C rr rr     	jmp     L05F9
001C6Cr 1  B1 rr        L0757:	lda     (regbank+4),y
001C6Er 1  C9 01        	cmp     #$01
001C70r 1  F0 0B        	beq     L05CD
001C72r 1  C9 03        	cmp     #$03
001C74r 1  F0 07        	beq     L05CD
001C76r 1  A2 00        	ldx     #$00
001C78r 1  A9 06        	lda     #$06
001C7Ar 1  4C rr rr     	jmp     L05AC
001C7Dr 1  A0 07        L05CD:	ldy     #$07
001C7Fr 1  B1 rr        	lda     (regbank+4),y
001C81r 1  AA           	tax
001C82r 1  88           	dey
001C83r 1  B1 rr        	lda     (regbank+4),y
001C85r 1  20 rr rr     	jsr     pushax
001C88r 1  A0 09        	ldy     #$09
001C8Ar 1  B1 rr        	lda     (regbank+4),y
001C8Cr 1  AA           	tax
001C8Dr 1  88           	dey
001C8Er 1  B1 rr        	lda     (regbank+4),y
001C90r 1  20 rr rr     	jsr     tosicmp
001C93r 1  B0 27        	bcs     L075A
001C95r 1  A0 09        	ldy     #$09
001C97r 1  B1 rr        	lda     (regbank+4),y
001C99r 1  AA           	tax
001C9Ar 1  88           	dey
001C9Br 1  B1 rr        	lda     (regbank+4),y
001C9Dr 1  C9 41        	cmp     #$41
001C9Fr 1  8A           	txa
001CA0r 1  E9 01        	sbc     #$01
001CA2r 1  B0 18        	bcs     L075A
001CA4r 1  A0 0A        	ldy     #$0A
001CA6r 1  B1 rr        	lda     (regbank+4),y
001CA8r 1  20 rr rr     	jsr     pusha0
001CABr 1  A0 0B        	ldy     #$0B
001CADr 1  B1 rr        	lda     (regbank+4),y
001CAFr 1  20 rr rr     	jsr     tosicmp0
001CB2r 1  B0 08        	bcs     L075A
001CB4r 1  A0 0B        	ldy     #$0B
001CB6r 1  B1 rr        	lda     (regbank+4),y
001CB8r 1  C9 C9        	cmp     #$C9
001CBAr 1  90 07        	bcc     L05D2
001CBCr 1  A2 00        L075A:	ldx     #$00
001CBEr 1  A9 02        	lda     #$02
001CC0r 1  4C rr rr     	jmp     L05AC
001CC3r 1  A0 04        L05D2:	ldy     #$04
001CC5r 1  B1 rr        	lda     (regbank+4),y
001CC7r 1  C9 01        	cmp     #$01
001CC9r 1  D0 26        	bne     L05D6
001CCBr 1  A0 0B        	ldy     #$0B
001CCDr 1  B1 rr        	lda     (regbank+4),y
001CCFr 1  20 rr rr     	jsr     pusha0
001CD2r 1  A0 0A        	ldy     #$0A
001CD4r 1  B1 rr        	lda     (regbank+4),y
001CD6r 1  20 rr rr     	jsr     tossuba0
001CD9r 1  C9 05        	cmp     #$05
001CDBr 1  8A           	txa
001CDCr 1  E9 00        	sbc     #$00
001CDEr 1  A9 00        	lda     #$00
001CE0r 1  AA           	tax
001CE1r 1  90 05        	bcc     L075C
001CE3r 1  A9 02        	lda     #$02
001CE5r 1  4C rr rr     	jmp     L05AC
001CE8r 1  85 rr        L075C:	sta     regbank+2
001CEAr 1  85 rr        	sta     regbank+2+1
001CECr 1  85 rr        	sta     regbank+1
001CEEr 1  4C rr rr     	jmp     L05DF
001CF1r 1  C8           L05D6:	iny
001CF2r 1  B1 rr        	lda     (regbank+4),y
001CF4r 1  29 07        	and     #$07
001CF6r 1  20 rr rr     	jsr     _window_by_handle
001CF9r 1  85 rr        	sta     regbank+2
001CFBr 1  86 rr        	stx     regbank+2+1
001CFDr 1  A5 rr        	lda     regbank+2
001CFFr 1  05 rr        	ora     regbank+2+1
001D01r 1  D0 03 4C rr  	jeq     L075D
001D05r 1  rr           
001D06r 1  A0 07        	ldy     #$07
001D08r 1  A2 00        	ldx     #$00
001D0Ar 1  B1 rr        	lda     (regbank+2),y
001D0Cr 1  85 rr        	sta     ptr1
001D0Er 1  86 rr        	stx     ptr1+1
001D10r 1  A0 05        	ldy     #$05
001D12r 1  B1 rr        	lda     (regbank+4),y
001D14r 1  4A           	lsr     a
001D15r 1  4A           	lsr     a
001D16r 1  4A           	lsr     a
001D17r 1  E4 rr        	cpx     ptr1+1
001D19r 1  F0 03 4C rr  	jne     L075E
001D1Dr 1  rr           
001D1Er 1  C5 rr        	cmp     ptr1
001D20r 1  F0 03 4C rr  	jne     L075E
001D24r 1  rr           
001D25r 1  A0 07        	ldy     #$07
001D27r 1  B1 rr        	lda     (regbank+4),y
001D29r 1  AA           	tax
001D2Ar 1  88           	dey
001D2Br 1  B1 rr        	lda     (regbank+4),y
001D2Dr 1  20 rr rr     	jsr     pushax
001D30r 1  A0 02        	ldy     #$02
001D32r 1  B1 rr        	lda     (regbank+2),y
001D34r 1  AA           	tax
001D35r 1  88           	dey
001D36r 1  B1 rr        	lda     (regbank+2),y
001D38r 1  20 rr rr     	jsr     tosicmp
001D3Br 1  90 74        	bcc     L075D
001D3Dr 1  A0 09        	ldy     #$09
001D3Fr 1  B1 rr        	lda     (regbank+4),y
001D41r 1  AA           	tax
001D42r 1  88           	dey
001D43r 1  B1 rr        	lda     (regbank+4),y
001D45r 1  20 rr rr     	jsr     pushax
001D48r 1  A0 02        	ldy     #$02
001D4Ar 1  B1 rr        	lda     (regbank+2),y
001D4Cr 1  AA           	tax
001D4Dr 1  88           	dey
001D4Er 1  B1 rr        	lda     (regbank+2),y
001D50r 1  20 rr rr     	jsr     pushax
001D53r 1  A0 05        	ldy     #$05
001D55r 1  B1 rr        	lda     (regbank+2),y
001D57r 1  AA           	tax
001D58r 1  88           	dey
001D59r 1  B1 rr        	lda     (regbank+2),y
001D5Br 1  20 rr rr     	jsr     tosaddax
001D5Er 1  20 rr rr     	jsr     tosicmp
001D61r 1  F0 02        	beq     L0750
001D63r 1  B0 4C        	bcs     L075D
001D65r 1  A0 0A        L0750:	ldy     #$0A
001D67r 1  B1 rr        	lda     (regbank+4),y
001D69r 1  20 rr rr     	jsr     pusha0
001D6Cr 1  A0 03        	ldy     #$03
001D6Er 1  B1 rr        	lda     (regbank+2),y
001D70r 1  20 rr rr     	jsr     tosicmp0
001D73r 1  90 3C        	bcc     L075D
001D75r 1  A0 0B        	ldy     #$0B
001D77r 1  B1 rr        	lda     (regbank+4),y
001D79r 1  20 rr rr     	jsr     pusha0
001D7Cr 1  A0 03        	ldy     #$03
001D7Er 1  B1 rr        	lda     (regbank+2),y
001D80r 1  85 rr        	sta     ptr1
001D82r 1  A0 06        	ldy     #$06
001D84r 1  B1 rr        	lda     (regbank+2),y
001D86r 1  18           	clc
001D87r 1  65 rr        	adc     ptr1
001D89r 1  90 01        	bcc     L074F
001D8Br 1  E8           	inx
001D8Cr 1  20 rr rr     L074F:	jsr     tosicmp
001D8Fr 1  F0 02        	beq     L0751
001D91r 1  B0 1E        	bcs     L075D
001D93r 1  A0 03        L0751:	ldy     #$03
001D95r 1  B1 rr        	lda     (regbank+4),y
001D97r 1  AA           	tax
001D98r 1  88           	dey
001D99r 1  B1 rr        	lda     (regbank+4),y
001D9Br 1  20 rr rr     	jsr     pushax
001D9Er 1  A0 0B        	ldy     #$0B
001DA0r 1  B1 rr        	lda     (regbank+4),y
001DA2r 1  20 rr rr     	jsr     pusha0
001DA5r 1  A0 0A        	ldy     #$0A
001DA7r 1  B1 rr        	lda     (regbank+4),y
001DA9r 1  20 rr rr     	jsr     tossuba0
001DACr 1  20 rr rr     	jsr     tosicmp
001DAFr 1  90 07        	bcc     L05E3
001DB1r 1  A2 00        L075D:	ldx     #$00
001DB3r 1  A9 03        L075E:	lda     #$03
001DB5r 1  4C rr rr     	jmp     L05AC
001DB8r 1  A0 0A        L05E3:	ldy     #$0A
001DBAr 1  B1 rr        	lda     (regbank+4),y
001DBCr 1  20 rr rr     	jsr     pusha0
001DBFr 1  A0 03        	ldy     #$03
001DC1r 1  B1 rr        	lda     (regbank+4),y
001DC3r 1  AA           	tax
001DC4r 1  88           	dey
001DC5r 1  B1 rr        	lda     (regbank+4),y
001DC7r 1  20 rr rr     	jsr     tosaddax
001DCAr 1  85 rr        	sta     regbank+1
001DCCr 1  A2 00        	ldx     #$00
001DCEr 1  A5 rr        	lda     regbank+1
001DD0r 1  18           	clc
001DD1r 1  69 01        	adc     #$01
001DD3r 1  90 01        	bcc     L05EB
001DD5r 1  E8           	inx
001DD6r 1  20 rr rr     L05EB:	jsr     pushax
001DD9r 1  A0 0B        	ldy     #$0B
001DDBr 1  B1 rr        	lda     (regbank+4),y
001DDDr 1  20 rr rr     	jsr     tosulta0
001DE0r 1  85 rr        	sta     regbank+0
001DE2r 1  20 rr rr     L05DF:	jsr     decsp6
001DE5r 1  A0 07        	ldy     #$07
001DE7r 1  B1 rr        	lda     (regbank+4),y
001DE9r 1  AA           	tax
001DEAr 1  88           	dey
001DEBr 1  B1 rr        	lda     (regbank+4),y
001DEDr 1  A0 04        	ldy     #$04
001DEFr 1  91 rr        	sta     (sp),y
001DF1r 1  C8           	iny
001DF2r 1  8A           	txa
001DF3r 1  91 rr        	sta     (sp),y
001DF5r 1  A0 0A        	ldy     #$0A
001DF7r 1  B1 rr        	lda     (regbank+4),y
001DF9r 1  A0 02        	ldy     #$02
001DFBr 1  91 rr        	sta     (sp),y
001DFDr 1  C8           	iny
001DFEr 1  A9 00        	lda     #$00
001E00r 1  91 rr        	sta     (sp),y
001E02r 1  A0 09        	ldy     #$09
001E04r 1  B1 rr        	lda     (regbank+4),y
001E06r 1  AA           	tax
001E07r 1  88           	dey
001E08r 1  B1 rr        	lda     (regbank+4),y
001E0Ar 1  20 rr rr     	jsr     pushax
001E0Dr 1  A0 07        	ldy     #$07
001E0Fr 1  B1 rr        	lda     (regbank+4),y
001E11r 1  AA           	tax
001E12r 1  88           	dey
001E13r 1  B1 rr        	lda     (regbank+4),y
001E15r 1  20 rr rr     	jsr     tossubax
001E18r 1  A0 00        	ldy     #$00
001E1Ar 1  91 rr        	sta     (sp),y
001E1Cr 1  C8           	iny
001E1Dr 1  8A           	txa
001E1Er 1  91 rr        	sta     (sp),y
001E20r 1  A0 0B        	ldy     #$0B
001E22r 1  B1 rr        	lda     (regbank+4),y
001E24r 1  20 rr rr     	jsr     pusha0
001E27r 1  A0 0A        	ldy     #$0A
001E29r 1  B1 rr        	lda     (regbank+4),y
001E2Br 1  20 rr rr     	jsr     tossuba0
001E2Er 1  20 rr rr     	jsr     _udeks_vic_bitmap_set_clip
001E31r 1  A5 rr        	lda     regbank+2
001E33r 1  05 rr        	ora     regbank+2+1
001E35r 1  D0 5A        	bne     L05F1
001E37r 1  20 rr rr     	jsr     decsp8
001E3Ar 1  A0 07        	ldy     #$07
001E3Cr 1  B1 rr        	lda     (regbank+4),y
001E3Er 1  AA           	tax
001E3Fr 1  88           	dey
001E40r 1  B1 rr        	lda     (regbank+4),y
001E42r 1  91 rr        	sta     (sp),y
001E44r 1  C8           	iny
001E45r 1  8A           	txa
001E46r 1  91 rr        	sta     (sp),y
001E48r 1  A0 0A        	ldy     #$0A
001E4Ar 1  B1 rr        	lda     (regbank+4),y
001E4Cr 1  A0 04        	ldy     #$04
001E4Er 1  91 rr        	sta     (sp),y
001E50r 1  C8           	iny
001E51r 1  A9 00        	lda     #$00
001E53r 1  91 rr        	sta     (sp),y
001E55r 1  A0 09        	ldy     #$09
001E57r 1  B1 rr        	lda     (regbank+4),y
001E59r 1  AA           	tax
001E5Ar 1  88           	dey
001E5Br 1  B1 rr        	lda     (regbank+4),y
001E5Dr 1  20 rr rr     	jsr     pushax
001E60r 1  A0 07        	ldy     #$07
001E62r 1  B1 rr        	lda     (regbank+4),y
001E64r 1  AA           	tax
001E65r 1  88           	dey
001E66r 1  B1 rr        	lda     (regbank+4),y
001E68r 1  20 rr rr     	jsr     tossubax
001E6Br 1  A0 02        	ldy     #$02
001E6Dr 1  91 rr        	sta     (sp),y
001E6Fr 1  C8           	iny
001E70r 1  8A           	txa
001E71r 1  91 rr        	sta     (sp),y
001E73r 1  A0 0B        	ldy     #$0B
001E75r 1  B1 rr        	lda     (regbank+4),y
001E77r 1  20 rr rr     	jsr     pusha0
001E7Ar 1  A0 0A        	ldy     #$0A
001E7Cr 1  B1 rr        	lda     (regbank+4),y
001E7Er 1  20 rr rr     	jsr     tossuba0
001E81r 1  A0 00        	ldy     #$00
001E83r 1  91 rr        	sta     (sp),y
001E85r 1  C8           	iny
001E86r 1  8A           	txa
001E87r 1  91 rr        	sta     (sp),y
001E89r 1  A9 07        	lda     #$07
001E8Br 1  20 rr rr     	jsr     _udeks_vic_bitmap_fill
001E8Er 1  4C rr rr     	jmp     L05F9
001E91r 1  A5 rr        L05F1:	lda     regbank+2
001E93r 1  A6 rr        	ldx     regbank+2+1
001E95r 1  20 rr rr     	jsr     pushax
001E98r 1  A5 rr        	lda     regbank+1
001E9Ar 1  20 rr rr     	jsr     pusha0
001E9Dr 1  A0 03        	ldy     #$03
001E9Fr 1  B1 rr        	lda     (regbank+2),y
001EA1r 1  20 rr rr     	jsr     tossuba0
001EA4r 1  20 rr rr     	jsr     _draw_chrome_row
001EA7r 1  20 rr rr     L05F9:	jsr     _udeks_vic_bitmap_reset_clip
001EAAr 1  A5 rr        	lda     regbank+4
001EACr 1  A6 rr        	ldx     regbank+4+1
001EAEr 1  20 rr rr     	jsr     pushax
001EB1r 1  A5 rr        	lda     regbank+0
001EB3r 1  20 rr rr     	jsr     _repaint_receipt_ack
001EB6r 1  48           L05AC:	pha
001EB7r 1  86 rr        	stx     tmp1
001EB9r 1  A0 06        	ldy     #$06
001EBBr 1  A2 05        	ldx     #$05
001EBDr 1  B1 rr        L0601:	lda     (sp),y
001EBFr 1  95 rr        	sta     regbank+0,x
001EC1r 1  88           	dey
001EC2r 1  CA           	dex
001EC3r 1  10 F8        	bpl     L0601
001EC5r 1  A6 rr        	ldx     tmp1
001EC7r 1  68           	pla
001EC8r 1  4C rr rr     	jmp     incsp7
001ECBr 1               
001ECBr 1               .endproc
001ECBr 1               
001ECBr 1               ; ---------------------------------------------------------------
001ECBr 1               ; unsigned char __near__ repaint_frontend_allowed (unsigned char)
001ECBr 1               ; ---------------------------------------------------------------
001ECBr 1               
001ECBr 1               .segment	"CODE"
001ECBr 1               
001ECBr 1               .proc	_repaint_frontend_allowed: near
001ECBr 1               
001ECBr 1               .segment	"CODE"
001ECBr 1               
001ECBr 1  20 rr rr     	jsr     pusha
001ECEr 1  A2 00        	ldx     #$00
001ED0r 1  A1 rr        	lda     (sp,x)
001ED2r 1  C9 01        	cmp     #$01
001ED4r 1  D0 1A        	bne     L0760
001ED6r 1  AD rr rr     	lda     _cache_accept_state
001ED9r 1  C9 80        	cmp     #$80
001EDBr 1  D0 13        	bne     L0760
001EDDr 1  AD rr rr     	lda     _cache_phase
001EE0r 1  F0 08        	beq     L075F
001EE2r 1  C9 02        	cmp     #$02
001EE4r 1  F0 04        	beq     L075F
001EE6r 1  8A           	txa
001EE7r 1  4C rr rr     	jmp     incsp1
001EEAr 1  20 rr rr     L075F:	jsr     _udeks_vic_graphics_is_active
001EEDr 1  AA           	tax
001EEEr 1  D0 04        	bne     L0605
001EF0r 1  8A           L0760:	txa
001EF1r 1  4C rr rr     	jmp     incsp1
001EF4r 1  A9 01        L0605:	lda     #$01
001EF6r 1  A2 00        	ldx     #$00
001EF8r 1  4C rr rr     	jmp     incsp1
001EFBr 1               
001EFBr 1               .endproc
001EFBr 1               
001EFBr 1               ; ---------------------------------------------------------------
001EFBr 1               ; unsigned char __near__ repaint_frontend_control (unsigned char, __near__ const struct udeks_repaint_rect *, unsigned char)
001EFBr 1               ; ---------------------------------------------------------------
001EFBr 1               
001EFBr 1               .segment	"CODE"
001EFBr 1               
001EFBr 1               .proc	_repaint_frontend_control: near
001EFBr 1               
001EFBr 1               .segment	"CODE"
001EFBr 1               
001EFBr 1  20 rr rr     	jsr     pusha
001EFEr 1  A0 03        	ldy     #$03
001F00r 1  B1 rr        	lda     (sp),y
001F02r 1  C9 04        	cmp     #$04
001F04r 1  B0 17        	bcs     L076B
001F06r 1  A2 00        	ldx     #$00
001F08r 1  B1 rr        	lda     (sp),y
001F0Ar 1  C9 01        	cmp     #$01
001F0Cr 1  F0 04        	beq     L0765
001F0Er 1  C9 02        	cmp     #$02
001F10r 1  D0 12        	bne     L060B
001F12r 1  88           L0765:	dey
001F13r 1  B1 rr        	lda     (sp),y
001F15r 1  88           	dey
001F16r 1  11 rr        	ora     (sp),y
001F18r 1  F0 05        	beq     L076D
001F1Ar 1  4C rr rr     	jmp     L060B
001F1Dr 1  A2 00        L076B:	ldx     #$00
001F1Fr 1  A9 02        L076D:	lda     #$02
001F21r 1  4C rr rr     	jmp     incsp4
001F24r 1  A1 rr        L060B:	lda     (sp,x)
001F26r 1  20 rr rr     	jsr     _repaint_frontend_allowed
001F29r 1  AA           	tax
001F2Ar 1  D0 05        	bne     L0614
001F2Cr 1  A9 07        	lda     #$07
001F2Er 1  4C rr rr     	jmp     incsp4
001F31r 1  A0 03        L0614:	ldy     #$03
001F33r 1  B1 rr        	lda     (sp),y
001F35r 1  C9 01        	cmp     #$01
001F37r 1  F0 04        	beq     L076F
001F39r 1  C9 02        	cmp     #$02
001F3Br 1  D0 15        	bne     L0771
001F3Dr 1  A2 F7        L076F:	ldx     #$F7
001F3Fr 1  A9 84        	lda     #$84
001F41r 1  20 rr rr     	jsr     pushax
001F44r 1  A0 06        	ldy     #$06
001F46r 1  20 rr rr     	jsr     pushwysp
001F49r 1  A2 00        	ldx     #$00
001F4Br 1  A9 06        	lda     #$06
001F4Dr 1  20 rr rr     	jsr     _memcpy
001F50r 1  A0 03        	ldy     #$03
001F52r 1  B1 rr        L0771:	lda     (sp),y
001F54r 1  8D 80 F7     	sta     $F780
001F57r 1  20 rr rr     	jsr     _private_repaint_policy_call
001F5Ar 1  4C rr rr     	jmp     incsp4
001F5Dr 1               
001F5Dr 1               .endproc
001F5Dr 1               
001F5Dr 1               ; ---------------------------------------------------------------
001F5Dr 1               ; unsigned char __near__ repaint_frontend_poll (unsigned char, __near__ struct udeks_repaint_lane_work *)
001F5Dr 1               ; ---------------------------------------------------------------
001F5Dr 1               
001F5Dr 1               .segment	"CODE"
001F5Dr 1               
001F5Dr 1               .proc	_repaint_frontend_poll: near
001F5Dr 1               
001F5Dr 1               .segment	"CODE"
001F5Dr 1               
001F5Dr 1  20 rr rr     	jsr     pushax
001F60r 1  A5 rr        	lda     regbank+4
001F62r 1  A6 rr        	ldx     regbank+5
001F64r 1  20 rr rr     	jsr     pushax
001F67r 1  A5 rr        	lda     regbank+2
001F69r 1  A6 rr        	ldx     regbank+3
001F6Br 1  20 rr rr     	jsr     pushax
001F6Er 1  20 rr rr     	jsr     decsp2
001F71r 1  A0 07        	ldy     #$07
001F73r 1  B1 rr        	lda     (sp),y
001F75r 1  88           	dey
001F76r 1  11 rr        	ora     (sp),y
001F78r 1  D0 06        	bne     L0625
001F7Ar 1  AA           	tax
001F7Br 1  A9 02        	lda     #$02
001F7Dr 1  4C rr rr     	jmp     L0622
001F80r 1  A0 08        L0625:	ldy     #$08
001F82r 1  B1 rr        	lda     (sp),y
001F84r 1  20 rr rr     	jsr     _repaint_frontend_allowed
001F87r 1  AA           	tax
001F88r 1  F0 07        	beq     L0773
001F8Ar 1  AD rr rr     	lda     _dragging_handle
001F8Dr 1  F0 07        	beq     L0628
001F8Fr 1  A2 00        	ldx     #$00
001F91r 1  A9 07        L0773:	lda     #$07
001F93r 1  4C rr rr     	jmp     L0622
001F96r 1  A9 rr        L0628:	lda     #>(_windows)
001F98r 1  85 rr        	sta     regbank+4+1
001F9Ar 1  A9 rr        	lda     #<(_windows)
001F9Cr 1  85 rr        	sta     regbank+4
001F9Er 1  A2 F7        	ldx     #$F7
001FA0r 1  A9 90        	lda     #$90
001FA2r 1  85 rr        	sta     regbank+2
001FA4r 1  86 rr        	stx     regbank+2+1
001FA6r 1  A9 04        	lda     #$04
001FA8r 1  A0 01        	ldy     #$01
001FAAr 1  91 rr        	sta     (sp),y
001FACr 1  A0 07        L0634:	ldy     #$07
001FAEr 1  B1 rr        L063B:	lda     (regbank+4),y
001FB0r 1  91 rr        	sta     (regbank+2),y
001FB2r 1  88           	dey
001FB3r 1  10 F9        	bpl     L063B
001FB5r 1  A9 0E        	lda     #$0E
001FB7r 1  18           	clc
001FB8r 1  65 rr        	adc     regbank+4
001FBAr 1  85 rr        	sta     regbank+4
001FBCr 1  90 02        	bcc     L063D
001FBEr 1  E6 rr        	inc     regbank+4+1
001FC0r 1  A9 08        L063D:	lda     #$08
001FC2r 1  18           	clc
001FC3r 1  65 rr        	adc     regbank+2
001FC5r 1  85 rr        	sta     regbank+2
001FC7r 1  90 02        	bcc     L063F
001FC9r 1  E6 rr        	inc     regbank+2+1
001FCBr 1  A0 01        L063F:	ldy     #$01
001FCDr 1  B1 rr        	lda     (sp),y
001FCFr 1  38           	sec
001FD0r 1  E9 01        	sbc     #$01
001FD2r 1  91 rr        	sta     (sp),y
001FD4r 1  AA           	tax
001FD5r 1  D0 D5        	bne     L0634
001FD7r 1  A9 84        	lda     #$84
001FD9r 1  8D 81 F7     	sta     $F781
001FDCr 1  8A           	txa
001FDDr 1  8D B3 F7     	sta     $F7B3
001FE0r 1  8D B2 F7     	sta     $F7B2
001FE3r 1  8D B1 F7     	sta     $F7B1
001FE6r 1  8D B0 F7     	sta     $F7B0
001FE9r 1  A9 04        	lda     #$04
001FEBr 1  8D 80 F7     	sta     $F780
001FEEr 1  20 rr rr     	jsr     _private_repaint_policy_call
001FF1r 1  A0 00        	ldy     #$00
001FF3r 1  91 rr        	sta     (sp),y
001FF5r 1  B1 rr        	lda     (sp),y
001FF7r 1  F0 07        	beq     L0656
001FF9r 1  A2 00        	ldx     #$00
001FFBr 1  B1 rr        	lda     (sp),y
001FFDr 1  4C rr rr     	jmp     L0622
002000r 1  A0 09        L0656:	ldy     #$09
002002r 1  20 rr rr     	jsr     pushwysp
002005r 1  A2 F7        	ldx     #$F7
002007r 1  A9 B4        	lda     #$B4
002009r 1  20 rr rr     	jsr     pushax
00200Cr 1  A2 00        	ldx     #$00
00200Er 1  A9 0C        	lda     #$0C
002010r 1  20 rr rr     	jsr     _memcpy
002013r 1  A0 07        	ldy     #$07
002015r 1  B1 rr        	lda     (sp),y
002017r 1  AA           	tax
002018r 1  88           	dey
002019r 1  B1 rr        	lda     (sp),y
00201Br 1  20 rr rr     	jsr     _lane_raster_step
00201Er 1  48           L0622:	pha
00201Fr 1  A0 02        	ldy     #$02
002021r 1  B1 rr        L065E:	lda     (sp),y
002023r 1  99 rr rr     	sta     regbank+0,y
002026r 1  C8           	iny
002027r 1  C0 06        	cpy     #$06
002029r 1  D0 F6        	bne     L065E
00202Br 1  68           	pla
00202Cr 1  A0 09        	ldy     #$09
00202Er 1  4C rr rr     	jmp     addysp
002031r 1               
002031r 1               .endproc
002031r 1               
002031r 1               
