ca65 V2.18 - Fedora 2.19-15.fc44
Main file   : /var/home/salvogendut/Dev/UDEKS/build/window-manager-bounded-repaint/build/window-repaint-scenes/native.s
Current file: /var/home/salvogendut/Dev/UDEKS/build/window-manager-bounded-repaint/build/window-repaint-scenes/native.s

000000r 1               ;
000000r 1               ; File generated by cc65 v 2.18 - Fedora 2.19-15.fc44
000000r 1               ;
000000r 1               	.fopt		compiler,"cc65 v 2.18 - Fedora 2.19-15.fc44"
000000r 1               	.setcpu		"6502"
000000r 1               	.smart		on
000000r 1               	.autoimport	on
000000r 1               	.case		on
000000r 1               	.debuginfo	off
000000r 1               	.importzp	sp, sreg, regsave, regbank
000000r 1               	.importzp	tmp1, tmp2, tmp3, tmp4, ptr1, ptr2, ptr3, ptr4
000000r 1               	.macpack	longbranch
000000r 2               .macro  jeq     Target
000000r 2                       .if     .match(Target, 0)
000000r 2                       bne     *+5
000000r 2                       jmp     Target
000000r 2                       .elseif .def(Target) .and .const((*-2)-(Target)) .and ((*+2)-(Target) <= 127)
000000r 2                               beq     Target
000000r 2                       .else
000000r 2                               bne     *+5
000000r 2                               jmp     Target
000000r 2                       .endif
000000r 2               .endmacro
000000r 2               .macro  jne     Target
000000r 2                       .if     .match(Target, 0)
000000r 2                               beq     *+5
000000r 2                               jmp     Target
000000r 2                       .elseif .def(Target) .and .const((*-2)-(Target)) .and ((*+2)-(Target) <= 127)
000000r 2                               bne     Target
000000r 2                       .else
000000r 2                               beq     *+5
000000r 2                               jmp     Target
000000r 2                       .endif
000000r 2               .endmacro
000000r 2               .macro  jmi     Target
000000r 2                       .if     .match(Target, 0)
000000r 2                               bpl     *+5
000000r 2                               jmp     Target
000000r 2                       .elseif .def(Target) .and .const((*-2)-(Target)) .and ((*+2)-(Target) <= 127)
000000r 2                               bmi     Target
000000r 2                       .else
000000r 2                               bpl     *+5
000000r 2                               jmp     Target
000000r 2                       .endif
000000r 2               .endmacro
000000r 2               .macro  jpl     Target
000000r 2                       .if     .match(Target, 0)
000000r 2                               bmi     *+5
000000r 2                               jmp     Target
000000r 2                       .elseif .def(Target) .and .const((*-2)-(Target)) .and ((*+2)-(Target) <= 127)
000000r 2                               bpl     Target
000000r 2                       .else
000000r 2                               bmi     *+5
000000r 2                               jmp     Target
000000r 2                       .endif
000000r 2               .endmacro
000000r 2               .macro  jcs     Target
000000r 2                       .if     .match(Target, 0)
000000r 2                               bcc     *+5
000000r 2                               jmp     Target
000000r 2                       .elseif .def(Target) .and .const((*-2)-(Target)) .and ((*+2)-(Target) <= 127)
000000r 2                               bcs     Target
000000r 2                       .else
000000r 2                               bcc     *+5
000000r 2                               jmp     Target
000000r 2                       .endif
000000r 2               .endmacro
000000r 2               .macro  jcc     Target
000000r 2                       .if     .match(Target, 0)
000000r 2                               bcs     *+5
000000r 2                               jmp     Target
000000r 2                       .elseif .def(Target) .and .const((*-2)-(Target)) .and ((*+2)-(Target) <= 127)
000000r 2                               bcc     Target
000000r 2                       .else
000000r 2                               bcs     *+5
000000r 2                               jmp     Target
000000r 2                       .endif
000000r 2               .endmacro
000000r 2               .macro  jvs     Target
000000r 2                       .if     .match(Target, 0)
000000r 2                               bvc     *+5
000000r 2                               jmp     Target
000000r 2                       .elseif .def(Target) .and .const((*-2)-(Target)) .and ((*+2)-(Target) <= 127)
000000r 2                               bvs     Target
000000r 2                       .else
000000r 2                               bvc     *+5
000000r 2                               jmp     Target
000000r 2                       .endif
000000r 2               .endmacro
000000r 2               .macro  jvc     Target
000000r 2                       .if     .match(Target, 0)
000000r 2                               bvs     *+5
000000r 2                               jmp     Target
000000r 2                       .elseif .def(Target) .and .const((*-2)-(Target)) .and ((*+2)-(Target) <= 127)
000000r 2                               bvc     Target
000000r 2                       .else
000000r 2                               bvs     *+5
000000r 2                               jmp     Target
000000r 2                       .endif
000000r 2               .endmacro
000000r 2               
000000r 1               	.forceimport	__STARTUP__
000000r 1               	.export		_udeks_vic_graphics_is_active
000000r 1               	.import		_udeks_vic_bitmap_pixel
000000r 1               	.import		_udeks_vic_bitmap_fill
000000r 1               	.import		_udeks_vic_bitmap_set_clip
000000r 1               	.import		_udeks_vic_bitmap_reset_clip
000000r 1               	.export		_udeks_vic_bitmap_commit_page
000000r 1               	.import		_repaint_receipt_validate
000000r 1               	.import		_repaint_receipt_ack
000000r 1               	.export		_lane_raster_step
000000r 1               	.export		_cache_accept_state
000000r 1               	.export		_cache_phase
000000r 1               	.import		_private_repaint_policy_call
000000r 1               	.export		_repaint_frontend_control
000000r 1               	.import		_memcmp
000000r 1               	.import		_memcpy
000000r 1               	.import		_memset
000000r 1               	.export		_repaint_frontend_poll
000000r 1               	.import		_udeks_vic_bitmap_shadow
000000r 1               	.import		_runtime_install
000000r 1               	.import		_runtime_irq_start
000000r 1               	.import		_runtime_irq_stop
000000r 1               	.import		_runtime_check_memory
000000r 1               	.import		_runtime_call
000000r 1               	.import		_runtime_irq_count
000000r 1               	.import		_runtime_irq_bad
000000r 1               	.import		_runtime_zp_bad
000000r 1               	.import		_runtime_hw_bad
000000r 1               	.import		_runtime_flags_bad
000000r 1               	.import		_runtime_sw_bad
000000r 1               	.import		_runtime_guard_bad
000000r 1               	.import		_runtime_ush_bad
000000r 1               	.import		_runtime_low_water
000000r 1               	.import		_runtime_seen_flags
000000r 1               	.export		_main
000000r 1               
000000r 1               .segment	"DATA"
000000r 1               
000000r 1               _cache_accept_state:
000000r 1  80           	.byte	$80
000001r 1               
000001r 1               .segment	"RODATA"
000000r 1               
000000r 1               _title_glyphs:
000000r 1  02           	.byte	$02
000001r 1  05           	.byte	$05
000002r 1  07           	.byte	$07
000003r 1  05           	.byte	$05
000004r 1  05           	.byte	$05
000005r 1  06           	.byte	$06
000006r 1  05           	.byte	$05
000007r 1  06           	.byte	$06
000008r 1  05           	.byte	$05
000009r 1  06           	.byte	$06
00000Ar 1  03           	.byte	$03
00000Br 1  04           	.byte	$04
00000Cr 1  04           	.byte	$04
00000Dr 1  04           	.byte	$04
00000Er 1  03           	.byte	$03
00000Fr 1  06           	.byte	$06
000010r 1  05           	.byte	$05
000011r 1  05           	.byte	$05
000012r 1  05           	.byte	$05
000013r 1  06           	.byte	$06
000014r 1  07           	.byte	$07
000015r 1  04           	.byte	$04
000016r 1  06           	.byte	$06
000017r 1  04           	.byte	$04
000018r 1  07           	.byte	$07
000019r 1  07           	.byte	$07
00001Ar 1  04           	.byte	$04
00001Br 1  06           	.byte	$06
00001Cr 1  04           	.byte	$04
00001Dr 1  04           	.byte	$04
00001Er 1  03           	.byte	$03
00001Fr 1  04           	.byte	$04
000020r 1  05           	.byte	$05
000021r 1  05           	.byte	$05
000022r 1  03           	.byte	$03
000023r 1  05           	.byte	$05
000024r 1  05           	.byte	$05
000025r 1  07           	.byte	$07
000026r 1  05           	.byte	$05
000027r 1  05           	.byte	$05
000028r 1  07           	.byte	$07
000029r 1  02           	.byte	$02
00002Ar 1  02           	.byte	$02
00002Br 1  02           	.byte	$02
00002Cr 1  07           	.byte	$07
00002Dr 1  01           	.byte	$01
00002Er 1  01           	.byte	$01
00002Fr 1  01           	.byte	$01
000030r 1  05           	.byte	$05
000031r 1  02           	.byte	$02
000032r 1  05           	.byte	$05
000033r 1  05           	.byte	$05
000034r 1  06           	.byte	$06
000035r 1  05           	.byte	$05
000036r 1  05           	.byte	$05
000037r 1  04           	.byte	$04
000038r 1  04           	.byte	$04
000039r 1  04           	.byte	$04
00003Ar 1  04           	.byte	$04
00003Br 1  07           	.byte	$07
00003Cr 1  05           	.byte	$05
00003Dr 1  07           	.byte	$07
00003Er 1  07           	.byte	$07
00003Fr 1  05           	.byte	$05
000040r 1  05           	.byte	$05
000041r 1  05           	.byte	$05
000042r 1  07           	.byte	$07
000043r 1  07           	.byte	$07
000044r 1  07           	.byte	$07
000045r 1  05           	.byte	$05
000046r 1  02           	.byte	$02
000047r 1  05           	.byte	$05
000048r 1  05           	.byte	$05
000049r 1  05           	.byte	$05
00004Ar 1  02           	.byte	$02
00004Br 1  06           	.byte	$06
00004Cr 1  05           	.byte	$05
00004Dr 1  06           	.byte	$06
00004Er 1  04           	.byte	$04
00004Fr 1  04           	.byte	$04
000050r 1  02           	.byte	$02
000051r 1  05           	.byte	$05
000052r 1  05           	.byte	$05
000053r 1  03           	.byte	$03
000054r 1  01           	.byte	$01
000055r 1  06           	.byte	$06
000056r 1  05           	.byte	$05
000057r 1  06           	.byte	$06
000058r 1  05           	.byte	$05
000059r 1  05           	.byte	$05
00005Ar 1  03           	.byte	$03
00005Br 1  04           	.byte	$04
00005Cr 1  02           	.byte	$02
00005Dr 1  01           	.byte	$01
00005Er 1  06           	.byte	$06
00005Fr 1  07           	.byte	$07
000060r 1  02           	.byte	$02
000061r 1  02           	.byte	$02
000062r 1  02           	.byte	$02
000063r 1  02           	.byte	$02
000064r 1  05           	.byte	$05
000065r 1  05           	.byte	$05
000066r 1  05           	.byte	$05
000067r 1  05           	.byte	$05
000068r 1  07           	.byte	$07
000069r 1  05           	.byte	$05
00006Ar 1  05           	.byte	$05
00006Br 1  05           	.byte	$05
00006Cr 1  05           	.byte	$05
00006Dr 1  02           	.byte	$02
00006Er 1  05           	.byte	$05
00006Fr 1  05           	.byte	$05
000070r 1  07           	.byte	$07
000071r 1  07           	.byte	$07
000072r 1  05           	.byte	$05
000073r 1  05           	.byte	$05
000074r 1  05           	.byte	$05
000075r 1  02           	.byte	$02
000076r 1  05           	.byte	$05
000077r 1  05           	.byte	$05
000078r 1  05           	.byte	$05
000079r 1  05           	.byte	$05
00007Ar 1  02           	.byte	$02
00007Br 1  02           	.byte	$02
00007Cr 1  02           	.byte	$02
00007Dr 1  07           	.byte	$07
00007Er 1  01           	.byte	$01
00007Fr 1  02           	.byte	$02
000080r 1  04           	.byte	$04
000081r 1  07           	.byte	$07
000082r 1               _cases:
000082r 1  00 00        	.word	$0000
000084r 1  00           	.byte	$00
000085r 1  10 00        	.word	$0010
000087r 1  12           	.byte	$12
000088r 1  00           	.byte	$00
000089r 1  2F 01        	.word	$012F
00008Br 1  B6           	.byte	$B6
00008Cr 1  11 00        	.word	$0011
00008Er 1  12           	.byte	$12
00008Fr 1  0D           	.byte	$0D
000090r 1  00 00        	.word	$0000
000092r 1  00           	.byte	$00
000093r 1  30 00        	.word	$0030
000095r 1  30           	.byte	$30
000096r 1  01           	.byte	$01
000097r 1  00 01        	.word	$0100
000099r 1  60           	.byte	$60
00009Ar 1  40 00        	.word	$0040
00009Cr 1  68           	.byte	$68
00009Dr 1  0F           	.byte	$0F
00009Er 1  96 00        	.word	$0096
0000A0r 1  60           	.byte	$60
0000A1r 1  A8 00        	.word	$00A8
0000A3r 1  68           	.byte	$68
0000A4r 1  0D           	.byte	$0D
0000A5r 1  00 00        	.word	$0000
0000A7r 1  00           	.byte	$00
0000A8r 1  40 01        	.word	$0140
0000AAr 1  C8           	.byte	$C8
0000ABr 1  0D           	.byte	$0D
0000ACr 1  0A 00        	.word	$000A
0000AEr 1  0A           	.byte	$0A
0000AFr 1  64 00        	.word	$0064
0000B1r 1  64           	.byte	$64
0000B2r 1  0D           	.byte	$0D
0000B3r 1  DC 00        	.word	$00DC
0000B5r 1  64           	.byte	$64
0000B6r 1  64 00        	.word	$0064
0000B8r 1  64           	.byte	$64
0000B9r 1  0D           	.byte	$0D
0000BAr 1               _expected:
0000BAr 1  DD C1        	.word	$C1DD
0000BCr 1  22 B1        	.word	$B122
0000BEr 1  FE 06        	.word	$06FE
0000C0r 1  B5 FD        	.word	$FDB5
0000C2r 1  D3 FA        	.word	$FAD3
0000C4r 1  EB 1F        	.word	$1FEB
0000C6r 1  39 00        	.word	$0039
0000C8r 1  F1 DF        	.word	$DFF1
0000CAr 1               L0400:
0000CAr 1  61 5A 20 3F  	.byte	$61,$5A,$20,$3F,$20,$58,$63,$6C,$6F,$63,$6B,$00
0000CEr 1  20 58 63 6C  
0000D2r 1  6F 63 6B 00  
0000D6r 1               
0000D6r 1               .segment	"BSS"
000000r 1               
000000r 1               .segment	"HIGHBSS"
000000r 1               _windows:
000000r 1  00 00 00 00  	.res	56,$00
000004r 1  00 00 00 00  
000008r 1  00 00 00 00  
000038r 1               _active_count:
000038r 1  00           	.res	1,$00
000039r 1               _focused_handle:
000039r 1  00           	.res	1,$00
00003Ar 1               _dragging_handle:
00003Ar 1  00           	.res	1,$00
00003Br 1               _previous_buttons:
00003Br 1  00           	.res	1,$00
00003Cr 1               _drag_pointer_x:
00003Cr 1  00 00        	.res	2,$00
00003Er 1               _drag_pointer_y:
00003Er 1  00           	.res	1,$00
00003Fr 1               _drag_x:
00003Fr 1  00 00        	.res	2,$00
000041r 1               _drag_y:
000041r 1  00           	.res	1,$00
000042r 1               _drag_width:
000042r 1  00 00        	.res	2,$00
000044r 1               _drag_height:
000044r 1  00           	.res	1,$00
000045r 1               _drag_mode:
000045r 1  00           	.res	1,$00
000046r 1               _damage_left:
000046r 1  00 00        	.res	2,$00
000048r 1               _damage_top:
000048r 1  00           	.res	1,$00
000049r 1               _damage_right:
000049r 1  00 00        	.res	2,$00
00004Br 1               _damage_bottom:
00004Br 1  00           	.res	1,$00
00004Cr 1               _chrome_x:
00004Cr 1  00 00        	.res	2,$00
00004Er 1               _chrome_width:
00004Er 1  00 00        	.res	2,$00
000050r 1               _chrome_right:
000050r 1  00 00        	.res	2,$00
000052r 1               _chrome_y:
000052r 1  00           	.res	1,$00
000053r 1               _chrome_offset:
000053r 1  00           	.res	1,$00
000054r 1               _chrome_character:
000054r 1  00           	.res	1,$00
000055r 1               _chrome_bits:
000055r 1  00           	.res	1,$00
000056r 1               _chrome_column:
000056r 1  00           	.res	1,$00
000057r 1               _chrome_color:
000057r 1  00           	.res	1,$00
000058r 1               .segment	"BSS"
000000r 1               _cache_phase:
000000r 1  00           	.res	1,$00
000001r 1               _failure:
000001r 1  00           	.res	1,$00
000002r 1               _current_case:
000002r 1  00           	.res	1,$00
000003r 1               _low:
000003r 1  00           	.res	1,$00
000004r 1               _high:
000004r 1  00           	.res	1,$00
000005r 1               _title:
000005r 1  00 00 00 00  	.res	96,$00
000009r 1  00 00 00 00  
00000Dr 1  00 00 00 00  
000065r 1               _pages:
000065r 1  00 00        	.res	2,$00
000067r 1               
000067r 1               ; ---------------------------------------------------------------
000067r 1               ; unsigned char __near__ udeks_vic_graphics_is_active (void)
000067r 1               ; ---------------------------------------------------------------
000067r 1               
000067r 1               .segment	"CODE"
000000r 1               
000000r 1               .proc	_udeks_vic_graphics_is_active: near
000000r 1               
000000r 1               .segment	"CODE"
000000r 1               
000000r 1  A2 00        	ldx     #$00
000002r 1  A9 01        	lda     #$01
000004r 1  60           	rts
000005r 1               
000005r 1               .endproc
000005r 1               
000005r 1               ; ---------------------------------------------------------------
000005r 1               ; __near__ struct udeks_window * __near__ window_by_handle (unsigned char)
000005r 1               ; ---------------------------------------------------------------
000005r 1               
000005r 1               .segment	"CODE"
000005r 1               
000005r 1               .proc	_window_by_handle: near
000005r 1               
000005r 1               .segment	"CODE"
000005r 1               
000005r 1  20 rr rr     	jsr     pusha
000008r 1  A0 00        	ldy     #$00
00000Ar 1  B1 rr        	lda     (sp),y
00000Cr 1  F0 26        	beq     L0498
00000Er 1  C9 05        	cmp     #$05
000010r 1  B0 22        	bcs     L0498
000012r 1  A2 00        	ldx     #$00
000014r 1  B1 rr        	lda     (sp),y
000016r 1  38           	sec
000017r 1  E9 01        	sbc     #$01
000019r 1  B0 01        	bcs     L008C
00001Br 1  CA           	dex
00001Cr 1  20 rr rr     L008C:	jsr     pushax
00001Fr 1  A9 0E        	lda     #$0E
000021r 1  20 rr rr     	jsr     tosmula0
000024r 1  18           	clc
000025r 1  69 rr        	adc     #<(_windows)
000027r 1  85 rr        	sta     ptr1
000029r 1  8A           	txa
00002Ar 1  69 rr        	adc     #>(_windows)
00002Cr 1  85 rr        	sta     ptr1+1
00002Er 1  A0 07        	ldy     #$07
000030r 1  B1 rr        	lda     (ptr1),y
000032r 1  D0 06        	bne     L0089
000034r 1  A2 00        L0498:	ldx     #$00
000036r 1  8A           	txa
000037r 1  4C rr rr     	jmp     incsp1
00003Ar 1  A2 00        L0089:	ldx     #$00
00003Cr 1  A1 rr        	lda     (sp,x)
00003Er 1  38           	sec
00003Fr 1  E9 01        	sbc     #$01
000041r 1  B0 01        	bcs     L0091
000043r 1  CA           	dex
000044r 1  20 rr rr     L0091:	jsr     pushax
000047r 1  A9 0E        	lda     #$0E
000049r 1  20 rr rr     	jsr     tosmula0
00004Cr 1  18           	clc
00004Dr 1  69 rr        	adc     #<(_windows)
00004Fr 1  A8           	tay
000050r 1  8A           	txa
000051r 1  69 rr        	adc     #>(_windows)
000053r 1  AA           	tax
000054r 1  98           	tya
000055r 1  4C rr rr     	jmp     incsp1
000058r 1               
000058r 1               .endproc
000058r 1               
000058r 1               ; ---------------------------------------------------------------
000058r 1               ; void __near__ chrome_pixel (unsigned int)
000058r 1               ; ---------------------------------------------------------------
000058r 1               
000058r 1               .segment	"CODE"
000058r 1               
000058r 1               .proc	_chrome_pixel: near
000058r 1               
000058r 1               .segment	"CODE"
000058r 1               
000058r 1  20 rr rr     	jsr     pushax
00005Br 1  20 rr rr     	jsr     decsp4
00005Er 1  A0 05        	ldy     #$05
000060r 1  B1 rr        	lda     (sp),y
000062r 1  AA           	tax
000063r 1  88           	dey
000064r 1  B1 rr        	lda     (sp),y
000066r 1  A0 02        	ldy     #$02
000068r 1  91 rr        	sta     (sp),y
00006Ar 1  C8           	iny
00006Br 1  8A           	txa
00006Cr 1  91 rr        	sta     (sp),y
00006Er 1  AD rr rr     	lda     _chrome_y
000071r 1  A0 00        	ldy     #$00
000073r 1  91 rr        	sta     (sp),y
000075r 1  C8           	iny
000076r 1  A9 00        	lda     #$00
000078r 1  91 rr        	sta     (sp),y
00007Ar 1  20 rr rr     	jsr     _udeks_vic_bitmap_pixel
00007Dr 1  4C rr rr     	jmp     incsp2
000080r 1               
000080r 1               .endproc
000080r 1               
000080r 1               ; ---------------------------------------------------------------
000080r 1               ; void __near__ chrome_span (unsigned int, unsigned int)
000080r 1               ; ---------------------------------------------------------------
000080r 1               
000080r 1               .segment	"CODE"
000080r 1               
000080r 1               .proc	_chrome_span: near
000080r 1               
000080r 1               .segment	"CODE"
000080r 1               
000080r 1  20 rr rr     	jsr     pushax
000083r 1  20 rr rr     	jsr     decsp8
000086r 1  A0 0B        	ldy     #$0B
000088r 1  B1 rr        	lda     (sp),y
00008Ar 1  AA           	tax
00008Br 1  88           	dey
00008Cr 1  B1 rr        	lda     (sp),y
00008Er 1  A0 06        	ldy     #$06
000090r 1  91 rr        	sta     (sp),y
000092r 1  C8           	iny
000093r 1  8A           	txa
000094r 1  91 rr        	sta     (sp),y
000096r 1  AD rr rr     	lda     _chrome_y
000099r 1  A0 04        	ldy     #$04
00009Br 1  91 rr        	sta     (sp),y
00009Dr 1  C8           	iny
00009Er 1  A9 00        	lda     #$00
0000A0r 1  91 rr        	sta     (sp),y
0000A2r 1  A0 09        	ldy     #$09
0000A4r 1  B1 rr        	lda     (sp),y
0000A6r 1  AA           	tax
0000A7r 1  88           	dey
0000A8r 1  B1 rr        	lda     (sp),y
0000AAr 1  A0 02        	ldy     #$02
0000ACr 1  91 rr        	sta     (sp),y
0000AEr 1  C8           	iny
0000AFr 1  8A           	txa
0000B0r 1  91 rr        	sta     (sp),y
0000B2r 1  A9 01        	lda     #$01
0000B4r 1  A0 00        	ldy     #$00
0000B6r 1  91 rr        	sta     (sp),y
0000B8r 1  C8           	iny
0000B9r 1  A9 00        	lda     #$00
0000BBr 1  91 rr        	sta     (sp),y
0000BDr 1  AD rr rr     	lda     _chrome_color
0000C0r 1  20 rr rr     	jsr     _udeks_vic_bitmap_fill
0000C3r 1  4C rr rr     	jmp     incsp4
0000C6r 1               
0000C6r 1               .endproc
0000C6r 1               
0000C6r 1               ; ---------------------------------------------------------------
0000C6r 1               ; void __near__ draw_chrome_row (register __near__ const struct udeks_window *, unsigned char)
0000C6r 1               ; ---------------------------------------------------------------
0000C6r 1               
0000C6r 1               .segment	"CODE"
0000C6r 1               
0000C6r 1               .proc	_draw_chrome_row: near
0000C6r 1               
0000C6r 1               .segment	"CODE"
0000C6r 1               
0000C6r 1  20 rr rr     	jsr     pusha
0000C9r 1  A0 01        	ldy     #$01
0000CBr 1  A2 04        	ldx     #$04
0000CDr 1  20 rr rr     	jsr     regswap2
0000D0r 1  20 rr rr     	jsr     decsp2
0000D3r 1  A0 02        	ldy     #$02
0000D5r 1  B1 rr        	lda     (regbank+4),y
0000D7r 1  8D rr rr     	sta     _chrome_x+1
0000DAr 1  88           	dey
0000DBr 1  B1 rr        	lda     (regbank+4),y
0000DDr 1  8D rr rr     	sta     _chrome_x
0000E0r 1  A0 03        	ldy     #$03
0000E2r 1  B1 rr        	lda     (regbank+4),y
0000E4r 1  85 rr        	sta     ptr1
0000E6r 1  88           	dey
0000E7r 1  B1 rr        	lda     (sp),y
0000E9r 1  18           	clc
0000EAr 1  65 rr        	adc     ptr1
0000ECr 1  8D rr rr     	sta     _chrome_y
0000EFr 1  A0 05        	ldy     #$05
0000F1r 1  B1 rr        	lda     (regbank+4),y
0000F3r 1  8D rr rr     	sta     _chrome_width+1
0000F6r 1  88           	dey
0000F7r 1  B1 rr        	lda     (regbank+4),y
0000F9r 1  8D rr rr     	sta     _chrome_width
0000FCr 1  AD rr rr     	lda     _chrome_x
0000FFr 1  18           	clc
000100r 1  6D rr rr     	adc     _chrome_width
000103r 1  48           	pha
000104r 1  AD rr rr     	lda     _chrome_x+1
000107r 1  6D rr rr     	adc     _chrome_width+1
00010Ar 1  AA           	tax
00010Br 1  68           	pla
00010Cr 1  38           	sec
00010Dr 1  E9 01        	sbc     #$01
00010Fr 1  B0 01        	bcs     L00A9
000111r 1  CA           	dex
000112r 1  8D rr rr     L00A9:	sta     _chrome_right
000115r 1  8E rr rr     	stx     _chrome_right+1
000118r 1  A0 02        	ldy     #$02
00011Ar 1  B1 rr        	lda     (sp),y
00011Cr 1  F0 21        	beq     L04A3
00011Er 1  A2 00        	ldx     #$00
000120r 1  B1 rr        	lda     (sp),y
000122r 1  85 rr        	sta     ptr1
000124r 1  86 rr        	stx     ptr1+1
000126r 1  A0 06        	ldy     #$06
000128r 1  B1 rr        	lda     (regbank+4),y
00012Ar 1  38           	sec
00012Br 1  E9 01        	sbc     #$01
00012Dr 1  B0 01        	bcs     L00AC
00012Fr 1  CA           	dex
000130r 1  E4 rr        L00AC:	cpx     ptr1+1
000132r 1  D0 09        	bne     L04A2
000134r 1  C5 rr        	cmp     ptr1
000136r 1  D0 05        	bne     L04A2
000138r 1  A9 00        	lda     #$00
00013Ar 1  4C rr rr     	jmp     L04A3
00013Dr 1  A9 07        L04A2:	lda     #$07
00013Fr 1  8D rr rr     L04A3:	sta     _chrome_color
000142r 1  AD rr rr     	lda     _chrome_x
000145r 1  AE rr rr     	ldx     _chrome_x+1
000148r 1  20 rr rr     	jsr     pushax
00014Br 1  AD rr rr     	lda     _chrome_width
00014Er 1  AE rr rr     	ldx     _chrome_width+1
000151r 1  20 rr rr     	jsr     _chrome_span
000154r 1  AD rr rr     	lda     _chrome_color
000157r 1  F0 14        	beq     L04A5
000159r 1  AD rr rr     	lda     _chrome_x
00015Cr 1  AE rr rr     	ldx     _chrome_x+1
00015Fr 1  20 rr rr     	jsr     _chrome_pixel
000162r 1  AD rr rr     	lda     _chrome_right
000165r 1  AE rr rr     	ldx     _chrome_right+1
000168r 1  20 rr rr     	jsr     _chrome_pixel
00016Br 1  A9 00        	lda     #$00
00016Dr 1  8D rr rr     L04A5:	sta     _chrome_color
000170r 1  A0 02        	ldy     #$02
000172r 1  B1 rr        	lda     (sp),y
000174r 1  C9 02        	cmp     #$02
000176r 1  B0 03 4C rr  	jcc     L00CB
00017Ar 1  rr           
00017Br 1  B1 rr        	lda     (sp),y
00017Dr 1  20 rr rr     	jsr     pusha0
000180r 1  A0 06        	ldy     #$06
000182r 1  B1 rr        	lda     (regbank+4),y
000184r 1  38           	sec
000185r 1  E9 03        	sbc     #$03
000187r 1  B0 02        	bcs     L00C0
000189r 1  A2 FF        	ldx     #$FF
00018Br 1  20 rr rr     L00C0:	jsr     tosicmp
00018Er 1  90 02        	bcc     L00BE
000190r 1  D0 69        	bne     L00CB
000192r 1  A0 02        L00BE:	ldy     #$02
000194r 1  B1 rr        	lda     (sp),y
000196r 1  C9 02        	cmp     #$02
000198r 1  F0 22        	beq     L04A8
00019Ar 1  A2 00        	ldx     #$00
00019Cr 1  B1 rr        	lda     (sp),y
00019Er 1  85 rr        	sta     ptr1
0001A0r 1  86 rr        	stx     ptr1+1
0001A2r 1  A0 06        	ldy     #$06
0001A4r 1  B1 rr        	lda     (regbank+4),y
0001A6r 1  38           	sec
0001A7r 1  E9 03        	sbc     #$03
0001A9r 1  B0 01        	bcs     L00C4
0001ABr 1  CA           	dex
0001ACr 1  E4 rr        L00C4:	cpx     ptr1+1
0001AEr 1  D0 04        	bne     L04BF
0001B0r 1  C5 rr        	cmp     ptr1
0001B2r 1  F0 08        	beq     L04A8
0001B4r 1  A0 02        L04BF:	ldy     #$02
0001B6r 1  B1 rr        	lda     (sp),y
0001B8r 1  C9 0D        	cmp     #$0D
0001BAr 1  D0 21        	bne     L00C2
0001BCr 1  AD rr rr     L04A8:	lda     _chrome_x
0001BFr 1  AE rr rr     	ldx     _chrome_x+1
0001C2r 1  18           	clc
0001C3r 1  69 02        	adc     #$02
0001C5r 1  90 01        	bcc     L00C8
0001C7r 1  E8           	inx
0001C8r 1  20 rr rr     L00C8:	jsr     pushax
0001CBr 1  AD rr rr     	lda     _chrome_width
0001CEr 1  AE rr rr     	ldx     _chrome_width+1
0001D1r 1  38           	sec
0001D2r 1  E9 04        	sbc     #$04
0001D4r 1  B0 01        	bcs     L00CA
0001D6r 1  CA           	dex
0001D7r 1  20 rr rr     L00CA:	jsr     _chrome_span
0001DAr 1  4C rr rr     	jmp     L00CB
0001DDr 1  AD rr rr     L00C2:	lda     _chrome_x
0001E0r 1  AE rr rr     	ldx     _chrome_x+1
0001E3r 1  18           	clc
0001E4r 1  69 02        	adc     #$02
0001E6r 1  90 01        	bcc     L00CE
0001E8r 1  E8           	inx
0001E9r 1  20 rr rr     L00CE:	jsr     _chrome_pixel
0001ECr 1  AD rr rr     	lda     _chrome_right
0001EFr 1  AE rr rr     	ldx     _chrome_right+1
0001F2r 1  38           	sec
0001F3r 1  E9 02        	sbc     #$02
0001F5r 1  B0 01        	bcs     L00D1
0001F7r 1  CA           	dex
0001F8r 1  20 rr rr     L00D1:	jsr     _chrome_pixel
0001FBr 1  A0 00        L00CB:	ldy     #$00
0001FDr 1  B1 rr        	lda     (regbank+4),y
0001FFr 1  29 04        	and     #$04
000201r 1  D0 03 4C rr  	jeq     L04C2
000205r 1  rr           
000206r 1  A0 02        	ldy     #$02
000208r 1  B1 rr        	lda     (sp),y
00020Ar 1  C9 03        	cmp     #$03
00020Cr 1  B0 03 4C rr  	jcc     L00E6
000210r 1  rr           
000211r 1  C9 0B        	cmp     #$0B
000213r 1  90 03 4C rr  	jcs     L00E6
000217r 1  rr           
000218r 1  AD rr rr     	lda     _chrome_right
00021Br 1  AE rr rr     	ldx     _chrome_right+1
00021Er 1  38           	sec
00021Fr 1  E9 0B        	sbc     #$0B
000221r 1  B0 01        	bcs     L00D9
000223r 1  CA           	dex
000224r 1  8D rr rr     L00D9:	sta     _chrome_x
000227r 1  8E rr rr     	stx     _chrome_x+1
00022Ar 1  B1 rr        	lda     (sp),y
00022Cr 1  C9 03        	cmp     #$03
00022Er 1  F0 04        	beq     L04AC
000230r 1  C9 0A        	cmp     #$0A
000232r 1  D0 13        	bne     L00DA
000234r 1  AD rr rr     L04AC:	lda     _chrome_x
000237r 1  AE rr rr     	ldx     _chrome_x+1
00023Ar 1  20 rr rr     	jsr     pushax
00023Dr 1  A2 00        	ldx     #$00
00023Fr 1  A9 08        	lda     #$08
000241r 1  20 rr rr     	jsr     _chrome_span
000244r 1  4C rr rr     	jmp     L00E0
000247r 1  AD rr rr     L00DA:	lda     _chrome_x
00024Ar 1  AE rr rr     	ldx     _chrome_x+1
00024Dr 1  20 rr rr     	jsr     _chrome_pixel
000250r 1  AD rr rr     	lda     _chrome_x
000253r 1  AE rr rr     	ldx     _chrome_x+1
000256r 1  18           	clc
000257r 1  69 07        	adc     #$07
000259r 1  90 01        	bcc     L00E5
00025Br 1  E8           	inx
00025Cr 1  20 rr rr     L00E5:	jsr     _chrome_pixel
00025Fr 1  A0 02        L00E0:	ldy     #$02
000261r 1  B1 rr        	lda     (sp),y
000263r 1  C9 05        	cmp     #$05
000265r 1  90 31        	bcc     L00E6
000267r 1  C9 09        	cmp     #$09
000269r 1  B0 2D        	bcs     L00E6
00026Br 1  18           	clc
00026Cr 1  6D rr rr     	adc     _chrome_x
00026Fr 1  AE rr rr     	ldx     _chrome_x+1
000272r 1  90 01        	bcc     L049F
000274r 1  E8           	inx
000275r 1  38           L049F:	sec
000276r 1  E9 03        	sbc     #$03
000278r 1  B0 01        	bcs     L00EC
00027Ar 1  CA           	dex
00027Br 1  20 rr rr     L00EC:	jsr     _chrome_pixel
00027Er 1  AD rr rr     	lda     _chrome_x
000281r 1  AE rr rr     	ldx     _chrome_x+1
000284r 1  18           	clc
000285r 1  69 0A        	adc     #$0A
000287r 1  90 01        	bcc     L00EF
000289r 1  E8           	inx
00028Ar 1  38           L00EF:	sec
00028Br 1  A0 02        	ldy     #$02
00028Dr 1  F1 rr        	sbc     (sp),y
00028Fr 1  48           	pha
000290r 1  8A           	txa
000291r 1  E9 00        	sbc     #$00
000293r 1  AA           	tax
000294r 1  68           	pla
000295r 1  20 rr rr     	jsr     _chrome_pixel
000298r 1  A0 00        L00E6:	ldy     #$00
00029Ar 1  B1 rr        L04C2:	lda     (regbank+4),y
00029Cr 1  29 08        	and     #$08
00029Er 1  F0 50        	beq     L00FA
0002A0r 1  A0 06        	ldy     #$06
0002A2r 1  A2 00        	ldx     #$00
0002A4r 1  B1 rr        	lda     (regbank+4),y
0002A6r 1  38           	sec
0002A7r 1  E9 05        	sbc     #$05
0002A9r 1  B0 02        	bcs     L04C0
0002ABr 1  CA           	dex
0002ACr 1  38           	sec
0002ADr 1  A0 02        L04C0:	ldy     #$02
0002AFr 1  F1 rr        	sbc     (sp),y
0002B1r 1  48           	pha
0002B2r 1  8A           	txa
0002B3r 1  E9 00        	sbc     #$00
0002B5r 1  68           	pla
0002B6r 1  8D rr rr     	sta     _chrome_offset
0002B9r 1  C9 07        	cmp     #$07
0002BBr 1  B0 16        	bcs     L04B0
0002BDr 1  AD rr rr     	lda     _chrome_right
0002C0r 1  AE rr rr     	ldx     _chrome_right+1
0002C3r 1  38           	sec
0002C4r 1  E9 0A        	sbc     #$0A
0002C6r 1  B0 01        	bcs     L00F9
0002C8r 1  CA           	dex
0002C9r 1  18           L00F9:	clc
0002CAr 1  6D rr rr     	adc     _chrome_offset
0002CDr 1  90 01        	bcc     L0499
0002CFr 1  E8           	inx
0002D0r 1  20 rr rr     L0499:	jsr     _chrome_pixel
0002D3r 1  AD rr rr     L04B0:	lda     _chrome_offset
0002D6r 1  C9 04        	cmp     #$04
0002D8r 1  B0 16        	bcs     L00FA
0002DAr 1  AD rr rr     	lda     _chrome_right
0002DDr 1  AE rr rr     	ldx     _chrome_right+1
0002E0r 1  38           	sec
0002E1r 1  E9 07        	sbc     #$07
0002E3r 1  B0 01        	bcs     L00FE
0002E5r 1  CA           	dex
0002E6r 1  18           L00FE:	clc
0002E7r 1  6D rr rr     	adc     _chrome_offset
0002EAr 1  90 01        	bcc     L049A
0002ECr 1  E8           	inx
0002EDr 1  20 rr rr     L049A:	jsr     _chrome_pixel
0002F0r 1  A0 02        L00FA:	ldy     #$02
0002F2r 1  B1 rr        	lda     (sp),y
0002F4r 1  C9 04        	cmp     #$04
0002F6r 1  B0 03 4C rr  	jcc     L010B
0002FAr 1  rr           
0002FBr 1  C9 09        	cmp     #$09
0002FDr 1  90 03 4C rr  	jcs     L010B
000301r 1  rr           
000302r 1  A0 09        	ldy     #$09
000304r 1  B1 rr        	lda     (regbank+4),y
000306r 1  AA           	tax
000307r 1  88           	dey
000308r 1  B1 rr        	lda     (regbank+4),y
00030Ar 1  20 rr rr     	jsr     stax0sp
00030Dr 1  A0 02        	ldy     #$02
00030Fr 1  B1 rr        	lda     (regbank+4),y
000311r 1  AA           	tax
000312r 1  88           	dey
000313r 1  B1 rr        	lda     (regbank+4),y
000315r 1  18           	clc
000316r 1  69 04        	adc     #$04
000318r 1  90 01        	bcc     L0106
00031Ar 1  E8           	inx
00031Br 1  8D rr rr     L0106:	sta     _chrome_x
00031Er 1  8E rr rr     	stx     _chrome_x+1
000321r 1  AD rr rr     	lda     _chrome_right
000324r 1  38           	sec
000325r 1  E9 0D        	sbc     #$0D
000327r 1  8D rr rr     	sta     _chrome_right
00032Ar 1  90 03 4C rr  	jcs     L04BB
00032Er 1  rr           
00032Fr 1  CE rr rr     	dec     _chrome_right+1
000332r 1  4C rr rr     	jmp     L04BB
000335r 1  C8           L010A:	iny
000336r 1  B1 rr        	lda     (sp),y
000338r 1  AA           	tax
000339r 1  88           	dey
00033Ar 1  B1 rr        	lda     (sp),y
00033Cr 1  85 rr        	sta     regsave
00033Er 1  86 rr        	stx     regsave+1
000340r 1  18           	clc
000341r 1  69 01        	adc     #$01
000343r 1  90 01        	bcc     L0113
000345r 1  E8           	inx
000346r 1  20 rr rr     L0113:	jsr     stax0sp
000349r 1  A0 00        	ldy     #$00
00034Br 1  B1 rr        	lda     (regsave),y
00034Dr 1  8D rr rr     	sta     _chrome_character
000350r 1  C9 61        	cmp     #$61
000352r 1  90 0D        	bcc     L04B5
000354r 1  AD rr rr     	lda     _chrome_character
000357r 1  C9 7B        	cmp     #$7B
000359r 1  B0 06        	bcs     L04B5
00035Br 1  38           	sec
00035Cr 1  E9 20        	sbc     #$20
00035Er 1  8D rr rr     	sta     _chrome_character
000361r 1  AD rr rr     L04B5:	lda     _chrome_character
000364r 1  C9 41        	cmp     #$41
000366r 1  90 6A        	bcc     L0125
000368r 1  C9 5B        	cmp     #$5B
00036Ar 1  B0 66        	bcs     L0125
00036Cr 1  A2 00        	ldx     #$00
00036Er 1  AD rr rr     	lda     _chrome_character
000371r 1  38           	sec
000372r 1  E9 41        	sbc     #$41
000374r 1  B0 01        	bcs     L0121
000376r 1  CA           	dex
000377r 1  20 rr rr     L0121:	jsr     mulax5
00037Ar 1  18           	clc
00037Br 1  69 rr        	adc     #<(_title_glyphs)
00037Dr 1  85 rr        	sta     ptr1
00037Fr 1  8A           	txa
000380r 1  69 rr        	adc     #>(_title_glyphs)
000382r 1  85 rr        	sta     ptr1+1
000384r 1  A2 00        	ldx     #$00
000386r 1  A0 02        	ldy     #$02
000388r 1  B1 rr        	lda     (sp),y
00038Ar 1  38           	sec
00038Br 1  E9 04        	sbc     #$04
00038Dr 1  B0 01        	bcs     L0123
00038Fr 1  CA           	dex
000390r 1  18           L0123:	clc
000391r 1  65 rr        	adc     ptr1
000393r 1  85 rr        	sta     ptr1
000395r 1  8A           	txa
000396r 1  65 rr        	adc     ptr1+1
000398r 1  85 rr        	sta     ptr1+1
00039Ar 1  A0 00        	ldy     #$00
00039Cr 1  B1 rr        	lda     (ptr1),y
00039Er 1  8D rr rr     	sta     _chrome_bits
0003A1r 1  8C rr rr     	sty     _chrome_column
0003A4r 1  AD rr rr     L04B9:	lda     _chrome_column
0003A7r 1  C9 03        	cmp     #$03
0003A9r 1  B0 27        	bcs     L0125
0003ABr 1  AC rr rr     	ldy     _chrome_column
0003AEr 1  A9 04        	lda     #$04
0003B0r 1  4A           L04A0:	lsr     a
0003B1r 1  88           	dey
0003B2r 1  10 FC        	bpl     L04A0
0003B4r 1  2A           	rol     a
0003B5r 1  2D rr rr     	and     _chrome_bits
0003B8r 1  48           	pha
0003B9r 1  68           	pla
0003BAr 1  F0 10        	beq     L04BA
0003BCr 1  AD rr rr     	lda     _chrome_x
0003BFr 1  AE rr rr     	ldx     _chrome_x+1
0003C2r 1  18           	clc
0003C3r 1  6D rr rr     	adc     _chrome_column
0003C6r 1  90 01        	bcc     L049B
0003C8r 1  E8           	inx
0003C9r 1  20 rr rr     L049B:	jsr     _chrome_pixel
0003CCr 1  EE rr rr     L04BA:	inc     _chrome_column
0003CFr 1  4C rr rr     	jmp     L04B9
0003D2r 1  A9 04        L0125:	lda     #$04
0003D4r 1  18           	clc
0003D5r 1  6D rr rr     	adc     _chrome_x
0003D8r 1  8D rr rr     	sta     _chrome_x
0003DBr 1  90 03        	bcc     L0133
0003DDr 1  EE rr rr     	inc     _chrome_x+1
0003E0r 1  A0 01        L0133:	ldy     #$01
0003E2r 1  B1 rr        L04BB:	lda     (sp),y
0003E4r 1  88           	dey
0003E5r 1  11 rr        	ora     (sp),y
0003E7r 1  F0 30        	beq     L010B
0003E9r 1  C8           	iny
0003EAr 1  B1 rr        	lda     (sp),y
0003ECr 1  85 rr        	sta     ptr1+1
0003EEr 1  88           	dey
0003EFr 1  B1 rr        	lda     (sp),y
0003F1r 1  85 rr        	sta     ptr1
0003F3r 1  B1 rr        	lda     (ptr1),y
0003F5r 1  F0 22        	beq     L010B
0003F7r 1  AD rr rr     	lda     _chrome_x
0003FAr 1  AE rr rr     	ldx     _chrome_x+1
0003FDr 1  18           	clc
0003FEr 1  69 03        	adc     #$03
000400r 1  90 01        	bcc     L010F
000402r 1  E8           	inx
000403r 1  38           L010F:	sec
000404r 1  ED rr rr     	sbc     _chrome_right
000407r 1  85 rr        	sta     tmp1
000409r 1  8A           	txa
00040Ar 1  ED rr rr     	sbc     _chrome_right+1
00040Dr 1  05 rr        	ora     tmp1
00040Fr 1  B0 03 4C rr  	jcc     L010A
000413r 1  rr           
000414r 1  D0 03 4C rr  	jeq     L010A
000418r 1  rr           
000419r 1  A0 03        L010B:	ldy     #$03
00041Br 1  B1 rr        	lda     (sp),y
00041Dr 1  85 rr        	sta     regbank+4
00041Fr 1  C8           	iny
000420r 1  B1 rr        	lda     (sp),y
000422r 1  85 rr        	sta     regbank+5
000424r 1  4C rr rr     	jmp     incsp5
000427r 1               
000427r 1               .endproc
000427r 1               
000427r 1               ; ---------------------------------------------------------------
000427r 1               ; void __near__ udeks_vic_bitmap_commit_page (unsigned char)
000427r 1               ; ---------------------------------------------------------------
000427r 1               
000427r 1               .segment	"CODE"
000427r 1               
000427r 1               .proc	_udeks_vic_bitmap_commit_page: near
000427r 1               
000427r 1               .segment	"CODE"
000427r 1               
000427r 1  20 rr rr     	jsr     pusha
00042Ar 1  20 rr rr     	jsr     decsp4
00042Dr 1  A0 04        	ldy     #$04
00042Fr 1  B1 rr        	lda     (sp),y
000431r 1  C9 20        	cmp     #$20
000433r 1  20 rr rr     	jsr     boolult
000436r 1  20 rr rr     	jsr     pusha
000439r 1  A9 01        	lda     #$01
00043Br 1  20 rr rr     	jsr     _check
00043Er 1  EE rr rr     	inc     _pages
000441r 1  D0 03        	bne     L0244
000443r 1  EE rr rr     	inc     _pages+1
000446r 1  A0 04        L0244:	ldy     #$04
000448r 1  B1 rr        	lda     (sp),y
00044Ar 1  AA           	tax
00044Br 1  A9 00        	lda     #$00
00044Dr 1  A0 02        	ldy     #$02
00044Fr 1  20 rr rr     	jsr     staxysp
000452r 1  E8           	inx
000453r 1  20 rr rr     	jsr     stax0sp
000456r 1  C9 41        	cmp     #$41
000458r 1  8A           	txa
000459r 1  E9 1F        	sbc     #$1F
00045Br 1  90 3B        	bcc     L024F
00045Dr 1  A0 00        	ldy     #$00
00045Fr 1  A9 40        	lda     #$40
000461r 1  91 rr        	sta     (sp),y
000463r 1  A9 1F        	lda     #$1F
000465r 1  C8           	iny
000466r 1  91 rr        	sta     (sp),y
000468r 1  4C rr rr     	jmp     L024F
00046Br 1  A0 03        L024D:	ldy     #$03
00046Dr 1  B1 rr        	lda     (sp),y
00046Fr 1  AA           	tax
000470r 1  88           	dey
000471r 1  B1 rr        	lda     (sp),y
000473r 1  85 rr        	sta     sreg
000475r 1  8A           	txa
000476r 1  18           	clc
000477r 1  69 60        	adc     #$60
000479r 1  85 rr        	sta     sreg+1
00047Br 1  A9 rr        	lda     #<(_udeks_vic_bitmap_shadow)
00047Dr 1  18           	clc
00047Er 1  71 rr        	adc     (sp),y
000480r 1  85 rr        	sta     ptr1
000482r 1  A9 rr        	lda     #>(_udeks_vic_bitmap_shadow)
000484r 1  C8           	iny
000485r 1  71 rr        	adc     (sp),y
000487r 1  85 rr        	sta     ptr1+1
000489r 1  A0 00        	ldy     #$00
00048Br 1  B1 rr        	lda     (ptr1),y
00048Dr 1  91 rr        	sta     (sreg),y
00048Fr 1  A0 02        	ldy     #$02
000491r 1  A2 00        	ldx     #$00
000493r 1  A9 01        	lda     #$01
000495r 1  20 rr rr     	jsr     addeqysp
000498r 1  A0 03        L024F:	ldy     #$03
00049Ar 1  B1 rr        	lda     (sp),y
00049Cr 1  AA           	tax
00049Dr 1  88           	dey
00049Er 1  B1 rr        	lda     (sp),y
0004A0r 1  A0 00        	ldy     #$00
0004A2r 1  D1 rr        	cmp     (sp),y
0004A4r 1  8A           	txa
0004A5r 1  C8           	iny
0004A6r 1  F1 rr        	sbc     (sp),y
0004A8r 1  90 C1        	bcc     L024D
0004AAr 1  4C rr rr     	jmp     incsp5
0004ADr 1               
0004ADr 1               .endproc
0004ADr 1               
0004ADr 1               ; ---------------------------------------------------------------
0004ADr 1               ; unsigned char __near__ lane_raster_step (register __near__ const struct udeks_repaint_lane_work *)
0004ADr 1               ; ---------------------------------------------------------------
0004ADr 1               
0004ADr 1               .segment	"CODE"
0004ADr 1               
0004ADr 1               .proc	_lane_raster_step: near
0004ADr 1               
0004ADr 1               .segment	"CODE"
0004ADr 1               
0004ADr 1  20 rr rr     	jsr     pushax
0004B0r 1  A0 00        	ldy     #$00
0004B2r 1  A2 04        	ldx     #$04
0004B4r 1  20 rr rr     	jsr     regswap2
0004B7r 1  A5 rr        	lda     regbank+2
0004B9r 1  A6 rr        	ldx     regbank+3
0004BBr 1  20 rr rr     	jsr     pushax
0004BEr 1  A5 rr        	lda     regbank+1
0004C0r 1  20 rr rr     	jsr     pusha
0004C3r 1  A5 rr        	lda     regbank+0
0004C5r 1  20 rr rr     	jsr     pusha
0004C8r 1  A9 00        	lda     #$00
0004CAr 1  85 rr        	sta     regbank+0
0004CCr 1  20 rr rr     	jsr     decsp1
0004CFr 1  A5 rr        	lda     regbank+4
0004D1r 1  05 rr        	ora     regbank+4+1
0004D3r 1  D0 06        	bne     L0136
0004D5r 1  AA           	tax
0004D6r 1  A9 02        	lda     #$02
0004D8r 1  4C rr rr     	jmp     L0134
0004DBr 1  A5 rr        L0136:	lda     regbank+4
0004DDr 1  A6 rr        	ldx     regbank+4+1
0004DFr 1  20 rr rr     	jsr     _repaint_receipt_validate
0004E2r 1  A0 00        	ldy     #$00
0004E4r 1  91 rr        	sta     (sp),y
0004E6r 1  B1 rr        	lda     (sp),y
0004E8r 1  F0 07        	beq     L013C
0004EAr 1  A2 00        	ldx     #$00
0004ECr 1  B1 rr        	lda     (sp),y
0004EEr 1  4C rr rr     	jmp     L0134
0004F1r 1  A0 04        L013C:	ldy     #$04
0004F3r 1  B1 rr        	lda     (regbank+4),y
0004F5r 1  C9 06        	cmp     #$06
0004F7r 1  D0 48        	bne     L04CC
0004F9r 1  88           	dey
0004FAr 1  B1 rr        	lda     (regbank+4),y
0004FCr 1  AA           	tax
0004FDr 1  88           	dey
0004FEr 1  B1 rr        	lda     (regbank+4),y
000500r 1  C9 20        	cmp     #$20
000502r 1  8A           	txa
000503r 1  E9 00        	sbc     #$00
000505r 1  90 06        	bcc     L04C8
000507r 1  A2 00        	ldx     #$00
000509r 1  98           	tya
00050Ar 1  4C rr rr     	jmp     L0134
00050Dr 1  B1 rr        L04C8:	lda     (regbank+4),y
00050Fr 1  A0 00        	ldy     #$00
000511r 1  91 rr        	sta     (sp),y
000513r 1  A2 E1        	ldx     #$E1
000515r 1  A9 90        	lda     #$90
000517r 1  18           	clc
000518r 1  71 rr        	adc     (sp),y
00051Ar 1  90 01        	bcc     L014A
00051Cr 1  E8           	inx
00051Dr 1  85 rr        L014A:	sta     ptr1
00051Fr 1  86 rr        	stx     ptr1+1
000521r 1  B1 rr        	lda     (ptr1),y
000523r 1  F0 10        	beq     L04CA
000525r 1  B1 rr        	lda     (sp),y
000527r 1  20 rr rr     	jsr     _udeks_vic_bitmap_commit_page
00052Ar 1  A0 00        	ldy     #$00
00052Cr 1  B1 rr        	lda     (sp),y
00052Er 1  A8           	tay
00052Fr 1  A9 00        	lda     #$00
000531r 1  99 90 E1     	sta     $E190,y
000534r 1  A8           	tay
000535r 1  B1 rr        L04CA:	lda     (sp),y
000537r 1  C9 1F        	cmp     #$1F
000539r 1  20 rr rr     	jsr     boolne
00053Cr 1  85 rr        	sta     regbank+0
00053Er 1  4C rr rr     	jmp     L0181
000541r 1  B1 rr        L04CC:	lda     (regbank+4),y
000543r 1  C9 01        	cmp     #$01
000545r 1  F0 0B        	beq     L0155
000547r 1  C9 03        	cmp     #$03
000549r 1  F0 07        	beq     L0155
00054Br 1  A2 00        	ldx     #$00
00054Dr 1  A9 06        	lda     #$06
00054Fr 1  4C rr rr     	jmp     L0134
000552r 1  A0 07        L0155:	ldy     #$07
000554r 1  B1 rr        	lda     (regbank+4),y
000556r 1  AA           	tax
000557r 1  88           	dey
000558r 1  B1 rr        	lda     (regbank+4),y
00055Ar 1  20 rr rr     	jsr     pushax
00055Dr 1  A0 09        	ldy     #$09
00055Fr 1  B1 rr        	lda     (regbank+4),y
000561r 1  AA           	tax
000562r 1  88           	dey
000563r 1  B1 rr        	lda     (regbank+4),y
000565r 1  20 rr rr     	jsr     tosicmp
000568r 1  B0 27        	bcs     L04CF
00056Ar 1  A0 09        	ldy     #$09
00056Cr 1  B1 rr        	lda     (regbank+4),y
00056Er 1  AA           	tax
00056Fr 1  88           	dey
000570r 1  B1 rr        	lda     (regbank+4),y
000572r 1  C9 41        	cmp     #$41
000574r 1  8A           	txa
000575r 1  E9 01        	sbc     #$01
000577r 1  B0 18        	bcs     L04CF
000579r 1  A0 0A        	ldy     #$0A
00057Br 1  B1 rr        	lda     (regbank+4),y
00057Dr 1  20 rr rr     	jsr     pusha0
000580r 1  A0 0B        	ldy     #$0B
000582r 1  B1 rr        	lda     (regbank+4),y
000584r 1  20 rr rr     	jsr     tosicmp0
000587r 1  B0 08        	bcs     L04CF
000589r 1  A0 0B        	ldy     #$0B
00058Br 1  B1 rr        	lda     (regbank+4),y
00058Dr 1  C9 C9        	cmp     #$C9
00058Fr 1  90 07        	bcc     L015A
000591r 1  A2 00        L04CF:	ldx     #$00
000593r 1  A9 02        	lda     #$02
000595r 1  4C rr rr     	jmp     L0134
000598r 1  A0 04        L015A:	ldy     #$04
00059Ar 1  B1 rr        	lda     (regbank+4),y
00059Cr 1  C9 01        	cmp     #$01
00059Er 1  D0 26        	bne     L015E
0005A0r 1  A0 0B        	ldy     #$0B
0005A2r 1  B1 rr        	lda     (regbank+4),y
0005A4r 1  20 rr rr     	jsr     pusha0
0005A7r 1  A0 0A        	ldy     #$0A
0005A9r 1  B1 rr        	lda     (regbank+4),y
0005ABr 1  20 rr rr     	jsr     tossuba0
0005AEr 1  C9 05        	cmp     #$05
0005B0r 1  8A           	txa
0005B1r 1  E9 00        	sbc     #$00
0005B3r 1  A9 00        	lda     #$00
0005B5r 1  AA           	tax
0005B6r 1  90 05        	bcc     L04D1
0005B8r 1  A9 02        	lda     #$02
0005BAr 1  4C rr rr     	jmp     L0134
0005BDr 1  85 rr        L04D1:	sta     regbank+2
0005BFr 1  85 rr        	sta     regbank+2+1
0005C1r 1  85 rr        	sta     regbank+1
0005C3r 1  4C rr rr     	jmp     L0167
0005C6r 1  C8           L015E:	iny
0005C7r 1  B1 rr        	lda     (regbank+4),y
0005C9r 1  29 07        	and     #$07
0005CBr 1  20 rr rr     	jsr     _window_by_handle
0005CEr 1  85 rr        	sta     regbank+2
0005D0r 1  86 rr        	stx     regbank+2+1
0005D2r 1  A5 rr        	lda     regbank+2
0005D4r 1  05 rr        	ora     regbank+2+1
0005D6r 1  D0 03 4C rr  	jeq     L04D2
0005DAr 1  rr           
0005DBr 1  A0 07        	ldy     #$07
0005DDr 1  A2 00        	ldx     #$00
0005DFr 1  B1 rr        	lda     (regbank+2),y
0005E1r 1  85 rr        	sta     ptr1
0005E3r 1  86 rr        	stx     ptr1+1
0005E5r 1  A0 05        	ldy     #$05
0005E7r 1  B1 rr        	lda     (regbank+4),y
0005E9r 1  4A           	lsr     a
0005EAr 1  4A           	lsr     a
0005EBr 1  4A           	lsr     a
0005ECr 1  E4 rr        	cpx     ptr1+1
0005EEr 1  F0 03 4C rr  	jne     L04D3
0005F2r 1  rr           
0005F3r 1  C5 rr        	cmp     ptr1
0005F5r 1  F0 03 4C rr  	jne     L04D3
0005F9r 1  rr           
0005FAr 1  A0 07        	ldy     #$07
0005FCr 1  B1 rr        	lda     (regbank+4),y
0005FEr 1  AA           	tax
0005FFr 1  88           	dey
000600r 1  B1 rr        	lda     (regbank+4),y
000602r 1  20 rr rr     	jsr     pushax
000605r 1  A0 02        	ldy     #$02
000607r 1  B1 rr        	lda     (regbank+2),y
000609r 1  AA           	tax
00060Ar 1  88           	dey
00060Br 1  B1 rr        	lda     (regbank+2),y
00060Dr 1  20 rr rr     	jsr     tosicmp
000610r 1  90 74        	bcc     L04D2
000612r 1  A0 09        	ldy     #$09
000614r 1  B1 rr        	lda     (regbank+4),y
000616r 1  AA           	tax
000617r 1  88           	dey
000618r 1  B1 rr        	lda     (regbank+4),y
00061Ar 1  20 rr rr     	jsr     pushax
00061Dr 1  A0 02        	ldy     #$02
00061Fr 1  B1 rr        	lda     (regbank+2),y
000621r 1  AA           	tax
000622r 1  88           	dey
000623r 1  B1 rr        	lda     (regbank+2),y
000625r 1  20 rr rr     	jsr     pushax
000628r 1  A0 05        	ldy     #$05
00062Ar 1  B1 rr        	lda     (regbank+2),y
00062Cr 1  AA           	tax
00062Dr 1  88           	dey
00062Er 1  B1 rr        	lda     (regbank+2),y
000630r 1  20 rr rr     	jsr     tosaddax
000633r 1  20 rr rr     	jsr     tosicmp
000636r 1  F0 02        	beq     L04C5
000638r 1  B0 4C        	bcs     L04D2
00063Ar 1  A0 0A        L04C5:	ldy     #$0A
00063Cr 1  B1 rr        	lda     (regbank+4),y
00063Er 1  20 rr rr     	jsr     pusha0
000641r 1  A0 03        	ldy     #$03
000643r 1  B1 rr        	lda     (regbank+2),y
000645r 1  20 rr rr     	jsr     tosicmp0
000648r 1  90 3C        	bcc     L04D2
00064Ar 1  A0 0B        	ldy     #$0B
00064Cr 1  B1 rr        	lda     (regbank+4),y
00064Er 1  20 rr rr     	jsr     pusha0
000651r 1  A0 03        	ldy     #$03
000653r 1  B1 rr        	lda     (regbank+2),y
000655r 1  85 rr        	sta     ptr1
000657r 1  A0 06        	ldy     #$06
000659r 1  B1 rr        	lda     (regbank+2),y
00065Br 1  18           	clc
00065Cr 1  65 rr        	adc     ptr1
00065Er 1  90 01        	bcc     L04C4
000660r 1  E8           	inx
000661r 1  20 rr rr     L04C4:	jsr     tosicmp
000664r 1  F0 02        	beq     L04C6
000666r 1  B0 1E        	bcs     L04D2
000668r 1  A0 03        L04C6:	ldy     #$03
00066Ar 1  B1 rr        	lda     (regbank+4),y
00066Cr 1  AA           	tax
00066Dr 1  88           	dey
00066Er 1  B1 rr        	lda     (regbank+4),y
000670r 1  20 rr rr     	jsr     pushax
000673r 1  A0 0B        	ldy     #$0B
000675r 1  B1 rr        	lda     (regbank+4),y
000677r 1  20 rr rr     	jsr     pusha0
00067Ar 1  A0 0A        	ldy     #$0A
00067Cr 1  B1 rr        	lda     (regbank+4),y
00067Er 1  20 rr rr     	jsr     tossuba0
000681r 1  20 rr rr     	jsr     tosicmp
000684r 1  90 07        	bcc     L016B
000686r 1  A2 00        L04D2:	ldx     #$00
000688r 1  A9 03        L04D3:	lda     #$03
00068Ar 1  4C rr rr     	jmp     L0134
00068Dr 1  A0 0A        L016B:	ldy     #$0A
00068Fr 1  B1 rr        	lda     (regbank+4),y
000691r 1  20 rr rr     	jsr     pusha0
000694r 1  A0 03        	ldy     #$03
000696r 1  B1 rr        	lda     (regbank+4),y
000698r 1  AA           	tax
000699r 1  88           	dey
00069Ar 1  B1 rr        	lda     (regbank+4),y
00069Cr 1  20 rr rr     	jsr     tosaddax
00069Fr 1  85 rr        	sta     regbank+1
0006A1r 1  A2 00        	ldx     #$00
0006A3r 1  A5 rr        	lda     regbank+1
0006A5r 1  18           	clc
0006A6r 1  69 01        	adc     #$01
0006A8r 1  90 01        	bcc     L0173
0006AAr 1  E8           	inx
0006ABr 1  20 rr rr     L0173:	jsr     pushax
0006AEr 1  A0 0B        	ldy     #$0B
0006B0r 1  B1 rr        	lda     (regbank+4),y
0006B2r 1  20 rr rr     	jsr     tosulta0
0006B5r 1  85 rr        	sta     regbank+0
0006B7r 1  20 rr rr     L0167:	jsr     decsp6
0006BAr 1  A0 07        	ldy     #$07
0006BCr 1  B1 rr        	lda     (regbank+4),y
0006BEr 1  AA           	tax
0006BFr 1  88           	dey
0006C0r 1  B1 rr        	lda     (regbank+4),y
0006C2r 1  A0 04        	ldy     #$04
0006C4r 1  91 rr        	sta     (sp),y
0006C6r 1  C8           	iny
0006C7r 1  8A           	txa
0006C8r 1  91 rr        	sta     (sp),y
0006CAr 1  A0 0A        	ldy     #$0A
0006CCr 1  B1 rr        	lda     (regbank+4),y
0006CEr 1  A0 02        	ldy     #$02
0006D0r 1  91 rr        	sta     (sp),y
0006D2r 1  C8           	iny
0006D3r 1  A9 00        	lda     #$00
0006D5r 1  91 rr        	sta     (sp),y
0006D7r 1  A0 09        	ldy     #$09
0006D9r 1  B1 rr        	lda     (regbank+4),y
0006DBr 1  AA           	tax
0006DCr 1  88           	dey
0006DDr 1  B1 rr        	lda     (regbank+4),y
0006DFr 1  20 rr rr     	jsr     pushax
0006E2r 1  A0 07        	ldy     #$07
0006E4r 1  B1 rr        	lda     (regbank+4),y
0006E6r 1  AA           	tax
0006E7r 1  88           	dey
0006E8r 1  B1 rr        	lda     (regbank+4),y
0006EAr 1  20 rr rr     	jsr     tossubax
0006EDr 1  A0 00        	ldy     #$00
0006EFr 1  91 rr        	sta     (sp),y
0006F1r 1  C8           	iny
0006F2r 1  8A           	txa
0006F3r 1  91 rr        	sta     (sp),y
0006F5r 1  A0 0B        	ldy     #$0B
0006F7r 1  B1 rr        	lda     (regbank+4),y
0006F9r 1  20 rr rr     	jsr     pusha0
0006FCr 1  A0 0A        	ldy     #$0A
0006FEr 1  B1 rr        	lda     (regbank+4),y
000700r 1  20 rr rr     	jsr     tossuba0
000703r 1  20 rr rr     	jsr     _udeks_vic_bitmap_set_clip
000706r 1  A5 rr        	lda     regbank+2
000708r 1  05 rr        	ora     regbank+2+1
00070Ar 1  D0 5A        	bne     L0179
00070Cr 1  20 rr rr     	jsr     decsp8
00070Fr 1  A0 07        	ldy     #$07
000711r 1  B1 rr        	lda     (regbank+4),y
000713r 1  AA           	tax
000714r 1  88           	dey
000715r 1  B1 rr        	lda     (regbank+4),y
000717r 1  91 rr        	sta     (sp),y
000719r 1  C8           	iny
00071Ar 1  8A           	txa
00071Br 1  91 rr        	sta     (sp),y
00071Dr 1  A0 0A        	ldy     #$0A
00071Fr 1  B1 rr        	lda     (regbank+4),y
000721r 1  A0 04        	ldy     #$04
000723r 1  91 rr        	sta     (sp),y
000725r 1  C8           	iny
000726r 1  A9 00        	lda     #$00
000728r 1  91 rr        	sta     (sp),y
00072Ar 1  A0 09        	ldy     #$09
00072Cr 1  B1 rr        	lda     (regbank+4),y
00072Er 1  AA           	tax
00072Fr 1  88           	dey
000730r 1  B1 rr        	lda     (regbank+4),y
000732r 1  20 rr rr     	jsr     pushax
000735r 1  A0 07        	ldy     #$07
000737r 1  B1 rr        	lda     (regbank+4),y
000739r 1  AA           	tax
00073Ar 1  88           	dey
00073Br 1  B1 rr        	lda     (regbank+4),y
00073Dr 1  20 rr rr     	jsr     tossubax
000740r 1  A0 02        	ldy     #$02
000742r 1  91 rr        	sta     (sp),y
000744r 1  C8           	iny
000745r 1  8A           	txa
000746r 1  91 rr        	sta     (sp),y
000748r 1  A0 0B        	ldy     #$0B
00074Ar 1  B1 rr        	lda     (regbank+4),y
00074Cr 1  20 rr rr     	jsr     pusha0
00074Fr 1  A0 0A        	ldy     #$0A
000751r 1  B1 rr        	lda     (regbank+4),y
000753r 1  20 rr rr     	jsr     tossuba0
000756r 1  A0 00        	ldy     #$00
000758r 1  91 rr        	sta     (sp),y
00075Ar 1  C8           	iny
00075Br 1  8A           	txa
00075Cr 1  91 rr        	sta     (sp),y
00075Er 1  A9 07        	lda     #$07
000760r 1  20 rr rr     	jsr     _udeks_vic_bitmap_fill
000763r 1  4C rr rr     	jmp     L0181
000766r 1  A5 rr        L0179:	lda     regbank+2
000768r 1  A6 rr        	ldx     regbank+2+1
00076Ar 1  20 rr rr     	jsr     pushax
00076Dr 1  A5 rr        	lda     regbank+1
00076Fr 1  20 rr rr     	jsr     pusha0
000772r 1  A0 03        	ldy     #$03
000774r 1  B1 rr        	lda     (regbank+2),y
000776r 1  20 rr rr     	jsr     tossuba0
000779r 1  20 rr rr     	jsr     _draw_chrome_row
00077Cr 1  20 rr rr     L0181:	jsr     _udeks_vic_bitmap_reset_clip
00077Fr 1  A5 rr        	lda     regbank+4
000781r 1  A6 rr        	ldx     regbank+4+1
000783r 1  20 rr rr     	jsr     pushax
000786r 1  A5 rr        	lda     regbank+0
000788r 1  20 rr rr     	jsr     _repaint_receipt_ack
00078Br 1  48           L0134:	pha
00078Cr 1  86 rr        	stx     tmp1
00078Er 1  A0 06        	ldy     #$06
000790r 1  A2 05        	ldx     #$05
000792r 1  B1 rr        L0189:	lda     (sp),y
000794r 1  95 rr        	sta     regbank+0,x
000796r 1  88           	dey
000797r 1  CA           	dex
000798r 1  10 F8        	bpl     L0189
00079Ar 1  A6 rr        	ldx     tmp1
00079Cr 1  68           	pla
00079Dr 1  4C rr rr     	jmp     incsp7
0007A0r 1               
0007A0r 1               .endproc
0007A0r 1               
0007A0r 1               ; ---------------------------------------------------------------
0007A0r 1               ; unsigned char __near__ repaint_frontend_allowed (unsigned char)
0007A0r 1               ; ---------------------------------------------------------------
0007A0r 1               
0007A0r 1               .segment	"CODE"
0007A0r 1               
0007A0r 1               .proc	_repaint_frontend_allowed: near
0007A0r 1               
0007A0r 1               .segment	"CODE"
0007A0r 1               
0007A0r 1  20 rr rr     	jsr     pusha
0007A3r 1  A2 00        	ldx     #$00
0007A5r 1  A1 rr        	lda     (sp,x)
0007A7r 1  C9 01        	cmp     #$01
0007A9r 1  D0 1A        	bne     L04D5
0007ABr 1  AD rr rr     	lda     _cache_accept_state
0007AEr 1  C9 80        	cmp     #$80
0007B0r 1  D0 13        	bne     L04D5
0007B2r 1  AD rr rr     	lda     _cache_phase
0007B5r 1  F0 08        	beq     L04D4
0007B7r 1  C9 02        	cmp     #$02
0007B9r 1  F0 04        	beq     L04D4
0007BBr 1  8A           	txa
0007BCr 1  4C rr rr     	jmp     incsp1
0007BFr 1  20 rr rr     L04D4:	jsr     _udeks_vic_graphics_is_active
0007C2r 1  AA           	tax
0007C3r 1  D0 04        	bne     L0190
0007C5r 1  8A           L04D5:	txa
0007C6r 1  4C rr rr     	jmp     incsp1
0007C9r 1  A9 01        L0190:	lda     #$01
0007CBr 1  A2 00        	ldx     #$00
0007CDr 1  4C rr rr     	jmp     incsp1
0007D0r 1               
0007D0r 1               .endproc
0007D0r 1               
0007D0r 1               ; ---------------------------------------------------------------
0007D0r 1               ; unsigned char __near__ repaint_frontend_control (unsigned char, __near__ const struct udeks_repaint_rect *, unsigned char)
0007D0r 1               ; ---------------------------------------------------------------
0007D0r 1               
0007D0r 1               .segment	"CODE"
0007D0r 1               
0007D0r 1               .proc	_repaint_frontend_control: near
0007D0r 1               
0007D0r 1               .segment	"CODE"
0007D0r 1               
0007D0r 1  20 rr rr     	jsr     pusha
0007D3r 1  A0 03        	ldy     #$03
0007D5r 1  B1 rr        	lda     (sp),y
0007D7r 1  C9 04        	cmp     #$04
0007D9r 1  B0 17        	bcs     L04E0
0007DBr 1  A2 00        	ldx     #$00
0007DDr 1  B1 rr        	lda     (sp),y
0007DFr 1  C9 01        	cmp     #$01
0007E1r 1  F0 04        	beq     L04DA
0007E3r 1  C9 02        	cmp     #$02
0007E5r 1  D0 12        	bne     L0196
0007E7r 1  88           L04DA:	dey
0007E8r 1  B1 rr        	lda     (sp),y
0007EAr 1  88           	dey
0007EBr 1  11 rr        	ora     (sp),y
0007EDr 1  F0 05        	beq     L04E2
0007EFr 1  4C rr rr     	jmp     L0196
0007F2r 1  A2 00        L04E0:	ldx     #$00
0007F4r 1  A9 02        L04E2:	lda     #$02
0007F6r 1  4C rr rr     	jmp     incsp4
0007F9r 1  A1 rr        L0196:	lda     (sp,x)
0007FBr 1  20 rr rr     	jsr     _repaint_frontend_allowed
0007FEr 1  AA           	tax
0007FFr 1  D0 05        	bne     L019F
000801r 1  A9 07        	lda     #$07
000803r 1  4C rr rr     	jmp     incsp4
000806r 1  A0 03        L019F:	ldy     #$03
000808r 1  B1 rr        	lda     (sp),y
00080Ar 1  C9 01        	cmp     #$01
00080Cr 1  F0 04        	beq     L04E4
00080Er 1  C9 02        	cmp     #$02
000810r 1  D0 15        	bne     L04E6
000812r 1  A2 F7        L04E4:	ldx     #$F7
000814r 1  A9 84        	lda     #$84
000816r 1  20 rr rr     	jsr     pushax
000819r 1  A0 06        	ldy     #$06
00081Br 1  20 rr rr     	jsr     pushwysp
00081Er 1  A2 00        	ldx     #$00
000820r 1  A9 06        	lda     #$06
000822r 1  20 rr rr     	jsr     _memcpy
000825r 1  A0 03        	ldy     #$03
000827r 1  B1 rr        L04E6:	lda     (sp),y
000829r 1  8D 80 F7     	sta     $F780
00082Cr 1  20 rr rr     	jsr     _private_repaint_policy_call
00082Fr 1  4C rr rr     	jmp     incsp4
000832r 1               
000832r 1               .endproc
000832r 1               
000832r 1               ; ---------------------------------------------------------------
000832r 1               ; unsigned char __near__ repaint_frontend_poll (unsigned char, __near__ struct udeks_repaint_lane_work *)
000832r 1               ; ---------------------------------------------------------------
000832r 1               
000832r 1               .segment	"CODE"
000832r 1               
000832r 1               .proc	_repaint_frontend_poll: near
000832r 1               
000832r 1               .segment	"CODE"
000832r 1               
000832r 1  20 rr rr     	jsr     pushax
000835r 1  A5 rr        	lda     regbank+4
000837r 1  A6 rr        	ldx     regbank+5
000839r 1  20 rr rr     	jsr     pushax
00083Cr 1  A5 rr        	lda     regbank+2
00083Er 1  A6 rr        	ldx     regbank+3
000840r 1  20 rr rr     	jsr     pushax
000843r 1  20 rr rr     	jsr     decsp2
000846r 1  A0 07        	ldy     #$07
000848r 1  B1 rr        	lda     (sp),y
00084Ar 1  88           	dey
00084Br 1  11 rr        	ora     (sp),y
00084Dr 1  D0 06        	bne     L01B0
00084Fr 1  AA           	tax
000850r 1  A9 02        	lda     #$02
000852r 1  4C rr rr     	jmp     L01AD
000855r 1  A0 08        L01B0:	ldy     #$08
000857r 1  B1 rr        	lda     (sp),y
000859r 1  20 rr rr     	jsr     _repaint_frontend_allowed
00085Cr 1  AA           	tax
00085Dr 1  F0 07        	beq     L04E8
00085Fr 1  AD rr rr     	lda     _dragging_handle
000862r 1  F0 07        	beq     L01B3
000864r 1  A2 00        	ldx     #$00
000866r 1  A9 07        L04E8:	lda     #$07
000868r 1  4C rr rr     	jmp     L01AD
00086Br 1  A9 rr        L01B3:	lda     #>(_windows)
00086Dr 1  85 rr        	sta     regbank+4+1
00086Fr 1  A9 rr        	lda     #<(_windows)
000871r 1  85 rr        	sta     regbank+4
000873r 1  A2 F7        	ldx     #$F7
000875r 1  A9 90        	lda     #$90
000877r 1  85 rr        	sta     regbank+2
000879r 1  86 rr        	stx     regbank+2+1
00087Br 1  A9 04        	lda     #$04
00087Dr 1  A0 01        	ldy     #$01
00087Fr 1  91 rr        	sta     (sp),y
000881r 1  A0 07        L01BF:	ldy     #$07
000883r 1  B1 rr        L01C6:	lda     (regbank+4),y
000885r 1  91 rr        	sta     (regbank+2),y
000887r 1  88           	dey
000888r 1  10 F9        	bpl     L01C6
00088Ar 1  A9 0E        	lda     #$0E
00088Cr 1  18           	clc
00088Dr 1  65 rr        	adc     regbank+4
00088Fr 1  85 rr        	sta     regbank+4
000891r 1  90 02        	bcc     L01C8
000893r 1  E6 rr        	inc     regbank+4+1
000895r 1  A9 08        L01C8:	lda     #$08
000897r 1  18           	clc
000898r 1  65 rr        	adc     regbank+2
00089Ar 1  85 rr        	sta     regbank+2
00089Cr 1  90 02        	bcc     L01CA
00089Er 1  E6 rr        	inc     regbank+2+1
0008A0r 1  A0 01        L01CA:	ldy     #$01
0008A2r 1  B1 rr        	lda     (sp),y
0008A4r 1  38           	sec
0008A5r 1  E9 01        	sbc     #$01
0008A7r 1  91 rr        	sta     (sp),y
0008A9r 1  AA           	tax
0008AAr 1  D0 D5        	bne     L01BF
0008ACr 1  A9 84        	lda     #$84
0008AEr 1  8D 81 F7     	sta     $F781
0008B1r 1  8A           	txa
0008B2r 1  8D B3 F7     	sta     $F7B3
0008B5r 1  8D B2 F7     	sta     $F7B2
0008B8r 1  8D B1 F7     	sta     $F7B1
0008BBr 1  8D B0 F7     	sta     $F7B0
0008BEr 1  A9 04        	lda     #$04
0008C0r 1  8D 80 F7     	sta     $F780
0008C3r 1  20 rr rr     	jsr     _private_repaint_policy_call
0008C6r 1  A0 00        	ldy     #$00
0008C8r 1  91 rr        	sta     (sp),y
0008CAr 1  B1 rr        	lda     (sp),y
0008CCr 1  F0 07        	beq     L01E1
0008CEr 1  A2 00        	ldx     #$00
0008D0r 1  B1 rr        	lda     (sp),y
0008D2r 1  4C rr rr     	jmp     L01AD
0008D5r 1  A0 09        L01E1:	ldy     #$09
0008D7r 1  20 rr rr     	jsr     pushwysp
0008DAr 1  A2 F7        	ldx     #$F7
0008DCr 1  A9 B4        	lda     #$B4
0008DEr 1  20 rr rr     	jsr     pushax
0008E1r 1  A2 00        	ldx     #$00
0008E3r 1  A9 0C        	lda     #$0C
0008E5r 1  20 rr rr     	jsr     _memcpy
0008E8r 1  A0 07        	ldy     #$07
0008EAr 1  B1 rr        	lda     (sp),y
0008ECr 1  AA           	tax
0008EDr 1  88           	dey
0008EEr 1  B1 rr        	lda     (sp),y
0008F0r 1  20 rr rr     	jsr     _lane_raster_step
0008F3r 1  48           L01AD:	pha
0008F4r 1  A0 02        	ldy     #$02
0008F6r 1  B1 rr        L01E9:	lda     (sp),y
0008F8r 1  99 rr rr     	sta     regbank+0,y
0008FBr 1  C8           	iny
0008FCr 1  C0 06        	cpy     #$06
0008FEr 1  D0 F6        	bne     L01E9
000900r 1  68           	pla
000901r 1  A0 09        	ldy     #$09
000903r 1  4C rr rr     	jmp     addysp
000906r 1               
000906r 1               .endproc
000906r 1               
000906r 1               ; ---------------------------------------------------------------
000906r 1               ; void __near__ check (unsigned char, unsigned char)
000906r 1               ; ---------------------------------------------------------------
000906r 1               
000906r 1               .segment	"CODE"
000906r 1               
000906r 1               .proc	_check: near
000906r 1               
000906r 1               .segment	"CODE"
000906r 1               
000906r 1  20 rr rr     	jsr     pusha
000909r 1  A0 01        	ldy     #$01
00090Br 1  B1 rr        	lda     (sp),y
00090Dr 1  D0 0E        	bne     L021F
00090Fr 1  AD rr rr     	lda     _failure
000912r 1  F0 03 4C rr  	jne     incsp2
000916r 1  rr           
000917r 1  88           	dey
000918r 1  B1 rr        	lda     (sp),y
00091Ar 1  8D rr rr     	sta     _failure
00091Dr 1  4C rr rr     L021F:	jmp     incsp2
000920r 1               
000920r 1               .endproc
000920r 1               
000920r 1               ; ---------------------------------------------------------------
000920r 1               ; unsigned char __near__ request (unsigned char)
000920r 1               ; ---------------------------------------------------------------
000920r 1               
000920r 1               .segment	"CODE"
000920r 1               
000920r 1               .proc	_request: near
000920r 1               
000920r 1               .segment	"CODE"
000920r 1               
000920r 1  20 rr rr     	jsr     pusha
000923r 1  A0 00        	ldy     #$00
000925r 1  B1 rr        	lda     (sp),y
000927r 1  8D 80 F7     	sta     $F780
00092Ar 1  20 rr rr     	jsr     _runtime_call
00092Dr 1  4C rr rr     	jmp     incsp1
000930r 1               
000930r 1               .endproc
000930r 1               
000930r 1               ; ---------------------------------------------------------------
000930r 1               ; unsigned int __near__ checksum (void)
000930r 1               ; ---------------------------------------------------------------
000930r 1               
000930r 1               .segment	"CODE"
000930r 1               
000930r 1               .proc	_checksum: near
000930r 1               
000930r 1               .segment	"CODE"
000930r 1               
000930r 1  20 rr rr     	jsr     decsp2
000933r 1  A9 57        	lda     #$57
000935r 1  8D rr rr     	sta     _low
000938r 1  A9 13        	lda     #$13
00093Ar 1  8D rr rr     	sta     _high
00093Dr 1  A0 00        	ldy     #$00
00093Fr 1  98           	tya
000940r 1  91 rr        	sta     (sp),y
000942r 1  C8           	iny
000943r 1  91 rr        	sta     (sp),y
000945r 1  A0 01        L022F:	ldy     #$01
000947r 1  B1 rr        	lda     (sp),y
000949r 1  C9 1F        	cmp     #$1F
00094Br 1  D0 05        	bne     L0236
00094Dr 1  88           	dey
00094Er 1  B1 rr        	lda     (sp),y
000950r 1  C9 40        	cmp     #$40
000952r 1  B0 2B        L0236:	bcs     L0230
000954r 1  A9 rr        	lda     #<(_udeks_vic_bitmap_shadow)
000956r 1  A0 00        	ldy     #$00
000958r 1  18           	clc
000959r 1  71 rr        	adc     (sp),y
00095Br 1  85 rr        	sta     ptr1
00095Dr 1  A9 rr        	lda     #>(_udeks_vic_bitmap_shadow)
00095Fr 1  C8           	iny
000960r 1  71 rr        	adc     (sp),y
000962r 1  85 rr        	sta     ptr1+1
000964r 1  88           	dey
000965r 1  B1 rr        	lda     (ptr1),y
000967r 1  18           	clc
000968r 1  6D rr rr     	adc     _low
00096Br 1  8D rr rr     	sta     _low
00096Er 1  18           	clc
00096Fr 1  6D rr rr     	adc     _high
000972r 1  8D rr rr     	sta     _high
000975r 1  A2 00        	ldx     #$00
000977r 1  A9 01        	lda     #$01
000979r 1  20 rr rr     	jsr     addeq0sp
00097Cr 1  4C rr rr     	jmp     L022F
00097Fr 1  AD rr rr     L0230:	lda     _low
000982r 1  AE rr rr     	ldx     _high
000985r 1  4C rr rr     	jmp     incsp2
000988r 1               
000988r 1               .endproc
000988r 1               
000988r 1               ; ---------------------------------------------------------------
000988r 1               ; void __near__ drive (void)
000988r 1               ; ---------------------------------------------------------------
000988r 1               
000988r 1               .segment	"CODE"
000988r 1               
000988r 1               .proc	_drive: near
000988r 1               
000988r 1               .segment	"CODE"
000988r 1               
000988r 1  A0 12        	ldy     #$12
00098Ar 1  20 rr rr     	jsr     subysp
00098Dr 1  A9 00        	lda     #$00
00098Fr 1  8D rr rr     	sta     _pages
000992r 1  8D rr rr     	sta     _pages+1
000995r 1  A0 04        	ldy     #$04
000997r 1  91 rr        	sta     (sp),y
000999r 1  C8           	iny
00099Ar 1  91 rr        	sta     (sp),y
00099Cr 1  A0 05        L025A:	ldy     #$05
00099Er 1  B1 rr        	lda     (sp),y
0009A0r 1  C9 03        	cmp     #$03
0009A2r 1  D0 05        	bne     L0261
0009A4r 1  88           	dey
0009A5r 1  B1 rr        	lda     (sp),y
0009A7r 1  C9 E8        	cmp     #$E8
0009A9r 1  90 03 4C rr  L0261:	jcs     L025B
0009ADr 1  rr           
0009AEr 1  A9 01        	lda     #$01
0009B0r 1  20 rr rr     	jsr     pusha
0009B3r 1  A5 rr        	lda     sp
0009B5r 1  A6 rr        	ldx     sp+1
0009B7r 1  18           	clc
0009B8r 1  69 07        	adc     #$07
0009BAr 1  90 01        	bcc     L0267
0009BCr 1  E8           	inx
0009BDr 1  20 rr rr     L0267:	jsr     _repaint_frontend_poll
0009C0r 1  A0 01        	ldy     #$01
0009C2r 1  91 rr        	sta     (sp),y
0009C4r 1  C9 01        	cmp     #$01
0009C6r 1  D0 03 4C rr  	jeq     L025B
0009CAr 1  rr           
0009CBr 1  B1 rr        	lda     (sp),y
0009CDr 1  C9 05        	cmp     #$05
0009CFr 1  D0 03 4C rr  	jeq     L025C
0009D3r 1  rr           
0009D4r 1  B1 rr        	lda     (sp),y
0009D6r 1  F0 11        	beq     L026C
0009D8r 1  C9 06        	cmp     #$06
0009DAr 1  F0 0D        	beq     L026C
0009DCr 1  A9 00        	lda     #$00
0009DEr 1  20 rr rr     	jsr     pusha
0009E1r 1  A9 02        	lda     #$02
0009E3r 1  20 rr rr     	jsr     _check
0009E6r 1  4C rr rr     	jmp     L025B
0009E9r 1  A0 0A        L026C:	ldy     #$0A
0009EBr 1  B1 rr        	lda     (sp),y
0009EDr 1  C9 04        	cmp     #$04
0009EFr 1  F0 03 4C rr  	jne     L0273
0009F3r 1  rr           
0009F4r 1  A0 01        	ldy     #$01
0009F6r 1  B1 rr        	lda     (sp),y
0009F8r 1  C9 06        	cmp     #$06
0009FAr 1  20 rr rr     	jsr     booleq
0009FDr 1  20 rr rr     	jsr     pusha
000A00r 1  A9 03        	lda     #$03
000A02r 1  20 rr rr     	jsr     _check
000A05r 1  A5 rr        	lda     sp
000A07r 1  A6 rr        	ldx     sp+1
000A09r 1  18           	clc
000A0Ar 1  69 06        	adc     #$06
000A0Cr 1  90 01        	bcc     L027B
000A0Er 1  E8           	inx
000A0Fr 1  20 rr rr     L027B:	jsr     _repaint_receipt_validate
000A12r 1  C9 00        	cmp     #$00
000A14r 1  20 rr rr     	jsr     booleq
000A17r 1  20 rr rr     	jsr     pusha
000A1Ar 1  A9 04        	lda     #$04
000A1Cr 1  20 rr rr     	jsr     _check
000A1Fr 1  20 rr rr     	jsr     decsp6
000A22r 1  A0 13        	ldy     #$13
000A24r 1  B1 rr        	lda     (sp),y
000A26r 1  AA           	tax
000A27r 1  88           	dey
000A28r 1  B1 rr        	lda     (sp),y
000A2Ar 1  A0 04        	ldy     #$04
000A2Cr 1  91 rr        	sta     (sp),y
000A2Er 1  C8           	iny
000A2Fr 1  8A           	txa
000A30r 1  91 rr        	sta     (sp),y
000A32r 1  A0 16        	ldy     #$16
000A34r 1  B1 rr        	lda     (sp),y
000A36r 1  A0 02        	ldy     #$02
000A38r 1  91 rr        	sta     (sp),y
000A3Ar 1  C8           	iny
000A3Br 1  A9 00        	lda     #$00
000A3Dr 1  91 rr        	sta     (sp),y
000A3Fr 1  A0 15        	ldy     #$15
000A41r 1  B1 rr        	lda     (sp),y
000A43r 1  AA           	tax
000A44r 1  88           	dey
000A45r 1  B1 rr        	lda     (sp),y
000A47r 1  38           	sec
000A48r 1  A0 12        	ldy     #$12
000A4Ar 1  F1 rr        	sbc     (sp),y
000A4Cr 1  48           	pha
000A4Dr 1  8A           	txa
000A4Er 1  C8           	iny
000A4Fr 1  F1 rr        	sbc     (sp),y
000A51r 1  AA           	tax
000A52r 1  68           	pla
000A53r 1  A0 00        	ldy     #$00
000A55r 1  91 rr        	sta     (sp),y
000A57r 1  C8           	iny
000A58r 1  8A           	txa
000A59r 1  91 rr        	sta     (sp),y
000A5Br 1  A0 17        	ldy     #$17
000A5Dr 1  B1 rr        	lda     (sp),y
000A5Fr 1  38           	sec
000A60r 1  88           	dey
000A61r 1  F1 rr        	sbc     (sp),y
000A63r 1  A2 00        	ldx     #$00
000A65r 1  20 rr rr     	jsr     _udeks_vic_bitmap_set_clip
000A68r 1  A0 08        	ldy     #$08
000A6Ar 1  B1 rr        	lda     (sp),y
000A6Cr 1  18           	clc
000A6Dr 1  A0 10        	ldy     #$10
000A6Fr 1  71 rr        	adc     (sp),y
000A71r 1  A0 00        	ldy     #$00
000A73r 1  91 rr        	sta     (sp),y
000A75r 1  A0 11        	ldy     #$11
000A77r 1  D1 rr        	cmp     (sp),y
000A79r 1  20 rr rr     	jsr     boolult
000A7Cr 1  20 rr rr     	jsr     pusha
000A7Fr 1  A9 05        	lda     #$05
000A81r 1  20 rr rr     	jsr     _check
000A84r 1  A0 0D        	ldy     #$0D
000A86r 1  B1 rr        	lda     (sp),y
000A88r 1  AA           	tax
000A89r 1  88           	dey
000A8Ar 1  B1 rr        	lda     (sp),y
000A8Cr 1  A0 02        	ldy     #$02
000A8Er 1  20 rr rr     	jsr     staxysp
000A91r 1  A0 03        L0287:	ldy     #$03
000A93r 1  B1 rr        	lda     (sp),y
000A95r 1  AA           	tax
000A96r 1  88           	dey
000A97r 1  B1 rr        	lda     (sp),y
000A99r 1  A0 0E        	ldy     #$0E
000A9Br 1  D1 rr        	cmp     (sp),y
000A9Dr 1  8A           	txa
000A9Er 1  C8           	iny
000A9Fr 1  F1 rr        	sbc     (sp),y
000AA1r 1  B0 5F        	bcs     L0288
000AA3r 1  20 rr rr     	jsr     decsp4
000AA6r 1  A0 07        	ldy     #$07
000AA8r 1  B1 rr        	lda     (sp),y
000AAAr 1  AA           	tax
000AABr 1  88           	dey
000AACr 1  B1 rr        	lda     (sp),y
000AAEr 1  A0 02        	ldy     #$02
000AB0r 1  91 rr        	sta     (sp),y
000AB2r 1  C8           	iny
000AB3r 1  8A           	txa
000AB4r 1  91 rr        	sta     (sp),y
000AB6r 1  C8           	iny
000AB7r 1  B1 rr        	lda     (sp),y
000AB9r 1  A0 00        	ldy     #$00
000ABBr 1  91 rr        	sta     (sp),y
000ABDr 1  C8           	iny
000ABEr 1  A9 00        	lda     #$00
000AC0r 1  91 rr        	sta     (sp),y
000AC2r 1  A0 07        	ldy     #$07
000AC4r 1  B1 rr        	lda     (sp),y
000AC6r 1  AA           	tax
000AC7r 1  88           	dey
000AC8r 1  B1 rr        	lda     (sp),y
000ACAr 1  20 rr rr     	jsr     mulax3
000ACDr 1  20 rr rr     	jsr     pushax
000AD0r 1  A0 06        	ldy     #$06
000AD2r 1  A2 00        	ldx     #$00
000AD4r 1  B1 rr        	lda     (sp),y
000AD6r 1  20 rr rr     	jsr     mulax5
000AD9r 1  20 rr rr     	jsr     tosaddax
000ADCr 1  20 rr rr     	jsr     pushax
000ADFr 1  A9 07        	lda     #$07
000AE1r 1  20 rr rr     	jsr     tosumoda0
000AE4r 1  E0 00        	cpx     #$00
000AE6r 1  D0 02        	bne     L0294
000AE8r 1  C9 03        	cmp     #$03
000AEAr 1  B0 05        L0294:	bcs     L0295
000AECr 1  A9 00        	lda     #$00
000AEEr 1  4C rr rr     	jmp     L04EE
000AF1r 1  A9 07        L0295:	lda     #$07
000AF3r 1  20 rr rr     L04EE:	jsr     _udeks_vic_bitmap_pixel
000AF6r 1  A0 02        	ldy     #$02
000AF8r 1  A2 00        	ldx     #$00
000AFAr 1  A9 01        	lda     #$01
000AFCr 1  20 rr rr     	jsr     addeqysp
000AFFr 1  4C rr rr     	jmp     L0287
000B02r 1  20 rr rr     L0288:	jsr     _udeks_vic_bitmap_reset_clip
000B05r 1  A5 rr        	lda     sp
000B07r 1  A6 rr        	ldx     sp+1
000B09r 1  18           	clc
000B0Ar 1  69 06        	adc     #$06
000B0Cr 1  90 01        	bcc     L029D
000B0Er 1  E8           	inx
000B0Fr 1  20 rr rr     L029D:	jsr     pushax
000B12r 1  A0 02        	ldy     #$02
000B14r 1  A2 00        	ldx     #$00
000B16r 1  B1 rr        	lda     (sp),y
000B18r 1  18           	clc
000B19r 1  69 01        	adc     #$01
000B1Br 1  90 01        	bcc     L029F
000B1Dr 1  E8           	inx
000B1Er 1  A0 13        L029F:	ldy     #$13
000B20r 1  D1 rr        	cmp     (sp),y
000B22r 1  8A           	txa
000B23r 1  E9 00        	sbc     #$00
000B25r 1  20 rr rr     	jsr     boolult
000B28r 1  20 rr rr     	jsr     _repaint_receipt_ack
000B2Br 1  C9 00        	cmp     #$00
000B2Dr 1  20 rr rr     	jsr     booleq
000B30r 1  20 rr rr     	jsr     pusha
000B33r 1  A9 06        	lda     #$06
000B35r 1  4C rr rr     	jmp     L04EA
000B38r 1  A0 01        L0273:	ldy     #$01
000B3Ar 1  B1 rr        	lda     (sp),y
000B3Cr 1  20 rr rr     	jsr     booleq
000B3Fr 1  20 rr rr     	jsr     pusha
000B42r 1  A9 07        	lda     #$07
000B44r 1  20 rr rr     L04EA:	jsr     _check
000B47r 1  AD B0 E1     	lda     $E1B0
000B4Ar 1  0D B1 E1     	ora     $E1B0+1
000B4Dr 1  D0 22        	bne     L02A8
000B4Fr 1  AD B2 E1     	lda     $E1B2
000B52r 1  0D B3 E1     	ora     $E1B2+1
000B55r 1  D0 1A        	bne     L02A8
000B57r 1  AD B5 E1     	lda     $E1B4+1
000B5Ar 1  C9 01        	cmp     #$01
000B5Cr 1  D0 13        	bne     L02A8
000B5Er 1  AD B4 E1     	lda     $E1B4
000B61r 1  C9 40        	cmp     #$40
000B63r 1  D0 0C        	bne     L02A8
000B65r 1  AD B7 E1     	lda     $E1B6+1
000B68r 1  D0 07        	bne     L02A8
000B6Ar 1  AD B6 E1     	lda     $E1B6
000B6Dr 1  C9 C8        	cmp     #$C8
000B6Fr 1  F0 05        	beq     L02A6
000B71r 1  A9 00        L02A8:	lda     #$00
000B73r 1  4C rr rr     	jmp     L04EF
000B76r 1  A9 01        L02A6:	lda     #$01
000B78r 1  20 rr rr     L04EF:	jsr     pusha
000B7Br 1  A9 08        	lda     #$08
000B7Dr 1  20 rr rr     	jsr     _check
000B80r 1  A0 04        L025C:	ldy     #$04
000B82r 1  A2 00        	ldx     #$00
000B84r 1  A9 01        	lda     #$01
000B86r 1  20 rr rr     	jsr     addeqysp
000B89r 1  4C rr rr     	jmp     L025A
000B8Cr 1  A0 05        L025B:	ldy     #$05
000B8Er 1  B1 rr        	lda     (sp),y
000B90r 1  C9 03        	cmp     #$03
000B92r 1  D0 05        	bne     L02B0
000B94r 1  88           	dey
000B95r 1  B1 rr        	lda     (sp),y
000B97r 1  C9 E8        	cmp     #$E8
000B99r 1  B0 0C        L02B0:	bcs     L02B1
000B9Br 1  AD rr rr     	lda     _pages+1
000B9Er 1  D0 07        	bne     L02B1
000BA0r 1  AD rr rr     	lda     _pages
000BA3r 1  C9 20        	cmp     #$20
000BA5r 1  F0 05        	beq     L02AF
000BA7r 1  A9 00        L02B1:	lda     #$00
000BA9r 1  4C rr rr     	jmp     L04F0
000BACr 1  A9 01        L02AF:	lda     #$01
000BAEr 1  20 rr rr     L04F0:	jsr     pusha
000BB1r 1  A9 09        	lda     #$09
000BB3r 1  20 rr rr     	jsr     _check
000BB6r 1  A0 12        	ldy     #$12
000BB8r 1  4C rr rr     	jmp     addysp
000BBBr 1               
000BBBr 1               .endproc
000BBBr 1               
000BBBr 1               ; ---------------------------------------------------------------
000BBBr 1               ; void __near__ cancel_on_glyph (void)
000BBBr 1               ; ---------------------------------------------------------------
000BBBr 1               
000BBBr 1               .segment	"CODE"
000BBBr 1               
000BBBr 1               .proc	_cancel_on_glyph: near
000BBBr 1               
000BBBr 1               .segment	"CODE"
000BBBr 1               
000BBBr 1  A0 30        	ldy     #$30
000BBDr 1  20 rr rr     	jsr     subysp
000BC0r 1  A9 01        	lda     #$01
000BC2r 1  20 rr rr     	jsr     _request
000BC5r 1  C9 00        	cmp     #$00
000BC7r 1  20 rr rr     	jsr     booleq
000BCAr 1  20 rr rr     	jsr     pusha
000BCDr 1  A9 0A        	lda     #$0A
000BCFr 1  20 rr rr     	jsr     _check
000BD2r 1  A0 20        	ldy     #$20
000BD4r 1  A9 00        	lda     #$00
000BD6r 1  91 rr        	sta     (sp),y
000BD8r 1  C8           	iny
000BD9r 1  91 rr        	sta     (sp),y
000BDBr 1  A0 21        L02BB:	ldy     #$21
000BDDr 1  B1 rr        	lda     (sp),y
000BDFr 1  C9 00        	cmp     #$00
000BE1r 1  D0 05        	bne     L02C2
000BE3r 1  88           	dey
000BE4r 1  B1 rr        	lda     (sp),y
000BE6r 1  C9 64        	cmp     #$64
000BE8r 1  B0 6C        L02C2:	bcs     L02BC
000BEAr 1  A9 01        	lda     #$01
000BECr 1  20 rr rr     	jsr     pusha
000BEFr 1  A5 rr        	lda     sp
000BF1r 1  A6 rr        	ldx     sp+1
000BF3r 1  18           	clc
000BF4r 1  69 25        	adc     #$25
000BF6r 1  90 01        	bcc     L02C8
000BF8r 1  E8           	inx
000BF9r 1  20 rr rr     L02C8:	jsr     _repaint_frontend_poll
000BFCr 1  C9 00        	cmp     #$00
000BFEr 1  20 rr rr     	jsr     booleq
000C01r 1  20 rr rr     	jsr     pusha
000C04r 1  A9 0B        	lda     #$0B
000C06r 1  20 rr rr     	jsr     _check
000C09r 1  A9 04        	lda     #$04
000C0Br 1  20 rr rr     	jsr     _request
000C0Er 1  C9 00        	cmp     #$00
000C10r 1  20 rr rr     	jsr     booleq
000C13r 1  20 rr rr     	jsr     pusha
000C16r 1  A9 0B        	lda     #$0B
000C18r 1  20 rr rr     	jsr     _check
000C1Br 1  A5 rr        	lda     sp
000C1Dr 1  A6 rr        	ldx     sp+1
000C1Fr 1  18           	clc
000C20r 1  69 24        	adc     #$24
000C22r 1  90 01        	bcc     L02CF
000C24r 1  E8           	inx
000C25r 1  20 rr rr     L02CF:	jsr     pushax
000C28r 1  A2 F7        	ldx     #$F7
000C2Ar 1  A9 B4        	lda     #$B4
000C2Cr 1  20 rr rr     	jsr     pushax
000C2Fr 1  A2 00        	ldx     #$00
000C31r 1  A9 0C        	lda     #$0C
000C33r 1  20 rr rr     	jsr     _memcpy
000C36r 1  A0 28        	ldy     #$28
000C38r 1  B1 rr        	lda     (sp),y
000C3Ar 1  C9 03        	cmp     #$03
000C3Cr 1  D0 0C        	bne     L02BD
000C3Er 1  88           	dey
000C3Fr 1  B1 rr        	lda     (sp),y
000C41r 1  D0 07        	bne     L02BD
000C43r 1  88           	dey
000C44r 1  B1 rr        	lda     (sp),y
000C46r 1  C9 04        	cmp     #$04
000C48r 1  F0 0C        	beq     L02BC
000C4Ar 1  A0 20        L02BD:	ldy     #$20
000C4Cr 1  A2 00        	ldx     #$00
000C4Er 1  A9 01        	lda     #$01
000C50r 1  20 rr rr     	jsr     addeqysp
000C53r 1  4C rr rr     	jmp     L02BB
000C56r 1  A0 21        L02BC:	ldy     #$21
000C58r 1  B1 rr        	lda     (sp),y
000C5Ar 1  AA           	tax
000C5Br 1  88           	dey
000C5Cr 1  B1 rr        	lda     (sp),y
000C5Er 1  E0 00        	cpx     #$00
000C60r 1  D0 02        	bne     L02D9
000C62r 1  C9 64        	cmp     #$64
000C64r 1  20 rr rr     L02D9:	jsr     boolult
000C67r 1  20 rr rr     	jsr     pusha
000C6Ar 1  A9 0D        	lda     #$0D
000C6Cr 1  20 rr rr     	jsr     _check
000C6Fr 1  20 rr rr     	jsr     _checksum
000C72r 1  A0 22        	ldy     #$22
000C74r 1  20 rr rr     	jsr     staxysp
000C77r 1  A0 00        	ldy     #$00
000C79r 1  B9 90 E1     L02E1:	lda     $E190,y
000C7Cr 1  91 rr        	sta     (sp),y
000C7Er 1  C8           	iny
000C7Fr 1  C0 20        	cpy     #$20
000C81r 1  D0 F6        	bne     L02E1
000C83r 1  A9 02        	lda     #$02
000C85r 1  20 rr rr     	jsr     _request
000C88r 1  C9 00        	cmp     #$00
000C8Ar 1  20 rr rr     	jsr     booleq
000C8Dr 1  20 rr rr     	jsr     pusha
000C90r 1  A9 0E        	lda     #$0E
000C92r 1  20 rr rr     	jsr     _check
000C95r 1  A2 00        	ldx     #$00
000C97r 1  A9 01        	lda     #$01
000C99r 1  8D rr rr     	sta     _windows+8
000C9Cr 1  8E rr rr     	stx     _windows+8+1
000C9Fr 1  20 rr rr     	jsr     decsp6
000CA2r 1  A9 6F        	lda     #$6F
000CA4r 1  A0 04        	ldy     #$04
000CA6r 1  91 rr        	sta     (sp),y
000CA8r 1  C8           	iny
000CA9r 1  8A           	txa
000CAAr 1  91 rr        	sta     (sp),y
000CACr 1  A9 4D        	lda     #$4D
000CAEr 1  A0 02        	ldy     #$02
000CB0r 1  91 rr        	sta     (sp),y
000CB2r 1  C8           	iny
000CB3r 1  8A           	txa
000CB4r 1  91 rr        	sta     (sp),y
000CB6r 1  A9 02        	lda     #$02
000CB8r 1  A0 00        	ldy     #$00
000CBAr 1  91 rr        	sta     (sp),y
000CBCr 1  C8           	iny
000CBDr 1  8A           	txa
000CBEr 1  91 rr        	sta     (sp),y
000CC0r 1  A9 03        	lda     #$03
000CC2r 1  20 rr rr     	jsr     _udeks_vic_bitmap_set_clip
000CC5r 1  A5 rr        	lda     sp
000CC7r 1  A6 rr        	ldx     sp+1
000CC9r 1  18           	clc
000CCAr 1  69 24        	adc     #$24
000CCCr 1  90 01        	bcc     L02F1
000CCEr 1  E8           	inx
000CCFr 1  20 rr rr     L02F1:	jsr     _lane_raster_step
000CD2r 1  C9 03        	cmp     #$03
000CD4r 1  20 rr rr     	jsr     booleq
000CD7r 1  20 rr rr     	jsr     pusha
000CDAr 1  A9 0F        	lda     #$0F
000CDCr 1  20 rr rr     	jsr     _check
000CDFr 1  20 rr rr     	jsr     _checksum
000CE2r 1  A0 22        	ldy     #$22
000CE4r 1  D1 rr        	cmp     (sp),y
000CE6r 1  D0 35        	bne     L02F5
000CE8r 1  8A           	txa
000CE9r 1  C8           	iny
000CEAr 1  D1 rr        	cmp     (sp),y
000CECr 1  D0 2F        	bne     L02F5
000CEEr 1  20 rr rr     	jsr     decsp4
000CF1r 1  A5 rr        	lda     sp
000CF3r 1  A6 rr        	ldx     sp+1
000CF5r 1  18           	clc
000CF6r 1  69 04        	adc     #$04
000CF8r 1  90 01        	bcc     L02F7
000CFAr 1  E8           	inx
000CFBr 1  A0 02        L02F7:	ldy     #$02
000CFDr 1  91 rr        	sta     (sp),y
000CFFr 1  C8           	iny
000D00r 1  8A           	txa
000D01r 1  91 rr        	sta     (sp),y
000D03r 1  A9 90        	lda     #$90
000D05r 1  A0 00        	ldy     #$00
000D07r 1  91 rr        	sta     (sp),y
000D09r 1  C8           	iny
000D0Ar 1  A9 E1        	lda     #$E1
000D0Cr 1  91 rr        	sta     (sp),y
000D0Er 1  A2 00        	ldx     #$00
000D10r 1  A9 20        	lda     #$20
000D12r 1  20 rr rr     	jsr     _memcmp
000D15r 1  E0 00        	cpx     #$00
000D17r 1  D0 04        	bne     L02F5
000D19r 1  C9 00        	cmp     #$00
000D1Br 1  F0 05        	beq     L02F4
000D1Dr 1  A9 00        L02F5:	lda     #$00
000D1Fr 1  4C rr rr     	jmp     L04F4
000D22r 1  A9 01        L02F4:	lda     #$01
000D24r 1  20 rr rr     L04F4:	jsr     pusha
000D27r 1  A9 10        	lda     #$10
000D29r 1  20 rr rr     	jsr     _check
000D2Cr 1  AD B1 E1     	lda     $E1B0+1
000D2Fr 1  D0 2B        	bne     L0300
000D31r 1  AD B0 E1     	lda     $E1B0
000D34r 1  C9 6F        	cmp     #$6F
000D36r 1  D0 24        	bne     L0300
000D38r 1  AD B3 E1     	lda     $E1B2+1
000D3Br 1  D0 1F        	bne     L0300
000D3Dr 1  AD B2 E1     	lda     $E1B2
000D40r 1  C9 4D        	cmp     #$4D
000D42r 1  D0 18        	bne     L0300
000D44r 1  AD B5 E1     	lda     $E1B4+1
000D47r 1  D0 13        	bne     L0300
000D49r 1  AD B4 E1     	lda     $E1B4
000D4Cr 1  C9 71        	cmp     #$71
000D4Er 1  D0 0C        	bne     L0300
000D50r 1  AD B7 E1     	lda     $E1B6+1
000D53r 1  D0 07        	bne     L0300
000D55r 1  AD B6 E1     	lda     $E1B6
000D58r 1  C9 50        	cmp     #$50
000D5Ar 1  F0 05        	beq     L02FE
000D5Cr 1  A9 00        L0300:	lda     #$00
000D5Er 1  4C rr rr     	jmp     L04F5
000D61r 1  A9 01        L02FE:	lda     #$01
000D63r 1  20 rr rr     L04F5:	jsr     pusha
000D66r 1  A9 11        	lda     #$11
000D68r 1  20 rr rr     	jsr     _check
000D6Br 1  A9 03        	lda     #$03
000D6Dr 1  20 rr rr     	jsr     _request
000D70r 1  C9 00        	cmp     #$00
000D72r 1  20 rr rr     	jsr     booleq
000D75r 1  20 rr rr     	jsr     pusha
000D78r 1  A9 12        	lda     #$12
000D7Ar 1  20 rr rr     	jsr     _check
000D7Dr 1  A0 30        	ldy     #$30
000D7Fr 1  4C rr rr     	jmp     addysp
000D82r 1               
000D82r 1               .endproc
000D82r 1               
000D82r 1               ; ---------------------------------------------------------------
000D82r 1               ; void __near__ protocol_probe (void)
000D82r 1               ; ---------------------------------------------------------------
000D82r 1               
000D82r 1               .segment	"CODE"
000D82r 1               
000D82r 1               .proc	_protocol_probe: near
000D82r 1               
000D82r 1               .segment	"CODE"
000D82r 1               
000D82r 1  A0 15        	ldy     #$15
000D84r 1  20 rr rr     	jsr     subysp
000D87r 1  A9 00        	lda     #$00
000D89r 1  20 rr rr     	jsr     _request
000D8Cr 1  C9 00        	cmp     #$00
000D8Er 1  20 rr rr     	jsr     booleq
000D91r 1  20 rr rr     	jsr     pusha
000D94r 1  A9 18        	lda     #$18
000D96r 1  20 rr rr     	jsr     _check
000D99r 1  A9 00        	lda     #$00
000D9Br 1  8D 84 F7     	sta     $F784
000D9Er 1  8D 85 F7     	sta     $F784+1
000DA1r 1  A2 01        	ldx     #$01
000DA3r 1  A9 40        	lda     #$40
000DA5r 1  8D 86 F7     	sta     $F786
000DA8r 1  8E 87 F7     	stx     $F786+1
000DABr 1  A9 00        	lda     #$00
000DADr 1  8D 88 F7     	sta     $F788
000DB0r 1  A9 C8        	lda     #$C8
000DB2r 1  8D 89 F7     	sta     $F789
000DB5r 1  8A           	txa
000DB6r 1  20 rr rr     	jsr     _request
000DB9r 1  C9 00        	cmp     #$00
000DBBr 1  20 rr rr     	jsr     booleq
000DBEr 1  20 rr rr     	jsr     pusha
000DC1r 1  A9 18        	lda     #$18
000DC3r 1  20 rr rr     	jsr     _check
000DC6r 1  A5 rr        	lda     sp
000DC8r 1  A6 rr        	ldx     sp+1
000DCAr 1  18           	clc
000DCBr 1  69 03        	adc     #$03
000DCDr 1  90 01        	bcc     L0320
000DCFr 1  E8           	inx
000DD0r 1  20 rr rr     L0320:	jsr     pushax
000DD3r 1  A2 F7        	ldx     #$F7
000DD5r 1  A9 C0        	lda     #$C0
000DD7r 1  20 rr rr     	jsr     pushax
000DDAr 1  A2 00        	ldx     #$00
000DDCr 1  A9 12        	lda     #$12
000DDEr 1  20 rr rr     	jsr     _memcpy
000DE1r 1  A9 rr        	lda     #<(_udeks_vic_bitmap_shadow)
000DE3r 1  A2 rr        	ldx     #>(_udeks_vic_bitmap_shadow)
000DE5r 1  20 rr rr     	jsr     pushax
000DE8r 1  A9 69        	lda     #$69
000DEAr 1  20 rr rr     	jsr     pusha0
000DEDr 1  A2 1F        	ldx     #$1F
000DEFr 1  A9 40        	lda     #$40
000DF1r 1  20 rr rr     	jsr     _memset
000DF4r 1  A0 1F        	ldy     #$1F
000DF6r 1  A9 00        	lda     #$00
000DF8r 1  99 90 E1     L032B:	sta     $E190,y
000DFBr 1  88           	dey
000DFCr 1  10 FA        	bpl     L032B
000DFEr 1  20 rr rr     	jsr     decsp6
000E01r 1  A9 6F        	lda     #$6F
000E03r 1  A0 04        	ldy     #$04
000E05r 1  91 rr        	sta     (sp),y
000E07r 1  C8           	iny
000E08r 1  A9 00        	lda     #$00
000E0Ar 1  91 rr        	sta     (sp),y
000E0Cr 1  A9 4D        	lda     #$4D
000E0Er 1  A0 02        	ldy     #$02
000E10r 1  91 rr        	sta     (sp),y
000E12r 1  C8           	iny
000E13r 1  A9 00        	lda     #$00
000E15r 1  91 rr        	sta     (sp),y
000E17r 1  A9 02        	lda     #$02
000E19r 1  A0 00        	ldy     #$00
000E1Br 1  91 rr        	sta     (sp),y
000E1Dr 1  C8           	iny
000E1Er 1  A9 00        	lda     #$00
000E20r 1  91 rr        	sta     (sp),y
000E22r 1  AA           	tax
000E23r 1  A9 03        	lda     #$03
000E25r 1  20 rr rr     	jsr     _udeks_vic_bitmap_set_clip
000E28r 1  20 rr rr     	jsr     _checksum
000E2Br 1  A0 01        	ldy     #$01
000E2Dr 1  20 rr rr     	jsr     staxysp
000E30r 1  A9 00        	lda     #$00
000E32r 1  A8           	tay
000E33r 1  91 rr        L04F8:	sta     (sp),y
000E35r 1  C9 04        	cmp     #$04
000E37r 1  90 03 4C rr  	jcs     L0502
000E3Br 1  rr           
000E3Cr 1  A0 1F        	ldy     #$1F
000E3Er 1  A9 00        	lda     #$00
000E40r 1  99 90 F7     L0342:	sta     $F790,y
000E43r 1  88           	dey
000E44r 1  10 FA        	bpl     L0342
000E46r 1  A0 03        	ldy     #$03
000E48r 1  A9 00        	lda     #$00
000E4Ar 1  99 B0 F7     L0348:	sta     $F7B0,y
000E4Dr 1  88           	dey
000E4Er 1  10 FA        	bpl     L0348
000E50r 1  A9 84        	lda     #$84
000E52r 1  8D 81 F7     	sta     $F781
000E55r 1  A9 01        	lda     #$01
000E57r 1  8D 97 F7     	sta     $F797
000E5Ar 1  8D 90 F7     	sta     $F790
000E5Dr 1  A2 00        	ldx     #$00
000E5Fr 1  A9 30        	lda     #$30
000E61r 1  8D 94 F7     	sta     $F794
000E64r 1  8E 95 F7     	stx     $F794+1
000E67r 1  8D 96 F7     	sta     $F796
000E6Ar 1  A1 rr        	lda     (sp,x)
000E6Cr 1  D0 08        	bne     L04FA
000E6Er 1  A9 04        	lda     #$04
000E70r 1  8D 81 F7     	sta     $F781
000E73r 1  4C rr rr     	jmp     L04FE
000E76r 1  A1 rr        L04FA:	lda     (sp,x)
000E78r 1  C9 01        	cmp     #$01
000E7Ar 1  D0 06        	bne     L04FC
000E7Cr 1  8D B3 F7     	sta     $F7B3
000E7Fr 1  4C rr rr     	jmp     L036F
000E82r 1  A1 rr        L04FC:	lda     (sp,x)
000E84r 1  C9 02        	cmp     #$02
000E86r 1  D0 0B        	bne     L04FD
000E88r 1  A9 FF        	lda     #$FF
000E8Ar 1  8D 91 F7     	sta     $F791
000E8Dr 1  8D 92 F7     	sta     $F791+1
000E90r 1  4C rr rr     	jmp     L036F
000E93r 1  A9 05        L04FD:	lda     #$05
000E95r 1  8D 97 F7     	sta     $F797
000E98r 1  A9 04        L036F:	lda     #$04
000E9Ar 1  20 rr rr     L04FE:	jsr     _request
000E9Dr 1  C9 02        	cmp     #$02
000E9Fr 1  20 rr rr     	jsr     booleq
000EA2r 1  20 rr rr     	jsr     pusha
000EA5r 1  A9 19        	lda     #$19
000EA7r 1  20 rr rr     	jsr     _check
000EAAr 1  20 rr rr     	jsr     decsp4
000EADr 1  A5 rr        	lda     sp
000EAFr 1  A6 rr        	ldx     sp+1
000EB1r 1  18           	clc
000EB2r 1  69 07        	adc     #$07
000EB4r 1  90 01        	bcc     L037B
000EB6r 1  E8           	inx
000EB7r 1  A0 02        L037B:	ldy     #$02
000EB9r 1  91 rr        	sta     (sp),y
000EBBr 1  C8           	iny
000EBCr 1  8A           	txa
000EBDr 1  91 rr        	sta     (sp),y
000EBFr 1  A9 C0        	lda     #$C0
000EC1r 1  A0 00        	ldy     #$00
000EC3r 1  91 rr        	sta     (sp),y
000EC5r 1  C8           	iny
000EC6r 1  A9 F7        	lda     #$F7
000EC8r 1  91 rr        	sta     (sp),y
000ECAr 1  A2 00        	ldx     #$00
000ECCr 1  A9 12        	lda     #$12
000ECEr 1  20 rr rr     	jsr     _memcmp
000ED1r 1  E0 00        	cpx     #$00
000ED3r 1  D0 13        	bne     L0381
000ED5r 1  C9 00        	cmp     #$00
000ED7r 1  D0 0F        	bne     L0381
000ED9r 1  20 rr rr     	jsr     _checksum
000EDCr 1  A0 01        	ldy     #$01
000EDEr 1  D1 rr        	cmp     (sp),y
000EE0r 1  D0 06        	bne     L0381
000EE2r 1  8A           	txa
000EE3r 1  C8           	iny
000EE4r 1  D1 rr        	cmp     (sp),y
000EE6r 1  F0 05        	beq     L0379
000EE8r 1  A9 00        L0381:	lda     #$00
000EEAr 1  4C rr rr     	jmp     L04FF
000EEDr 1  A9 01        L0379:	lda     #$01
000EEFr 1  20 rr rr     L04FF:	jsr     pusha
000EF2r 1  A9 1A        	lda     #$1A
000EF4r 1  20 rr rr     	jsr     _check
000EF7r 1  AD B1 E1     	lda     $E1B0+1
000EFAr 1  D0 2B        	bne     L0387
000EFCr 1  AD B0 E1     	lda     $E1B0
000EFFr 1  C9 6F        	cmp     #$6F
000F01r 1  D0 24        	bne     L0387
000F03r 1  AD B3 E1     	lda     $E1B2+1
000F06r 1  D0 1F        	bne     L0387
000F08r 1  AD B2 E1     	lda     $E1B2
000F0Br 1  C9 4D        	cmp     #$4D
000F0Dr 1  D0 18        	bne     L0387
000F0Fr 1  AD B5 E1     	lda     $E1B4+1
000F12r 1  D0 13        	bne     L0387
000F14r 1  AD B4 E1     	lda     $E1B4
000F17r 1  C9 71        	cmp     #$71
000F19r 1  D0 0C        	bne     L0387
000F1Br 1  AD B7 E1     	lda     $E1B6+1
000F1Er 1  D0 07        	bne     L0387
000F20r 1  AD B6 E1     	lda     $E1B6
000F23r 1  C9 50        	cmp     #$50
000F25r 1  F0 05        	beq     L0385
000F27r 1  A9 00        L0387:	lda     #$00
000F29r 1  4C rr rr     	jmp     L0500
000F2Cr 1  A9 01        L0385:	lda     #$01
000F2Er 1  20 rr rr     L0500:	jsr     pusha
000F31r 1  A9 1A        	lda     #$1A
000F33r 1  20 rr rr     	jsr     _check
000F36r 1  A0 00        	ldy     #$00
000F38r 1  18           	clc
000F39r 1  A9 01        	lda     #$01
000F3Br 1  71 rr        	adc     (sp),y
000F3Dr 1  4C rr rr     	jmp     L04F8
000F40r 1  B1 rr        L0502:	lda     (sp),y
000F42r 1  8D C9 7F     	sta     $7FC9
000F45r 1  A0 15        	ldy     #$15
000F47r 1  4C rr rr     	jmp     addysp
000F4Ar 1               
000F4Ar 1               .endproc
000F4Ar 1               
000F4Ar 1               ; ---------------------------------------------------------------
000F4Ar 1               ; int __near__ main (void)
000F4Ar 1               ; ---------------------------------------------------------------
000F4Ar 1               
000F4Ar 1               .segment	"CODE"
000F4Ar 1               
000F4Ar 1               .proc	_main: near
000F4Ar 1               
000F4Ar 1               .segment	"CODE"
000F4Ar 1               
000F4Ar 1  20 rr rr     	jsr     decsp4
000F4Dr 1  A9 rr        	lda     #<(_windows)
000F4Fr 1  A2 rr        	ldx     #>(_windows)
000F51r 1  20 rr rr     	jsr     pushax
000F54r 1  A0 04        	ldy     #$04
000F56r 1  A9 00        	lda     #$00
000F58r 1  91 rr        	sta     (sp),y
000F5Ar 1  C8           	iny
000F5Br 1  91 rr        	sta     (sp),y
000F5Dr 1  A0 05        L0394:	ldy     #$05
000F5Fr 1  B1 rr        	lda     (sp),y
000F61r 1  C9 1F        	cmp     #$1F
000F63r 1  D0 05        	bne     L039B
000F65r 1  88           	dey
000F66r 1  B1 rr        	lda     (sp),y
000F68r 1  C9 A0        	cmp     #$A0
000F6Ar 1  B0 22        L039B:	bcs     L0395
000F6Cr 1  A0 05        	ldy     #$05
000F6Er 1  B1 rr        	lda     (sp),y
000F70r 1  AA           	tax
000F71r 1  88           	dey
000F72r 1  B1 rr        	lda     (sp),y
000F74r 1  18           	clc
000F75r 1  69 C0        	adc     #$C0
000F77r 1  85 rr        	sta     ptr1
000F79r 1  8A           	txa
000F7Ar 1  69 7F        	adc     #$7F
000F7Cr 1  85 rr        	sta     ptr1+1
000F7Er 1  A9 00        	lda     #$00
000F80r 1  A8           	tay
000F81r 1  91 rr        	sta     (ptr1),y
000F83r 1  A0 04        	ldy     #$04
000F85r 1  AA           	tax
000F86r 1  A9 01        	lda     #$01
000F88r 1  20 rr rr     	jsr     addeqysp
000F8Br 1  4C rr rr     	jmp     L0394
000F8Er 1  A9 52        L0395:	lda     #$52
000F90r 1  8D C0 7F     	sta     $7FC0
000F93r 1  A9 41        	lda     #$41
000F95r 1  8D C1 7F     	sta     $7FC1
000F98r 1  A9 53        	lda     #$53
000F9Ar 1  8D C2 7F     	sta     $7FC2
000F9Dr 1  A9 54        	lda     #$54
000F9Fr 1  8D C3 7F     	sta     $7FC3
000FA2r 1  A9 02        	lda     #$02
000FA4r 1  8D C4 7F     	sta     $7FC4
000FA7r 1  A9 01        	lda     #$01
000FA9r 1  8D C5 7F     	sta     $7FC5
000FACr 1  A0 37        	ldy     #$37
000FAEr 1  A9 00        	lda     #$00
000FB0r 1  99 rr rr     L03BE:	sta     _windows,y
000FB3r 1  88           	dey
000FB4r 1  10 FA        	bpl     L03BE
000FB6r 1  20 rr rr     	jsr     _runtime_install
000FB9r 1  A0 04        	ldy     #$04
000FBBr 1  A9 00        	lda     #$00
000FBDr 1  91 rr        	sta     (sp),y
000FBFr 1  C8           	iny
000FC0r 1  91 rr        	sta     (sp),y
000FC2r 1  A0 05        L03C0:	ldy     #$05
000FC4r 1  B1 rr        	lda     (sp),y
000FC6r 1  C9 00        	cmp     #$00
000FC8r 1  D0 05        	bne     L03C7
000FCAr 1  88           	dey
000FCBr 1  B1 rr        	lda     (sp),y
000FCDr 1  C9 C8        	cmp     #$C8
000FCFr 1  B0 48        L03C7:	bcs     L03C1
000FD1r 1  A0 05        	ldy     #$05
000FD3r 1  B1 rr        	lda     (sp),y
000FD5r 1  85 rr        	sta     tmp1
000FD7r 1  88           	dey
000FD8r 1  B1 rr        	lda     (sp),y
000FDAr 1  0A           	asl     a
000FDBr 1  26 rr        	rol     tmp1
000FDDr 1  48           	pha
000FDEr 1  A5 rr        	lda     tmp1
000FE0r 1  18           	clc
000FE1r 1  69 E0        	adc     #$E0
000FE3r 1  AA           	tax
000FE4r 1  68           	pla
000FE5r 1  20 rr rr     	jsr     pushax
000FE8r 1  A0 06        	ldy     #$06
000FEAr 1  B1 rr        	lda     (sp),y
000FECr 1  29 F8        	and     #$F8
000FEEr 1  20 rr rr     	jsr     pusha0
000FF1r 1  A9 28        	lda     #$28
000FF3r 1  20 rr rr     	jsr     tosumula0
000FF6r 1  85 rr        	sta     ptr1
000FF8r 1  86 rr        	stx     ptr1+1
000FFAr 1  A0 06        	ldy     #$06
000FFCr 1  B1 rr        	lda     (sp),y
000FFEr 1  29 07        	and     #$07
001000r 1  18           	clc
001001r 1  65 rr        	adc     ptr1
001003r 1  A6 rr        	ldx     ptr1+1
001005r 1  90 01        	bcc     L050D
001007r 1  E8           	inx
001008r 1  A0 00        L050D:	ldy     #$00
00100Ar 1  20 rr rr     	jsr     staxspidx
00100Dr 1  A0 04        	ldy     #$04
00100Fr 1  A2 00        	ldx     #$00
001011r 1  A9 01        	lda     #$01
001013r 1  20 rr rr     	jsr     addeqysp
001016r 1  4C rr rr     	jmp     L03C0
001019r 1  A0 5F        L03C1:	ldy     #$5F
00101Br 1  A9 4D        	lda     #$4D
00101Dr 1  99 rr rr     L03D4:	sta     _title,y
001020r 1  88           	dey
001021r 1  10 FA        	bpl     L03D4
001023r 1  20 rr rr     	jsr     _runtime_irq_start
001026r 1  20 rr rr     	jsr     _protocol_probe
001029r 1  A9 00        	lda     #$00
00102Br 1  8D rr rr     	sta     _current_case
00102Er 1  AD rr rr     L050A:	lda     _current_case
001031r 1  C9 08        	cmp     #$08
001033r 1  90 03 4C rr  	jcs     L050C
001037r 1  rr           
001038r 1  A9 00        	lda     #$00
00103Ar 1  20 rr rr     	jsr     _request
00103Dr 1  C9 00        	cmp     #$00
00103Fr 1  20 rr rr     	jsr     booleq
001042r 1  20 rr rr     	jsr     pusha
001045r 1  A9 13        	lda     #$13
001047r 1  20 rr rr     	jsr     _check
00104Ar 1  20 rr rr     	jsr     pushw0sp
00104Dr 1  A2 00        	ldx     #$00
00104Fr 1  AD rr rr     	lda     _current_case
001052r 1  20 rr rr     	jsr     mulax7
001055r 1  18           	clc
001056r 1  69 rr        	adc     #<(_cases)
001058r 1  85 rr        	sta     ptr1
00105Ar 1  8A           	txa
00105Br 1  69 rr        	adc     #>(_cases)
00105Dr 1  85 rr        	sta     ptr1+1
00105Fr 1  A0 01        	ldy     #$01
001061r 1  B1 rr        	lda     (ptr1),y
001063r 1  AA           	tax
001064r 1  88           	dey
001065r 1  B1 rr        	lda     (ptr1),y
001067r 1  C8           	iny
001068r 1  20 rr rr     	jsr     staxspidx
00106Br 1  20 rr rr     	jsr     pushw0sp
00106Er 1  A2 00        	ldx     #$00
001070r 1  AD rr rr     	lda     _current_case
001073r 1  20 rr rr     	jsr     mulax7
001076r 1  18           	clc
001077r 1  69 rr        	adc     #<(_cases)
001079r 1  85 rr        	sta     ptr1
00107Br 1  8A           	txa
00107Cr 1  69 rr        	adc     #>(_cases)
00107Er 1  85 rr        	sta     ptr1+1
001080r 1  A0 02        	ldy     #$02
001082r 1  B1 rr        	lda     (ptr1),y
001084r 1  C8           	iny
001085r 1  20 rr rr     	jsr     staspidx
001088r 1  20 rr rr     	jsr     pushw0sp
00108Br 1  A2 00        	ldx     #$00
00108Dr 1  AD rr rr     	lda     _current_case
001090r 1  20 rr rr     	jsr     mulax7
001093r 1  18           	clc
001094r 1  69 rr        	adc     #<(_cases)
001096r 1  85 rr        	sta     ptr1
001098r 1  8A           	txa
001099r 1  69 rr        	adc     #>(_cases)
00109Br 1  85 rr        	sta     ptr1+1
00109Dr 1  A0 04        	ldy     #$04
00109Fr 1  B1 rr        	lda     (ptr1),y
0010A1r 1  AA           	tax
0010A2r 1  88           	dey
0010A3r 1  B1 rr        	lda     (ptr1),y
0010A5r 1  C8           	iny
0010A6r 1  20 rr rr     	jsr     staxspidx
0010A9r 1  20 rr rr     	jsr     pushw0sp
0010ACr 1  A2 00        	ldx     #$00
0010AEr 1  AD rr rr     	lda     _current_case
0010B1r 1  20 rr rr     	jsr     mulax7
0010B4r 1  18           	clc
0010B5r 1  69 rr        	adc     #<(_cases)
0010B7r 1  85 rr        	sta     ptr1
0010B9r 1  8A           	txa
0010BAr 1  69 rr        	adc     #>(_cases)
0010BCr 1  85 rr        	sta     ptr1+1
0010BEr 1  A0 05        	ldy     #$05
0010C0r 1  B1 rr        	lda     (ptr1),y
0010C2r 1  C8           	iny
0010C3r 1  20 rr rr     	jsr     staspidx
0010C6r 1  20 rr rr     	jsr     pushw0sp
0010C9r 1  A2 00        	ldx     #$00
0010CBr 1  AD rr rr     	lda     _current_case
0010CEr 1  20 rr rr     	jsr     mulax7
0010D1r 1  18           	clc
0010D2r 1  69 rr        	adc     #<(_cases)
0010D4r 1  85 rr        	sta     ptr1
0010D6r 1  8A           	txa
0010D7r 1  69 rr        	adc     #>(_cases)
0010D9r 1  85 rr        	sta     ptr1+1
0010DBr 1  A0 06        	ldy     #$06
0010DDr 1  B1 rr        	lda     (ptr1),y
0010DFr 1  09 01        	ora     #$01
0010E1r 1  A0 00        	ldy     #$00
0010E3r 1  20 rr rr     	jsr     staspidx
0010E6r 1  A0 01        	ldy     #$01
0010E8r 1  B1 rr        	lda     (sp),y
0010EAr 1  85 rr        	sta     ptr1+1
0010ECr 1  88           	dey
0010EDr 1  B1 rr        	lda     (sp),y
0010EFr 1  85 rr        	sta     ptr1
0010F1r 1  A9 01        	lda     #$01
0010F3r 1  A0 07        	ldy     #$07
0010F5r 1  91 rr        	sta     (ptr1),y
0010F7r 1  AD rr rr     	lda     _current_case
0010FAr 1  D0 14        	bne     L050B
0010FCr 1  A0 01        	ldy     #$01
0010FEr 1  B1 rr        	lda     (sp),y
001100r 1  85 rr        	sta     ptr1+1
001102r 1  88           	dey
001103r 1  B1 rr        	lda     (sp),y
001105r 1  85 rr        	sta     ptr1
001107r 1  98           	tya
001108r 1  A0 08        	ldy     #$08
00110Ar 1  91 rr        	sta     (ptr1),y
00110Cr 1  C8           	iny
00110Dr 1  4C rr rr     	jmp     L050F
001110r 1  AD rr rr     L050B:	lda     _current_case
001113r 1  C9 05        	cmp     #$05
001115r 1  D0 17        	bne     L03F9
001117r 1  A0 01        	ldy     #$01
001119r 1  B1 rr        	lda     (sp),y
00111Br 1  85 rr        	sta     ptr1+1
00111Dr 1  88           	dey
00111Er 1  B1 rr        	lda     (sp),y
001120r 1  85 rr        	sta     ptr1
001122r 1  A9 rr        	lda     #<(_title)
001124r 1  A0 08        	ldy     #$08
001126r 1  91 rr        	sta     (ptr1),y
001128r 1  C8           	iny
001129r 1  A9 rr        	lda     #>(_title)
00112Br 1  4C rr rr     	jmp     L050F
00112Er 1  A0 01        L03F9:	ldy     #$01
001130r 1  B1 rr        	lda     (sp),y
001132r 1  85 rr        	sta     ptr1+1
001134r 1  88           	dey
001135r 1  B1 rr        	lda     (sp),y
001137r 1  85 rr        	sta     ptr1
001139r 1  A9 rr        	lda     #<(L0400)
00113Br 1  A0 08        	ldy     #$08
00113Dr 1  91 rr        	sta     (ptr1),y
00113Fr 1  C8           	iny
001140r 1  A9 rr        	lda     #>(L0400)
001142r 1  91 rr        L050F:	sta     (ptr1),y
001144r 1  A9 00        	lda     #$00
001146r 1  8D 84 F7     	sta     $F784
001149r 1  8D 85 F7     	sta     $F784+1
00114Cr 1  A2 01        	ldx     #$01
00114Er 1  A9 40        	lda     #$40
001150r 1  8D 86 F7     	sta     $F786
001153r 1  8E 87 F7     	stx     $F786+1
001156r 1  A9 00        	lda     #$00
001158r 1  8D 88 F7     	sta     $F788
00115Br 1  A9 C8        	lda     #$C8
00115Dr 1  8D 89 F7     	sta     $F789
001160r 1  A9 rr        	lda     #<(_udeks_vic_bitmap_shadow)
001162r 1  A2 rr        	ldx     #>(_udeks_vic_bitmap_shadow)
001164r 1  20 rr rr     	jsr     pushax
001167r 1  A9 69        	lda     #$69
001169r 1  20 rr rr     	jsr     pusha0
00116Cr 1  A2 1F        	ldx     #$1F
00116Er 1  A9 40        	lda     #$40
001170r 1  20 rr rr     	jsr     _memset
001173r 1  A0 1F        	ldy     #$1F
001175r 1  A9 00        	lda     #$00
001177r 1  99 90 E1     L0415:	sta     $E190,y
00117Ar 1  88           	dey
00117Br 1  10 FA        	bpl     L0415
00117Dr 1  20 rr rr     	jsr     _udeks_vic_bitmap_reset_clip
001180r 1  A9 01        	lda     #$01
001182r 1  20 rr rr     	jsr     _request
001185r 1  C9 00        	cmp     #$00
001187r 1  20 rr rr     	jsr     booleq
00118Ar 1  20 rr rr     	jsr     pusha
00118Dr 1  A9 14        	lda     #$14
00118Fr 1  20 rr rr     	jsr     _check
001192r 1  20 rr rr     	jsr     _drive
001195r 1  20 rr rr     	jsr     _checksum
001198r 1  A0 02        	ldy     #$02
00119Ar 1  20 rr rr     	jsr     staxysp
00119Dr 1  20 rr rr     	jsr     pushax
0011A0r 1  A2 00        	ldx     #$00
0011A2r 1  AD rr rr     	lda     _current_case
0011A5r 1  0A           	asl     a
0011A6r 1  90 02        	bcc     L0507
0011A8r 1  E8           	inx
0011A9r 1  18           	clc
0011AAr 1  69 rr        L0507:	adc     #<(_expected)
0011ACr 1  85 rr        	sta     ptr1
0011AEr 1  8A           	txa
0011AFr 1  69 rr        	adc     #>(_expected)
0011B1r 1  85 rr        	sta     ptr1+1
0011B3r 1  A0 01        	ldy     #$01
0011B5r 1  B1 rr        	lda     (ptr1),y
0011B7r 1  AA           	tax
0011B8r 1  88           	dey
0011B9r 1  B1 rr        	lda     (ptr1),y
0011BBr 1  20 rr rr     	jsr     toseqax
0011BEr 1  20 rr rr     	jsr     pusha
0011C1r 1  A9 15        	lda     #$15
0011C3r 1  20 rr rr     	jsr     _check
0011C6r 1  A2 00        	ldx     #$00
0011C8r 1  AD rr rr     	lda     _current_case
0011CBr 1  0A           	asl     a
0011CCr 1  90 02        	bcc     L0508
0011CEr 1  E8           	inx
0011CFr 1  18           	clc
0011D0r 1  69 E0        L0508:	adc     #$E0
0011D2r 1  85 rr        	sta     ptr1
0011D4r 1  8A           	txa
0011D5r 1  69 7F        	adc     #$7F
0011D7r 1  85 rr        	sta     ptr1+1
0011D9r 1  A0 02        	ldy     #$02
0011DBr 1  B1 rr        	lda     (sp),y
0011DDr 1  A0 00        	ldy     #$00
0011DFr 1  91 rr        	sta     (ptr1),y
0011E1r 1  A2 00        	ldx     #$00
0011E3r 1  AD rr rr     	lda     _current_case
0011E6r 1  0A           	asl     a
0011E7r 1  90 02        	bcc     L0509
0011E9r 1  E8           	inx
0011EAr 1  18           	clc
0011EBr 1  69 E1        L0509:	adc     #$E1
0011EDr 1  85 rr        	sta     ptr1
0011EFr 1  8A           	txa
0011F0r 1  69 7F        	adc     #$7F
0011F2r 1  85 rr        	sta     ptr1+1
0011F4r 1  A0 03        	ldy     #$03
0011F6r 1  B1 rr        	lda     (sp),y
0011F8r 1  A0 00        	ldy     #$00
0011FAr 1  91 rr        	sta     (ptr1),y
0011FCr 1  A0 04        	ldy     #$04
0011FEr 1  A9 00        	lda     #$00
001200r 1  91 rr        	sta     (sp),y
001202r 1  C8           	iny
001203r 1  91 rr        	sta     (sp),y
001205r 1  A0 05        L042A:	ldy     #$05
001207r 1  B1 rr        	lda     (sp),y
001209r 1  C9 1F        	cmp     #$1F
00120Br 1  D0 05        	bne     L0431
00120Dr 1  88           	dey
00120Er 1  B1 rr        	lda     (sp),y
001210r 1  C9 40        	cmp     #$40
001212r 1  B0 47        L0431:	bcs     L042B
001214r 1  A0 05        	ldy     #$05
001216r 1  B1 rr        	lda     (sp),y
001218r 1  AA           	tax
001219r 1  88           	dey
00121Ar 1  B1 rr        	lda     (sp),y
00121Cr 1  85 rr        	sta     ptr1
00121Er 1  8A           	txa
00121Fr 1  18           	clc
001220r 1  69 60        	adc     #$60
001222r 1  85 rr        	sta     ptr1+1
001224r 1  A2 00        	ldx     #$00
001226r 1  A1 rr        	lda     (ptr1,x)
001228r 1  85 rr        	sta     sreg
00122Ar 1  86 rr        	stx     sreg+1
00122Cr 1  A9 rr        	lda     #<(_udeks_vic_bitmap_shadow)
00122Er 1  18           	clc
00122Fr 1  A0 04        	ldy     #$04
001231r 1  71 rr        	adc     (sp),y
001233r 1  85 rr        	sta     ptr1
001235r 1  A9 rr        	lda     #>(_udeks_vic_bitmap_shadow)
001237r 1  C8           	iny
001238r 1  71 rr        	adc     (sp),y
00123Ar 1  85 rr        	sta     ptr1+1
00123Cr 1  A1 rr        	lda     (ptr1,x)
00123Er 1  E4 rr        	cpx     sreg+1
001240r 1  D0 02        	bne     L050E
001242r 1  C5 rr        	cmp     sreg
001244r 1  20 rr rr     L050E:	jsr     booleq
001247r 1  20 rr rr     	jsr     pusha
00124Ar 1  A9 16        	lda     #$16
00124Cr 1  20 rr rr     	jsr     _check
00124Fr 1  A0 04        	ldy     #$04
001251r 1  A2 00        	ldx     #$00
001253r 1  A9 01        	lda     #$01
001255r 1  20 rr rr     	jsr     addeqysp
001258r 1  4C rr rr     	jmp     L042A
00125Br 1  A0 04        L042B:	ldy     #$04
00125Dr 1  A9 00        	lda     #$00
00125Fr 1  91 rr        	sta     (sp),y
001261r 1  C8           	iny
001262r 1  91 rr        	sta     (sp),y
001264r 1  A0 05        L0439:	ldy     #$05
001266r 1  B1 rr        	lda     (sp),y
001268r 1  C9 00        	cmp     #$00
00126Ar 1  D0 05        	bne     L0440
00126Cr 1  88           	dey
00126Dr 1  B1 rr        	lda     (sp),y
00126Fr 1  C9 20        	cmp     #$20
001271r 1  B0 2D        L0440:	bcs     L03D9
001273r 1  A0 05        	ldy     #$05
001275r 1  B1 rr        	lda     (sp),y
001277r 1  AA           	tax
001278r 1  88           	dey
001279r 1  B1 rr        	lda     (sp),y
00127Br 1  18           	clc
00127Cr 1  69 90        	adc     #$90
00127Er 1  85 rr        	sta     ptr1
001280r 1  8A           	txa
001281r 1  69 E1        	adc     #$E1
001283r 1  85 rr        	sta     ptr1+1
001285r 1  A0 00        	ldy     #$00
001287r 1  B1 rr        	lda     (ptr1),y
001289r 1  20 rr rr     	jsr     booleq
00128Cr 1  20 rr rr     	jsr     pusha
00128Fr 1  A9 17        	lda     #$17
001291r 1  20 rr rr     	jsr     _check
001294r 1  A0 04        	ldy     #$04
001296r 1  A2 00        	ldx     #$00
001298r 1  A9 01        	lda     #$01
00129Ar 1  20 rr rr     	jsr     addeqysp
00129Dr 1  4C rr rr     	jmp     L0439
0012A0r 1  EE rr rr     L03D9:	inc     _current_case
0012A3r 1  4C rr rr     	jmp     L050A
0012A6r 1  A0 04        L050C:	ldy     #$04
0012A8r 1  A9 00        	lda     #$00
0012AAr 1  91 rr        	sta     (sp),y
0012ACr 1  C8           	iny
0012ADr 1  91 rr        	sta     (sp),y
0012AFr 1  A0 05        L0447:	ldy     #$05
0012B1r 1  B1 rr        	lda     (sp),y
0012B3r 1  C9 1F        	cmp     #$1F
0012B5r 1  D0 05        	bne     L044E
0012B7r 1  88           	dey
0012B8r 1  B1 rr        	lda     (sp),y
0012BAr 1  C9 40        	cmp     #$40
0012BCr 1  B0 31        L044E:	bcs     L0448
0012BEr 1  A0 05        	ldy     #$05
0012C0r 1  B1 rr        	lda     (sp),y
0012C2r 1  AA           	tax
0012C3r 1  88           	dey
0012C4r 1  B1 rr        	lda     (sp),y
0012C6r 1  85 rr        	sta     sreg
0012C8r 1  8A           	txa
0012C9r 1  18           	clc
0012CAr 1  69 80        	adc     #$80
0012CCr 1  85 rr        	sta     sreg+1
0012CEr 1  C8           	iny
0012CFr 1  B1 rr        	lda     (sp),y
0012D1r 1  AA           	tax
0012D2r 1  88           	dey
0012D3r 1  B1 rr        	lda     (sp),y
0012D5r 1  85 rr        	sta     ptr1
0012D7r 1  8A           	txa
0012D8r 1  18           	clc
0012D9r 1  69 60        	adc     #$60
0012DBr 1  85 rr        	sta     ptr1+1
0012DDr 1  A0 00        	ldy     #$00
0012DFr 1  B1 rr        	lda     (ptr1),y
0012E1r 1  91 rr        	sta     (sreg),y
0012E3r 1  A0 04        	ldy     #$04
0012E5r 1  A2 00        	ldx     #$00
0012E7r 1  A9 01        	lda     #$01
0012E9r 1  20 rr rr     	jsr     addeqysp
0012ECr 1  4C rr rr     	jmp     L0447
0012EFr 1  20 rr rr     L0448:	jsr     _cancel_on_glyph
0012F2r 1  20 rr rr     	jsr     _runtime_irq_stop
0012F5r 1  20 rr rr     	jsr     _runtime_check_memory
0012F8r 1  AD rr rr     	lda     _failure
0012FBr 1  8D C7 7F     	sta     $7FC7
0012FEr 1  A0 04        	ldy     #$04
001300r 1  A9 00        	lda     #$00
001302r 1  91 rr        	sta     (sp),y
001304r 1  C8           	iny
001305r 1  91 rr        	sta     (sp),y
001307r 1  A0 05        L045D:	ldy     #$05
001309r 1  B1 rr        	lda     (sp),y
00130Br 1  C9 00        	cmp     #$00
00130Dr 1  D0 05        	bne     L0464
00130Fr 1  88           	dey
001310r 1  B1 rr        	lda     (sp),y
001312r 1  C9 04        	cmp     #$04
001314r 1  B0 42        L0464:	bcs     L045E
001316r 1  A0 05        	ldy     #$05
001318r 1  B1 rr        	lda     (sp),y
00131Ar 1  AA           	tax
00131Br 1  88           	dey
00131Cr 1  B1 rr        	lda     (sp),y
00131Er 1  18           	clc
00131Fr 1  69 CC        	adc     #$CC
001321r 1  48           	pha
001322r 1  8A           	txa
001323r 1  69 7F        	adc     #$7F
001325r 1  AA           	tax
001326r 1  68           	pla
001327r 1  20 rr rr     	jsr     pushax
00132Ar 1  AD rr rr     	lda     _runtime_irq_count+3
00132Dr 1  85 rr        	sta     sreg+1
00132Fr 1  AD rr rr     	lda     _runtime_irq_count+2
001332r 1  85 rr        	sta     sreg
001334r 1  AE rr rr     	ldx     _runtime_irq_count+1
001337r 1  AD rr rr     	lda     _runtime_irq_count
00133Ar 1  20 rr rr     	jsr     pusheax
00133Dr 1  A0 0A        	ldy     #$0A
00133Fr 1  B1 rr        	lda     (sp),y
001341r 1  0A           	asl     a
001342r 1  0A           	asl     a
001343r 1  0A           	asl     a
001344r 1  20 rr rr     	jsr     tosshreax
001347r 1  A0 00        	ldy     #$00
001349r 1  20 rr rr     	jsr     staspidx
00134Cr 1  A0 04        	ldy     #$04
00134Er 1  A2 00        	ldx     #$00
001350r 1  A9 01        	lda     #$01
001352r 1  20 rr rr     	jsr     addeqysp
001355r 1  4C rr rr     	jmp     L045D
001358r 1  AD rr rr     L045E:	lda     _runtime_irq_bad
00135Br 1  8D D0 7F     	sta     $7FD0
00135Er 1  AD rr rr     	lda     _runtime_zp_bad
001361r 1  8D D1 7F     	sta     $7FD1
001364r 1  AD rr rr     	lda     _runtime_hw_bad
001367r 1  8D D2 7F     	sta     $7FD2
00136Ar 1  AD rr rr     	lda     _runtime_flags_bad
00136Dr 1  8D D3 7F     	sta     $7FD3
001370r 1  AD rr rr     	lda     _runtime_sw_bad
001373r 1  8D D4 7F     	sta     $7FD4
001376r 1  AD rr rr     	lda     _runtime_guard_bad
001379r 1  8D D5 7F     	sta     $7FD5
00137Cr 1  AD rr rr     	lda     _runtime_ush_bad
00137Fr 1  8D D6 7F     	sta     $7FD6
001382r 1  AD rr rr     	lda     _runtime_low_water
001385r 1  8D D7 7F     	sta     $7FD7
001388r 1  AD rr rr     	lda     _runtime_seen_flags
00138Br 1  8D D8 7F     	sta     $7FD8
00138Er 1  AD rr rr     	lda     _current_case
001391r 1  8D C8 7F     	sta     $7FC8
001394r 1  A9 02        	lda     #$02
001396r 1  8D C5 7F     	sta     $7FC5
001399r 1  A2 00        	ldx     #$00
00139Br 1  8A           	txa
00139Cr 1  4C rr rr     	jmp     incsp6
00139Fr 1               
00139Fr 1               .endproc
00139Fr 1               
00139Fr 1               
