ca65 V2.18 - Fedora 2.19-15.fc44
Main file   : /var/home/salvogendut/Dev/UDEKS/build/window-manager-bounded-repaint/build/window-repaint-scenes/replacement.s
Current file: /var/home/salvogendut/Dev/UDEKS/build/window-manager-bounded-repaint/build/window-repaint-scenes/replacement.s

000000r 1               ;
000000r 1               ; File generated by cc65 v 2.18 - Fedora 2.19-15.fc44
000000r 1               ;
000000r 1               	.fopt		compiler,"cc65 v 2.18 - Fedora 2.19-15.fc44"
000000r 1               	.setcpu		"6502"
000000r 1               	.smart		on
000000r 1               	.autoimport	on
000000r 1               	.case		on
000000r 1               	.debuginfo	off
000000r 1               	.importzp	sp, sreg, regsave, regbank
000000r 1               	.importzp	tmp1, tmp2, tmp3, tmp4, ptr1, ptr2, ptr3, ptr4
000000r 1               	.macpack	longbranch
000000r 2               .macro  jeq     Target
000000r 2                       .if     .match(Target, 0)
000000r 2                       bne     *+5
000000r 2                       jmp     Target
000000r 2                       .elseif .def(Target) .and .const((*-2)-(Target)) .and ((*+2)-(Target) <= 127)
000000r 2                               beq     Target
000000r 2                       .else
000000r 2                               bne     *+5
000000r 2                               jmp     Target
000000r 2                       .endif
000000r 2               .endmacro
000000r 2               .macro  jne     Target
000000r 2                       .if     .match(Target, 0)
000000r 2                               beq     *+5
000000r 2                               jmp     Target
000000r 2                       .elseif .def(Target) .and .const((*-2)-(Target)) .and ((*+2)-(Target) <= 127)
000000r 2                               bne     Target
000000r 2                       .else
000000r 2                               beq     *+5
000000r 2                               jmp     Target
000000r 2                       .endif
000000r 2               .endmacro
000000r 2               .macro  jmi     Target
000000r 2                       .if     .match(Target, 0)
000000r 2                               bpl     *+5
000000r 2                               jmp     Target
000000r 2                       .elseif .def(Target) .and .const((*-2)-(Target)) .and ((*+2)-(Target) <= 127)
000000r 2                               bmi     Target
000000r 2                       .else
000000r 2                               bpl     *+5
000000r 2                               jmp     Target
000000r 2                       .endif
000000r 2               .endmacro
000000r 2               .macro  jpl     Target
000000r 2                       .if     .match(Target, 0)
000000r 2                               bmi     *+5
000000r 2                               jmp     Target
000000r 2                       .elseif .def(Target) .and .const((*-2)-(Target)) .and ((*+2)-(Target) <= 127)
000000r 2                               bpl     Target
000000r 2                       .else
000000r 2                               bmi     *+5
000000r 2                               jmp     Target
000000r 2                       .endif
000000r 2               .endmacro
000000r 2               .macro  jcs     Target
000000r 2                       .if     .match(Target, 0)
000000r 2                               bcc     *+5
000000r 2                               jmp     Target
000000r 2                       .elseif .def(Target) .and .const((*-2)-(Target)) .and ((*+2)-(Target) <= 127)
000000r 2                               bcs     Target
000000r 2                       .else
000000r 2                               bcc     *+5
000000r 2                               jmp     Target
000000r 2                       .endif
000000r 2               .endmacro
000000r 2               .macro  jcc     Target
000000r 2                       .if     .match(Target, 0)
000000r 2                               bcs     *+5
000000r 2                               jmp     Target
000000r 2                       .elseif .def(Target) .and .const((*-2)-(Target)) .and ((*+2)-(Target) <= 127)
000000r 2                               bcc     Target
000000r 2                       .else
000000r 2                               bcs     *+5
000000r 2                               jmp     Target
000000r 2                       .endif
000000r 2               .endmacro
000000r 2               .macro  jvs     Target
000000r 2                       .if     .match(Target, 0)
000000r 2                               bvc     *+5
000000r 2                               jmp     Target
000000r 2                       .elseif .def(Target) .and .const((*-2)-(Target)) .and ((*+2)-(Target) <= 127)
000000r 2                               bvs     Target
000000r 2                       .else
000000r 2                               bvc     *+5
000000r 2                               jmp     Target
000000r 2                       .endif
000000r 2               .endmacro
000000r 2               .macro  jvc     Target
000000r 2                       .if     .match(Target, 0)
000000r 2                               bvs     *+5
000000r 2                               jmp     Target
000000r 2                       .elseif .def(Target) .and .const((*-2)-(Target)) .and ((*+2)-(Target) <= 127)
000000r 2                               bvc     Target
000000r 2                       .else
000000r 2                               bvs     *+5
000000r 2                               jmp     Target
000000r 2                       .endif
000000r 2               .endmacro
000000r 2               
000000r 1               	.import		_udeks_pointer_resynchronize
000000r 1               	.import		_udeks_pointer_x
000000r 1               	.import		_udeks_pointer_y
000000r 1               	.import		_udeks_pointer_buttons
000000r 1               	.import		_udeks_vic_graphics_is_active
000000r 1               	.import		_udeks_vic_pointer_busy_begin
000000r 1               	.import		_udeks_vic_pointer_busy_end
000000r 1               	.import		_udeks_vic_bitmap_pixel
000000r 1               	.import		_udeks_vic_bitmap_fill
000000r 1               	.import		_udeks_vic_bitmap_set_clip
000000r 1               	.import		_udeks_vic_bitmap_reset_clip
000000r 1               	.import		_udeks_vic_bitmap_outline_toggle
000000r 1               	.import		_udeks_vic_bitmap_outline_move
000000r 1               	.import		_udeks_vic_bitmap_commit
000000r 1               	.export		_udeks_window_manager_start
000000r 1               	.export		_udeks_window_manager_poll
000000r 1               	.export		_udeks_window_manager_stop
000000r 1               	.export		_udeks_window_manager_reset
000000r 1               	.export		_udeks_window_create
000000r 1               	.export		_udeks_window_destroy
000000r 1               	.export		_udeks_window_repaint
000000r 1               	.export		_udeks_window_begin_paint
000000r 1               	.export		_udeks_window_end_paint
000000r 1               	.export		_udeks_window_image_complete
000000r 1               	.export		_udeks_window_get_geometry
000000r 1               	.export		_udeks_window_is_dragging
000000r 1               	.export		_udeks_window_is_focused
000000r 1               	.import		_cache_accept_state
000000r 1               	.import		_cache_owner
000000r 1               	.import		_cache_phase
000000r 1               	.import		_cache_accept_poll
000000r 1               	.import		_cache_step
000000r 1               	.import		_cache_command
000000r 1               	.import		_udeks_vic_bitmap_commit_page
000000r 1               	.import		_repaint_receipt_validate
000000r 1               	.import		_repaint_receipt_ack
000000r 1               	.export		_lane_raster_step
000000r 1               	.import		_private_repaint_policy_call
000000r 1               	.export		_repaint_frontend_control
000000r 1               	.import		_memcpy
000000r 1               	.export		_repaint_frontend_poll
000000r 1               
000000r 1               .segment	"RODATA"
000000r 1               
000000r 1               _title_glyphs:
000000r 1  02           	.byte	$02
000001r 1  05           	.byte	$05
000002r 1  07           	.byte	$07
000003r 1  05           	.byte	$05
000004r 1  05           	.byte	$05
000005r 1  06           	.byte	$06
000006r 1  05           	.byte	$05
000007r 1  06           	.byte	$06
000008r 1  05           	.byte	$05
000009r 1  06           	.byte	$06
00000Ar 1  03           	.byte	$03
00000Br 1  04           	.byte	$04
00000Cr 1  04           	.byte	$04
00000Dr 1  04           	.byte	$04
00000Er 1  03           	.byte	$03
00000Fr 1  06           	.byte	$06
000010r 1  05           	.byte	$05
000011r 1  05           	.byte	$05
000012r 1  05           	.byte	$05
000013r 1  06           	.byte	$06
000014r 1  07           	.byte	$07
000015r 1  04           	.byte	$04
000016r 1  06           	.byte	$06
000017r 1  04           	.byte	$04
000018r 1  07           	.byte	$07
000019r 1  07           	.byte	$07
00001Ar 1  04           	.byte	$04
00001Br 1  06           	.byte	$06
00001Cr 1  04           	.byte	$04
00001Dr 1  04           	.byte	$04
00001Er 1  03           	.byte	$03
00001Fr 1  04           	.byte	$04
000020r 1  05           	.byte	$05
000021r 1  05           	.byte	$05
000022r 1  03           	.byte	$03
000023r 1  05           	.byte	$05
000024r 1  05           	.byte	$05
000025r 1  07           	.byte	$07
000026r 1  05           	.byte	$05
000027r 1  05           	.byte	$05
000028r 1  07           	.byte	$07
000029r 1  02           	.byte	$02
00002Ar 1  02           	.byte	$02
00002Br 1  02           	.byte	$02
00002Cr 1  07           	.byte	$07
00002Dr 1  01           	.byte	$01
00002Er 1  01           	.byte	$01
00002Fr 1  01           	.byte	$01
000030r 1  05           	.byte	$05
000031r 1  02           	.byte	$02
000032r 1  05           	.byte	$05
000033r 1  05           	.byte	$05
000034r 1  06           	.byte	$06
000035r 1  05           	.byte	$05
000036r 1  05           	.byte	$05
000037r 1  04           	.byte	$04
000038r 1  04           	.byte	$04
000039r 1  04           	.byte	$04
00003Ar 1  04           	.byte	$04
00003Br 1  07           	.byte	$07
00003Cr 1  05           	.byte	$05
00003Dr 1  07           	.byte	$07
00003Er 1  07           	.byte	$07
00003Fr 1  05           	.byte	$05
000040r 1  05           	.byte	$05
000041r 1  05           	.byte	$05
000042r 1  07           	.byte	$07
000043r 1  07           	.byte	$07
000044r 1  07           	.byte	$07
000045r 1  05           	.byte	$05
000046r 1  02           	.byte	$02
000047r 1  05           	.byte	$05
000048r 1  05           	.byte	$05
000049r 1  05           	.byte	$05
00004Ar 1  02           	.byte	$02
00004Br 1  06           	.byte	$06
00004Cr 1  05           	.byte	$05
00004Dr 1  06           	.byte	$06
00004Er 1  04           	.byte	$04
00004Fr 1  04           	.byte	$04
000050r 1  02           	.byte	$02
000051r 1  05           	.byte	$05
000052r 1  05           	.byte	$05
000053r 1  03           	.byte	$03
000054r 1  01           	.byte	$01
000055r 1  06           	.byte	$06
000056r 1  05           	.byte	$05
000057r 1  06           	.byte	$06
000058r 1  05           	.byte	$05
000059r 1  05           	.byte	$05
00005Ar 1  03           	.byte	$03
00005Br 1  04           	.byte	$04
00005Cr 1  02           	.byte	$02
00005Dr 1  01           	.byte	$01
00005Er 1  06           	.byte	$06
00005Fr 1  07           	.byte	$07
000060r 1  02           	.byte	$02
000061r 1  02           	.byte	$02
000062r 1  02           	.byte	$02
000063r 1  02           	.byte	$02
000064r 1  05           	.byte	$05
000065r 1  05           	.byte	$05
000066r 1  05           	.byte	$05
000067r 1  05           	.byte	$05
000068r 1  07           	.byte	$07
000069r 1  05           	.byte	$05
00006Ar 1  05           	.byte	$05
00006Br 1  05           	.byte	$05
00006Cr 1  05           	.byte	$05
00006Dr 1  02           	.byte	$02
00006Er 1  05           	.byte	$05
00006Fr 1  05           	.byte	$05
000070r 1  07           	.byte	$07
000071r 1  07           	.byte	$07
000072r 1  05           	.byte	$05
000073r 1  05           	.byte	$05
000074r 1  05           	.byte	$05
000075r 1  02           	.byte	$02
000076r 1  05           	.byte	$05
000077r 1  05           	.byte	$05
000078r 1  05           	.byte	$05
000079r 1  05           	.byte	$05
00007Ar 1  02           	.byte	$02
00007Br 1  02           	.byte	$02
00007Cr 1  02           	.byte	$02
00007Dr 1  07           	.byte	$07
00007Er 1  01           	.byte	$01
00007Fr 1  02           	.byte	$02
000080r 1  04           	.byte	$04
000081r 1  07           	.byte	$07
000082r 1               
000082r 1               .segment	"BSS"
000000r 1               
000000r 1               .segment	"HIGHBSS"
000000r 1               _windows:
000000r 1  00 00 00 00  	.res	56,$00
000004r 1  00 00 00 00  
000008r 1  00 00 00 00  
000038r 1               _active_count:
000038r 1  00           	.res	1,$00
000039r 1               _focused_handle:
000039r 1  00           	.res	1,$00
00003Ar 1               _dragging_handle:
00003Ar 1  00           	.res	1,$00
00003Br 1               _previous_buttons:
00003Br 1  00           	.res	1,$00
00003Cr 1               _drag_pointer_x:
00003Cr 1  00 00        	.res	2,$00
00003Er 1               _drag_pointer_y:
00003Er 1  00           	.res	1,$00
00003Fr 1               _drag_x:
00003Fr 1  00 00        	.res	2,$00
000041r 1               _drag_y:
000041r 1  00           	.res	1,$00
000042r 1               _drag_width:
000042r 1  00 00        	.res	2,$00
000044r 1               _drag_height:
000044r 1  00           	.res	1,$00
000045r 1               _drag_mode:
000045r 1  00           	.res	1,$00
000046r 1               _damage_left:
000046r 1  00 00        	.res	2,$00
000048r 1               _damage_top:
000048r 1  00           	.res	1,$00
000049r 1               _damage_right:
000049r 1  00 00        	.res	2,$00
00004Br 1               _damage_bottom:
00004Br 1  00           	.res	1,$00
00004Cr 1               _chrome_x:
00004Cr 1  00 00        	.res	2,$00
00004Er 1               _chrome_width:
00004Er 1  00 00        	.res	2,$00
000050r 1               _chrome_right:
000050r 1  00 00        	.res	2,$00
000052r 1               _chrome_y:
000052r 1  00           	.res	1,$00
000053r 1               _chrome_offset:
000053r 1  00           	.res	1,$00
000054r 1               _chrome_character:
000054r 1  00           	.res	1,$00
000055r 1               _chrome_bits:
000055r 1  00           	.res	1,$00
000056r 1               _chrome_column:
000056r 1  00           	.res	1,$00
000057r 1               _chrome_color:
000057r 1  00           	.res	1,$00
000058r 1               
000058r 1               ; ---------------------------------------------------------------
000058r 1               ; unsigned char __near__ udeks_window_manager_start (void)
000058r 1               ; ---------------------------------------------------------------
000058r 1               
000058r 1               .segment	"CODE"
000000r 1               
000000r 1               .proc	_udeks_window_manager_start: near
000000r 1               
000000r 1               .segment	"CODE"
000000r 1               
000000r 1  20 rr rr     	jsr     decsp1
000003r 1  A9 00        	lda     #$00
000005r 1  A8           	tay
000006r 1  91 rr        L067F:	sta     (sp),y
000008r 1  C9 20        	cmp     #$20
00000Ar 1  B0 19        	bcs     L0680
00000Cr 1  B1 rr        	lda     (sp),y
00000Er 1  18           	clc
00000Fr 1  69 40        	adc     #$40
000011r 1  85 rr        	sta     ptr1
000013r 1  A9 00        	lda     #$00
000015r 1  69 F2        	adc     #$F2
000017r 1  85 rr        	sta     ptr1+1
000019r 1  A9 00        	lda     #$00
00001Br 1  91 rr        	sta     (ptr1),y
00001Dr 1  18           	clc
00001Er 1  A9 01        	lda     #$01
000020r 1  71 rr        	adc     (sp),y
000022r 1  4C rr rr     	jmp     L067F
000025r 1  A9 57        L0680:	lda     #$57
000027r 1  8D 40 F2     	sta     $F240
00002Ar 1  A9 4D        	lda     #$4D
00002Cr 1  8D 41 F2     	sta     $F241
00002Fr 1  A9 47        	lda     #$47
000031r 1  8D 42 F2     	sta     $F242
000034r 1  A9 52        	lda     #$52
000036r 1  8D 43 F2     	sta     $F243
000039r 1  A9 01        	lda     #$01
00003Br 1  8D 44 F2     	sta     $F244
00003Er 1  A9 02        	lda     #$02
000040r 1  8D 45 F2     	sta     $F245
000043r 1  20 rr rr     	jsr     _udeks_window_manager_reset
000046r 1  A2 00        	ldx     #$00
000048r 1  8A           	txa
000049r 1  4C rr rr     	jmp     incsp1
00004Cr 1               
00004Cr 1               .endproc
00004Cr 1               
00004Cr 1               ; ---------------------------------------------------------------
00004Cr 1               ; unsigned char __near__ udeks_window_manager_poll (void)
00004Cr 1               ; ---------------------------------------------------------------
00004Cr 1               
00004Cr 1               .segment	"CODE"
00004Cr 1               
00004Cr 1               .proc	_udeks_window_manager_poll: near
00004Cr 1               
00004Cr 1               .segment	"CODE"
00004Cr 1               
00004Cr 1  20 rr rr     	jsr     decsp7
00004Fr 1  A5 rr        	lda     regbank+4
000051r 1  A6 rr        	ldx     regbank+5
000053r 1  20 rr rr     	jsr     pushax
000056r 1  20 rr rr     	jsr     _udeks_vic_graphics_is_active
000059r 1  C9 00        	cmp     #$00
00005Br 1  D0 04        	bne     L0538
00005Dr 1  AA           	tax
00005Er 1  4C rr rr     	jmp     L06A4
000061r 1  AD rr rr     L0538:	lda     _cache_accept_state
000064r 1  C9 80        	cmp     #$80
000066r 1  B0 03        	bcs     L0683
000068r 1  20 rr rr     	jsr     _cache_accept_poll
00006Br 1  AD rr rr     L0683:	lda     _dragging_handle
00006Er 1  F0 03 4C rr  	jne     L0695
000072r 1  rr           
000073r 1  AD rr rr     	lda     _cache_phase
000076r 1  C9 01        	cmp     #$01
000078r 1  F0 04        	beq     L068A
00007Ar 1  C9 03        	cmp     #$03
00007Cr 1  D0 75        	bne     L0695
00007Er 1  AD rr rr     L068A:	lda     _cache_phase
000081r 1  20 rr rr     	jsr     pusha
000084r 1  A9 04        	lda     #$04
000086r 1  20 rr rr     	jsr     pusha
000089r 1  20 rr rr     L0546:	jsr     _cache_step
00008Cr 1  C9 00        	cmp     #$00
00008Er 1  F0 21        	beq     L0549
000090r 1  AD rr rr     	lda     _cache_owner
000093r 1  20 rr rr     	jsr     _window_by_handle
000096r 1  85 rr        	sta     regbank+4
000098r 1  86 rr        	stx     regbank+4+1
00009Ar 1  E0 00        	cpx     #$00
00009Cr 1  D0 04        	bne     L06A5
00009Er 1  C9 00        	cmp     #$00
0000A0r 1  F0 33        	beq     L0547
0000A2r 1  A5 rr        L06A5:	lda     regbank+4
0000A4r 1  A6 rr        	ldx     regbank+4+1
0000A6r 1  20 rr rr     	jsr     _damage_set
0000A9r 1  A9 00        	lda     #$00
0000ABr 1  20 rr rr     	jsr     _compose_damage
0000AEr 1  4C rr rr     	jmp     L0547
0000B1r 1  A8           L0549:	tay
0000B2r 1  B1 rr        	lda     (sp),y
0000B4r 1  38           	sec
0000B5r 1  E9 01        	sbc     #$01
0000B7r 1  91 rr        	sta     (sp),y
0000B9r 1  C9 00        	cmp     #$00
0000BBr 1  F0 18        	beq     L0547
0000BDr 1  C8           	iny
0000BEr 1  B1 rr        	lda     (sp),y
0000C0r 1  CD rr rr     	cmp     _cache_phase
0000C3r 1  D0 12        	bne     L06A8
0000C5r 1  C9 03        	cmp     #$03
0000C7r 1  D0 C0        	bne     L0546
0000C9r 1  AD 80 F7     	lda     $F780
0000CCr 1  29 07        	and     #$07
0000CEr 1  C9 07        	cmp     #$07
0000D0r 1  F0 05        	beq     L06A8
0000D2r 1  4C rr rr     	jmp     L0546
0000D5r 1  A0 01        L0547:	ldy     #$01
0000D7r 1  B1 rr        L06A8:	lda     (sp),y
0000D9r 1  C9 03        	cmp     #$03
0000DBr 1  D0 13        	bne     L055D
0000DDr 1  AD rr rr     	lda     _cache_phase
0000E0r 1  C9 03        	cmp     #$03
0000E2r 1  D0 09        	bne     L0694
0000E4r 1  AD 80 F7     	lda     $F780
0000E7r 1  29 07        	and     #$07
0000E9r 1  C9 07        	cmp     #$07
0000EBr 1  D0 03        	bne     L055D
0000EDr 1  20 rr rr     L0694:	jsr     _udeks_vic_bitmap_commit
0000F0r 1  20 rr rr     L055D:	jsr     incsp2
0000F3r 1  AD rr rr     L0695:	lda     _cache_phase
0000F6r 1  C9 03        	cmp     #$03
0000F8r 1  D0 03 4C rr  	jeq     L06A7
0000FCr 1  rr           
0000FDr 1  20 rr rr     	jsr     _udeks_pointer_x
000100r 1  38           	sec
000101r 1  E9 0C        	sbc     #$0C
000103r 1  B0 01        	bcs     L056C
000105r 1  CA           	dex
000106r 1  A0 07        L056C:	ldy     #$07
000108r 1  20 rr rr     	jsr     staxysp
00010Br 1  20 rr rr     	jsr     _udeks_pointer_y
00010Er 1  38           	sec
00010Fr 1  E9 28        	sbc     #$28
000111r 1  A0 06        	ldy     #$06
000113r 1  91 rr        	sta     (sp),y
000115r 1  20 rr rr     	jsr     _udeks_pointer_buttons
000118r 1  A0 05        	ldy     #$05
00011Ar 1  91 rr        	sta     (sp),y
00011Cr 1  29 05        	and     #$05
00011Er 1  88           	dey
00011Fr 1  91 rr        	sta     (sp),y
000121r 1  B1 rr        	lda     (sp),y
000123r 1  D0 03 4C rr  	jeq     L069A
000127r 1  rr           
000128r 1  AD rr rr     	lda     _previous_buttons
00012Br 1  F0 03 4C rr  	jne     L069A
00012Fr 1  rr           
000130r 1  A0 0A        	ldy     #$0A
000132r 1  20 rr rr     	jsr     pushwysp
000135r 1  A0 08        	ldy     #$08
000137r 1  B1 rr        	lda     (sp),y
000139r 1  20 rr rr     	jsr     _top_window_at
00013Cr 1  A0 03        	ldy     #$03
00013Er 1  91 rr        	sta     (sp),y
000140r 1  20 rr rr     	jsr     _window_by_handle
000143r 1  85 rr        	sta     regbank+4
000145r 1  86 rr        	stx     regbank+4+1
000147r 1  E0 00        	cpx     #$00
000149r 1  D0 07        	bne     L06A6
00014Br 1  C9 00        	cmp     #$00
00014Dr 1  D0 03 4C rr  	jeq     L0581
000151r 1  rr           
000152r 1  A0 03        L06A6:	ldy     #$03
000154r 1  B1 rr        	lda     (sp),y
000156r 1  8D rr rr     	sta     _focused_handle
000159r 1  B1 rr        	lda     (sp),y
00015Br 1  20 rr rr     	jsr     _raise_window
00015Er 1  A0 02        	ldy     #$02
000160r 1  91 rr        	sta     (sp),y
000162r 1  20 rr rr     	jsr     decsp3
000165r 1  A0 0B        	ldy     #$0B
000167r 1  B1 rr        	lda     (sp),y
000169r 1  AA           	tax
00016Ar 1  88           	dey
00016Br 1  B1 rr        	lda     (sp),y
00016Dr 1  A0 01        	ldy     #$01
00016Fr 1  91 rr        	sta     (sp),y
000171r 1  C8           	iny
000172r 1  8A           	txa
000173r 1  91 rr        	sta     (sp),y
000175r 1  A0 09        	ldy     #$09
000177r 1  B1 rr        	lda     (sp),y
000179r 1  A0 00        	ldy     #$00
00017Br 1  91 rr        	sta     (sp),y
00017Dr 1  A5 rr        	lda     regbank+4
00017Fr 1  A6 rr        	ldx     regbank+4+1
000181r 1  20 rr rr     	jsr     _close_hit
000184r 1  C9 00        	cmp     #$00
000186r 1  F0 15        	beq     L0589
000188r 1  A9 1C        	lda     #$1C
00018Ar 1  20 rr rr     	jsr     _increment_counter
00018Dr 1  A0 04        	ldy     #$04
00018Fr 1  B1 rr        	lda     (sp),y
000191r 1  8D rr rr     	sta     _previous_buttons
000194r 1  88           	dey
000195r 1  B1 rr        	lda     (sp),y
000197r 1  20 rr rr     	jsr     _udeks_window_destroy
00019Ar 1  4C rr rr     	jmp     L06A9
00019Dr 1  20 rr rr     L0589:	jsr     decsp3
0001A0r 1  A0 0B        	ldy     #$0B
0001A2r 1  B1 rr        	lda     (sp),y
0001A4r 1  AA           	tax
0001A5r 1  88           	dey
0001A6r 1  B1 rr        	lda     (sp),y
0001A8r 1  A0 01        	ldy     #$01
0001AAr 1  91 rr        	sta     (sp),y
0001ACr 1  C8           	iny
0001ADr 1  8A           	txa
0001AEr 1  91 rr        	sta     (sp),y
0001B0r 1  A0 09        	ldy     #$09
0001B2r 1  B1 rr        	lda     (sp),y
0001B4r 1  A0 00        	ldy     #$00
0001B6r 1  91 rr        	sta     (sp),y
0001B8r 1  A5 rr        	lda     regbank+4
0001BAr 1  A6 rr        	ldx     regbank+4+1
0001BCr 1  20 rr rr     	jsr     _resize_hit
0001BFr 1  C9 00        	cmp     #$00
0001C1r 1  F0 2B        	beq     L0596
0001C3r 1  20 rr rr     	jsr     decsp4
0001C6r 1  A0 07        	ldy     #$07
0001C8r 1  B1 rr        	lda     (sp),y
0001CAr 1  A0 03        	ldy     #$03
0001CCr 1  91 rr        	sta     (sp),y
0001CEr 1  A0 0C        	ldy     #$0C
0001D0r 1  B1 rr        	lda     (sp),y
0001D2r 1  AA           	tax
0001D3r 1  88           	dey
0001D4r 1  B1 rr        	lda     (sp),y
0001D6r 1  A0 01        	ldy     #$01
0001D8r 1  91 rr        	sta     (sp),y
0001DAr 1  C8           	iny
0001DBr 1  8A           	txa
0001DCr 1  91 rr        	sta     (sp),y
0001DEr 1  A0 0A        	ldy     #$0A
0001E0r 1  B1 rr        	lda     (sp),y
0001E2r 1  A0 00        	ldy     #$00
0001E4r 1  91 rr        	sta     (sp),y
0001E6r 1  A9 02        	lda     #$02
0001E8r 1  20 rr rr     	jsr     _begin_drag
0001EBr 1  4C rr rr     	jmp     L05B2
0001EEr 1  20 rr rr     L0596:	jsr     decsp3
0001F1r 1  A0 0B        	ldy     #$0B
0001F3r 1  B1 rr        	lda     (sp),y
0001F5r 1  AA           	tax
0001F6r 1  88           	dey
0001F7r 1  B1 rr        	lda     (sp),y
0001F9r 1  A0 01        	ldy     #$01
0001FBr 1  91 rr        	sta     (sp),y
0001FDr 1  C8           	iny
0001FEr 1  8A           	txa
0001FFr 1  91 rr        	sta     (sp),y
000201r 1  A0 09        	ldy     #$09
000203r 1  B1 rr        	lda     (sp),y
000205r 1  A0 00        	ldy     #$00
000207r 1  91 rr        	sta     (sp),y
000209r 1  A5 rr        	lda     regbank+4
00020Br 1  A6 rr        	ldx     regbank+4+1
00020Dr 1  20 rr rr     	jsr     _title_hit
000210r 1  C9 00        	cmp     #$00
000212r 1  F0 2B        	beq     L05A1
000214r 1  20 rr rr     	jsr     decsp4
000217r 1  A0 07        	ldy     #$07
000219r 1  B1 rr        	lda     (sp),y
00021Br 1  A0 03        	ldy     #$03
00021Dr 1  91 rr        	sta     (sp),y
00021Fr 1  A0 0C        	ldy     #$0C
000221r 1  B1 rr        	lda     (sp),y
000223r 1  AA           	tax
000224r 1  88           	dey
000225r 1  B1 rr        	lda     (sp),y
000227r 1  A0 01        	ldy     #$01
000229r 1  91 rr        	sta     (sp),y
00022Br 1  C8           	iny
00022Cr 1  8A           	txa
00022Dr 1  91 rr        	sta     (sp),y
00022Fr 1  A0 0A        	ldy     #$0A
000231r 1  B1 rr        	lda     (sp),y
000233r 1  A0 00        	ldy     #$00
000235r 1  91 rr        	sta     (sp),y
000237r 1  A9 01        	lda     #$01
000239r 1  20 rr rr     	jsr     _begin_drag
00023Cr 1  4C rr rr     	jmp     L05B2
00023Fr 1  A0 02        L05A1:	ldy     #$02
000241r 1  B1 rr        	lda     (sp),y
000243r 1  F0 12        	beq     L05B2
000245r 1  A5 rr        	lda     regbank+4
000247r 1  A6 rr        	ldx     regbank+4+1
000249r 1  20 rr rr     	jsr     _damage_set
00024Cr 1  A9 00        	lda     #$00
00024Er 1  20 rr rr     	jsr     _compose_damage
000251r 1  4C rr rr     	jmp     L05B2
000254r 1  8D rr rr     L0581:	sta     _focused_handle
000257r 1  A0 04        L05B2:	ldy     #$04
000259r 1  B1 rr        L069A:	lda     (sp),y
00025Br 1  D0 0B        	bne     L069E
00025Dr 1  AD rr rr     	lda     _dragging_handle
000260r 1  F0 06        	beq     L069E
000262r 1  20 rr rr     	jsr     _finish_drag
000265r 1  4C rr rr     	jmp     L05C4
000268r 1  B1 rr        L069E:	lda     (sp),y
00026Ar 1  F0 29        	beq     L06A3
00026Cr 1  AD rr rr     	lda     _dragging_handle
00026Fr 1  F0 24        	beq     L06A3
000271r 1  AD rr rr     	lda     _drag_mode
000274r 1  C9 02        	cmp     #$02
000276r 1  D0 0F        	bne     L05BF
000278r 1  A0 0A        	ldy     #$0A
00027Ar 1  20 rr rr     	jsr     pushwysp
00027Dr 1  A0 08        	ldy     #$08
00027Fr 1  B1 rr        	lda     (sp),y
000281r 1  20 rr rr     	jsr     _resize_drag
000284r 1  4C rr rr     	jmp     L05C4
000287r 1  A0 0A        L05BF:	ldy     #$0A
000289r 1  20 rr rr     	jsr     pushwysp
00028Cr 1  A0 08        	ldy     #$08
00028Er 1  B1 rr        	lda     (sp),y
000290r 1  20 rr rr     	jsr     _move_drag
000293r 1  A0 04        L05C4:	ldy     #$04
000295r 1  B1 rr        L06A3:	lda     (sp),y
000297r 1  8D rr rr     	sta     _previous_buttons
00029Ar 1  20 rr rr     L06A9:	jsr     _publish_state
00029Dr 1  A2 00        L06A7:	ldx     #$00
00029Fr 1  8A           	txa
0002A0r 1  48           L06A4:	pha
0002A1r 1  A1 rr        	lda     (sp,x)
0002A3r 1  85 rr        	sta     regbank+4
0002A5r 1  A0 01        	ldy     #$01
0002A7r 1  B1 rr        	lda     (sp),y
0002A9r 1  85 rr        	sta     regbank+5
0002ABr 1  68           	pla
0002ACr 1  A0 09        	ldy     #$09
0002AEr 1  4C rr rr     	jmp     addysp
0002B1r 1               
0002B1r 1               .endproc
0002B1r 1               
0002B1r 1               ; ---------------------------------------------------------------
0002B1r 1               ; unsigned char __near__ udeks_window_manager_stop (void)
0002B1r 1               ; ---------------------------------------------------------------
0002B1r 1               
0002B1r 1               .segment	"CODE"
0002B1r 1               
0002B1r 1               .proc	_udeks_window_manager_stop: near
0002B1r 1               
0002B1r 1               .segment	"CODE"
0002B1r 1               
0002B1r 1  20 rr rr     	jsr     _udeks_window_manager_reset
0002B4r 1  A2 00        	ldx     #$00
0002B6r 1  8A           	txa
0002B7r 1  60           	rts
0002B8r 1               
0002B8r 1               .endproc
0002B8r 1               
0002B8r 1               ; ---------------------------------------------------------------
0002B8r 1               ; void __near__ udeks_window_manager_reset (void)
0002B8r 1               ; ---------------------------------------------------------------
0002B8r 1               
0002B8r 1               .segment	"CODE"
0002B8r 1               
0002B8r 1               .proc	_udeks_window_manager_reset: near
0002B8r 1               
0002B8r 1               .segment	"CODE"
0002B8r 1               
0002B8r 1  20 rr rr     	jsr     decsp1
0002BBr 1  20 rr rr     	jsr     _cache_invalidate
0002BEr 1  A9 00        	lda     #$00
0002C0r 1  A8           	tay
0002C1r 1  91 rr        L06AA:	sta     (sp),y
0002C3r 1  C9 04        	cmp     #$04
0002C5r 1  B0 23        	bcs     L06AB
0002C7r 1  B1 rr        	lda     (sp),y
0002C9r 1  20 rr rr     	jsr     pusha0
0002CCr 1  A9 0E        	lda     #$0E
0002CEr 1  20 rr rr     	jsr     tosmula0
0002D1r 1  18           	clc
0002D2r 1  69 rr        	adc     #<(_windows)
0002D4r 1  85 rr        	sta     ptr1
0002D6r 1  8A           	txa
0002D7r 1  69 rr        	adc     #>(_windows)
0002D9r 1  85 rr        	sta     ptr1+1
0002DBr 1  A9 00        	lda     #$00
0002DDr 1  A0 07        	ldy     #$07
0002DFr 1  91 rr        	sta     (ptr1),y
0002E1r 1  A8           	tay
0002E2r 1  18           	clc
0002E3r 1  A9 01        	lda     #$01
0002E5r 1  71 rr        	adc     (sp),y
0002E7r 1  4C rr rr     	jmp     L06AA
0002EAr 1  98           L06AB:	tya
0002EBr 1  8D rr rr     	sta     _active_count
0002EEr 1  8D rr rr     	sta     _focused_handle
0002F1r 1  8D rr rr     	sta     _dragging_handle
0002F4r 1  8D rr rr     	sta     _drag_mode
0002F7r 1  8D rr rr     	sta     _previous_buttons
0002FAr 1  20 rr rr     	jsr     _publish_state
0002FDr 1  4C rr rr     	jmp     incsp1
000300r 1               
000300r 1               .endproc
000300r 1               
000300r 1               ; ---------------------------------------------------------------
000300r 1               ; unsigned char __near__ udeks_window_create (unsigned char, unsigned char, unsigned char, unsigned int, unsigned char, unsigned int, unsigned char, __near__ const unsigned char *, __near__ __near__ function returning void *, __near__ __near__ function returning void *)
000300r 1               ; ---------------------------------------------------------------
000300r 1               
000300r 1               .segment	"CODE"
000300r 1               
000300r 1               .proc	_udeks_window_create: near
000300r 1               
000300r 1               .segment	"CODE"
000300r 1               
000300r 1  20 rr rr     	jsr     pushax
000303r 1  20 rr rr     	jsr     decsp1
000306r 1  A5 rr        	lda     regbank+4
000308r 1  A6 rr        	ldx     regbank+5
00030Ar 1  20 rr rr     	jsr     pushax
00030Dr 1  A0 0B        	ldy     #$0B
00030Fr 1  B1 rr        	lda     (sp),y
000311r 1  C9 00        	cmp     #$00
000313r 1  D0 05        	bne     L0454
000315r 1  88           	dey
000316r 1  B1 rr        	lda     (sp),y
000318r 1  C9 10        	cmp     #$10
00031Ar 1  90 45        L0454:	bcc     L06AE
00031Cr 1  A0 09        	ldy     #$09
00031Er 1  B1 rr        	lda     (sp),y
000320r 1  C9 12        	cmp     #$12
000322r 1  90 3D        	bcc     L06AE
000324r 1  A0 0D        	ldy     #$0D
000326r 1  B1 rr        	lda     (sp),y
000328r 1  A0 0A        	ldy     #$0A
00032Ar 1  18           	clc
00032Br 1  71 rr        	adc     (sp),y
00032Dr 1  48           	pha
00032Er 1  A0 0E        	ldy     #$0E
000330r 1  B1 rr        	lda     (sp),y
000332r 1  A0 0B        	ldy     #$0B
000334r 1  71 rr        	adc     (sp),y
000336r 1  AA           	tax
000337r 1  68           	pla
000338r 1  C9 41        	cmp     #$41
00033Ar 1  8A           	txa
00033Br 1  E9 01        	sbc     #$01
00033Dr 1  B0 22        	bcs     L06AE
00033Fr 1  A2 00        	ldx     #$00
000341r 1  A0 09        	ldy     #$09
000343r 1  B1 rr        	lda     (sp),y
000345r 1  18           	clc
000346r 1  A0 0C        	ldy     #$0C
000348r 1  71 rr        	adc     (sp),y
00034Ar 1  90 01        	bcc     L06AC
00034Cr 1  E8           	inx
00034Dr 1  C9 C9        L06AC:	cmp     #$C9
00034Fr 1  8A           	txa
000350r 1  E9 00        	sbc     #$00
000352r 1  B0 0D        	bcs     L06AE
000354r 1  A0 10        	ldy     #$10
000356r 1  B1 rr        	lda     (sp),y
000358r 1  C9 01        	cmp     #$01
00035Ar 1  D0 05        	bne     L06AE
00035Cr 1  A9 00        	lda     #$00
00035Er 1  4C rr rr     	jmp     L06B0
000361r 1  A2 00        L06AE:	ldx     #$00
000363r 1  8A           	txa
000364r 1  4C rr rr     	jmp     L0450
000367r 1  A0 02        L06B0:	ldy     #$02
000369r 1  91 rr        L06AD:	sta     (sp),y
00036Br 1  A2 00        	ldx     #$00
00036Dr 1  B1 rr        	lda     (sp),y
00036Fr 1  C9 04        	cmp     #$04
000371r 1  B0 25        	bcs     L06B2
000373r 1  20 rr rr     	jsr     pusha0
000376r 1  A9 0E        	lda     #$0E
000378r 1  20 rr rr     	jsr     tosmula0
00037Br 1  18           	clc
00037Cr 1  69 rr        	adc     #<(_windows)
00037Er 1  85 rr        	sta     ptr1
000380r 1  8A           	txa
000381r 1  69 rr        	adc     #>(_windows)
000383r 1  85 rr        	sta     ptr1+1
000385r 1  A0 07        	ldy     #$07
000387r 1  B1 rr        	lda     (ptr1),y
000389r 1  F0 0A        	beq     L0458
00038Br 1  A0 02        	ldy     #$02
00038Dr 1  18           	clc
00038Er 1  A9 01        	lda     #$01
000390r 1  71 rr        	adc     (sp),y
000392r 1  4C rr rr     	jmp     L06AD
000395r 1  A0 02        L0458:	ldy     #$02
000397r 1  AA           	tax
000398r 1  B1 rr        L06B2:	lda     (sp),y
00039Ar 1  C9 04        	cmp     #$04
00039Cr 1  D0 04        	bne     L06B4
00039Er 1  8A           	txa
00039Fr 1  4C rr rr     	jmp     L0450
0003A2r 1  B1 rr        L06B4:	lda     (sp),y
0003A4r 1  20 rr rr     	jsr     pusha0
0003A7r 1  A9 0E        	lda     #$0E
0003A9r 1  20 rr rr     	jsr     tosmula0
0003ACr 1  18           	clc
0003ADr 1  69 rr        	adc     #<(_windows)
0003AFr 1  A8           	tay
0003B0r 1  8A           	txa
0003B1r 1  69 rr        	adc     #>(_windows)
0003B3r 1  AA           	tax
0003B4r 1  98           	tya
0003B5r 1  85 rr        	sta     regbank+4
0003B7r 1  86 rr        	stx     regbank+4+1
0003B9r 1  85 rr        	sta     ptr1
0003BBr 1  86 rr        	stx     ptr1+1
0003BDr 1  A0 0F        	ldy     #$0F
0003BFr 1  B1 rr        	lda     (sp),y
0003C1r 1  29 0F        	and     #$0F
0003C3r 1  09 01        	ora     #$01
0003C5r 1  09 08        	ora     #$08
0003C7r 1  A0 00        	ldy     #$00
0003C9r 1  91 rr        	sta     (ptr1),y
0003CBr 1  A0 0E        	ldy     #$0E
0003CDr 1  B1 rr        	lda     (sp),y
0003CFr 1  AA           	tax
0003D0r 1  88           	dey
0003D1r 1  B1 rr        	lda     (sp),y
0003D3r 1  A0 01        	ldy     #$01
0003D5r 1  91 rr        	sta     (regbank+4),y
0003D7r 1  C8           	iny
0003D8r 1  8A           	txa
0003D9r 1  91 rr        	sta     (regbank+4),y
0003DBr 1  A0 0C        	ldy     #$0C
0003DDr 1  B1 rr        	lda     (sp),y
0003DFr 1  A0 03        	ldy     #$03
0003E1r 1  91 rr        	sta     (regbank+4),y
0003E3r 1  A0 0B        	ldy     #$0B
0003E5r 1  B1 rr        	lda     (sp),y
0003E7r 1  AA           	tax
0003E8r 1  88           	dey
0003E9r 1  B1 rr        	lda     (sp),y
0003EBr 1  A0 04        	ldy     #$04
0003EDr 1  91 rr        	sta     (regbank+4),y
0003EFr 1  C8           	iny
0003F0r 1  8A           	txa
0003F1r 1  91 rr        	sta     (regbank+4),y
0003F3r 1  A0 09        	ldy     #$09
0003F5r 1  B1 rr        	lda     (sp),y
0003F7r 1  A0 06        	ldy     #$06
0003F9r 1  91 rr        	sta     (regbank+4),y
0003FBr 1  AD rr rr     	lda     _active_count
0003FEr 1  18           	clc
0003FFr 1  69 01        	adc     #$01
000401r 1  C8           	iny
000402r 1  91 rr        	sta     (regbank+4),y
000404r 1  C8           	iny
000405r 1  B1 rr        	lda     (sp),y
000407r 1  AA           	tax
000408r 1  88           	dey
000409r 1  B1 rr        	lda     (sp),y
00040Br 1  C8           	iny
00040Cr 1  91 rr        	sta     (regbank+4),y
00040Er 1  C8           	iny
00040Fr 1  8A           	txa
000410r 1  91 rr        	sta     (regbank+4),y
000412r 1  A0 06        	ldy     #$06
000414r 1  B1 rr        	lda     (sp),y
000416r 1  AA           	tax
000417r 1  88           	dey
000418r 1  B1 rr        	lda     (sp),y
00041Ar 1  A0 0A        	ldy     #$0A
00041Cr 1  91 rr        	sta     (regbank+4),y
00041Er 1  C8           	iny
00041Fr 1  8A           	txa
000420r 1  91 rr        	sta     (regbank+4),y
000422r 1  A0 04        	ldy     #$04
000424r 1  B1 rr        	lda     (sp),y
000426r 1  AA           	tax
000427r 1  88           	dey
000428r 1  B1 rr        	lda     (sp),y
00042Ar 1  A0 0C        	ldy     #$0C
00042Cr 1  91 rr        	sta     (regbank+4),y
00042Er 1  C8           	iny
00042Fr 1  8A           	txa
000430r 1  91 rr        	sta     (regbank+4),y
000432r 1  EE rr rr     	inc     _active_count
000435r 1  A0 02        	ldy     #$02
000437r 1  B1 rr        	lda     (sp),y
000439r 1  18           	clc
00043Ar 1  69 01        	adc     #$01
00043Cr 1  8D rr rr     	sta     _focused_handle
00043Fr 1  A9 10        	lda     #$10
000441r 1  20 rr rr     	jsr     _increment_counter
000444r 1  20 rr rr     	jsr     _publish_state
000447r 1  A5 rr        	lda     regbank+4
000449r 1  A6 rr        	ldx     regbank+4+1
00044Br 1  20 rr rr     	jsr     _damage_set
00044Er 1  A9 00        	lda     #$00
000450r 1  20 rr rr     	jsr     _compose_damage
000453r 1  A2 00        	ldx     #$00
000455r 1  AD rr rr     	lda     _focused_handle
000458r 1  48           L0450:	pha
000459r 1  A1 rr        	lda     (sp,x)
00045Br 1  85 rr        	sta     regbank+4
00045Dr 1  A0 01        	ldy     #$01
00045Fr 1  B1 rr        	lda     (sp),y
000461r 1  85 rr        	sta     regbank+5
000463r 1  68           	pla
000464r 1  A0 12        	ldy     #$12
000466r 1  4C rr rr     	jmp     addysp
000469r 1               
000469r 1               .endproc
000469r 1               
000469r 1               ; ---------------------------------------------------------------
000469r 1               ; unsigned char __near__ udeks_window_destroy (unsigned char)
000469r 1               ; ---------------------------------------------------------------
000469r 1               
000469r 1               .segment	"CODE"
000469r 1               
000469r 1               .proc	_udeks_window_destroy: near
000469r 1               
000469r 1               .segment	"CODE"
000469r 1               
000469r 1  20 rr rr     	jsr     pusha
00046Cr 1  A5 rr        	lda     regbank+4
00046Er 1  A6 rr        	ldx     regbank+5
000470r 1  20 rr rr     	jsr     pushax
000473r 1  20 rr rr     	jsr     decsp4
000476r 1  A0 06        	ldy     #$06
000478r 1  B1 rr        	lda     (sp),y
00047Ar 1  20 rr rr     	jsr     _window_by_handle
00047Dr 1  85 rr        	sta     regbank+4
00047Fr 1  86 rr        	stx     regbank+4+1
000481r 1  E0 00        	cpx     #$00
000483r 1  D0 09        	bne     L048F
000485r 1  C9 00        	cmp     #$00
000487r 1  D0 05        	bne     L048F
000489r 1  A9 01        	lda     #$01
00048Br 1  4C rr rr     	jmp     L048B
00048Er 1  A0 0D        L048F:	ldy     #$0D
000490r 1  B1 rr        	lda     (regbank+4),y
000492r 1  AA           	tax
000493r 1  88           	dey
000494r 1  B1 rr        	lda     (regbank+4),y
000496r 1  A0 02        	ldy     #$02
000498r 1  20 rr rr     	jsr     staxysp
00049Br 1  A0 07        	ldy     #$07
00049Dr 1  B1 rr        	lda     (regbank+4),y
00049Fr 1  A0 00        	ldy     #$00
0004A1r 1  91 rr        	sta     (sp),y
0004A3r 1  A5 rr        	lda     regbank+4
0004A5r 1  A6 rr        	ldx     regbank+4+1
0004A7r 1  20 rr rr     	jsr     _damage_set
0004AAr 1  A0 06        	ldy     #$06
0004ACr 1  B1 rr        	lda     (sp),y
0004AEr 1  CD rr rr     	cmp     _dragging_handle
0004B1r 1  D0 35        	bne     L0499
0004B3r 1  20 rr rr     	jsr     _udeks_vic_bitmap_reset_clip
0004B6r 1  20 rr rr     	jsr     decsp5
0004B9r 1  AD rr rr     	lda     _drag_x
0004BCr 1  A0 03        	ldy     #$03
0004BEr 1  91 rr        	sta     (sp),y
0004C0r 1  C8           	iny
0004C1r 1  AD rr rr     	lda     _drag_x+1
0004C4r 1  91 rr        	sta     (sp),y
0004C6r 1  AD rr rr     	lda     _drag_y
0004C9r 1  A0 02        	ldy     #$02
0004CBr 1  91 rr        	sta     (sp),y
0004CDr 1  AD rr rr     	lda     _drag_width
0004D0r 1  A0 00        	ldy     #$00
0004D2r 1  91 rr        	sta     (sp),y
0004D4r 1  C8           	iny
0004D5r 1  AD rr rr     	lda     _drag_width+1
0004D8r 1  91 rr        	sta     (sp),y
0004DAr 1  AD rr rr     	lda     _drag_height
0004DDr 1  20 rr rr     	jsr     _udeks_vic_bitmap_outline_toggle
0004E0r 1  A9 00        	lda     #$00
0004E2r 1  8D rr rr     	sta     _dragging_handle
0004E5r 1  8D rr rr     	sta     _drag_mode
0004E8r 1  A9 00        L0499:	lda     #$00
0004EAr 1  A0 07        	ldy     #$07
0004ECr 1  91 rr        	sta     (regbank+4),y
0004EEr 1  CE rr rr     	dec     _active_count
0004F1r 1  A0 01        	ldy     #$01
0004F3r 1  91 rr        L06B6:	sta     (sp),y
0004F5r 1  C9 04        	cmp     #$04
0004F7r 1  B0 48        	bcs     L04A9
0004F9r 1  B1 rr        	lda     (sp),y
0004FBr 1  20 rr rr     	jsr     pusha0
0004FEr 1  A9 0E        	lda     #$0E
000500r 1  20 rr rr     	jsr     tosmula0
000503r 1  18           	clc
000504r 1  69 rr        	adc     #<(_windows)
000506r 1  85 rr        	sta     ptr1
000508r 1  8A           	txa
000509r 1  69 rr        	adc     #>(_windows)
00050Br 1  85 rr        	sta     ptr1+1
00050Dr 1  A0 07        	ldy     #$07
00050Fr 1  B1 rr        	lda     (ptr1),y
000511r 1  38           	sec
000512r 1  A0 00        	ldy     #$00
000514r 1  F1 rr        	sbc     (sp),y
000516r 1  90 20        	bcc     L04AA
000518r 1  F0 1E        	beq     L04AA
00051Ar 1  C8           	iny
00051Br 1  B1 rr        	lda     (sp),y
00051Dr 1  20 rr rr     	jsr     pusha0
000520r 1  A9 0E        	lda     #$0E
000522r 1  20 rr rr     	jsr     tosmula0
000525r 1  18           	clc
000526r 1  69 rr        	adc     #<(_windows)
000528r 1  85 rr        	sta     ptr1
00052Ar 1  8A           	txa
00052Br 1  69 rr        	adc     #>(_windows)
00052Dr 1  85 rr        	sta     ptr1+1
00052Fr 1  A0 07        	ldy     #$07
000531r 1  B1 rr        	lda     (ptr1),y
000533r 1  38           	sec
000534r 1  E9 01        	sbc     #$01
000536r 1  91 rr        	sta     (ptr1),y
000538r 1  A0 01        L04AA:	ldy     #$01
00053Ar 1  18           	clc
00053Br 1  98           	tya
00053Cr 1  71 rr        	adc     (sp),y
00053Er 1  4C rr rr     	jmp     L06B6
000541r 1  20 rr rr     L04A9:	jsr     _top_window
000544r 1  8D rr rr     	sta     _focused_handle
000547r 1  A9 00        	lda     #$00
000549r 1  20 rr rr     	jsr     _compose_damage
00054Cr 1  A9 12        	lda     #$12
00054Er 1  20 rr rr     	jsr     _increment_counter
000551r 1  20 rr rr     	jsr     _publish_state
000554r 1  A0 02        	ldy     #$02
000556r 1  B1 rr        	lda     (sp),y
000558r 1  C8           	iny
000559r 1  11 rr        	ora     (sp),y
00055Br 1  F0 22        	beq     L04BC
00055Dr 1  B1 rr        	lda     (sp),y
00055Fr 1  AA           	tax
000560r 1  88           	dey
000561r 1  B1 rr        	lda     (sp),y
000563r 1  20 rr rr     	jsr     pushax
000566r 1  A0 08        	ldy     #$08
000568r 1  B1 rr        	lda     (sp),y
00056Ar 1  48           	pha
00056Br 1  A0 00        	ldy     #$00
00056Dr 1  B1 rr        	lda     (sp),y
00056Fr 1  8D rr rr     	sta     jmpvec+1
000572r 1  C8           	iny
000573r 1  B1 rr        	lda     (sp),y
000575r 1  8D rr rr     	sta     jmpvec+2
000578r 1  68           	pla
000579r 1  20 rr rr     	jsr     jmpvec
00057Cr 1  20 rr rr     	jsr     incsp2
00057Fr 1  A2 00        L04BC:	ldx     #$00
000581r 1  8A           	txa
000582r 1  48           L048B:	pha
000583r 1  A0 04        	ldy     #$04
000585r 1  B1 rr        	lda     (sp),y
000587r 1  85 rr        	sta     regbank+4
000589r 1  C8           	iny
00058Ar 1  B1 rr        	lda     (sp),y
00058Cr 1  85 rr        	sta     regbank+5
00058Er 1  68           	pla
00058Fr 1  4C rr rr     	jmp     incsp7
000592r 1               
000592r 1               .endproc
000592r 1               
000592r 1               ; ---------------------------------------------------------------
000592r 1               ; unsigned char __near__ udeks_window_repaint (unsigned char)
000592r 1               ; ---------------------------------------------------------------
000592r 1               
000592r 1               .segment	"CODE"
000592r 1               
000592r 1               .proc	_udeks_window_repaint: near
000592r 1               
000592r 1               .segment	"CODE"
000592r 1               
000592r 1  20 rr rr     	jsr     pusha
000595r 1  A5 rr        	lda     regbank+4
000597r 1  A6 rr        	ldx     regbank+5
000599r 1  20 rr rr     	jsr     pushax
00059Cr 1  A0 02        	ldy     #$02
00059Er 1  B1 rr        	lda     (sp),y
0005A0r 1  20 rr rr     	jsr     _window_by_handle
0005A3r 1  85 rr        	sta     regbank+4
0005A5r 1  86 rr        	stx     regbank+4+1
0005A7r 1  E0 00        	cpx     #$00
0005A9r 1  D0 09        	bne     L04C6
0005ABr 1  C9 00        	cmp     #$00
0005ADr 1  D0 05        	bne     L04C6
0005AFr 1  A9 01        	lda     #$01
0005B1r 1  4C rr rr     	jmp     L04C2
0005B4r 1  AD rr rr     L04C6:	lda     _dragging_handle
0005B7r 1  F0 03 4C rr  	jne     L0502
0005BBr 1  rr           
0005BCr 1  AA           	tax
0005BDr 1  AD rr rr     	lda     _cache_phase
0005C0r 1  C9 01        	cmp     #$01
0005C2r 1  D0 03 4C rr  	jeq     L06B9
0005C6r 1  rr           
0005C7r 1  C9 03        	cmp     #$03
0005C9r 1  D0 03 4C rr  	jeq     L06B9
0005CDr 1  rr           
0005CEr 1  A5 rr        	lda     regbank+4
0005D0r 1  A6 rr        	ldx     regbank+4+1
0005D2r 1  20 rr rr     	jsr     _damage_set
0005D5r 1  AD rr rr     	lda     _cache_phase
0005D8r 1  C9 02        	cmp     #$02
0005DAr 1  D0 08        	bne     L06BF
0005DCr 1  A8           	tay
0005DDr 1  B1 rr        	lda     (sp),y
0005DFr 1  CD rr rr     	cmp     _cache_owner
0005E2r 1  D0 05        	bne     L06C0
0005E4r 1  A9 00        L06BF:	lda     #$00
0005E6r 1  4C rr rr     	jmp     L06C2
0005E9r 1  AD rr rr     L06C0:	lda     _cache_owner
0005ECr 1  20 rr rr     	jsr     _window_by_handle
0005EFr 1  85 rr        	sta     regbank+4
0005F1r 1  86 rr        	stx     regbank+4+1
0005F3r 1  AD rr rr     	lda     _damage_left
0005F6r 1  AE rr rr     	ldx     _damage_left+1
0005F9r 1  20 rr rr     	jsr     pushax
0005FCr 1  A0 02        	ldy     #$02
0005FEr 1  B1 rr        	lda     (regbank+4),y
000600r 1  AA           	tax
000601r 1  88           	dey
000602r 1  B1 rr        	lda     (regbank+4),y
000604r 1  20 rr rr     	jsr     tosicmp
000607r 1  B0 03 4C rr  	jcc     L04D7
00060Br 1  rr           
00060Cr 1  AD rr rr     	lda     _damage_right
00060Fr 1  AE rr rr     	ldx     _damage_right+1
000612r 1  20 rr rr     	jsr     pushax
000615r 1  A0 02        	ldy     #$02
000617r 1  B1 rr        	lda     (regbank+4),y
000619r 1  AA           	tax
00061Ar 1  88           	dey
00061Br 1  B1 rr        	lda     (regbank+4),y
00061Dr 1  20 rr rr     	jsr     pushax
000620r 1  A0 05        	ldy     #$05
000622r 1  B1 rr        	lda     (regbank+4),y
000624r 1  AA           	tax
000625r 1  88           	dey
000626r 1  B1 rr        	lda     (regbank+4),y
000628r 1  20 rr rr     	jsr     tosaddax
00062Br 1  20 rr rr     	jsr     tosicmp
00062Er 1  F0 05        	beq     L06BB
000630r 1  90 03 4C rr  	jcs     L04D7
000634r 1  rr           
000635r 1  AD rr rr     L06BB:	lda     _damage_bottom
000638r 1  20 rr rr     	jsr     pusha0
00063Br 1  A0 03        	ldy     #$03
00063Dr 1  B1 rr        	lda     (regbank+4),y
00063Fr 1  85 rr        	sta     ptr1
000641r 1  A0 06        	ldy     #$06
000643r 1  B1 rr        	lda     (regbank+4),y
000645r 1  18           	clc
000646r 1  65 rr        	adc     ptr1
000648r 1  90 01        	bcc     L06B8
00064Ar 1  E8           	inx
00064Br 1  20 rr rr     L06B8:	jsr     tosicmp
00064Er 1  90 05        	bcc     L04D8
000650r 1  F0 03 4C rr  	jne     L04D7
000654r 1  rr           
000655r 1  A9 82        L04D8:	lda     #$82
000657r 1  8D rr rr     	sta     _cache_phase
00065Ar 1  AD rr rr     	lda     _damage_bottom
00065Dr 1  20 rr rr     	jsr     pusha0
000660r 1  A0 03        	ldy     #$03
000662r 1  B1 rr        	lda     (regbank+4),y
000664r 1  20 rr rr     	jsr     tosicmp0
000667r 1  90 09        	bcc     L04DD
000669r 1  F0 07        	beq     L04DD
00066Br 1  A0 03        	ldy     #$03
00066Dr 1  B1 rr        	lda     (regbank+4),y
00066Fr 1  8D rr rr     	sta     _damage_bottom
000672r 1  AD rr rr     L04DD:	lda     _damage_top
000675r 1  CD rr rr     	cmp     _damage_bottom
000678r 1  B0 10        	bcs     L04E1
00067Ar 1  A9 80        	lda     #$80
00067Cr 1  8D rr rr     	sta     _drag_mode
00067Fr 1  AD rr rr     	lda     _cache_owner
000682r 1  20 rr rr     	jsr     _compose_damage
000685r 1  A9 00        	lda     #$00
000687r 1  8D rr rr     	sta     _drag_mode
00068Ar 1  A0 02        L04E1:	ldy     #$02
00068Cr 1  B1 rr        	lda     (sp),y
00068Er 1  20 rr rr     	jsr     _window_by_handle
000691r 1  85 rr        	sta     regbank+4
000693r 1  86 rr        	stx     regbank+4+1
000695r 1  A0 0B        	ldy     #$0B
000697r 1  B1 rr        	lda     (regbank+4),y
000699r 1  AA           	tax
00069Ar 1  88           	dey
00069Br 1  B1 rr        	lda     (regbank+4),y
00069Dr 1  E0 00        	cpx     #$00
00069Fr 1  D0 04        	bne     L06C3
0006A1r 1  C9 00        	cmp     #$00
0006A3r 1  F0 6A        	beq     L06C5
0006A5r 1  AD rr rr     L06C3:	lda     _damage_bottom
0006A8r 1  20 rr rr     	jsr     pusha0
0006ABr 1  AD rr rr     	lda     _damage_top
0006AEr 1  18           	clc
0006AFr 1  69 0D        	adc     #$0D
0006B1r 1  90 03        	bcc     L06BA
0006B3r 1  A2 01        	ldx     #$01
0006B5r 1  18           	clc
0006B6r 1  69 01        L06BA:	adc     #$01
0006B8r 1  90 01        	bcc     L04F1
0006BAr 1  E8           	inx
0006BBr 1  20 rr rr     L04F1:	jsr     tosicmp
0006BEr 1  90 02        	bcc     L04ED
0006C0r 1  D0 4B        	bne     L06C4
0006C2r 1  A0 00        L04ED:	ldy     #$00
0006C4r 1  B1 rr        	lda     (regbank+4),y
0006C6r 1  29 7F        	and     #$7F
0006C8r 1  91 rr        	sta     (regbank+4),y
0006CAr 1  20 rr rr     	jsr     decsp6
0006CDr 1  98           	tya
0006CEr 1  A0 04        	ldy     #$04
0006D0r 1  91 rr        	sta     (sp),y
0006D2r 1  C8           	iny
0006D3r 1  91 rr        	sta     (sp),y
0006D5r 1  A0 02        	ldy     #$02
0006D7r 1  91 rr        	sta     (sp),y
0006D9r 1  C8           	iny
0006DAr 1  91 rr        	sta     (sp),y
0006DCr 1  A8           	tay
0006DDr 1  91 rr        	sta     (sp),y
0006DFr 1  C8           	iny
0006E0r 1  91 rr        	sta     (sp),y
0006E2r 1  AA           	tax
0006E3r 1  20 rr rr     	jsr     _udeks_vic_bitmap_set_clip
0006E6r 1  A0 0B        	ldy     #$0B
0006E8r 1  B1 rr        	lda     (regbank+4),y
0006EAr 1  AA           	tax
0006EBr 1  88           	dey
0006ECr 1  B1 rr        	lda     (regbank+4),y
0006EEr 1  20 rr rr     	jsr     pushax
0006F1r 1  A0 04        	ldy     #$04
0006F3r 1  B1 rr        	lda     (sp),y
0006F5r 1  48           	pha
0006F6r 1  A0 00        	ldy     #$00
0006F8r 1  B1 rr        	lda     (sp),y
0006FAr 1  8D rr rr     	sta     jmpvec+1
0006FDr 1  C8           	iny
0006FEr 1  B1 rr        	lda     (sp),y
000700r 1  8D rr rr     	sta     jmpvec+2
000703r 1  68           	pla
000704r 1  20 rr rr     	jsr     jmpvec
000707r 1  20 rr rr     	jsr     incsp2
00070Ar 1  20 rr rr     	jsr     _udeks_vic_bitmap_reset_clip
00070Dr 1  A2 00        L06C4:	ldx     #$00
00070Fr 1  A9 02        L06C5:	lda     #$02
000711r 1  8D rr rr     	sta     _cache_phase
000714r 1  4C rr rr     	jmp     L06B9
000717r 1  AD rr rr     L04D7:	lda     _cache_owner
00071Ar 1  20 rr rr     	jsr     _cache_paint_image
00071Dr 1  4C rr rr     	jmp     L0502
000720r 1  20 rr rr     L06C2:	jsr     _compose_damage
000723r 1  A2 00        L0502:	ldx     #$00
000725r 1  8A           L06B9:	txa
000726r 1  48           L04C2:	pha
000727r 1  A1 rr        	lda     (sp,x)
000729r 1  85 rr        	sta     regbank+4
00072Br 1  A0 01        	ldy     #$01
00072Dr 1  B1 rr        	lda     (sp),y
00072Fr 1  85 rr        	sta     regbank+5
000731r 1  68           	pla
000732r 1  4C rr rr     	jmp     incsp3
000735r 1               
000735r 1               .endproc
000735r 1               
000735r 1               ; ---------------------------------------------------------------
000735r 1               ; unsigned char __near__ udeks_window_begin_paint (unsigned char)
000735r 1               ; ---------------------------------------------------------------
000735r 1               
000735r 1               .segment	"CODE"
000735r 1               
000735r 1               .proc	_udeks_window_begin_paint: near
000735r 1               
000735r 1               .segment	"CODE"
000735r 1               
000735r 1  20 rr rr     	jsr     pusha
000738r 1  A5 rr        	lda     regbank+4
00073Ar 1  A6 rr        	ldx     regbank+5
00073Cr 1  20 rr rr     	jsr     pushax
00073Fr 1  A0 02        	ldy     #$02
000741r 1  B1 rr        	lda     (sp),y
000743r 1  20 rr rr     	jsr     _window_by_handle
000746r 1  85 rr        	sta     regbank+4
000748r 1  86 rr        	stx     regbank+4+1
00074Ar 1  E0 00        	cpx     #$00
00074Cr 1  D0 04        	bne     L06CF
00074Er 1  C9 00        	cmp     #$00
000750r 1  F0 15        	beq     L06D0
000752r 1  AD rr rr     L06CF:	lda     _dragging_handle
000755r 1  D0 0E        	bne     L06C9
000757r 1  A0 07        	ldy     #$07
000759r 1  B1 rr        	lda     (regbank+4),y
00075Br 1  CD rr rr     	cmp     _active_count
00075Er 1  D0 05        	bne     L06C9
000760r 1  A2 00        	ldx     #$00
000762r 1  4C rr rr     	jmp     L06CA
000765r 1  A2 00        L06C9:	ldx     #$00
000767r 1  A9 01        L06D0:	lda     #$01
000769r 1  4C rr rr     	jmp     L0210
00076Cr 1  AD rr rr     L06CA:	lda     _cache_phase
00076Fr 1  C9 01        	cmp     #$01
000771r 1  F0 74        	beq     L0210
000773r 1  C9 03        	cmp     #$03
000775r 1  D0 05        	bne     L0219
000777r 1  A9 01        	lda     #$01
000779r 1  4C rr rr     	jmp     L0210
00077Cr 1  20 rr rr     L0219:	jsr     _cache_invalidate
00077Fr 1  A0 00        	ldy     #$00
000781r 1  B1 rr        	lda     (regbank+4),y
000783r 1  29 7F        	and     #$7F
000785r 1  91 rr        	sta     (regbank+4),y
000787r 1  20 rr rr     	jsr     decsp6
00078Ar 1  A0 02        	ldy     #$02
00078Cr 1  B1 rr        	lda     (regbank+4),y
00078Er 1  AA           	tax
00078Fr 1  88           	dey
000790r 1  B1 rr        	lda     (regbank+4),y
000792r 1  18           	clc
000793r 1  69 03        	adc     #$03
000795r 1  90 01        	bcc     L0222
000797r 1  E8           	inx
000798r 1  A0 04        L0222:	ldy     #$04
00079Ar 1  91 rr        	sta     (sp),y
00079Cr 1  C8           	iny
00079Dr 1  8A           	txa
00079Er 1  91 rr        	sta     (sp),y
0007A0r 1  A0 03        	ldy     #$03
0007A2r 1  A2 00        	ldx     #$00
0007A4r 1  B1 rr        	lda     (regbank+4),y
0007A6r 1  18           	clc
0007A7r 1  69 0D        	adc     #$0D
0007A9r 1  90 02        	bcc     L06C7
0007ABr 1  E8           	inx
0007ACr 1  18           	clc
0007ADr 1  69 01        L06C7:	adc     #$01
0007AFr 1  90 01        	bcc     L0225
0007B1r 1  E8           	inx
0007B2r 1  88           L0225:	dey
0007B3r 1  91 rr        	sta     (sp),y
0007B5r 1  C8           	iny
0007B6r 1  8A           	txa
0007B7r 1  91 rr        	sta     (sp),y
0007B9r 1  A0 05        	ldy     #$05
0007BBr 1  B1 rr        	lda     (regbank+4),y
0007BDr 1  AA           	tax
0007BEr 1  88           	dey
0007BFr 1  B1 rr        	lda     (regbank+4),y
0007C1r 1  38           	sec
0007C2r 1  E9 06        	sbc     #$06
0007C4r 1  B0 01        	bcs     L0227
0007C6r 1  CA           	dex
0007C7r 1  A0 00        L0227:	ldy     #$00
0007C9r 1  91 rr        	sta     (sp),y
0007CBr 1  C8           	iny
0007CCr 1  8A           	txa
0007CDr 1  91 rr        	sta     (sp),y
0007CFr 1  A0 06        	ldy     #$06
0007D1r 1  A2 00        	ldx     #$00
0007D3r 1  B1 rr        	lda     (regbank+4),y
0007D5r 1  38           	sec
0007D6r 1  E9 0D        	sbc     #$0D
0007D8r 1  B0 02        	bcs     L06C8
0007DAr 1  CA           	dex
0007DBr 1  38           	sec
0007DCr 1  E9 04        L06C8:	sbc     #$04
0007DEr 1  B0 01        	bcs     L022A
0007E0r 1  CA           	dex
0007E1r 1  20 rr rr     L022A:	jsr     _udeks_vic_bitmap_set_clip
0007E4r 1  A2 00        	ldx     #$00
0007E6r 1  8A           	txa
0007E7r 1  48           L0210:	pha
0007E8r 1  A1 rr        	lda     (sp,x)
0007EAr 1  85 rr        	sta     regbank+4
0007ECr 1  A0 01        	ldy     #$01
0007EEr 1  B1 rr        	lda     (sp),y
0007F0r 1  85 rr        	sta     regbank+5
0007F2r 1  68           	pla
0007F3r 1  4C rr rr     	jmp     incsp3
0007F6r 1               
0007F6r 1               .endproc
0007F6r 1               
0007F6r 1               ; ---------------------------------------------------------------
0007F6r 1               ; void __near__ udeks_window_end_paint (void)
0007F6r 1               ; ---------------------------------------------------------------
0007F6r 1               
0007F6r 1               .segment	"CODE"
0007F6r 1               
0007F6r 1               .proc	_udeks_window_end_paint: near
0007F6r 1               
0007F6r 1               .segment	"CODE"
0007F6r 1               
0007F6r 1  20 rr rr     	jsr     _udeks_vic_bitmap_reset_clip
0007F9r 1  4C rr rr     	jmp     _udeks_vic_bitmap_commit
0007FCr 1               
0007FCr 1               .endproc
0007FCr 1               
0007FCr 1               ; ---------------------------------------------------------------
0007FCr 1               ; unsigned char __near__ __fastcall__ udeks_window_image_complete (unsigned char)
0007FCr 1               ; ---------------------------------------------------------------
0007FCr 1               
0007FCr 1               .segment	"CODE"
0007FCr 1               
0007FCr 1               .proc	_udeks_window_image_complete: near
0007FCr 1               
0007FCr 1               .segment	"CODE"
0007FCr 1               
0007FCr 1  20 rr rr     	jsr     pusha
0007FFr 1  A5 rr        	lda     regbank+4
000801r 1  A6 rr        	ldx     regbank+5
000803r 1  20 rr rr     	jsr     pushax
000806r 1  A0 02        	ldy     #$02
000808r 1  B1 rr        	lda     (sp),y
00080Ar 1  20 rr rr     	jsr     _window_by_handle
00080Dr 1  85 rr        	sta     regbank+4
00080Fr 1  86 rr        	stx     regbank+4+1
000811r 1  E0 00        	cpx     #$00
000813r 1  D0 04        	bne     L06D6
000815r 1  C9 00        	cmp     #$00
000817r 1  F0 18        	beq     L06D8
000819r 1  AD rr rr     L06D6:	lda     _dragging_handle
00081Cr 1  D0 11        	bne     L06D2
00081Er 1  A0 07        	ldy     #$07
000820r 1  B1 rr        	lda     (regbank+4),y
000822r 1  CD rr rr     	cmp     _active_count
000825r 1  D0 08        	bne     L06D2
000827r 1  A0 00        	ldy     #$00
000829r 1  B1 rr        	lda     (regbank+4),y
00082Br 1  29 01        	and     #$01
00082Dr 1  D0 07        	bne     L0233
00082Fr 1  A2 00        L06D2:	ldx     #$00
000831r 1  A9 01        L06D8:	lda     #$01
000833r 1  4C rr rr     	jmp     L022F
000836r 1  B1 rr        L0233:	lda     (regbank+4),y
000838r 1  09 80        	ora     #$80
00083Ar 1  91 rr        	sta     (regbank+4),y
00083Cr 1  A2 00        	ldx     #$00
00083Er 1  AD rr rr     	lda     _cache_accept_state
000841r 1  C9 80        	cmp     #$80
000843r 1  D0 13        	bne     L06D7
000845r 1  AD rr rr     	lda     _cache_phase
000848r 1  D0 0E        	bne     L06D7
00084Ar 1  A0 02        	ldy     #$02
00084Cr 1  B1 rr        	lda     (sp),y
00084Er 1  20 rr rr     	jsr     pusha
000851r 1  A9 02        	lda     #$02
000853r 1  20 rr rr     	jsr     _cache_request
000856r 1  A2 00        	ldx     #$00
000858r 1  8A           L06D7:	txa
000859r 1  48           L022F:	pha
00085Ar 1  A1 rr        	lda     (sp,x)
00085Cr 1  85 rr        	sta     regbank+4
00085Er 1  A0 01        	ldy     #$01
000860r 1  B1 rr        	lda     (sp),y
000862r 1  85 rr        	sta     regbank+5
000864r 1  68           	pla
000865r 1  4C rr rr     	jmp     incsp3
000868r 1               
000868r 1               .endproc
000868r 1               
000868r 1               ; ---------------------------------------------------------------
000868r 1               ; unsigned char __near__ udeks_window_get_geometry (unsigned char, __near__ unsigned int *, __near__ unsigned char *, __near__ unsigned int *, __near__ unsigned char *)
000868r 1               ; ---------------------------------------------------------------
000868r 1               
000868r 1               .segment	"CODE"
000868r 1               
000868r 1               .proc	_udeks_window_get_geometry: near
000868r 1               
000868r 1               .segment	"CODE"
000868r 1               
000868r 1  20 rr rr     	jsr     pushax
00086Br 1  A5 rr        	lda     regbank+4
00086Dr 1  A6 rr        	ldx     regbank+5
00086Fr 1  20 rr rr     	jsr     pushax
000872r 1  A0 0A        	ldy     #$0A
000874r 1  B1 rr        	lda     (sp),y
000876r 1  20 rr rr     	jsr     _window_by_handle
000879r 1  85 rr        	sta     regbank+4
00087Br 1  86 rr        	stx     regbank+4+1
00087Dr 1  E0 00        	cpx     #$00
00087Fr 1  D0 09        	bne     L050A
000881r 1  C9 00        	cmp     #$00
000883r 1  D0 05        	bne     L050A
000885r 1  A9 01        	lda     #$01
000887r 1  4C rr rr     	jmp     L0506
00088Ar 1  A0 09        L050A:	ldy     #$09
00088Cr 1  B1 rr        	lda     (sp),y
00088Er 1  85 rr        	sta     ptr1+1
000890r 1  88           	dey
000891r 1  B1 rr        	lda     (sp),y
000893r 1  85 rr        	sta     ptr1
000895r 1  A0 0A        	ldy     #$0A
000897r 1  B1 rr        	lda     (sp),y
000899r 1  CD rr rr     	cmp     _dragging_handle
00089Cr 1  D0 09        	bne     L0510
00089Er 1  AD rr rr     	lda     _drag_x
0008A1r 1  AE rr rr     	ldx     _drag_x+1
0008A4r 1  4C rr rr     	jmp     L0512
0008A7r 1  A0 02        L0510:	ldy     #$02
0008A9r 1  B1 rr        	lda     (regbank+4),y
0008ABr 1  AA           	tax
0008ACr 1  88           	dey
0008ADr 1  B1 rr        	lda     (regbank+4),y
0008AFr 1  A0 00        L0512:	ldy     #$00
0008B1r 1  91 rr        	sta     (ptr1),y
0008B3r 1  C8           	iny
0008B4r 1  8A           	txa
0008B5r 1  91 rr        	sta     (ptr1),y
0008B7r 1  A0 07        	ldy     #$07
0008B9r 1  B1 rr        	lda     (sp),y
0008BBr 1  85 rr        	sta     ptr1+1
0008BDr 1  88           	dey
0008BEr 1  B1 rr        	lda     (sp),y
0008C0r 1  85 rr        	sta     ptr1
0008C2r 1  A0 0A        	ldy     #$0A
0008C4r 1  B1 rr        	lda     (sp),y
0008C6r 1  CD rr rr     	cmp     _dragging_handle
0008C9r 1  D0 06        	bne     L0516
0008CBr 1  AD rr rr     	lda     _drag_y
0008CEr 1  4C rr rr     	jmp     L06E0
0008D1r 1  A0 03        L0516:	ldy     #$03
0008D3r 1  B1 rr        	lda     (regbank+4),y
0008D5r 1  A0 00        L06E0:	ldy     #$00
0008D7r 1  91 rr        	sta     (ptr1),y
0008D9r 1  A0 05        	ldy     #$05
0008DBr 1  B1 rr        	lda     (sp),y
0008DDr 1  85 rr        	sta     ptr1+1
0008DFr 1  88           	dey
0008E0r 1  B1 rr        	lda     (sp),y
0008E2r 1  85 rr        	sta     ptr1
0008E4r 1  A0 0A        	ldy     #$0A
0008E6r 1  B1 rr        	lda     (sp),y
0008E8r 1  CD rr rr     	cmp     _dragging_handle
0008EBr 1  D0 09        	bne     L051C
0008EDr 1  AD rr rr     	lda     _drag_width
0008F0r 1  AE rr rr     	ldx     _drag_width+1
0008F3r 1  4C rr rr     	jmp     L051E
0008F6r 1  A0 05        L051C:	ldy     #$05
0008F8r 1  B1 rr        	lda     (regbank+4),y
0008FAr 1  AA           	tax
0008FBr 1  88           	dey
0008FCr 1  B1 rr        	lda     (regbank+4),y
0008FEr 1  A0 00        L051E:	ldy     #$00
000900r 1  91 rr        	sta     (ptr1),y
000902r 1  C8           	iny
000903r 1  8A           	txa
000904r 1  91 rr        	sta     (ptr1),y
000906r 1  A0 03        	ldy     #$03
000908r 1  B1 rr        	lda     (sp),y
00090Ar 1  85 rr        	sta     ptr1+1
00090Cr 1  88           	dey
00090Dr 1  B1 rr        	lda     (sp),y
00090Fr 1  85 rr        	sta     ptr1
000911r 1  A0 0A        	ldy     #$0A
000913r 1  B1 rr        	lda     (sp),y
000915r 1  CD rr rr     	cmp     _dragging_handle
000918r 1  D0 06        	bne     L0522
00091Ar 1  AD rr rr     	lda     _drag_height
00091Dr 1  4C rr rr     	jmp     L06E2
000920r 1  A0 06        L0522:	ldy     #$06
000922r 1  B1 rr        	lda     (regbank+4),y
000924r 1  A0 00        L06E2:	ldy     #$00
000926r 1  91 rr        	sta     (ptr1),y
000928r 1  A2 00        	ldx     #$00
00092Ar 1  8A           	txa
00092Br 1  48           L0506:	pha
00092Cr 1  A1 rr        	lda     (sp,x)
00092Er 1  85 rr        	sta     regbank+4
000930r 1  A0 01        	ldy     #$01
000932r 1  B1 rr        	lda     (sp),y
000934r 1  85 rr        	sta     regbank+5
000936r 1  68           	pla
000937r 1  A0 0B        	ldy     #$0B
000939r 1  4C rr rr     	jmp     addysp
00093Cr 1               
00093Cr 1               .endproc
00093Cr 1               
00093Cr 1               ; ---------------------------------------------------------------
00093Cr 1               ; unsigned char __near__ udeks_window_is_dragging (unsigned char)
00093Cr 1               ; ---------------------------------------------------------------
00093Cr 1               
00093Cr 1               .segment	"CODE"
00093Cr 1               
00093Cr 1               .proc	_udeks_window_is_dragging: near
00093Cr 1               
00093Cr 1               .segment	"CODE"
00093Cr 1               
00093Cr 1  20 rr rr     	jsr     pusha
00093Fr 1  A2 00        	ldx     #$00
000941r 1  A1 rr        	lda     (sp,x)
000943r 1  F0 0E        	beq     L06E8
000945r 1  CD rr rr     	cmp     _dragging_handle
000948r 1  F0 04        	beq     L06E6
00094Ar 1  8A           	txa
00094Br 1  4C rr rr     	jmp     incsp1
00094Er 1  A9 01        L06E6:	lda     #$01
000950r 1  4C rr rr     	jmp     incsp1
000953r 1  4C rr rr     L06E8:	jmp     incsp1
000956r 1               
000956r 1               .endproc
000956r 1               
000956r 1               ; ---------------------------------------------------------------
000956r 1               ; unsigned char __near__ udeks_window_is_focused (unsigned char)
000956r 1               ; ---------------------------------------------------------------
000956r 1               
000956r 1               .segment	"CODE"
000956r 1               
000956r 1               .proc	_udeks_window_is_focused: near
000956r 1               
000956r 1               .segment	"CODE"
000956r 1               
000956r 1  20 rr rr     	jsr     pusha
000959r 1  A2 00        	ldx     #$00
00095Br 1  A1 rr        	lda     (sp,x)
00095Dr 1  F0 0E        	beq     L06EE
00095Fr 1  CD rr rr     	cmp     _focused_handle
000962r 1  F0 04        	beq     L06EC
000964r 1  8A           	txa
000965r 1  4C rr rr     	jmp     incsp1
000968r 1  A9 01        L06EC:	lda     #$01
00096Ar 1  4C rr rr     	jmp     incsp1
00096Dr 1  4C rr rr     L06EE:	jmp     incsp1
000970r 1               
000970r 1               .endproc
000970r 1               
000970r 1               ; ---------------------------------------------------------------
000970r 1               ; void __near__ increment_counter (unsigned char)
000970r 1               ; ---------------------------------------------------------------
000970r 1               
000970r 1               .segment	"CODE"
000970r 1               
000970r 1               .proc	_increment_counter: near
000970r 1               
000970r 1               .segment	"CODE"
000970r 1               
000970r 1  20 rr rr     	jsr     pusha
000973r 1  A0 00        	ldy     #$00
000975r 1  B1 rr        	lda     (sp),y
000977r 1  18           	clc
000978r 1  69 40        	adc     #$40
00097Ar 1  85 rr        	sta     ptr1
00097Cr 1  98           	tya
00097Dr 1  69 F2        	adc     #$F2
00097Fr 1  85 rr        	sta     ptr1+1
000981r 1  A9 01        	lda     #$01
000983r 1  18           	clc
000984r 1  71 rr        	adc     (ptr1),y
000986r 1  91 rr        	sta     (ptr1),y
000988r 1  B1 rr        	lda     (sp),y
00098Ar 1  18           	clc
00098Br 1  69 40        	adc     #$40
00098Dr 1  85 rr        	sta     ptr1
00098Fr 1  98           	tya
000990r 1  69 F2        	adc     #$F2
000992r 1  85 rr        	sta     ptr1+1
000994r 1  B1 rr        	lda     (ptr1),y
000996r 1  D0 1A        	bne     L008D
000998r 1  AA           	tax
000999r 1  B1 rr        	lda     (sp),y
00099Br 1  18           	clc
00099Cr 1  69 01        	adc     #$01
00099Er 1  90 02        	bcc     L06EF
0009A0r 1  E8           	inx
0009A1r 1  18           	clc
0009A2r 1  69 40        L06EF:	adc     #$40
0009A4r 1  85 rr        	sta     ptr1
0009A6r 1  8A           	txa
0009A7r 1  69 F2        	adc     #$F2
0009A9r 1  85 rr        	sta     ptr1+1
0009ABr 1  A9 01        	lda     #$01
0009ADr 1  18           	clc
0009AEr 1  71 rr        	adc     (ptr1),y
0009B0r 1  91 rr        	sta     (ptr1),y
0009B2r 1  4C rr rr     L008D:	jmp     incsp1
0009B5r 1               
0009B5r 1               .endproc
0009B5r 1               
0009B5r 1               ; ---------------------------------------------------------------
0009B5r 1               ; __near__ struct udeks_window * __near__ window_by_handle (unsigned char)
0009B5r 1               ; ---------------------------------------------------------------
0009B5r 1               
0009B5r 1               .segment	"CODE"
0009B5r 1               
0009B5r 1               .proc	_window_by_handle: near
0009B5r 1               
0009B5r 1               .segment	"CODE"
0009B5r 1               
0009B5r 1  20 rr rr     	jsr     pusha
0009B8r 1  A0 00        	ldy     #$00
0009BAr 1  B1 rr        	lda     (sp),y
0009BCr 1  F0 26        	beq     L06F0
0009BEr 1  C9 05        	cmp     #$05
0009C0r 1  B0 22        	bcs     L06F0
0009C2r 1  A2 00        	ldx     #$00
0009C4r 1  B1 rr        	lda     (sp),y
0009C6r 1  38           	sec
0009C7r 1  E9 01        	sbc     #$01
0009C9r 1  B0 01        	bcs     L009B
0009CBr 1  CA           	dex
0009CCr 1  20 rr rr     L009B:	jsr     pushax
0009CFr 1  A9 0E        	lda     #$0E
0009D1r 1  20 rr rr     	jsr     tosmula0
0009D4r 1  18           	clc
0009D5r 1  69 rr        	adc     #<(_windows)
0009D7r 1  85 rr        	sta     ptr1
0009D9r 1  8A           	txa
0009DAr 1  69 rr        	adc     #>(_windows)
0009DCr 1  85 rr        	sta     ptr1+1
0009DEr 1  A0 07        	ldy     #$07
0009E0r 1  B1 rr        	lda     (ptr1),y
0009E2r 1  D0 06        	bne     L0098
0009E4r 1  A2 00        L06F0:	ldx     #$00
0009E6r 1  8A           	txa
0009E7r 1  4C rr rr     	jmp     incsp1
0009EAr 1  A2 00        L0098:	ldx     #$00
0009ECr 1  A1 rr        	lda     (sp,x)
0009EEr 1  38           	sec
0009EFr 1  E9 01        	sbc     #$01
0009F1r 1  B0 01        	bcs     L00A0
0009F3r 1  CA           	dex
0009F4r 1  20 rr rr     L00A0:	jsr     pushax
0009F7r 1  A9 0E        	lda     #$0E
0009F9r 1  20 rr rr     	jsr     tosmula0
0009FCr 1  18           	clc
0009FDr 1  69 rr        	adc     #<(_windows)
0009FFr 1  A8           	tay
000A00r 1  8A           	txa
000A01r 1  69 rr        	adc     #>(_windows)
000A03r 1  AA           	tax
000A04r 1  98           	tya
000A05r 1  4C rr rr     	jmp     incsp1
000A08r 1               
000A08r 1               .endproc
000A08r 1               
000A08r 1               ; ---------------------------------------------------------------
000A08r 1               ; void __near__ publish_state (void)
000A08r 1               ; ---------------------------------------------------------------
000A08r 1               
000A08r 1               .segment	"CODE"
000A08r 1               
000A08r 1               .proc	_publish_state: near
000A08r 1               
000A08r 1               .segment	"CODE"
000A08r 1               
000A08r 1  A5 rr        	lda     regbank+4
000A0Ar 1  A6 rr        	ldx     regbank+5
000A0Cr 1  20 rr rr     	jsr     pushax
000A0Fr 1  AD rr rr     	lda     _active_count
000A12r 1  8D 46 F2     	sta     $F246
000A15r 1  AD rr rr     	lda     _focused_handle
000A18r 1  8D 47 F2     	sta     $F247
000A1Br 1  AD rr rr     	lda     _dragging_handle
000A1Er 1  8D 48 F2     	sta     $F248
000A21r 1  A9 04        	lda     #$04
000A23r 1  8D 4E F2     	sta     $F24E
000A26r 1  A9 3F        	lda     #$3F
000A28r 1  8D 4F F2     	sta     $F24F
000A2Br 1  AD rr rr     	lda     _dragging_handle
000A2Er 1  D0 0C        	bne     L00BB
000A30r 1  8D 49 F2     	sta     $F249
000A33r 1  8D 4A F2     	sta     $F24A
000A36r 1  8D 4B F2     	sta     $F24B
000A39r 1  4C rr rr     	jmp     L06F4
000A3Cr 1  AD rr rr     L00BB:	lda     _dragging_handle
000A3Fr 1  20 rr rr     	jsr     _window_by_handle
000A42r 1  85 rr        	sta     regbank+4
000A44r 1  86 rr        	stx     regbank+4+1
000A46r 1  E0 00        	cpx     #$00
000A48r 1  D0 04        	bne     L06F2
000A4Ar 1  C9 00        	cmp     #$00
000A4Cr 1  F0 1E        	beq     L00A1
000A4Er 1  AD rr rr     L06F2:	lda     _drag_x
000A51r 1  8D 49 F2     	sta     $F249
000A54r 1  AD rr rr     	lda     _drag_x+1
000A57r 1  8D 4A F2     	sta     $F24A
000A5Ar 1  AD rr rr     	lda     _drag_y
000A5Dr 1  8D 4B F2     	sta     $F24B
000A60r 1  AD rr rr     	lda     _drag_width
000A63r 1  8D 4C F2     L06F4:	sta     $F24C
000A66r 1  AD rr rr     	lda     _previous_buttons
000A69r 1  8D 4D F2     	sta     $F24D
000A6Cr 1  A0 00        L00A1:	ldy     #$00
000A6Er 1  B1 rr        	lda     (sp),y
000A70r 1  85 rr        	sta     regbank+4
000A72r 1  C8           	iny
000A73r 1  B1 rr        	lda     (sp),y
000A75r 1  85 rr        	sta     regbank+5
000A77r 1  4C rr rr     	jmp     incsp2
000A7Ar 1               
000A7Ar 1               .endproc
000A7Ar 1               
000A7Ar 1               ; ---------------------------------------------------------------
000A7Ar 1               ; unsigned char __near__ point_inside (unsigned int, unsigned char, register __near__ const struct udeks_window *)
000A7Ar 1               ; ---------------------------------------------------------------
000A7Ar 1               
000A7Ar 1               .segment	"CODE"
000A7Ar 1               
000A7Ar 1               .proc	_point_inside: near
000A7Ar 1               
000A7Ar 1               .segment	"CODE"
000A7Ar 1               
000A7Ar 1  20 rr rr     	jsr     pushax
000A7Dr 1  A0 00        	ldy     #$00
000A7Fr 1  A2 04        	ldx     #$04
000A81r 1  20 rr rr     	jsr     regswap2
000A84r 1  A0 06        	ldy     #$06
000A86r 1  20 rr rr     	jsr     pushwysp
000A89r 1  A0 02        	ldy     #$02
000A8Br 1  B1 rr        	lda     (regbank+4),y
000A8Dr 1  AA           	tax
000A8Er 1  88           	dey
000A8Fr 1  B1 rr        	lda     (regbank+4),y
000A91r 1  20 rr rr     	jsr     tosicmp
000A94r 1  90 49        	bcc     L00F8
000A96r 1  A0 06        	ldy     #$06
000A98r 1  20 rr rr     	jsr     pushwysp
000A9Br 1  A0 02        	ldy     #$02
000A9Dr 1  B1 rr        	lda     (regbank+4),y
000A9Fr 1  AA           	tax
000AA0r 1  88           	dey
000AA1r 1  B1 rr        	lda     (regbank+4),y
000AA3r 1  20 rr rr     	jsr     pushax
000AA6r 1  A0 05        	ldy     #$05
000AA8r 1  B1 rr        	lda     (regbank+4),y
000AAAr 1  AA           	tax
000AABr 1  88           	dey
000AACr 1  B1 rr        	lda     (regbank+4),y
000AAEr 1  20 rr rr     	jsr     tosaddax
000AB1r 1  20 rr rr     	jsr     tosicmp
000AB4r 1  B0 29        	bcs     L00F8
000AB6r 1  A0 02        	ldy     #$02
000AB8r 1  B1 rr        	lda     (sp),y
000ABAr 1  20 rr rr     	jsr     pusha0
000ABDr 1  A0 03        	ldy     #$03
000ABFr 1  B1 rr        	lda     (regbank+4),y
000AC1r 1  20 rr rr     	jsr     tosicmp0
000AC4r 1  90 19        	bcc     L00F8
000AC6r 1  A0 02        	ldy     #$02
000AC8r 1  B1 rr        	lda     (sp),y
000ACAr 1  20 rr rr     	jsr     pusha0
000ACDr 1  A0 03        	ldy     #$03
000ACFr 1  B1 rr        	lda     (regbank+4),y
000AD1r 1  85 rr        	sta     ptr1
000AD3r 1  A0 06        	ldy     #$06
000AD5r 1  B1 rr        	lda     (regbank+4),y
000AD7r 1  18           	clc
000AD8r 1  65 rr        	adc     ptr1
000ADAr 1  20 rr rr     	jsr     tosicmp0
000ADDr 1  90 06        	bcc     L00F7
000ADFr 1  A2 00        L00F8:	ldx     #$00
000AE1r 1  8A           	txa
000AE2r 1  4C rr rr     	jmp     L06F6
000AE5r 1  A9 01        L00F7:	lda     #$01
000AE7r 1  A2 00        	ldx     #$00
000AE9r 1  48           L06F6:	pha
000AEAr 1  A1 rr        	lda     (sp,x)
000AECr 1  85 rr        	sta     regbank+4
000AEEr 1  A0 01        	ldy     #$01
000AF0r 1  B1 rr        	lda     (sp),y
000AF2r 1  85 rr        	sta     regbank+5
000AF4r 1  68           	pla
000AF5r 1  4C rr rr     	jmp     incsp5
000AF8r 1               
000AF8r 1               .endproc
000AF8r 1               
000AF8r 1               ; ---------------------------------------------------------------
000AF8r 1               ; void __near__ damage_set (register __near__ const struct udeks_window *)
000AF8r 1               ; ---------------------------------------------------------------
000AF8r 1               
000AF8r 1               .segment	"CODE"
000AF8r 1               
000AF8r 1               .proc	_damage_set: near
000AF8r 1               
000AF8r 1               .segment	"CODE"
000AF8r 1               
000AF8r 1  20 rr rr     	jsr     pushax
000AFBr 1  A0 00        	ldy     #$00
000AFDr 1  A2 04        	ldx     #$04
000AFFr 1  20 rr rr     	jsr     regswap2
000B02r 1  A0 02        	ldy     #$02
000B04r 1  B1 rr        	lda     (regbank+4),y
000B06r 1  8D rr rr     	sta     _damage_left+1
000B09r 1  88           	dey
000B0Ar 1  B1 rr        	lda     (regbank+4),y
000B0Cr 1  8D rr rr     	sta     _damage_left
000B0Fr 1  A0 03        	ldy     #$03
000B11r 1  B1 rr        	lda     (regbank+4),y
000B13r 1  8D rr rr     	sta     _damage_top
000B16r 1  88           	dey
000B17r 1  B1 rr        	lda     (regbank+4),y
000B19r 1  AA           	tax
000B1Ar 1  88           	dey
000B1Br 1  B1 rr        	lda     (regbank+4),y
000B1Dr 1  20 rr rr     	jsr     pushax
000B20r 1  A0 05        	ldy     #$05
000B22r 1  B1 rr        	lda     (regbank+4),y
000B24r 1  AA           	tax
000B25r 1  88           	dey
000B26r 1  B1 rr        	lda     (regbank+4),y
000B28r 1  20 rr rr     	jsr     tosaddax
000B2Br 1  8D rr rr     	sta     _damage_right
000B2Er 1  8E rr rr     	stx     _damage_right+1
000B31r 1  A0 03        	ldy     #$03
000B33r 1  B1 rr        	lda     (regbank+4),y
000B35r 1  85 rr        	sta     ptr1
000B37r 1  A0 06        	ldy     #$06
000B39r 1  B1 rr        	lda     (regbank+4),y
000B3Br 1  18           	clc
000B3Cr 1  65 rr        	adc     ptr1
000B3Er 1  8D rr rr     	sta     _damage_bottom
000B41r 1  A0 00        	ldy     #$00
000B43r 1  B1 rr        	lda     (sp),y
000B45r 1  85 rr        	sta     regbank+4
000B47r 1  C8           	iny
000B48r 1  B1 rr        	lda     (sp),y
000B4Ar 1  85 rr        	sta     regbank+5
000B4Cr 1  4C rr rr     	jmp     incsp2
000B4Fr 1               
000B4Fr 1               .endproc
000B4Fr 1               
000B4Fr 1               ; ---------------------------------------------------------------
000B4Fr 1               ; void __near__ damage_add (register __near__ const struct udeks_window *)
000B4Fr 1               ; ---------------------------------------------------------------
000B4Fr 1               
000B4Fr 1               .segment	"CODE"
000B4Fr 1               
000B4Fr 1               .proc	_damage_add: near
000B4Fr 1               
000B4Fr 1               .segment	"CODE"
000B4Fr 1               
000B4Fr 1  20 rr rr     	jsr     pushax
000B52r 1  A0 00        	ldy     #$00
000B54r 1  A2 04        	ldx     #$04
000B56r 1  20 rr rr     	jsr     regswap2
000B59r 1  20 rr rr     	jsr     decsp3
000B5Cr 1  A0 02        	ldy     #$02
000B5Er 1  B1 rr        	lda     (regbank+4),y
000B60r 1  AA           	tax
000B61r 1  88           	dey
000B62r 1  B1 rr        	lda     (regbank+4),y
000B64r 1  20 rr rr     	jsr     pushax
000B67r 1  A0 05        	ldy     #$05
000B69r 1  B1 rr        	lda     (regbank+4),y
000B6Br 1  AA           	tax
000B6Cr 1  88           	dey
000B6Dr 1  B1 rr        	lda     (regbank+4),y
000B6Fr 1  20 rr rr     	jsr     tosaddax
000B72r 1  A0 01        	ldy     #$01
000B74r 1  20 rr rr     	jsr     staxysp
000B77r 1  A0 03        	ldy     #$03
000B79r 1  B1 rr        	lda     (regbank+4),y
000B7Br 1  85 rr        	sta     ptr1
000B7Dr 1  A0 06        	ldy     #$06
000B7Fr 1  B1 rr        	lda     (regbank+4),y
000B81r 1  18           	clc
000B82r 1  65 rr        	adc     ptr1
000B84r 1  A0 00        	ldy     #$00
000B86r 1  91 rr        	sta     (sp),y
000B88r 1  A0 02        	ldy     #$02
000B8Ar 1  B1 rr        	lda     (regbank+4),y
000B8Cr 1  AA           	tax
000B8Dr 1  88           	dey
000B8Er 1  B1 rr        	lda     (regbank+4),y
000B90r 1  CD rr rr     	cmp     _damage_left
000B93r 1  8A           	txa
000B94r 1  ED rr rr     	sbc     _damage_left+1
000B97r 1  B0 0C        	bcs     L010B
000B99r 1  C8           	iny
000B9Ar 1  B1 rr        	lda     (regbank+4),y
000B9Cr 1  8D rr rr     	sta     _damage_left+1
000B9Fr 1  88           	dey
000BA0r 1  B1 rr        	lda     (regbank+4),y
000BA2r 1  8D rr rr     	sta     _damage_left
000BA5r 1  A0 03        L010B:	ldy     #$03
000BA7r 1  B1 rr        	lda     (regbank+4),y
000BA9r 1  CD rr rr     	cmp     _damage_top
000BACr 1  B0 03        	bcs     L010F
000BAEr 1  8D rr rr     	sta     _damage_top
000BB1r 1  88           L010F:	dey
000BB2r 1  B1 rr        	lda     (sp),y
000BB4r 1  AA           	tax
000BB5r 1  88           	dey
000BB6r 1  B1 rr        	lda     (sp),y
000BB8r 1  38           	sec
000BB9r 1  ED rr rr     	sbc     _damage_right
000BBCr 1  85 rr        	sta     tmp1
000BBEr 1  8A           	txa
000BBFr 1  ED rr rr     	sbc     _damage_right+1
000BC2r 1  05 rr        	ora     tmp1
000BC4r 1  90 0E        	bcc     L0113
000BC6r 1  F0 0C        	beq     L0113
000BC8r 1  C8           	iny
000BC9r 1  B1 rr        	lda     (sp),y
000BCBr 1  8D rr rr     	sta     _damage_right+1
000BCEr 1  88           	dey
000BCFr 1  B1 rr        	lda     (sp),y
000BD1r 1  8D rr rr     	sta     _damage_right
000BD4r 1  88           L0113:	dey
000BD5r 1  B1 rr        	lda     (sp),y
000BD7r 1  38           	sec
000BD8r 1  ED rr rr     	sbc     _damage_bottom
000BDBr 1  90 07        	bcc     L0117
000BDDr 1  F0 05        	beq     L0117
000BDFr 1  B1 rr        	lda     (sp),y
000BE1r 1  8D rr rr     	sta     _damage_bottom
000BE4r 1  A0 03        L0117:	ldy     #$03
000BE6r 1  B1 rr        	lda     (sp),y
000BE8r 1  85 rr        	sta     regbank+4
000BEAr 1  C8           	iny
000BEBr 1  B1 rr        	lda     (sp),y
000BEDr 1  85 rr        	sta     regbank+5
000BEFr 1  4C rr rr     	jmp     incsp5
000BF2r 1               
000BF2r 1               .endproc
000BF2r 1               
000BF2r 1               ; ---------------------------------------------------------------
000BF2r 1               ; unsigned char __near__ set_damage_intersection (unsigned int, unsigned char, unsigned int, unsigned char)
000BF2r 1               ; ---------------------------------------------------------------
000BF2r 1               
000BF2r 1               .segment	"CODE"
000BF2r 1               
000BF2r 1               .proc	_set_damage_intersection: near
000BF2r 1               
000BF2r 1               .segment	"CODE"
000BF2r 1               
000BF2r 1  20 rr rr     	jsr     pusha
000BF5r 1  20 rr rr     	jsr     decsp6
000BF8r 1  A0 0B        	ldy     #$0B
000BFAr 1  B1 rr        	lda     (sp),y
000BFCr 1  AA           	tax
000BFDr 1  88           	dey
000BFEr 1  B1 rr        	lda     (sp),y
000C00r 1  38           	sec
000C01r 1  ED rr rr     	sbc     _damage_left
000C04r 1  85 rr        	sta     tmp1
000C06r 1  8A           	txa
000C07r 1  ED rr rr     	sbc     _damage_left+1
000C0Ar 1  05 rr        	ora     tmp1
000C0Cr 1  90 0C        	bcc     L011E
000C0Er 1  F0 0A        	beq     L011E
000C10r 1  C8           	iny
000C11r 1  B1 rr        	lda     (sp),y
000C13r 1  AA           	tax
000C14r 1  88           	dey
000C15r 1  B1 rr        	lda     (sp),y
000C17r 1  4C rr rr     	jmp     L0120
000C1Ar 1  AD rr rr     L011E:	lda     _damage_left
000C1Dr 1  AE rr rr     	ldx     _damage_left+1
000C20r 1  A0 04        L0120:	ldy     #$04
000C22r 1  20 rr rr     	jsr     staxysp
000C25r 1  A0 09        	ldy     #$09
000C27r 1  B1 rr        	lda     (sp),y
000C29r 1  38           	sec
000C2Ar 1  ED rr rr     	sbc     _damage_top
000C2Dr 1  90 07        	bcc     L06FB
000C2Fr 1  F0 05        	beq     L06FB
000C31r 1  B1 rr        	lda     (sp),y
000C33r 1  4C rr rr     	jmp     L06FD
000C36r 1  AD rr rr     L06FB:	lda     _damage_top
000C39r 1  A0 03        L06FD:	ldy     #$03
000C3Br 1  91 rr        	sta     (sp),y
000C3Dr 1  A0 0A        	ldy     #$0A
000C3Fr 1  B1 rr        	lda     (sp),y
000C41r 1  A0 07        	ldy     #$07
000C43r 1  18           	clc
000C44r 1  71 rr        	adc     (sp),y
000C46r 1  48           	pha
000C47r 1  A0 0B        	ldy     #$0B
000C49r 1  B1 rr        	lda     (sp),y
000C4Br 1  A0 08        	ldy     #$08
000C4Dr 1  71 rr        	adc     (sp),y
000C4Fr 1  AA           	tax
000C50r 1  68           	pla
000C51r 1  A0 01        	ldy     #$01
000C53r 1  20 rr rr     	jsr     staxysp
000C56r 1  38           	sec
000C57r 1  ED rr rr     	sbc     _damage_right
000C5Ar 1  85 rr        	sta     tmp1
000C5Cr 1  8A           	txa
000C5Dr 1  ED rr rr     	sbc     _damage_right+1
000C60r 1  05 rr        	ora     tmp1
000C62r 1  90 0D        	bcc     L012A
000C64r 1  F0 0B        	beq     L012A
000C66r 1  AD rr rr     	lda     _damage_right
000C69r 1  AE rr rr     	ldx     _damage_right+1
000C6Cr 1  A0 01        	ldy     #$01
000C6Er 1  20 rr rr     	jsr     staxysp
000C71r 1  A0 06        L012A:	ldy     #$06
000C73r 1  B1 rr        	lda     (sp),y
000C75r 1  18           	clc
000C76r 1  A0 09        	ldy     #$09
000C78r 1  71 rr        	adc     (sp),y
000C7Ar 1  A0 00        	ldy     #$00
000C7Cr 1  91 rr        	sta     (sp),y
000C7Er 1  38           	sec
000C7Fr 1  ED rr rr     	sbc     _damage_bottom
000C82r 1  90 07        	bcc     L0131
000C84r 1  F0 05        	beq     L0131
000C86r 1  AD rr rr     	lda     _damage_bottom
000C89r 1  91 rr        	sta     (sp),y
000C8Br 1  A0 05        L0131:	ldy     #$05
000C8Dr 1  B1 rr        	lda     (sp),y
000C8Fr 1  AA           	tax
000C90r 1  88           	dey
000C91r 1  B1 rr        	lda     (sp),y
000C93r 1  A0 01        	ldy     #$01
000C95r 1  D1 rr        	cmp     (sp),y
000C97r 1  8A           	txa
000C98r 1  C8           	iny
000C99r 1  F1 rr        	sbc     (sp),y
000C9Br 1  B0 09        	bcs     L06FE
000C9Dr 1  C8           	iny
000C9Er 1  B1 rr        	lda     (sp),y
000CA0r 1  A0 00        	ldy     #$00
000CA2r 1  D1 rr        	cmp     (sp),y
000CA4r 1  90 06        	bcc     L0135
000CA6r 1  A2 00        L06FE:	ldx     #$00
000CA8r 1  8A           	txa
000CA9r 1  4C rr rr     	jmp     L011B
000CACr 1  20 rr rr     L0135:	jsr     decsp6
000CAFr 1  A0 0B        	ldy     #$0B
000CB1r 1  B1 rr        	lda     (sp),y
000CB3r 1  AA           	tax
000CB4r 1  88           	dey
000CB5r 1  B1 rr        	lda     (sp),y
000CB7r 1  A0 04        	ldy     #$04
000CB9r 1  91 rr        	sta     (sp),y
000CBBr 1  C8           	iny
000CBCr 1  8A           	txa
000CBDr 1  91 rr        	sta     (sp),y
000CBFr 1  A0 09        	ldy     #$09
000CC1r 1  B1 rr        	lda     (sp),y
000CC3r 1  A0 02        	ldy     #$02
000CC5r 1  91 rr        	sta     (sp),y
000CC7r 1  C8           	iny
000CC8r 1  A9 00        	lda     #$00
000CCAr 1  91 rr        	sta     (sp),y
000CCCr 1  A0 08        	ldy     #$08
000CCEr 1  B1 rr        	lda     (sp),y
000CD0r 1  AA           	tax
000CD1r 1  88           	dey
000CD2r 1  B1 rr        	lda     (sp),y
000CD4r 1  38           	sec
000CD5r 1  A0 0A        	ldy     #$0A
000CD7r 1  F1 rr        	sbc     (sp),y
000CD9r 1  48           	pha
000CDAr 1  8A           	txa
000CDBr 1  C8           	iny
000CDCr 1  F1 rr        	sbc     (sp),y
000CDEr 1  AA           	tax
000CDFr 1  68           	pla
000CE0r 1  A0 00        	ldy     #$00
000CE2r 1  91 rr        	sta     (sp),y
000CE4r 1  C8           	iny
000CE5r 1  8A           	txa
000CE6r 1  91 rr        	sta     (sp),y
000CE8r 1  A0 06        	ldy     #$06
000CEAr 1  B1 rr        	lda     (sp),y
000CECr 1  38           	sec
000CEDr 1  A0 09        	ldy     #$09
000CEFr 1  F1 rr        	sbc     (sp),y
000CF1r 1  A2 00        	ldx     #$00
000CF3r 1  20 rr rr     	jsr     _udeks_vic_bitmap_set_clip
000CF6r 1  A0 03        	ldy     #$03
000CF8r 1  B1 rr        	lda     (sp),y
000CFAr 1  38           	sec
000CFBr 1  A0 09        	ldy     #$09
000CFDr 1  F1 rr        	sbc     (sp),y
000CFFr 1  8D 8A F7     	sta     $F78A
000D02r 1  A0 00        	ldy     #$00
000D04r 1  B1 rr        	lda     (sp),y
000D06r 1  38           	sec
000D07r 1  A0 09        	ldy     #$09
000D09r 1  F1 rr        	sbc     (sp),y
000D0Br 1  8D 8B F7     	sta     $F78B
000D0Er 1  A0 02        	ldy     #$02
000D10r 1  B1 rr        	lda     (sp),y
000D12r 1  AA           	tax
000D13r 1  88           	dey
000D14r 1  B1 rr        	lda     (sp),y
000D16r 1  38           	sec
000D17r 1  A0 0A        	ldy     #$0A
000D19r 1  F1 rr        	sbc     (sp),y
000D1Br 1  8D 8C F7     	sta     $F78C
000D1Er 1  8A           	txa
000D1Fr 1  C8           	iny
000D20r 1  F1 rr        	sbc     (sp),y
000D22r 1  8D 8D F7     	sta     $F78C+1
000D25r 1  A2 00        	ldx     #$00
000D27r 1  A9 01        	lda     #$01
000D29r 1  A0 0C        L011B:	ldy     #$0C
000D2Br 1  4C rr rr     	jmp     addysp
000D2Er 1               
000D2Er 1               .endproc
000D2Er 1               
000D2Er 1               ; ---------------------------------------------------------------
000D2Er 1               ; void __near__ chrome_pixel (unsigned int)
000D2Er 1               ; ---------------------------------------------------------------
000D2Er 1               
000D2Er 1               .segment	"CODE"
000D2Er 1               
000D2Er 1               .proc	_chrome_pixel: near
000D2Er 1               
000D2Er 1               .segment	"CODE"
000D2Er 1               
000D2Er 1  20 rr rr     	jsr     pushax
000D31r 1  20 rr rr     	jsr     decsp4
000D34r 1  A0 05        	ldy     #$05
000D36r 1  B1 rr        	lda     (sp),y
000D38r 1  AA           	tax
000D39r 1  88           	dey
000D3Ar 1  B1 rr        	lda     (sp),y
000D3Cr 1  A0 02        	ldy     #$02
000D3Er 1  91 rr        	sta     (sp),y
000D40r 1  C8           	iny
000D41r 1  8A           	txa
000D42r 1  91 rr        	sta     (sp),y
000D44r 1  AD rr rr     	lda     _chrome_y
000D47r 1  A0 00        	ldy     #$00
000D49r 1  91 rr        	sta     (sp),y
000D4Br 1  C8           	iny
000D4Cr 1  A9 00        	lda     #$00
000D4Er 1  91 rr        	sta     (sp),y
000D50r 1  20 rr rr     	jsr     _udeks_vic_bitmap_pixel
000D53r 1  4C rr rr     	jmp     incsp2
000D56r 1               
000D56r 1               .endproc
000D56r 1               
000D56r 1               ; ---------------------------------------------------------------
000D56r 1               ; void __near__ chrome_span (unsigned int, unsigned int)
000D56r 1               ; ---------------------------------------------------------------
000D56r 1               
000D56r 1               .segment	"CODE"
000D56r 1               
000D56r 1               .proc	_chrome_span: near
000D56r 1               
000D56r 1               .segment	"CODE"
000D56r 1               
000D56r 1  20 rr rr     	jsr     pushax
000D59r 1  20 rr rr     	jsr     decsp8
000D5Cr 1  A0 0B        	ldy     #$0B
000D5Er 1  B1 rr        	lda     (sp),y
000D60r 1  AA           	tax
000D61r 1  88           	dey
000D62r 1  B1 rr        	lda     (sp),y
000D64r 1  A0 06        	ldy     #$06
000D66r 1  91 rr        	sta     (sp),y
000D68r 1  C8           	iny
000D69r 1  8A           	txa
000D6Ar 1  91 rr        	sta     (sp),y
000D6Cr 1  AD rr rr     	lda     _chrome_y
000D6Fr 1  A0 04        	ldy     #$04
000D71r 1  91 rr        	sta     (sp),y
000D73r 1  C8           	iny
000D74r 1  A9 00        	lda     #$00
000D76r 1  91 rr        	sta     (sp),y
000D78r 1  A0 09        	ldy     #$09
000D7Ar 1  B1 rr        	lda     (sp),y
000D7Cr 1  AA           	tax
000D7Dr 1  88           	dey
000D7Er 1  B1 rr        	lda     (sp),y
000D80r 1  A0 02        	ldy     #$02
000D82r 1  91 rr        	sta     (sp),y
000D84r 1  C8           	iny
000D85r 1  8A           	txa
000D86r 1  91 rr        	sta     (sp),y
000D88r 1  A9 01        	lda     #$01
000D8Ar 1  A0 00        	ldy     #$00
000D8Cr 1  91 rr        	sta     (sp),y
000D8Er 1  C8           	iny
000D8Fr 1  A9 00        	lda     #$00
000D91r 1  91 rr        	sta     (sp),y
000D93r 1  AD rr rr     	lda     _chrome_color
000D96r 1  20 rr rr     	jsr     _udeks_vic_bitmap_fill
000D99r 1  4C rr rr     	jmp     incsp4
000D9Cr 1               
000D9Cr 1               .endproc
000D9Cr 1               
000D9Cr 1               ; ---------------------------------------------------------------
000D9Cr 1               ; void __near__ draw_chrome_row (register __near__ const struct udeks_window *, unsigned char)
000D9Cr 1               ; ---------------------------------------------------------------
000D9Cr 1               
000D9Cr 1               .segment	"CODE"
000D9Cr 1               
000D9Cr 1               .proc	_draw_chrome_row: near
000D9Cr 1               
000D9Cr 1               .segment	"CODE"
000D9Cr 1               
000D9Cr 1  20 rr rr     	jsr     pusha
000D9Fr 1  A0 01        	ldy     #$01
000DA1r 1  A2 04        	ldx     #$04
000DA3r 1  20 rr rr     	jsr     regswap2
000DA6r 1  20 rr rr     	jsr     decsp2
000DA9r 1  A0 02        	ldy     #$02
000DABr 1  B1 rr        	lda     (regbank+4),y
000DADr 1  8D rr rr     	sta     _chrome_x+1
000DB0r 1  88           	dey
000DB1r 1  B1 rr        	lda     (regbank+4),y
000DB3r 1  8D rr rr     	sta     _chrome_x
000DB6r 1  A0 03        	ldy     #$03
000DB8r 1  B1 rr        	lda     (regbank+4),y
000DBAr 1  85 rr        	sta     ptr1
000DBCr 1  88           	dey
000DBDr 1  B1 rr        	lda     (sp),y
000DBFr 1  18           	clc
000DC0r 1  65 rr        	adc     ptr1
000DC2r 1  8D rr rr     	sta     _chrome_y
000DC5r 1  A0 05        	ldy     #$05
000DC7r 1  B1 rr        	lda     (regbank+4),y
000DC9r 1  8D rr rr     	sta     _chrome_width+1
000DCCr 1  88           	dey
000DCDr 1  B1 rr        	lda     (regbank+4),y
000DCFr 1  8D rr rr     	sta     _chrome_width
000DD2r 1  AD rr rr     	lda     _chrome_x
000DD5r 1  18           	clc
000DD6r 1  6D rr rr     	adc     _chrome_width
000DD9r 1  48           	pha
000DDAr 1  AD rr rr     	lda     _chrome_x+1
000DDDr 1  6D rr rr     	adc     _chrome_width+1
000DE0r 1  AA           	tax
000DE1r 1  68           	pla
000DE2r 1  38           	sec
000DE3r 1  E9 01        	sbc     #$01
000DE5r 1  B0 01        	bcs     L015F
000DE7r 1  CA           	dex
000DE8r 1  8D rr rr     L015F:	sta     _chrome_right
000DEBr 1  8E rr rr     	stx     _chrome_right+1
000DEEr 1  A0 02        	ldy     #$02
000DF0r 1  B1 rr        	lda     (sp),y
000DF2r 1  F0 21        	beq     L0709
000DF4r 1  A2 00        	ldx     #$00
000DF6r 1  B1 rr        	lda     (sp),y
000DF8r 1  85 rr        	sta     ptr1
000DFAr 1  86 rr        	stx     ptr1+1
000DFCr 1  A0 06        	ldy     #$06
000DFEr 1  B1 rr        	lda     (regbank+4),y
000E00r 1  38           	sec
000E01r 1  E9 01        	sbc     #$01
000E03r 1  B0 01        	bcs     L0162
000E05r 1  CA           	dex
000E06r 1  E4 rr        L0162:	cpx     ptr1+1
000E08r 1  D0 09        	bne     L0708
000E0Ar 1  C5 rr        	cmp     ptr1
000E0Cr 1  D0 05        	bne     L0708
000E0Er 1  A9 00        	lda     #$00
000E10r 1  4C rr rr     	jmp     L0709
000E13r 1  A9 07        L0708:	lda     #$07
000E15r 1  8D rr rr     L0709:	sta     _chrome_color
000E18r 1  AD rr rr     	lda     _chrome_x
000E1Br 1  AE rr rr     	ldx     _chrome_x+1
000E1Er 1  20 rr rr     	jsr     pushax
000E21r 1  AD rr rr     	lda     _chrome_width
000E24r 1  AE rr rr     	ldx     _chrome_width+1
000E27r 1  20 rr rr     	jsr     _chrome_span
000E2Ar 1  AD rr rr     	lda     _chrome_color
000E2Dr 1  F0 14        	beq     L070B
000E2Fr 1  AD rr rr     	lda     _chrome_x
000E32r 1  AE rr rr     	ldx     _chrome_x+1
000E35r 1  20 rr rr     	jsr     _chrome_pixel
000E38r 1  AD rr rr     	lda     _chrome_right
000E3Br 1  AE rr rr     	ldx     _chrome_right+1
000E3Er 1  20 rr rr     	jsr     _chrome_pixel
000E41r 1  A9 00        	lda     #$00
000E43r 1  8D rr rr     L070B:	sta     _chrome_color
000E46r 1  A0 02        	ldy     #$02
000E48r 1  B1 rr        	lda     (sp),y
000E4Ar 1  C9 02        	cmp     #$02
000E4Cr 1  B0 03 4C rr  	jcc     L0181
000E50r 1  rr           
000E51r 1  B1 rr        	lda     (sp),y
000E53r 1  20 rr rr     	jsr     pusha0
000E56r 1  A0 06        	ldy     #$06
000E58r 1  B1 rr        	lda     (regbank+4),y
000E5Ar 1  38           	sec
000E5Br 1  E9 03        	sbc     #$03
000E5Dr 1  B0 02        	bcs     L0176
000E5Fr 1  A2 FF        	ldx     #$FF
000E61r 1  20 rr rr     L0176:	jsr     tosicmp
000E64r 1  90 02        	bcc     L0174
000E66r 1  D0 69        	bne     L0181
000E68r 1  A0 02        L0174:	ldy     #$02
000E6Ar 1  B1 rr        	lda     (sp),y
000E6Cr 1  C9 02        	cmp     #$02
000E6Er 1  F0 22        	beq     L070E
000E70r 1  A2 00        	ldx     #$00
000E72r 1  B1 rr        	lda     (sp),y
000E74r 1  85 rr        	sta     ptr1
000E76r 1  86 rr        	stx     ptr1+1
000E78r 1  A0 06        	ldy     #$06
000E7Ar 1  B1 rr        	lda     (regbank+4),y
000E7Cr 1  38           	sec
000E7Dr 1  E9 03        	sbc     #$03
000E7Fr 1  B0 01        	bcs     L017A
000E81r 1  CA           	dex
000E82r 1  E4 rr        L017A:	cpx     ptr1+1
000E84r 1  D0 04        	bne     L0725
000E86r 1  C5 rr        	cmp     ptr1
000E88r 1  F0 08        	beq     L070E
000E8Ar 1  A0 02        L0725:	ldy     #$02
000E8Cr 1  B1 rr        	lda     (sp),y
000E8Er 1  C9 0D        	cmp     #$0D
000E90r 1  D0 21        	bne     L0178
000E92r 1  AD rr rr     L070E:	lda     _chrome_x
000E95r 1  AE rr rr     	ldx     _chrome_x+1
000E98r 1  18           	clc
000E99r 1  69 02        	adc     #$02
000E9Br 1  90 01        	bcc     L017E
000E9Dr 1  E8           	inx
000E9Er 1  20 rr rr     L017E:	jsr     pushax
000EA1r 1  AD rr rr     	lda     _chrome_width
000EA4r 1  AE rr rr     	ldx     _chrome_width+1
000EA7r 1  38           	sec
000EA8r 1  E9 04        	sbc     #$04
000EAAr 1  B0 01        	bcs     L0180
000EACr 1  CA           	dex
000EADr 1  20 rr rr     L0180:	jsr     _chrome_span
000EB0r 1  4C rr rr     	jmp     L0181
000EB3r 1  AD rr rr     L0178:	lda     _chrome_x
000EB6r 1  AE rr rr     	ldx     _chrome_x+1
000EB9r 1  18           	clc
000EBAr 1  69 02        	adc     #$02
000EBCr 1  90 01        	bcc     L0184
000EBEr 1  E8           	inx
000EBFr 1  20 rr rr     L0184:	jsr     _chrome_pixel
000EC2r 1  AD rr rr     	lda     _chrome_right
000EC5r 1  AE rr rr     	ldx     _chrome_right+1
000EC8r 1  38           	sec
000EC9r 1  E9 02        	sbc     #$02
000ECBr 1  B0 01        	bcs     L0187
000ECDr 1  CA           	dex
000ECEr 1  20 rr rr     L0187:	jsr     _chrome_pixel
000ED1r 1  A0 00        L0181:	ldy     #$00
000ED3r 1  B1 rr        	lda     (regbank+4),y
000ED5r 1  29 04        	and     #$04
000ED7r 1  D0 03 4C rr  	jeq     L0728
000EDBr 1  rr           
000EDCr 1  A0 02        	ldy     #$02
000EDEr 1  B1 rr        	lda     (sp),y
000EE0r 1  C9 03        	cmp     #$03
000EE2r 1  B0 03 4C rr  	jcc     L019C
000EE6r 1  rr           
000EE7r 1  C9 0B        	cmp     #$0B
000EE9r 1  90 03 4C rr  	jcs     L019C
000EEDr 1  rr           
000EEEr 1  AD rr rr     	lda     _chrome_right
000EF1r 1  AE rr rr     	ldx     _chrome_right+1
000EF4r 1  38           	sec
000EF5r 1  E9 0B        	sbc     #$0B
000EF7r 1  B0 01        	bcs     L018F
000EF9r 1  CA           	dex
000EFAr 1  8D rr rr     L018F:	sta     _chrome_x
000EFDr 1  8E rr rr     	stx     _chrome_x+1
000F00r 1  B1 rr        	lda     (sp),y
000F02r 1  C9 03        	cmp     #$03
000F04r 1  F0 04        	beq     L0712
000F06r 1  C9 0A        	cmp     #$0A
000F08r 1  D0 13        	bne     L0190
000F0Ar 1  AD rr rr     L0712:	lda     _chrome_x
000F0Dr 1  AE rr rr     	ldx     _chrome_x+1
000F10r 1  20 rr rr     	jsr     pushax
000F13r 1  A2 00        	ldx     #$00
000F15r 1  A9 08        	lda     #$08
000F17r 1  20 rr rr     	jsr     _chrome_span
000F1Ar 1  4C rr rr     	jmp     L0196
000F1Dr 1  AD rr rr     L0190:	lda     _chrome_x
000F20r 1  AE rr rr     	ldx     _chrome_x+1
000F23r 1  20 rr rr     	jsr     _chrome_pixel
000F26r 1  AD rr rr     	lda     _chrome_x
000F29r 1  AE rr rr     	ldx     _chrome_x+1
000F2Cr 1  18           	clc
000F2Dr 1  69 07        	adc     #$07
000F2Fr 1  90 01        	bcc     L019B
000F31r 1  E8           	inx
000F32r 1  20 rr rr     L019B:	jsr     _chrome_pixel
000F35r 1  A0 02        L0196:	ldy     #$02
000F37r 1  B1 rr        	lda     (sp),y
000F39r 1  C9 05        	cmp     #$05
000F3Br 1  90 31        	bcc     L019C
000F3Dr 1  C9 09        	cmp     #$09
000F3Fr 1  B0 2D        	bcs     L019C
000F41r 1  18           	clc
000F42r 1  6D rr rr     	adc     _chrome_x
000F45r 1  AE rr rr     	ldx     _chrome_x+1
000F48r 1  90 01        	bcc     L0705
000F4Ar 1  E8           	inx
000F4Br 1  38           L0705:	sec
000F4Cr 1  E9 03        	sbc     #$03
000F4Er 1  B0 01        	bcs     L01A2
000F50r 1  CA           	dex
000F51r 1  20 rr rr     L01A2:	jsr     _chrome_pixel
000F54r 1  AD rr rr     	lda     _chrome_x
000F57r 1  AE rr rr     	ldx     _chrome_x+1
000F5Ar 1  18           	clc
000F5Br 1  69 0A        	adc     #$0A
000F5Dr 1  90 01        	bcc     L01A5
000F5Fr 1  E8           	inx
000F60r 1  38           L01A5:	sec
000F61r 1  A0 02        	ldy     #$02
000F63r 1  F1 rr        	sbc     (sp),y
000F65r 1  48           	pha
000F66r 1  8A           	txa
000F67r 1  E9 00        	sbc     #$00
000F69r 1  AA           	tax
000F6Ar 1  68           	pla
000F6Br 1  20 rr rr     	jsr     _chrome_pixel
000F6Er 1  A0 00        L019C:	ldy     #$00
000F70r 1  B1 rr        L0728:	lda     (regbank+4),y
000F72r 1  29 08        	and     #$08
000F74r 1  F0 50        	beq     L01B0
000F76r 1  A0 06        	ldy     #$06
000F78r 1  A2 00        	ldx     #$00
000F7Ar 1  B1 rr        	lda     (regbank+4),y
000F7Cr 1  38           	sec
000F7Dr 1  E9 05        	sbc     #$05
000F7Fr 1  B0 02        	bcs     L0726
000F81r 1  CA           	dex
000F82r 1  38           	sec
000F83r 1  A0 02        L0726:	ldy     #$02
000F85r 1  F1 rr        	sbc     (sp),y
000F87r 1  48           	pha
000F88r 1  8A           	txa
000F89r 1  E9 00        	sbc     #$00
000F8Br 1  68           	pla
000F8Cr 1  8D rr rr     	sta     _chrome_offset
000F8Fr 1  C9 07        	cmp     #$07
000F91r 1  B0 16        	bcs     L0716
000F93r 1  AD rr rr     	lda     _chrome_right
000F96r 1  AE rr rr     	ldx     _chrome_right+1
000F99r 1  38           	sec
000F9Ar 1  E9 0A        	sbc     #$0A
000F9Cr 1  B0 01        	bcs     L01AF
000F9Er 1  CA           	dex
000F9Fr 1  18           L01AF:	clc
000FA0r 1  6D rr rr     	adc     _chrome_offset
000FA3r 1  90 01        	bcc     L06FF
000FA5r 1  E8           	inx
000FA6r 1  20 rr rr     L06FF:	jsr     _chrome_pixel
000FA9r 1  AD rr rr     L0716:	lda     _chrome_offset
000FACr 1  C9 04        	cmp     #$04
000FAEr 1  B0 16        	bcs     L01B0
000FB0r 1  AD rr rr     	lda     _chrome_right
000FB3r 1  AE rr rr     	ldx     _chrome_right+1
000FB6r 1  38           	sec
000FB7r 1  E9 07        	sbc     #$07
000FB9r 1  B0 01        	bcs     L01B4
000FBBr 1  CA           	dex
000FBCr 1  18           L01B4:	clc
000FBDr 1  6D rr rr     	adc     _chrome_offset
000FC0r 1  90 01        	bcc     L0700
000FC2r 1  E8           	inx
000FC3r 1  20 rr rr     L0700:	jsr     _chrome_pixel
000FC6r 1  A0 02        L01B0:	ldy     #$02
000FC8r 1  B1 rr        	lda     (sp),y
000FCAr 1  C9 04        	cmp     #$04
000FCCr 1  B0 03 4C rr  	jcc     L01C1
000FD0r 1  rr           
000FD1r 1  C9 09        	cmp     #$09
000FD3r 1  90 03 4C rr  	jcs     L01C1
000FD7r 1  rr           
000FD8r 1  A0 09        	ldy     #$09
000FDAr 1  B1 rr        	lda     (regbank+4),y
000FDCr 1  AA           	tax
000FDDr 1  88           	dey
000FDEr 1  B1 rr        	lda     (regbank+4),y
000FE0r 1  20 rr rr     	jsr     stax0sp
000FE3r 1  A0 02        	ldy     #$02
000FE5r 1  B1 rr        	lda     (regbank+4),y
000FE7r 1  AA           	tax
000FE8r 1  88           	dey
000FE9r 1  B1 rr        	lda     (regbank+4),y
000FEBr 1  18           	clc
000FECr 1  69 04        	adc     #$04
000FEEr 1  90 01        	bcc     L01BC
000FF0r 1  E8           	inx
000FF1r 1  8D rr rr     L01BC:	sta     _chrome_x
000FF4r 1  8E rr rr     	stx     _chrome_x+1
000FF7r 1  AD rr rr     	lda     _chrome_right
000FFAr 1  38           	sec
000FFBr 1  E9 0D        	sbc     #$0D
000FFDr 1  8D rr rr     	sta     _chrome_right
001000r 1  90 03 4C rr  	jcs     L0721
001004r 1  rr           
001005r 1  CE rr rr     	dec     _chrome_right+1
001008r 1  4C rr rr     	jmp     L0721
00100Br 1  C8           L01C0:	iny
00100Cr 1  B1 rr        	lda     (sp),y
00100Er 1  AA           	tax
00100Fr 1  88           	dey
001010r 1  B1 rr        	lda     (sp),y
001012r 1  85 rr        	sta     regsave
001014r 1  86 rr        	stx     regsave+1
001016r 1  18           	clc
001017r 1  69 01        	adc     #$01
001019r 1  90 01        	bcc     L01C9
00101Br 1  E8           	inx
00101Cr 1  20 rr rr     L01C9:	jsr     stax0sp
00101Fr 1  A0 00        	ldy     #$00
001021r 1  B1 rr        	lda     (regsave),y
001023r 1  8D rr rr     	sta     _chrome_character
001026r 1  C9 61        	cmp     #$61
001028r 1  90 0D        	bcc     L071B
00102Ar 1  AD rr rr     	lda     _chrome_character
00102Dr 1  C9 7B        	cmp     #$7B
00102Fr 1  B0 06        	bcs     L071B
001031r 1  38           	sec
001032r 1  E9 20        	sbc     #$20
001034r 1  8D rr rr     	sta     _chrome_character
001037r 1  AD rr rr     L071B:	lda     _chrome_character
00103Ar 1  C9 41        	cmp     #$41
00103Cr 1  90 6A        	bcc     L01DB
00103Er 1  C9 5B        	cmp     #$5B
001040r 1  B0 66        	bcs     L01DB
001042r 1  A2 00        	ldx     #$00
001044r 1  AD rr rr     	lda     _chrome_character
001047r 1  38           	sec
001048r 1  E9 41        	sbc     #$41
00104Ar 1  B0 01        	bcs     L01D7
00104Cr 1  CA           	dex
00104Dr 1  20 rr rr     L01D7:	jsr     mulax5
001050r 1  18           	clc
001051r 1  69 rr        	adc     #<(_title_glyphs)
001053r 1  85 rr        	sta     ptr1
001055r 1  8A           	txa
001056r 1  69 rr        	adc     #>(_title_glyphs)
001058r 1  85 rr        	sta     ptr1+1
00105Ar 1  A2 00        	ldx     #$00
00105Cr 1  A0 02        	ldy     #$02
00105Er 1  B1 rr        	lda     (sp),y
001060r 1  38           	sec
001061r 1  E9 04        	sbc     #$04
001063r 1  B0 01        	bcs     L01D9
001065r 1  CA           	dex
001066r 1  18           L01D9:	clc
001067r 1  65 rr        	adc     ptr1
001069r 1  85 rr        	sta     ptr1
00106Br 1  8A           	txa
00106Cr 1  65 rr        	adc     ptr1+1
00106Er 1  85 rr        	sta     ptr1+1
001070r 1  A0 00        	ldy     #$00
001072r 1  B1 rr        	lda     (ptr1),y
001074r 1  8D rr rr     	sta     _chrome_bits
001077r 1  8C rr rr     	sty     _chrome_column
00107Ar 1  AD rr rr     L071F:	lda     _chrome_column
00107Dr 1  C9 03        	cmp     #$03
00107Fr 1  B0 27        	bcs     L01DB
001081r 1  AC rr rr     	ldy     _chrome_column
001084r 1  A9 04        	lda     #$04
001086r 1  4A           L0706:	lsr     a
001087r 1  88           	dey
001088r 1  10 FC        	bpl     L0706
00108Ar 1  2A           	rol     a
00108Br 1  2D rr rr     	and     _chrome_bits
00108Er 1  48           	pha
00108Fr 1  68           	pla
001090r 1  F0 10        	beq     L0720
001092r 1  AD rr rr     	lda     _chrome_x
001095r 1  AE rr rr     	ldx     _chrome_x+1
001098r 1  18           	clc
001099r 1  6D rr rr     	adc     _chrome_column
00109Cr 1  90 01        	bcc     L0701
00109Er 1  E8           	inx
00109Fr 1  20 rr rr     L0701:	jsr     _chrome_pixel
0010A2r 1  EE rr rr     L0720:	inc     _chrome_column
0010A5r 1  4C rr rr     	jmp     L071F
0010A8r 1  A9 04        L01DB:	lda     #$04
0010AAr 1  18           	clc
0010ABr 1  6D rr rr     	adc     _chrome_x
0010AEr 1  8D rr rr     	sta     _chrome_x
0010B1r 1  90 03        	bcc     L01E9
0010B3r 1  EE rr rr     	inc     _chrome_x+1
0010B6r 1  A0 01        L01E9:	ldy     #$01
0010B8r 1  B1 rr        L0721:	lda     (sp),y
0010BAr 1  88           	dey
0010BBr 1  11 rr        	ora     (sp),y
0010BDr 1  F0 30        	beq     L01C1
0010BFr 1  C8           	iny
0010C0r 1  B1 rr        	lda     (sp),y
0010C2r 1  85 rr        	sta     ptr1+1
0010C4r 1  88           	dey
0010C5r 1  B1 rr        	lda     (sp),y
0010C7r 1  85 rr        	sta     ptr1
0010C9r 1  B1 rr        	lda     (ptr1),y
0010CBr 1  F0 22        	beq     L01C1
0010CDr 1  AD rr rr     	lda     _chrome_x
0010D0r 1  AE rr rr     	ldx     _chrome_x+1
0010D3r 1  18           	clc
0010D4r 1  69 03        	adc     #$03
0010D6r 1  90 01        	bcc     L01C5
0010D8r 1  E8           	inx
0010D9r 1  38           L01C5:	sec
0010DAr 1  ED rr rr     	sbc     _chrome_right
0010DDr 1  85 rr        	sta     tmp1
0010DFr 1  8A           	txa
0010E0r 1  ED rr rr     	sbc     _chrome_right+1
0010E3r 1  05 rr        	ora     tmp1
0010E5r 1  B0 03 4C rr  	jcc     L01C0
0010E9r 1  rr           
0010EAr 1  D0 03 4C rr  	jeq     L01C0
0010EEr 1  rr           
0010EFr 1  A0 03        L01C1:	ldy     #$03
0010F1r 1  B1 rr        	lda     (sp),y
0010F3r 1  85 rr        	sta     regbank+4
0010F5r 1  C8           	iny
0010F6r 1  B1 rr        	lda     (sp),y
0010F8r 1  85 rr        	sta     regbank+5
0010FAr 1  4C rr rr     	jmp     incsp5
0010FDr 1               
0010FDr 1               .endproc
0010FDr 1               
0010FDr 1               ; ---------------------------------------------------------------
0010FDr 1               ; void __near__ draw_chrome (register __near__ const struct udeks_window *)
0010FDr 1               ; ---------------------------------------------------------------
0010FDr 1               
0010FDr 1               .segment	"CODE"
0010FDr 1               
0010FDr 1               .proc	_draw_chrome: near
0010FDr 1               
0010FDr 1               .segment	"CODE"
0010FDr 1               
0010FDr 1  20 rr rr     	jsr     pushax
001100r 1  A0 00        	ldy     #$00
001102r 1  A2 04        	ldx     #$04
001104r 1  20 rr rr     	jsr     regswap2
001107r 1  20 rr rr     	jsr     decsp1
00110Ar 1  A9 00        	lda     #$00
00110Cr 1  A8           	tay
00110Dr 1  91 rr        L0729:	sta     (sp),y
00110Fr 1  B1 rr        	lda     (sp),y
001111r 1  20 rr rr     	jsr     pusha0
001114r 1  A0 06        	ldy     #$06
001116r 1  B1 rr        	lda     (regbank+4),y
001118r 1  20 rr rr     	jsr     tosicmp0
00111Br 1  B0 18        	bcs     L01EC
00111Dr 1  A5 rr        	lda     regbank+4
00111Fr 1  A6 rr        	ldx     regbank+4+1
001121r 1  20 rr rr     	jsr     pushax
001124r 1  A0 02        	ldy     #$02
001126r 1  B1 rr        	lda     (sp),y
001128r 1  20 rr rr     	jsr     _draw_chrome_row
00112Br 1  A0 00        	ldy     #$00
00112Dr 1  18           	clc
00112Er 1  A9 01        	lda     #$01
001130r 1  71 rr        	adc     (sp),y
001132r 1  4C rr rr     	jmp     L0729
001135r 1  A0 01        L01EC:	ldy     #$01
001137r 1  B1 rr        	lda     (sp),y
001139r 1  85 rr        	sta     regbank+4
00113Br 1  C8           	iny
00113Cr 1  B1 rr        	lda     (sp),y
00113Er 1  85 rr        	sta     regbank+5
001140r 1  4C rr rr     	jmp     incsp3
001143r 1               
001143r 1               .endproc
001143r 1               
001143r 1               ; ---------------------------------------------------------------
001143r 1               ; unsigned char __near__ cache_request (unsigned char, unsigned char)
001143r 1               ; ---------------------------------------------------------------
001143r 1               
001143r 1               .segment	"CODE"
001143r 1               
001143r 1               .proc	_cache_request: near
001143r 1               
001143r 1               .segment	"CODE"
001143r 1               
001143r 1  20 rr rr     	jsr     pusha
001146r 1  A5 rr        	lda     regbank+4
001148r 1  A6 rr        	ldx     regbank+5
00114Ar 1  20 rr rr     	jsr     pushax
00114Dr 1  A0 03        	ldy     #$03
00114Fr 1  B1 rr        	lda     (sp),y
001151r 1  20 rr rr     	jsr     _window_by_handle
001154r 1  85 rr        	sta     regbank+4
001156r 1  86 rr        	stx     regbank+4+1
001158r 1  A0 03        	ldy     #$03
00115Ar 1  B1 rr        	lda     (sp),y
00115Cr 1  8D 92 F7     	sta     $F792
00115Fr 1  88           	dey
001160r 1  B1 rr        	lda     (regbank+4),y
001162r 1  8D A2 F7     	sta     $F7A1+1
001165r 1  88           	dey
001166r 1  B1 rr        	lda     (regbank+4),y
001168r 1  8D A1 F7     	sta     $F7A1
00116Br 1  A0 05        	ldy     #$05
00116Dr 1  B1 rr        	lda     (regbank+4),y
00116Fr 1  8D A4 F7     	sta     $F7A3+1
001172r 1  88           	dey
001173r 1  B1 rr        	lda     (regbank+4),y
001175r 1  8D A3 F7     	sta     $F7A3
001178r 1  88           	dey
001179r 1  B1 rr        	lda     (regbank+4),y
00117Br 1  8D A5 F7     	sta     $F7A5
00117Er 1  A0 06        	ldy     #$06
001180r 1  B1 rr        	lda     (regbank+4),y
001182r 1  8D A6 F7     	sta     $F7A6
001185r 1  A9 01        	lda     #$01
001187r 1  8D 95 F7     	sta     $F795
00118Ar 1  A0 02        	ldy     #$02
00118Cr 1  B1 rr        	lda     (sp),y
00118Er 1  20 rr rr     	jsr     _cache_command
001191r 1  48           	pha
001192r 1  A0 00        	ldy     #$00
001194r 1  B1 rr        	lda     (sp),y
001196r 1  85 rr        	sta     regbank+4
001198r 1  C8           	iny
001199r 1  B1 rr        	lda     (sp),y
00119Br 1  85 rr        	sta     regbank+5
00119Dr 1  68           	pla
00119Er 1  4C rr rr     	jmp     incsp4
0011A1r 1               
0011A1r 1               .endproc
0011A1r 1               
0011A1r 1               ; ---------------------------------------------------------------
0011A1r 1               ; void __near__ cache_invalidate (void)
0011A1r 1               ; ---------------------------------------------------------------
0011A1r 1               
0011A1r 1               .segment	"CODE"
0011A1r 1               
0011A1r 1               .proc	_cache_invalidate: near
0011A1r 1               
0011A1r 1               .segment	"CODE"
0011A1r 1               
0011A1r 1  A9 01        	lda     #$01
0011A3r 1  4C rr rr     	jmp     _cache_command
0011A6r 1               
0011A6r 1               .endproc
0011A6r 1               
0011A6r 1               ; ---------------------------------------------------------------
0011A6r 1               ; unsigned char __near__ paint_window_damage (unsigned char)
0011A6r 1               ; ---------------------------------------------------------------
0011A6r 1               
0011A6r 1               .segment	"CODE"
0011A6r 1               
0011A6r 1               .proc	_paint_window_damage: near
0011A6r 1               
0011A6r 1               .segment	"CODE"
0011A6r 1               
0011A6r 1  20 rr rr     	jsr     pusha
0011A9r 1  A5 rr        	lda     regbank+4
0011ABr 1  A6 rr        	ldx     regbank+5
0011ADr 1  20 rr rr     	jsr     pushax
0011B0r 1  A0 02        	ldy     #$02
0011B2r 1  B1 rr        	lda     (sp),y
0011B4r 1  20 rr rr     	jsr     _window_by_handle
0011B7r 1  85 rr        	sta     regbank+4
0011B9r 1  86 rr        	stx     regbank+4+1
0011BBr 1  E0 00        	cpx     #$00
0011BDr 1  D0 07        	bne     L072D
0011BFr 1  C9 00        	cmp     #$00
0011C1r 1  D0 03 4C rr  	jeq     L0244
0011C5r 1  rr           
0011C6r 1  A0 00        L072D:	ldy     #$00
0011C8r 1  B1 rr        	lda     (regbank+4),y
0011CAr 1  29 01        	and     #$01
0011CCr 1  D0 04        	bne     L0248
0011CEr 1  AA           	tax
0011CFr 1  4C rr rr     	jmp     L0244
0011D2r 1  20 rr rr     L0248:	jsr     decsp5
0011D5r 1  A0 02        	ldy     #$02
0011D7r 1  B1 rr        	lda     (regbank+4),y
0011D9r 1  AA           	tax
0011DAr 1  88           	dey
0011DBr 1  B1 rr        	lda     (regbank+4),y
0011DDr 1  A0 03        	ldy     #$03
0011DFr 1  91 rr        	sta     (sp),y
0011E1r 1  C8           	iny
0011E2r 1  8A           	txa
0011E3r 1  91 rr        	sta     (sp),y
0011E5r 1  88           	dey
0011E6r 1  B1 rr        	lda     (regbank+4),y
0011E8r 1  88           	dey
0011E9r 1  91 rr        	sta     (sp),y
0011EBr 1  A0 05        	ldy     #$05
0011EDr 1  B1 rr        	lda     (regbank+4),y
0011EFr 1  AA           	tax
0011F0r 1  88           	dey
0011F1r 1  B1 rr        	lda     (regbank+4),y
0011F3r 1  A0 00        	ldy     #$00
0011F5r 1  91 rr        	sta     (sp),y
0011F7r 1  C8           	iny
0011F8r 1  8A           	txa
0011F9r 1  91 rr        	sta     (sp),y
0011FBr 1  A0 06        	ldy     #$06
0011FDr 1  B1 rr        	lda     (regbank+4),y
0011FFr 1  20 rr rr     	jsr     _set_damage_intersection
001202r 1  C9 00        	cmp     #$00
001204r 1  D0 04        	bne     L024F
001206r 1  AA           	tax
001207r 1  4C rr rr     	jmp     L0244
00120Ar 1  A0 00        L024F:	ldy     #$00
00120Cr 1  B1 rr        	lda     (regbank+4),y
00120Er 1  29 7F        	and     #$7F
001210r 1  91 rr        	sta     (regbank+4),y
001212r 1  20 rr rr     	jsr     decsp8
001215r 1  A0 02        	ldy     #$02
001217r 1  B1 rr        	lda     (regbank+4),y
001219r 1  AA           	tax
00121Ar 1  88           	dey
00121Br 1  B1 rr        	lda     (regbank+4),y
00121Dr 1  A0 06        	ldy     #$06
00121Fr 1  91 rr        	sta     (sp),y
001221r 1  C8           	iny
001222r 1  8A           	txa
001223r 1  91 rr        	sta     (sp),y
001225r 1  A0 03        	ldy     #$03
001227r 1  B1 rr        	lda     (regbank+4),y
001229r 1  C8           	iny
00122Ar 1  91 rr        	sta     (sp),y
00122Cr 1  C8           	iny
00122Dr 1  A9 00        	lda     #$00
00122Fr 1  91 rr        	sta     (sp),y
001231r 1  B1 rr        	lda     (regbank+4),y
001233r 1  AA           	tax
001234r 1  88           	dey
001235r 1  B1 rr        	lda     (regbank+4),y
001237r 1  A0 02        	ldy     #$02
001239r 1  91 rr        	sta     (sp),y
00123Br 1  C8           	iny
00123Cr 1  8A           	txa
00123Dr 1  91 rr        	sta     (sp),y
00123Fr 1  A0 06        	ldy     #$06
001241r 1  B1 rr        	lda     (regbank+4),y
001243r 1  A0 00        	ldy     #$00
001245r 1  91 rr        	sta     (sp),y
001247r 1  C8           	iny
001248r 1  A9 00        	lda     #$00
00124Ar 1  91 rr        	sta     (sp),y
00124Cr 1  A9 07        	lda     #$07
00124Er 1  20 rr rr     	jsr     _udeks_vic_bitmap_fill
001251r 1  A5 rr        	lda     regbank+4
001253r 1  A6 rr        	ldx     regbank+4+1
001255r 1  20 rr rr     	jsr     _draw_chrome
001258r 1  A0 0B        	ldy     #$0B
00125Ar 1  B1 rr        	lda     (regbank+4),y
00125Cr 1  AA           	tax
00125Dr 1  88           	dey
00125Er 1  B1 rr        	lda     (regbank+4),y
001260r 1  E0 00        	cpx     #$00
001262r 1  D0 04        	bne     L072E
001264r 1  C9 00        	cmp     #$00
001266r 1  F0 74        	beq     L0260
001268r 1  20 rr rr     L072E:	jsr     decsp5
00126Br 1  A0 02        	ldy     #$02
00126Dr 1  B1 rr        	lda     (regbank+4),y
00126Fr 1  AA           	tax
001270r 1  88           	dey
001271r 1  B1 rr        	lda     (regbank+4),y
001273r 1  18           	clc
001274r 1  69 03        	adc     #$03
001276r 1  90 01        	bcc     L0265
001278r 1  E8           	inx
001279r 1  A0 03        L0265:	ldy     #$03
00127Br 1  91 rr        	sta     (sp),y
00127Dr 1  C8           	iny
00127Er 1  8A           	txa
00127Fr 1  91 rr        	sta     (sp),y
001281r 1  88           	dey
001282r 1  B1 rr        	lda     (regbank+4),y
001284r 1  18           	clc
001285r 1  69 0D        	adc     #$0D
001287r 1  90 01        	bcc     L072A
001289r 1  18           	clc
00128Ar 1  69 01        L072A:	adc     #$01
00128Cr 1  88           	dey
00128Dr 1  91 rr        	sta     (sp),y
00128Fr 1  A0 05        	ldy     #$05
001291r 1  B1 rr        	lda     (regbank+4),y
001293r 1  AA           	tax
001294r 1  88           	dey
001295r 1  B1 rr        	lda     (regbank+4),y
001297r 1  38           	sec
001298r 1  E9 06        	sbc     #$06
00129Ar 1  B0 01        	bcs     L026B
00129Cr 1  CA           	dex
00129Dr 1  A0 00        L026B:	ldy     #$00
00129Fr 1  91 rr        	sta     (sp),y
0012A1r 1  C8           	iny
0012A2r 1  8A           	txa
0012A3r 1  91 rr        	sta     (sp),y
0012A5r 1  A0 06        	ldy     #$06
0012A7r 1  B1 rr        	lda     (regbank+4),y
0012A9r 1  38           	sec
0012AAr 1  E9 0D        	sbc     #$0D
0012ACr 1  B0 01        	bcs     L072B
0012AEr 1  38           	sec
0012AFr 1  E9 04        L072B:	sbc     #$04
0012B1r 1  20 rr rr     	jsr     _set_damage_intersection
0012B4r 1  C9 00        	cmp     #$00
0012B6r 1  F0 24        	beq     L0260
0012B8r 1  A0 0B        	ldy     #$0B
0012BAr 1  B1 rr        	lda     (regbank+4),y
0012BCr 1  AA           	tax
0012BDr 1  88           	dey
0012BEr 1  B1 rr        	lda     (regbank+4),y
0012C0r 1  20 rr rr     	jsr     pushax
0012C3r 1  A0 04        	ldy     #$04
0012C5r 1  B1 rr        	lda     (sp),y
0012C7r 1  48           	pha
0012C8r 1  A0 00        	ldy     #$00
0012CAr 1  B1 rr        	lda     (sp),y
0012CCr 1  8D rr rr     	sta     jmpvec+1
0012CFr 1  C8           	iny
0012D0r 1  B1 rr        	lda     (sp),y
0012D2r 1  8D rr rr     	sta     jmpvec+2
0012D5r 1  68           	pla
0012D6r 1  20 rr rr     	jsr     jmpvec
0012D9r 1  20 rr rr     	jsr     incsp2
0012DCr 1  A9 14        L0260:	lda     #$14
0012DEr 1  20 rr rr     	jsr     _increment_counter
0012E1r 1  A2 00        	ldx     #$00
0012E3r 1  A9 01        	lda     #$01
0012E5r 1  48           L0244:	pha
0012E6r 1  A1 rr        	lda     (sp,x)
0012E8r 1  85 rr        	sta     regbank+4
0012EAr 1  A0 01        	ldy     #$01
0012ECr 1  B1 rr        	lda     (sp),y
0012EEr 1  85 rr        	sta     regbank+5
0012F0r 1  68           	pla
0012F1r 1  4C rr rr     	jmp     incsp3
0012F4r 1               
0012F4r 1               .endproc
0012F4r 1               
0012F4r 1               ; ---------------------------------------------------------------
0012F4r 1               ; void __near__ compose_damage (unsigned char)
0012F4r 1               ; ---------------------------------------------------------------
0012F4r 1               
0012F4r 1               .segment	"CODE"
0012F4r 1               
0012F4r 1               .proc	_compose_damage: near
0012F4r 1               
0012F4r 1               .segment	"CODE"
0012F4r 1               
0012F4r 1  20 rr rr     	jsr     pusha
0012F7r 1  20 rr rr     	jsr     decsp2
0012FAr 1  AD rr rr     	lda     _drag_mode
0012FDr 1  29 80        	and     #$80
0012FFr 1  F0 0D        	beq     L073D
001301r 1  A0 02        	ldy     #$02
001303r 1  B1 rr        	lda     (sp),y
001305r 1  CD rr rr     	cmp     _cache_owner
001308r 1  F0 2C        	beq     L0277
00130Ar 1  C9 FF        	cmp     #$FF
00130Cr 1  F0 28        	beq     L0277
00130Er 1  AD rr rr     L073D:	lda     _cache_phase
001311r 1  C9 03        	cmp     #$03
001313r 1  D0 1E        	bne     L027F
001315r 1  AD rr rr     	lda     _cache_owner
001318r 1  20 rr rr     	jsr     _window_by_handle
00131Br 1  20 rr rr     	jsr     pushax
00131Er 1  A0 00        	ldy     #$00
001320r 1  B1 rr        	lda     (sp),y
001322r 1  C8           	iny
001323r 1  11 rr        	ora     (sp),y
001325r 1  F0 09        	beq     L0283
001327r 1  B1 rr        	lda     (sp),y
001329r 1  AA           	tax
00132Ar 1  88           	dey
00132Br 1  B1 rr        	lda     (sp),y
00132Dr 1  20 rr rr     	jsr     _damage_add
001330r 1  20 rr rr     L0283:	jsr     incsp2
001333r 1  20 rr rr     L027F:	jsr     _cache_invalidate
001336r 1  A9 02        L0277:	lda     #$02
001338r 1  20 rr rr     	jsr     _udeks_vic_pointer_busy_begin
00133Br 1  20 rr rr     	jsr     decsp6
00133Er 1  AD rr rr     	lda     _damage_left
001341r 1  A0 04        	ldy     #$04
001343r 1  91 rr        	sta     (sp),y
001345r 1  C8           	iny
001346r 1  AD rr rr     	lda     _damage_left+1
001349r 1  91 rr        	sta     (sp),y
00134Br 1  AD rr rr     	lda     _damage_top
00134Er 1  A0 02        	ldy     #$02
001350r 1  91 rr        	sta     (sp),y
001352r 1  C8           	iny
001353r 1  A9 00        	lda     #$00
001355r 1  91 rr        	sta     (sp),y
001357r 1  AD rr rr     	lda     _damage_right
00135Ar 1  38           	sec
00135Br 1  ED rr rr     	sbc     _damage_left
00135Er 1  48           	pha
00135Fr 1  AD rr rr     	lda     _damage_right+1
001362r 1  ED rr rr     	sbc     _damage_left+1
001365r 1  AA           	tax
001366r 1  68           	pla
001367r 1  A0 00        	ldy     #$00
001369r 1  91 rr        	sta     (sp),y
00136Br 1  C8           	iny
00136Cr 1  8A           	txa
00136Dr 1  91 rr        	sta     (sp),y
00136Fr 1  A2 00        	ldx     #$00
001371r 1  AD rr rr     	lda     _damage_bottom
001374r 1  38           	sec
001375r 1  ED rr rr     	sbc     _damage_top
001378r 1  20 rr rr     	jsr     _udeks_vic_bitmap_set_clip
00137Br 1  20 rr rr     	jsr     decsp8
00137Er 1  AD rr rr     	lda     _damage_left
001381r 1  A0 06        	ldy     #$06
001383r 1  91 rr        	sta     (sp),y
001385r 1  C8           	iny
001386r 1  AD rr rr     	lda     _damage_left+1
001389r 1  91 rr        	sta     (sp),y
00138Br 1  AD rr rr     	lda     _damage_top
00138Er 1  A0 04        	ldy     #$04
001390r 1  91 rr        	sta     (sp),y
001392r 1  C8           	iny
001393r 1  A9 00        	lda     #$00
001395r 1  91 rr        	sta     (sp),y
001397r 1  AD rr rr     	lda     _damage_right
00139Ar 1  38           	sec
00139Br 1  ED rr rr     	sbc     _damage_left
00139Er 1  48           	pha
00139Fr 1  AD rr rr     	lda     _damage_right+1
0013A2r 1  ED rr rr     	sbc     _damage_left+1
0013A5r 1  AA           	tax
0013A6r 1  68           	pla
0013A7r 1  A0 02        	ldy     #$02
0013A9r 1  91 rr        	sta     (sp),y
0013ABr 1  C8           	iny
0013ACr 1  8A           	txa
0013ADr 1  91 rr        	sta     (sp),y
0013AFr 1  AD rr rr     	lda     _damage_bottom
0013B2r 1  38           	sec
0013B3r 1  ED rr rr     	sbc     _damage_top
0013B6r 1  A0 00        	ldy     #$00
0013B8r 1  91 rr        	sta     (sp),y
0013BAr 1  C8           	iny
0013BBr 1  A9 00        	lda     #$00
0013BDr 1  91 rr        	sta     (sp),y
0013BFr 1  A9 07        	lda     #$07
0013C1r 1  20 rr rr     	jsr     _udeks_vic_bitmap_fill
0013C4r 1  A9 01        	lda     #$01
0013C6r 1  A8           	tay
0013C7r 1  91 rr        L0736:	sta     (sp),y
0013C9r 1  C8           	iny
0013CAr 1  B1 rr        	lda     (sp),y
0013CCr 1  C9 FF        	cmp     #$FF
0013CEr 1  F0 5B        	beq     L0299
0013D0r 1  88           	dey
0013D1r 1  B1 rr        	lda     (sp),y
0013D3r 1  38           	sec
0013D4r 1  ED rr rr     	sbc     _active_count
0013D7r 1  90 02        	bcc     L0740
0013D9r 1  D0 50        	bne     L0299
0013DBr 1  A9 00        L0740:	lda     #$00
0013DDr 1  88           	dey
0013DEr 1  91 rr        L0735:	sta     (sp),y
0013E0r 1  C9 04        	cmp     #$04
0013E2r 1  B0 3E        	bcs     L029A
0013E4r 1  B1 rr        	lda     (sp),y
0013E6r 1  20 rr rr     	jsr     pusha0
0013E9r 1  A9 0E        	lda     #$0E
0013EBr 1  20 rr rr     	jsr     tosmula0
0013EEr 1  18           	clc
0013EFr 1  69 rr        	adc     #<(_windows)
0013F1r 1  85 rr        	sta     ptr1
0013F3r 1  8A           	txa
0013F4r 1  69 rr        	adc     #>(_windows)
0013F6r 1  85 rr        	sta     ptr1+1
0013F8r 1  A0 07        	ldy     #$07
0013FAr 1  A2 00        	ldx     #$00
0013FCr 1  B1 rr        	lda     (ptr1),y
0013FEr 1  A0 01        	ldy     #$01
001400r 1  D1 rr        	cmp     (sp),y
001402r 1  D0 15        	bne     L02A4
001404r 1  A1 rr        	lda     (sp,x)
001406r 1  18           	clc
001407r 1  69 01        	adc     #$01
001409r 1  C8           	iny
00140Ar 1  D1 rr        	cmp     (sp),y
00140Cr 1  F0 14        	beq     L029A
00140Er 1  A1 rr        	lda     (sp,x)
001410r 1  18           	clc
001411r 1  69 01        	adc     #$01
001413r 1  20 rr rr     	jsr     _paint_window_damage
001416r 1  4C rr rr     	jmp     L029A
001419r 1  88           L02A4:	dey
00141Ar 1  18           	clc
00141Br 1  A9 01        	lda     #$01
00141Dr 1  71 rr        	adc     (sp),y
00141Fr 1  4C rr rr     	jmp     L0735
001422r 1  A0 01        L029A:	ldy     #$01
001424r 1  18           	clc
001425r 1  98           	tya
001426r 1  71 rr        	adc     (sp),y
001428r 1  4C rr rr     	jmp     L0736
00142Br 1  20 rr rr     L0299:	jsr     _udeks_vic_bitmap_reset_clip
00142Er 1  20 rr rr     	jsr     _udeks_vic_bitmap_commit
001431r 1  A9 02        	lda     #$02
001433r 1  20 rr rr     	jsr     _udeks_vic_pointer_busy_end
001436r 1  A9 1E        	lda     #$1E
001438r 1  20 rr rr     	jsr     _increment_counter
00143Br 1  4C rr rr     	jmp     incsp3
00143Er 1               
00143Er 1               .endproc
00143Er 1               
00143Er 1               ; ---------------------------------------------------------------
00143Er 1               ; void __near__ cache_paint_image (unsigned char)
00143Er 1               ; ---------------------------------------------------------------
00143Er 1               
00143Er 1               .segment	"CODE"
00143Er 1               
00143Er 1               .proc	_cache_paint_image: near
00143Er 1               
00143Er 1               .segment	"CODE"
00143Er 1               
00143Er 1  20 rr rr     	jsr     pusha
001441r 1  A5 rr        	lda     regbank+4
001443r 1  A6 rr        	ldx     regbank+5
001445r 1  20 rr rr     	jsr     pushax
001448r 1  A0 02        	ldy     #$02
00144Ar 1  B1 rr        	lda     (sp),y
00144Cr 1  20 rr rr     	jsr     _window_by_handle
00144Fr 1  85 rr        	sta     regbank+4
001451r 1  86 rr        	stx     regbank+4+1
001453r 1  20 rr rr     	jsr     decsp1
001456r 1  AD rr rr     	lda     _cache_phase
001459r 1  09 80        	ora     #$80
00145Br 1  8D rr rr     	sta     _cache_phase
00145Er 1  AD rr rr     	lda     _drag_mode
001461r 1  09 80        	ora     #$80
001463r 1  8D rr rr     	sta     _drag_mode
001466r 1  A0 03        	ldy     #$03
001468r 1  B1 rr        	lda     (sp),y
00146Ar 1  20 rr rr     	jsr     _compose_damage
00146Dr 1  A9 00        	lda     #$00
00146Fr 1  8D rr rr     	sta     _drag_mode
001472r 1  20 rr rr     	jsr     decsp5
001475r 1  A0 02        	ldy     #$02
001477r 1  B1 rr        	lda     (regbank+4),y
001479r 1  AA           	tax
00147Ar 1  88           	dey
00147Br 1  B1 rr        	lda     (regbank+4),y
00147Dr 1  A0 03        	ldy     #$03
00147Fr 1  91 rr        	sta     (sp),y
001481r 1  C8           	iny
001482r 1  8A           	txa
001483r 1  91 rr        	sta     (sp),y
001485r 1  88           	dey
001486r 1  B1 rr        	lda     (regbank+4),y
001488r 1  88           	dey
001489r 1  91 rr        	sta     (sp),y
00148Br 1  A0 05        	ldy     #$05
00148Dr 1  B1 rr        	lda     (regbank+4),y
00148Fr 1  AA           	tax
001490r 1  88           	dey
001491r 1  B1 rr        	lda     (regbank+4),y
001493r 1  A0 00        	ldy     #$00
001495r 1  91 rr        	sta     (sp),y
001497r 1  C8           	iny
001498r 1  8A           	txa
001499r 1  91 rr        	sta     (sp),y
00149Br 1  A0 06        	ldy     #$06
00149Dr 1  B1 rr        	lda     (regbank+4),y
00149Fr 1  20 rr rr     	jsr     _set_damage_intersection
0014A2r 1  A0 00        	ldy     #$00
0014A4r 1  91 rr        	sta     (sp),y
0014A6r 1  20 rr rr     	jsr     _udeks_vic_bitmap_reset_clip
0014A9r 1  A0 00        	ldy     #$00
0014ABr 1  B1 rr        	lda     (sp),y
0014ADr 1  D0 08        	bne     L02CD
0014AFr 1  A9 02        	lda     #$02
0014B1r 1  8D rr rr     	sta     _cache_phase
0014B4r 1  4C rr rr     	jmp     L02D2
0014B7r 1  A0 03        L02CD:	ldy     #$03
0014B9r 1  B1 rr        	lda     (sp),y
0014BBr 1  20 rr rr     	jsr     pusha
0014BEr 1  A9 06        	lda     #$06
0014C0r 1  20 rr rr     	jsr     _cache_request
0014C3r 1  C9 00        	cmp     #$00
0014C5r 1  F0 05        	beq     L02D2
0014C7r 1  A9 00        	lda     #$00
0014C9r 1  20 rr rr     	jsr     _compose_damage
0014CCr 1  A0 01        L02D2:	ldy     #$01
0014CEr 1  B1 rr        	lda     (sp),y
0014D0r 1  85 rr        	sta     regbank+4
0014D2r 1  C8           	iny
0014D3r 1  B1 rr        	lda     (sp),y
0014D5r 1  85 rr        	sta     regbank+5
0014D7r 1  4C rr rr     	jmp     incsp4
0014DAr 1               
0014DAr 1               .endproc
0014DAr 1               
0014DAr 1               ; ---------------------------------------------------------------
0014DAr 1               ; unsigned char __near__ top_window (void)
0014DAr 1               ; ---------------------------------------------------------------
0014DAr 1               
0014DAr 1               .segment	"CODE"
0014DAr 1               
0014DAr 1               .proc	_top_window: near
0014DAr 1               
0014DAr 1               .segment	"CODE"
0014DAr 1               
0014DAr 1  20 rr rr     	jsr     decsp1
0014DDr 1  A9 00        	lda     #$00
0014DFr 1  A8           	tay
0014E0r 1  91 rr        L0743:	sta     (sp),y
0014E2r 1  A2 00        	ldx     #$00
0014E4r 1  B1 rr        	lda     (sp),y
0014E6r 1  C9 04        	cmp     #$04
0014E8r 1  B0 4D        	bcs     L0747
0014EAr 1  20 rr rr     	jsr     pusha0
0014EDr 1  A9 0E        	lda     #$0E
0014EFr 1  20 rr rr     	jsr     tosmula0
0014F2r 1  18           	clc
0014F3r 1  69 rr        	adc     #<(_windows)
0014F5r 1  85 rr        	sta     ptr1
0014F7r 1  8A           	txa
0014F8r 1  69 rr        	adc     #>(_windows)
0014FAr 1  85 rr        	sta     ptr1+1
0014FCr 1  A0 07        	ldy     #$07
0014FEr 1  B1 rr        	lda     (ptr1),y
001500r 1  F0 2B        	beq     L02DB
001502r 1  A2 00        	ldx     #$00
001504r 1  A1 rr        	lda     (sp,x)
001506r 1  20 rr rr     	jsr     pusha0
001509r 1  A9 0E        	lda     #$0E
00150Br 1  20 rr rr     	jsr     tosmula0
00150Er 1  18           	clc
00150Fr 1  69 rr        	adc     #<(_windows)
001511r 1  85 rr        	sta     ptr1
001513r 1  8A           	txa
001514r 1  69 rr        	adc     #>(_windows)
001516r 1  85 rr        	sta     ptr1+1
001518r 1  A0 07        	ldy     #$07
00151Ar 1  B1 rr        	lda     (ptr1),y
00151Cr 1  CD rr rr     	cmp     _active_count
00151Fr 1  D0 0C        	bne     L02DB
001521r 1  A0 00        	ldy     #$00
001523r 1  B1 rr        	lda     (sp),y
001525r 1  18           	clc
001526r 1  69 01        	adc     #$01
001528r 1  A2 00        	ldx     #$00
00152Ar 1  4C rr rr     	jmp     incsp1
00152Dr 1  A0 00        L02DB:	ldy     #$00
00152Fr 1  18           	clc
001530r 1  A9 01        	lda     #$01
001532r 1  71 rr        	adc     (sp),y
001534r 1  4C rr rr     	jmp     L0743
001537r 1  8A           L0747:	txa
001538r 1  4C rr rr     	jmp     incsp1
00153Br 1               
00153Br 1               .endproc
00153Br 1               
00153Br 1               ; ---------------------------------------------------------------
00153Br 1               ; unsigned char __near__ raise_window (unsigned char)
00153Br 1               ; ---------------------------------------------------------------
00153Br 1               
00153Br 1               .segment	"CODE"
00153Br 1               
00153Br 1               .proc	_raise_window: near
00153Br 1               
00153Br 1               .segment	"CODE"
00153Br 1               
00153Br 1  20 rr rr     	jsr     pusha
00153Er 1  20 rr rr     	jsr     decsp2
001541r 1  A5 rr        	lda     regbank+4
001543r 1  A6 rr        	ldx     regbank+5
001545r 1  20 rr rr     	jsr     pushax
001548r 1  A0 04        	ldy     #$04
00154Ar 1  B1 rr        	lda     (sp),y
00154Cr 1  20 rr rr     	jsr     _window_by_handle
00154Fr 1  85 rr        	sta     regbank+4
001551r 1  86 rr        	stx     regbank+4+1
001553r 1  E0 00        	cpx     #$00
001555r 1  D0 04        	bne     L074D
001557r 1  C9 00        	cmp     #$00
001559r 1  F0 72        	beq     L02EB
00155Br 1  A0 07        L074D:	ldy     #$07
00155Dr 1  B1 rr        	lda     (regbank+4),y
00155Fr 1  CD rr rr     	cmp     _active_count
001562r 1  D0 06        	bne     L074C
001564r 1  A2 00        	ldx     #$00
001566r 1  8A           	txa
001567r 1  4C rr rr     	jmp     L02EB
00156Ar 1  B1 rr        L074C:	lda     (regbank+4),y
00156Cr 1  A0 02        	ldy     #$02
00156Er 1  91 rr        	sta     (sp),y
001570r 1  A9 00        	lda     #$00
001572r 1  C8           	iny
001573r 1  91 rr        L0749:	sta     (sp),y
001575r 1  C9 04        	cmp     #$04
001577r 1  B0 49        	bcs     L02F7
001579r 1  B1 rr        	lda     (sp),y
00157Br 1  20 rr rr     	jsr     pusha0
00157Er 1  A9 0E        	lda     #$0E
001580r 1  20 rr rr     	jsr     tosmula0
001583r 1  18           	clc
001584r 1  69 rr        	adc     #<(_windows)
001586r 1  85 rr        	sta     ptr1
001588r 1  8A           	txa
001589r 1  69 rr        	adc     #>(_windows)
00158Br 1  85 rr        	sta     ptr1+1
00158Dr 1  A0 07        	ldy     #$07
00158Fr 1  B1 rr        	lda     (ptr1),y
001591r 1  38           	sec
001592r 1  A0 02        	ldy     #$02
001594r 1  F1 rr        	sbc     (sp),y
001596r 1  90 20        	bcc     L02F8
001598r 1  F0 1E        	beq     L02F8
00159Ar 1  C8           	iny
00159Br 1  B1 rr        	lda     (sp),y
00159Dr 1  20 rr rr     	jsr     pusha0
0015A0r 1  A9 0E        	lda     #$0E
0015A2r 1  20 rr rr     	jsr     tosmula0
0015A5r 1  18           	clc
0015A6r 1  69 rr        	adc     #<(_windows)
0015A8r 1  85 rr        	sta     ptr1
0015AAr 1  8A           	txa
0015ABr 1  69 rr        	adc     #>(_windows)
0015ADr 1  85 rr        	sta     ptr1+1
0015AFr 1  A0 07        	ldy     #$07
0015B1r 1  B1 rr        	lda     (ptr1),y
0015B3r 1  38           	sec
0015B4r 1  E9 01        	sbc     #$01
0015B6r 1  91 rr        	sta     (ptr1),y
0015B8r 1  A0 03        L02F8:	ldy     #$03
0015BAr 1  18           	clc
0015BBr 1  A9 01        	lda     #$01
0015BDr 1  71 rr        	adc     (sp),y
0015BFr 1  4C rr rr     	jmp     L0749
0015C2r 1  AD rr rr     L02F7:	lda     _active_count
0015C5r 1  A0 07        	ldy     #$07
0015C7r 1  91 rr        	sta     (regbank+4),y
0015C9r 1  A2 00        	ldx     #$00
0015CBr 1  A9 01        	lda     #$01
0015CDr 1  48           L02EB:	pha
0015CEr 1  A1 rr        	lda     (sp,x)
0015D0r 1  85 rr        	sta     regbank+4
0015D2r 1  A0 01        	ldy     #$01
0015D4r 1  B1 rr        	lda     (sp),y
0015D6r 1  85 rr        	sta     regbank+5
0015D8r 1  68           	pla
0015D9r 1  4C rr rr     	jmp     incsp5
0015DCr 1               
0015DCr 1               .endproc
0015DCr 1               
0015DCr 1               ; ---------------------------------------------------------------
0015DCr 1               ; unsigned char __near__ top_window_at (unsigned int, unsigned char)
0015DCr 1               ; ---------------------------------------------------------------
0015DCr 1               
0015DCr 1               .segment	"CODE"
0015DCr 1               
0015DCr 1               .proc	_top_window_at: near
0015DCr 1               
0015DCr 1               .segment	"CODE"
0015DCr 1               
0015DCr 1  20 rr rr     	jsr     pusha
0015DFr 1  20 rr rr     	jsr     decsp3
0015E2r 1  A9 00        	lda     #$00
0015E4r 1  A0 01        	ldy     #$01
0015E6r 1  91 rr        	sta     (sp),y
0015E8r 1  88           	dey
0015E9r 1  91 rr        	sta     (sp),y
0015EBr 1  A0 02        	ldy     #$02
0015EDr 1  91 rr        L0750:	sta     (sp),y
0015EFr 1  C9 04        	cmp     #$04
0015F1r 1  90 03 4C rr  	jcs     L030C
0015F5r 1  rr           
0015F6r 1  B1 rr        	lda     (sp),y
0015F8r 1  20 rr rr     	jsr     pusha0
0015FBr 1  A9 0E        	lda     #$0E
0015FDr 1  20 rr rr     	jsr     tosmula0
001600r 1  18           	clc
001601r 1  69 rr        	adc     #<(_windows)
001603r 1  85 rr        	sta     ptr1
001605r 1  8A           	txa
001606r 1  69 rr        	adc     #>(_windows)
001608r 1  85 rr        	sta     ptr1+1
00160Ar 1  A0 07        	ldy     #$07
00160Cr 1  B1 rr        	lda     (ptr1),y
00160Er 1  D0 03 4C rr  	jeq     L030D
001612r 1  rr           
001613r 1  A0 02        	ldy     #$02
001615r 1  B1 rr        	lda     (sp),y
001617r 1  20 rr rr     	jsr     pusha0
00161Ar 1  A9 0E        	lda     #$0E
00161Cr 1  20 rr rr     	jsr     tosmula0
00161Fr 1  85 rr        	sta     ptr1
001621r 1  8A           	txa
001622r 1  18           	clc
001623r 1  69 rr        	adc     #>(_windows)
001625r 1  85 rr        	sta     ptr1+1
001627r 1  A0 rr        	ldy     #<(_windows)
001629r 1  B1 rr        	lda     (ptr1),y
00162Br 1  29 01        	and     #$01
00162Dr 1  D0 03 4C rr  	jeq     L030D
001631r 1  rr           
001632r 1  20 rr rr     	jsr     decsp3
001635r 1  A0 08        	ldy     #$08
001637r 1  B1 rr        	lda     (sp),y
001639r 1  AA           	tax
00163Ar 1  88           	dey
00163Br 1  B1 rr        	lda     (sp),y
00163Dr 1  A0 01        	ldy     #$01
00163Fr 1  91 rr        	sta     (sp),y
001641r 1  C8           	iny
001642r 1  8A           	txa
001643r 1  91 rr        	sta     (sp),y
001645r 1  A0 06        	ldy     #$06
001647r 1  B1 rr        	lda     (sp),y
001649r 1  A0 00        	ldy     #$00
00164Br 1  91 rr        	sta     (sp),y
00164Dr 1  A0 05        	ldy     #$05
00164Fr 1  B1 rr        	lda     (sp),y
001651r 1  20 rr rr     	jsr     pusha0
001654r 1  A9 0E        	lda     #$0E
001656r 1  20 rr rr     	jsr     tosmula0
001659r 1  18           	clc
00165Ar 1  69 rr        	adc     #<(_windows)
00165Cr 1  A8           	tay
00165Dr 1  8A           	txa
00165Er 1  69 rr        	adc     #>(_windows)
001660r 1  AA           	tax
001661r 1  98           	tya
001662r 1  20 rr rr     	jsr     _point_inside
001665r 1  C9 00        	cmp     #$00
001667r 1  F0 4C        	beq     L030D
001669r 1  A0 01        	ldy     #$01
00166Br 1  B1 rr        	lda     (sp),y
00166Dr 1  F0 1F        	beq     L0755
00166Fr 1  C8           	iny
001670r 1  B1 rr        	lda     (sp),y
001672r 1  20 rr rr     	jsr     pusha0
001675r 1  A9 0E        	lda     #$0E
001677r 1  20 rr rr     	jsr     tosmula0
00167Ar 1  18           	clc
00167Br 1  69 rr        	adc     #<(_windows)
00167Dr 1  85 rr        	sta     ptr1
00167Fr 1  8A           	txa
001680r 1  69 rr        	adc     #>(_windows)
001682r 1  85 rr        	sta     ptr1+1
001684r 1  A0 07        	ldy     #$07
001686r 1  B1 rr        	lda     (ptr1),y
001688r 1  A0 00        	ldy     #$00
00168Ar 1  D1 rr        	cmp     (sp),y
00168Cr 1  90 27        	bcc     L030D
00168Er 1  A0 02        L0755:	ldy     #$02
001690r 1  B1 rr        	lda     (sp),y
001692r 1  18           	clc
001693r 1  69 01        	adc     #$01
001695r 1  88           	dey
001696r 1  91 rr        	sta     (sp),y
001698r 1  C8           	iny
001699r 1  B1 rr        	lda     (sp),y
00169Br 1  20 rr rr     	jsr     pusha0
00169Er 1  A9 0E        	lda     #$0E
0016A0r 1  20 rr rr     	jsr     tosmula0
0016A3r 1  18           	clc
0016A4r 1  69 rr        	adc     #<(_windows)
0016A6r 1  85 rr        	sta     ptr1
0016A8r 1  8A           	txa
0016A9r 1  69 rr        	adc     #>(_windows)
0016ABr 1  85 rr        	sta     ptr1+1
0016ADr 1  A0 07        	ldy     #$07
0016AFr 1  B1 rr        	lda     (ptr1),y
0016B1r 1  A0 00        	ldy     #$00
0016B3r 1  91 rr        	sta     (sp),y
0016B5r 1  A0 02        L030D:	ldy     #$02
0016B7r 1  18           	clc
0016B8r 1  A9 01        	lda     #$01
0016BAr 1  71 rr        	adc     (sp),y
0016BCr 1  4C rr rr     	jmp     L0750
0016BFr 1  88           L030C:	dey
0016C0r 1  A2 00        	ldx     #$00
0016C2r 1  B1 rr        	lda     (sp),y
0016C4r 1  4C rr rr     	jmp     incsp6
0016C7r 1               
0016C7r 1               .endproc
0016C7r 1               
0016C7r 1               ; ---------------------------------------------------------------
0016C7r 1               ; unsigned char __near__ close_hit (unsigned int, unsigned char, register __near__ const struct udeks_window *)
0016C7r 1               ; ---------------------------------------------------------------
0016C7r 1               
0016C7r 1               .segment	"CODE"
0016C7r 1               
0016C7r 1               .proc	_close_hit: near
0016C7r 1               
0016C7r 1               .segment	"CODE"
0016C7r 1               
0016C7r 1  20 rr rr     	jsr     pushax
0016CAr 1  A0 00        	ldy     #$00
0016CCr 1  A2 04        	ldx     #$04
0016CEr 1  20 rr rr     	jsr     regswap2
0016D1r 1  20 rr rr     	jsr     decsp2
0016D4r 1  A0 00        	ldy     #$00
0016D6r 1  B1 rr        	lda     (regbank+4),y
0016D8r 1  29 04        	and     #$04
0016DAr 1  D0 03 4C rr  	jeq     L0758
0016DEr 1  rr           
0016DFr 1  A0 02        	ldy     #$02
0016E1r 1  B1 rr        	lda     (regbank+4),y
0016E3r 1  AA           	tax
0016E4r 1  88           	dey
0016E5r 1  B1 rr        	lda     (regbank+4),y
0016E7r 1  20 rr rr     	jsr     pushax
0016EAr 1  A0 05        	ldy     #$05
0016ECr 1  B1 rr        	lda     (regbank+4),y
0016EEr 1  AA           	tax
0016EFr 1  88           	dey
0016F0r 1  B1 rr        	lda     (regbank+4),y
0016F2r 1  20 rr rr     	jsr     tosaddax
0016F5r 1  38           	sec
0016F6r 1  E9 0C        	sbc     #$0C
0016F8r 1  B0 01        	bcs     L0332
0016FAr 1  CA           	dex
0016FBr 1  20 rr rr     L0332:	jsr     stax0sp
0016FEr 1  A0 06        	ldy     #$06
001700r 1  B1 rr        	lda     (sp),y
001702r 1  AA           	tax
001703r 1  88           	dey
001704r 1  B1 rr        	lda     (sp),y
001706r 1  A0 00        	ldy     #$00
001708r 1  D1 rr        	cmp     (sp),y
00170Ar 1  8A           	txa
00170Br 1  C8           	iny
00170Cr 1  F1 rr        	sbc     (sp),y
00170Er 1  A9 00        	lda     #$00
001710r 1  AA           	tax
001711r 1  90 50        	bcc     L032A
001713r 1  A0 08        	ldy     #$08
001715r 1  20 rr rr     	jsr     pushwysp
001718r 1  A0 03        	ldy     #$03
00171Ar 1  B1 rr        	lda     (sp),y
00171Cr 1  AA           	tax
00171Dr 1  88           	dey
00171Er 1  B1 rr        	lda     (sp),y
001720r 1  18           	clc
001721r 1  69 08        	adc     #$08
001723r 1  90 01        	bcc     L0335
001725r 1  E8           	inx
001726r 1  20 rr rr     L0335:	jsr     tosicmp
001729r 1  B0 2E        	bcs     L0334
00172Br 1  A0 04        	ldy     #$04
00172Dr 1  B1 rr        	lda     (sp),y
00172Fr 1  20 rr rr     	jsr     pusha0
001732r 1  A0 03        	ldy     #$03
001734r 1  B1 rr        	lda     (regbank+4),y
001736r 1  18           	clc
001737r 1  69 03        	adc     #$03
001739r 1  90 02        	bcc     L0336
00173Br 1  A2 01        	ldx     #$01
00173Dr 1  20 rr rr     L0336:	jsr     tosicmp
001740r 1  90 17        	bcc     L0334
001742r 1  A0 04        	ldy     #$04
001744r 1  B1 rr        	lda     (sp),y
001746r 1  20 rr rr     	jsr     pusha0
001749r 1  A0 03        	ldy     #$03
00174Br 1  B1 rr        	lda     (regbank+4),y
00174Dr 1  18           	clc
00174Er 1  69 0B        	adc     #$0B
001750r 1  90 02        	bcc     L0337
001752r 1  A2 01        	ldx     #$01
001754r 1  20 rr rr     L0337:	jsr     tosicmp
001757r 1  90 06        	bcc     L0333
001759r 1  A2 00        L0334:	ldx     #$00
00175Br 1  8A           	txa
00175Cr 1  4C rr rr     	jmp     L032A
00175Fr 1  A9 01        L0333:	lda     #$01
001761r 1  A2 00        L0758:	ldx     #$00
001763r 1  48           L032A:	pha
001764r 1  A0 02        	ldy     #$02
001766r 1  B1 rr        	lda     (sp),y
001768r 1  85 rr        	sta     regbank+4
00176Ar 1  C8           	iny
00176Br 1  B1 rr        	lda     (sp),y
00176Dr 1  85 rr        	sta     regbank+5
00176Fr 1  68           	pla
001770r 1  4C rr rr     	jmp     incsp7
001773r 1               
001773r 1               .endproc
001773r 1               
001773r 1               ; ---------------------------------------------------------------
001773r 1               ; unsigned char __near__ title_hit (unsigned int, unsigned char, register __near__ const struct udeks_window *)
001773r 1               ; ---------------------------------------------------------------
001773r 1               
001773r 1               .segment	"CODE"
001773r 1               
001773r 1               .proc	_title_hit: near
001773r 1               
001773r 1               .segment	"CODE"
001773r 1               
001773r 1  20 rr rr     	jsr     pushax
001776r 1  A0 00        	ldy     #$00
001778r 1  A2 04        	ldx     #$04
00177Ar 1  20 rr rr     	jsr     regswap2
00177Dr 1  A0 00        	ldy     #$00
00177Fr 1  B1 rr        	lda     (regbank+4),y
001781r 1  A2 00        	ldx     #$00
001783r 1  29 02        	and     #$02
001785r 1  F0 63        	beq     L075B
001787r 1  A0 06        	ldy     #$06
001789r 1  20 rr rr     	jsr     pushwysp
00178Cr 1  A0 02        	ldy     #$02
00178Er 1  B1 rr        	lda     (regbank+4),y
001790r 1  AA           	tax
001791r 1  88           	dey
001792r 1  B1 rr        	lda     (regbank+4),y
001794r 1  20 rr rr     	jsr     tosicmp
001797r 1  90 47        	bcc     L033D
001799r 1  A0 06        	ldy     #$06
00179Br 1  20 rr rr     	jsr     pushwysp
00179Er 1  A0 02        	ldy     #$02
0017A0r 1  B1 rr        	lda     (regbank+4),y
0017A2r 1  AA           	tax
0017A3r 1  88           	dey
0017A4r 1  B1 rr        	lda     (regbank+4),y
0017A6r 1  20 rr rr     	jsr     pushax
0017A9r 1  A0 05        	ldy     #$05
0017ABr 1  B1 rr        	lda     (regbank+4),y
0017ADr 1  AA           	tax
0017AEr 1  88           	dey
0017AFr 1  B1 rr        	lda     (regbank+4),y
0017B1r 1  20 rr rr     	jsr     tosaddax
0017B4r 1  20 rr rr     	jsr     tosicmp
0017B7r 1  B0 27        	bcs     L033D
0017B9r 1  A0 02        	ldy     #$02
0017BBr 1  B1 rr        	lda     (sp),y
0017BDr 1  20 rr rr     	jsr     pusha0
0017C0r 1  A0 03        	ldy     #$03
0017C2r 1  B1 rr        	lda     (regbank+4),y
0017C4r 1  20 rr rr     	jsr     tosicmp0
0017C7r 1  90 17        	bcc     L033D
0017C9r 1  A0 02        	ldy     #$02
0017CBr 1  B1 rr        	lda     (sp),y
0017CDr 1  20 rr rr     	jsr     pusha0
0017D0r 1  A0 03        	ldy     #$03
0017D2r 1  B1 rr        	lda     (regbank+4),y
0017D4r 1  18           	clc
0017D5r 1  69 0D        	adc     #$0D
0017D7r 1  90 02        	bcc     L033E
0017D9r 1  A2 01        	ldx     #$01
0017DBr 1  20 rr rr     L033E:	jsr     tosicmp
0017DEr 1  90 06        	bcc     L033A
0017E0r 1  A2 00        L033D:	ldx     #$00
0017E2r 1  8A           	txa
0017E3r 1  4C rr rr     	jmp     L075B
0017E6r 1  A9 01        L033A:	lda     #$01
0017E8r 1  A2 00        	ldx     #$00
0017EAr 1  48           L075B:	pha
0017EBr 1  A1 rr        	lda     (sp,x)
0017EDr 1  85 rr        	sta     regbank+4
0017EFr 1  A0 01        	ldy     #$01
0017F1r 1  B1 rr        	lda     (sp),y
0017F3r 1  85 rr        	sta     regbank+5
0017F5r 1  68           	pla
0017F6r 1  4C rr rr     	jmp     incsp5
0017F9r 1               
0017F9r 1               .endproc
0017F9r 1               
0017F9r 1               ; ---------------------------------------------------------------
0017F9r 1               ; unsigned char __near__ resize_hit (unsigned int, unsigned char, register __near__ const struct udeks_window *)
0017F9r 1               ; ---------------------------------------------------------------
0017F9r 1               
0017F9r 1               .segment	"CODE"
0017F9r 1               
0017F9r 1               .proc	_resize_hit: near
0017F9r 1               
0017F9r 1               .segment	"CODE"
0017F9r 1               
0017F9r 1  20 rr rr     	jsr     pushax
0017FCr 1  A0 00        	ldy     #$00
0017FEr 1  A2 04        	ldx     #$04
001800r 1  20 rr rr     	jsr     regswap2
001803r 1  A0 00        	ldy     #$00
001805r 1  B1 rr        	lda     (regbank+4),y
001807r 1  A2 00        	ldx     #$00
001809r 1  29 08        	and     #$08
00180Br 1  F0 52        	beq     L075F
00180Dr 1  A0 06        	ldy     #$06
00180Fr 1  20 rr rr     	jsr     pushwysp
001812r 1  A0 02        	ldy     #$02
001814r 1  B1 rr        	lda     (regbank+4),y
001816r 1  AA           	tax
001817r 1  88           	dey
001818r 1  B1 rr        	lda     (regbank+4),y
00181Ar 1  20 rr rr     	jsr     pushax
00181Dr 1  A0 05        	ldy     #$05
00181Fr 1  B1 rr        	lda     (regbank+4),y
001821r 1  AA           	tax
001822r 1  88           	dey
001823r 1  B1 rr        	lda     (regbank+4),y
001825r 1  20 rr rr     	jsr     tosaddax
001828r 1  38           	sec
001829r 1  E9 0A        	sbc     #$0A
00182Br 1  B0 01        	bcs     L0345
00182Dr 1  CA           	dex
00182Er 1  20 rr rr     L0345:	jsr     tosicmp
001831r 1  90 22        	bcc     L0344
001833r 1  A0 02        	ldy     #$02
001835r 1  B1 rr        	lda     (sp),y
001837r 1  20 rr rr     	jsr     pusha0
00183Ar 1  A0 03        	ldy     #$03
00183Cr 1  B1 rr        	lda     (regbank+4),y
00183Er 1  85 rr        	sta     ptr1
001840r 1  A0 06        	ldy     #$06
001842r 1  B1 rr        	lda     (regbank+4),y
001844r 1  18           	clc
001845r 1  65 rr        	adc     ptr1
001847r 1  90 01        	bcc     L075C
001849r 1  E8           	inx
00184Ar 1  38           L075C:	sec
00184Br 1  E9 0A        	sbc     #$0A
00184Dr 1  B0 01        	bcs     L0346
00184Fr 1  CA           	dex
001850r 1  20 rr rr     L0346:	jsr     tosicmp
001853r 1  B0 06        	bcs     L0341
001855r 1  A2 00        L0344:	ldx     #$00
001857r 1  8A           	txa
001858r 1  4C rr rr     	jmp     L075F
00185Br 1  A9 01        L0341:	lda     #$01
00185Dr 1  A2 00        	ldx     #$00
00185Fr 1  48           L075F:	pha
001860r 1  A1 rr        	lda     (sp,x)
001862r 1  85 rr        	sta     regbank+4
001864r 1  A0 01        	ldy     #$01
001866r 1  B1 rr        	lda     (sp),y
001868r 1  85 rr        	sta     regbank+5
00186Ar 1  68           	pla
00186Br 1  4C rr rr     	jmp     incsp5
00186Er 1               
00186Er 1               .endproc
00186Er 1               
00186Er 1               ; ---------------------------------------------------------------
00186Er 1               ; void __near__ begin_drag (unsigned char, unsigned int, unsigned char, unsigned char)
00186Er 1               ; ---------------------------------------------------------------
00186Er 1               
00186Er 1               .segment	"CODE"
00186Er 1               
00186Er 1               .proc	_begin_drag: near
00186Er 1               
00186Er 1               .segment	"CODE"
00186Er 1               
00186Er 1  20 rr rr     	jsr     pusha
001871r 1  A5 rr        	lda     regbank+4
001873r 1  A6 rr        	ldx     regbank+5
001875r 1  20 rr rr     	jsr     pushax
001878r 1  A0 06        	ldy     #$06
00187Ar 1  B1 rr        	lda     (sp),y
00187Cr 1  20 rr rr     	jsr     _window_by_handle
00187Fr 1  85 rr        	sta     regbank+4
001881r 1  86 rr        	stx     regbank+4+1
001883r 1  E0 00        	cpx     #$00
001885r 1  D0 07        	bne     L0763
001887r 1  C9 00        	cmp     #$00
001889r 1  D0 03 4C rr  	jeq     L0348
00188Dr 1  rr           
00188Er 1  A0 06        L0763:	ldy     #$06
001890r 1  B1 rr        	lda     (sp),y
001892r 1  8D rr rr     	sta     _dragging_handle
001895r 1  A0 02        	ldy     #$02
001897r 1  B1 rr        	lda     (sp),y
001899r 1  8D rr rr     	sta     _drag_mode
00189Cr 1  B1 rr        	lda     (sp),y
00189Er 1  C9 01        	cmp     #$01
0018A0r 1  D0 1B        	bne     L0353
0018A2r 1  AD rr rr     	lda     _cache_phase
0018A5r 1  C9 02        	cmp     #$02
0018A7r 1  D0 14        	bne     L0353
0018A9r 1  A0 06        	ldy     #$06
0018ABr 1  B1 rr        	lda     (sp),y
0018ADr 1  CD rr rr     	cmp     _cache_owner
0018B0r 1  D0 0B        	bne     L0353
0018B2r 1  AD rr rr     	lda     _drag_mode
0018B5r 1  09 80        	ora     #$80
0018B7r 1  8D rr rr     	sta     _drag_mode
0018BAr 1  4C rr rr     	jmp     L0359
0018BDr 1  20 rr rr     L0353:	jsr     _cache_invalidate
0018C0r 1  A0 07        L0359:	ldy     #$07
0018C2r 1  20 rr rr     	jsr     pushwysp
0018C5r 1  A0 02        	ldy     #$02
0018C7r 1  B1 rr        	lda     (regbank+4),y
0018C9r 1  AA           	tax
0018CAr 1  88           	dey
0018CBr 1  B1 rr        	lda     (regbank+4),y
0018CDr 1  20 rr rr     	jsr     tossubax
0018D0r 1  8D rr rr     	sta     _drag_pointer_x
0018D3r 1  8E rr rr     	stx     _drag_pointer_x+1
0018D6r 1  A0 03        	ldy     #$03
0018D8r 1  B1 rr        	lda     (sp),y
0018DAr 1  20 rr rr     	jsr     pusha0
0018DDr 1  A0 03        	ldy     #$03
0018DFr 1  B1 rr        	lda     (regbank+4),y
0018E1r 1  20 rr rr     	jsr     tossuba0
0018E4r 1  8D rr rr     	sta     _drag_pointer_y
0018E7r 1  A0 02        	ldy     #$02
0018E9r 1  B1 rr        	lda     (regbank+4),y
0018EBr 1  8D rr rr     	sta     _drag_x+1
0018EEr 1  88           	dey
0018EFr 1  B1 rr        	lda     (regbank+4),y
0018F1r 1  8D rr rr     	sta     _drag_x
0018F4r 1  A0 03        	ldy     #$03
0018F6r 1  B1 rr        	lda     (regbank+4),y
0018F8r 1  8D rr rr     	sta     _drag_y
0018FBr 1  A0 05        	ldy     #$05
0018FDr 1  B1 rr        	lda     (regbank+4),y
0018FFr 1  8D rr rr     	sta     _drag_width+1
001902r 1  88           	dey
001903r 1  B1 rr        	lda     (regbank+4),y
001905r 1  8D rr rr     	sta     _drag_width
001908r 1  A0 06        	ldy     #$06
00190Ar 1  B1 rr        	lda     (regbank+4),y
00190Cr 1  8D rr rr     	sta     _drag_height
00190Fr 1  A5 rr        	lda     regbank+4
001911r 1  A6 rr        	ldx     regbank+4+1
001913r 1  20 rr rr     	jsr     _damage_set
001916r 1  A9 FF        	lda     #$FF
001918r 1  20 rr rr     	jsr     _compose_damage
00191Br 1  20 rr rr     	jsr     decsp5
00191Er 1  AD rr rr     	lda     _drag_x
001921r 1  A0 03        	ldy     #$03
001923r 1  91 rr        	sta     (sp),y
001925r 1  C8           	iny
001926r 1  AD rr rr     	lda     _drag_x+1
001929r 1  91 rr        	sta     (sp),y
00192Br 1  AD rr rr     	lda     _drag_y
00192Er 1  A0 02        	ldy     #$02
001930r 1  91 rr        	sta     (sp),y
001932r 1  A0 05        	ldy     #$05
001934r 1  B1 rr        	lda     (regbank+4),y
001936r 1  AA           	tax
001937r 1  88           	dey
001938r 1  B1 rr        	lda     (regbank+4),y
00193Ar 1  A0 00        	ldy     #$00
00193Cr 1  91 rr        	sta     (sp),y
00193Er 1  C8           	iny
00193Fr 1  8A           	txa
001940r 1  91 rr        	sta     (sp),y
001942r 1  A0 06        	ldy     #$06
001944r 1  B1 rr        	lda     (regbank+4),y
001946r 1  20 rr rr     	jsr     _udeks_vic_bitmap_outline_toggle
001949r 1  A9 18        	lda     #$18
00194Br 1  20 rr rr     	jsr     _increment_counter
00194Er 1  A0 00        L0348:	ldy     #$00
001950r 1  B1 rr        	lda     (sp),y
001952r 1  85 rr        	sta     regbank+4
001954r 1  C8           	iny
001955r 1  B1 rr        	lda     (sp),y
001957r 1  85 rr        	sta     regbank+5
001959r 1  4C rr rr     	jmp     incsp7
00195Cr 1               
00195Cr 1               .endproc
00195Cr 1               
00195Cr 1               ; ---------------------------------------------------------------
00195Cr 1               ; void __near__ move_drag (unsigned int, unsigned char)
00195Cr 1               ; ---------------------------------------------------------------
00195Cr 1               
00195Cr 1               .segment	"CODE"
00195Cr 1               
00195Cr 1               .proc	_move_drag: near
00195Cr 1               
00195Cr 1               .segment	"CODE"
00195Cr 1               
00195Cr 1  20 rr rr     	jsr     pusha
00195Fr 1  A5 rr        	lda     regbank+4
001961r 1  A6 rr        	ldx     regbank+5
001963r 1  20 rr rr     	jsr     pushax
001966r 1  20 rr rr     	jsr     decsp3
001969r 1  AD rr rr     	lda     _dragging_handle
00196Cr 1  20 rr rr     	jsr     _window_by_handle
00196Fr 1  85 rr        	sta     regbank+4
001971r 1  86 rr        	stx     regbank+4+1
001973r 1  E0 00        	cpx     #$00
001975r 1  D0 0A        	bne     L0377
001977r 1  C9 00        	cmp     #$00
001979r 1  D0 06        	bne     L0377
00197Br 1  8D rr rr     	sta     _dragging_handle
00197Er 1  4C rr rr     	jmp     L0373
001981r 1  A0 07        L0377:	ldy     #$07
001983r 1  B1 rr        	lda     (sp),y
001985r 1  AA           	tax
001986r 1  88           	dey
001987r 1  B1 rr        	lda     (sp),y
001989r 1  38           	sec
00198Ar 1  ED rr rr     	sbc     _drag_pointer_x
00198Dr 1  85 rr        	sta     tmp1
00198Fr 1  8A           	txa
001990r 1  ED rr rr     	sbc     _drag_pointer_x+1
001993r 1  05 rr        	ora     tmp1
001995r 1  90 17        	bcc     L037E
001997r 1  F0 15        	beq     L037E
001999r 1  C8           	iny
00199Ar 1  B1 rr        	lda     (sp),y
00199Cr 1  AA           	tax
00199Dr 1  88           	dey
00199Er 1  B1 rr        	lda     (sp),y
0019A0r 1  38           	sec
0019A1r 1  ED rr rr     	sbc     _drag_pointer_x
0019A4r 1  48           	pha
0019A5r 1  8A           	txa
0019A6r 1  ED rr rr     	sbc     _drag_pointer_x+1
0019A9r 1  AA           	tax
0019AAr 1  68           	pla
0019ABr 1  4C rr rr     	jmp     L0380
0019AEr 1  A2 00        L037E:	ldx     #$00
0019B0r 1  8A           	txa
0019B1r 1  A0 01        L0380:	ldy     #$01
0019B3r 1  20 rr rr     	jsr     staxysp
0019B6r 1  A0 05        	ldy     #$05
0019B8r 1  B1 rr        	lda     (sp),y
0019BAr 1  38           	sec
0019BBr 1  ED rr rr     	sbc     _drag_pointer_y
0019BEr 1  90 0B        	bcc     L0766
0019C0r 1  F0 09        	beq     L0766
0019C2r 1  B1 rr        	lda     (sp),y
0019C4r 1  38           	sec
0019C5r 1  ED rr rr     	sbc     _drag_pointer_y
0019C8r 1  4C rr rr     	jmp     L0767
0019CBr 1  A9 00        L0766:	lda     #$00
0019CDr 1  A0 00        L0767:	ldy     #$00
0019CFr 1  91 rr        	sta     (sp),y
0019D1r 1  A0 04        	ldy     #$04
0019D3r 1  20 rr rr     	jsr     pushwysp
0019D6r 1  A2 01        	ldx     #$01
0019D8r 1  A9 40        	lda     #$40
0019DAr 1  20 rr rr     	jsr     pushax
0019DDr 1  A0 05        	ldy     #$05
0019DFr 1  B1 rr        	lda     (regbank+4),y
0019E1r 1  AA           	tax
0019E2r 1  88           	dey
0019E3r 1  B1 rr        	lda     (regbank+4),y
0019E5r 1  20 rr rr     	jsr     tossubax
0019E8r 1  20 rr rr     	jsr     tosicmp
0019EBr 1  90 19        	bcc     L0389
0019EDr 1  F0 17        	beq     L0389
0019EFr 1  A2 01        	ldx     #$01
0019F1r 1  A9 40        	lda     #$40
0019F3r 1  20 rr rr     	jsr     pushax
0019F6r 1  A0 05        	ldy     #$05
0019F8r 1  B1 rr        	lda     (regbank+4),y
0019FAr 1  AA           	tax
0019FBr 1  88           	dey
0019FCr 1  B1 rr        	lda     (regbank+4),y
0019FEr 1  20 rr rr     	jsr     tossubax
001A01r 1  A0 01        	ldy     #$01
001A03r 1  20 rr rr     	jsr     staxysp
001A06r 1  A2 00        L0389:	ldx     #$00
001A08r 1  A1 rr        	lda     (sp,x)
001A0Ar 1  20 rr rr     	jsr     pusha0
001A0Dr 1  A9 C8        	lda     #$C8
001A0Fr 1  20 rr rr     	jsr     pusha0
001A12r 1  A0 06        	ldy     #$06
001A14r 1  B1 rr        	lda     (regbank+4),y
001A16r 1  20 rr rr     	jsr     tossuba0
001A19r 1  20 rr rr     	jsr     tosicmp
001A1Cr 1  90 12        	bcc     L038D
001A1Er 1  F0 10        	beq     L038D
001A20r 1  A9 C8        	lda     #$C8
001A22r 1  20 rr rr     	jsr     pusha0
001A25r 1  A0 06        	ldy     #$06
001A27r 1  B1 rr        	lda     (regbank+4),y
001A29r 1  20 rr rr     	jsr     tossuba0
001A2Cr 1  A0 00        	ldy     #$00
001A2Er 1  91 rr        	sta     (sp),y
001A30r 1  A0 02        L038D:	ldy     #$02
001A32r 1  B1 rr        	lda     (sp),y
001A34r 1  AA           	tax
001A35r 1  88           	dey
001A36r 1  B1 rr        	lda     (sp),y
001A38r 1  EC rr rr     	cpx     _drag_x+1
001A3Br 1  D0 0D        	bne     L0391
001A3Dr 1  CD rr rr     	cmp     _drag_x
001A40r 1  D0 08        	bne     L0391
001A42r 1  88           	dey
001A43r 1  B1 rr        	lda     (sp),y
001A45r 1  CD rr rr     	cmp     _drag_y
001A48r 1  F0 61        	beq     L0373
001A4Ar 1  20 rr rr     L0391:	jsr     _udeks_vic_bitmap_reset_clip
001A4Dr 1  20 rr rr     	jsr     decsp8
001A50r 1  AD rr rr     	lda     _drag_x
001A53r 1  A0 06        	ldy     #$06
001A55r 1  91 rr        	sta     (sp),y
001A57r 1  C8           	iny
001A58r 1  AD rr rr     	lda     _drag_x+1
001A5Br 1  91 rr        	sta     (sp),y
001A5Dr 1  AD rr rr     	lda     _drag_y
001A60r 1  A0 05        	ldy     #$05
001A62r 1  91 rr        	sta     (sp),y
001A64r 1  A0 0A        	ldy     #$0A
001A66r 1  B1 rr        	lda     (sp),y
001A68r 1  AA           	tax
001A69r 1  88           	dey
001A6Ar 1  B1 rr        	lda     (sp),y
001A6Cr 1  A0 03        	ldy     #$03
001A6Er 1  91 rr        	sta     (sp),y
001A70r 1  C8           	iny
001A71r 1  8A           	txa
001A72r 1  91 rr        	sta     (sp),y
001A74r 1  A0 08        	ldy     #$08
001A76r 1  B1 rr        	lda     (sp),y
001A78r 1  A0 02        	ldy     #$02
001A7Ar 1  91 rr        	sta     (sp),y
001A7Cr 1  A0 05        	ldy     #$05
001A7Er 1  B1 rr        	lda     (regbank+4),y
001A80r 1  AA           	tax
001A81r 1  88           	dey
001A82r 1  B1 rr        	lda     (regbank+4),y
001A84r 1  A0 00        	ldy     #$00
001A86r 1  91 rr        	sta     (sp),y
001A88r 1  C8           	iny
001A89r 1  8A           	txa
001A8Ar 1  91 rr        	sta     (sp),y
001A8Cr 1  A0 06        	ldy     #$06
001A8Er 1  B1 rr        	lda     (regbank+4),y
001A90r 1  20 rr rr     	jsr     _udeks_vic_bitmap_outline_move
001A93r 1  A0 02        	ldy     #$02
001A95r 1  B1 rr        	lda     (sp),y
001A97r 1  8D rr rr     	sta     _drag_x+1
001A9Ar 1  88           	dey
001A9Br 1  B1 rr        	lda     (sp),y
001A9Dr 1  8D rr rr     	sta     _drag_x
001AA0r 1  88           	dey
001AA1r 1  B1 rr        	lda     (sp),y
001AA3r 1  8D rr rr     	sta     _drag_y
001AA6r 1  A9 16        	lda     #$16
001AA8r 1  20 rr rr     	jsr     _increment_counter
001AABr 1  A0 03        L0373:	ldy     #$03
001AADr 1  B1 rr        	lda     (sp),y
001AAFr 1  85 rr        	sta     regbank+4
001AB1r 1  C8           	iny
001AB2r 1  B1 rr        	lda     (sp),y
001AB4r 1  85 rr        	sta     regbank+5
001AB6r 1  4C rr rr     	jmp     incsp8
001AB9r 1               
001AB9r 1               .endproc
001AB9r 1               
001AB9r 1               ; ---------------------------------------------------------------
001AB9r 1               ; void __near__ resize_drag (unsigned int, unsigned char)
001AB9r 1               ; ---------------------------------------------------------------
001AB9r 1               
001AB9r 1               .segment	"CODE"
001AB9r 1               
001AB9r 1               .proc	_resize_drag: near
001AB9r 1               
001AB9r 1               .segment	"CODE"
001AB9r 1               
001AB9r 1  20 rr rr     	jsr     pusha
001ABCr 1  20 rr rr     	jsr     decsp3
001ABFr 1  A0 05        	ldy     #$05
001AC1r 1  B1 rr        	lda     (sp),y
001AC3r 1  AA           	tax
001AC4r 1  88           	dey
001AC5r 1  B1 rr        	lda     (sp),y
001AC7r 1  38           	sec
001AC8r 1  ED rr rr     	sbc     _drag_x
001ACBr 1  85 rr        	sta     tmp1
001ACDr 1  8A           	txa
001ACEr 1  ED rr rr     	sbc     _drag_x+1
001AD1r 1  05 rr        	ora     tmp1
001AD3r 1  90 1D        	bcc     L03A6
001AD5r 1  F0 1B        	beq     L03A6
001AD7r 1  C8           	iny
001AD8r 1  B1 rr        	lda     (sp),y
001ADAr 1  AA           	tax
001ADBr 1  88           	dey
001ADCr 1  B1 rr        	lda     (sp),y
001ADEr 1  38           	sec
001ADFr 1  ED rr rr     	sbc     _drag_x
001AE2r 1  48           	pha
001AE3r 1  8A           	txa
001AE4r 1  ED rr rr     	sbc     _drag_x+1
001AE7r 1  AA           	tax
001AE8r 1  68           	pla
001AE9r 1  18           	clc
001AEAr 1  69 01        	adc     #$01
001AECr 1  90 08        	bcc     L03A9
001AEEr 1  E8           	inx
001AEFr 1  4C rr rr     	jmp     L03A9
001AF2r 1  A2 00        L03A6:	ldx     #$00
001AF4r 1  A9 30        	lda     #$30
001AF6r 1  A0 01        L03A9:	ldy     #$01
001AF8r 1  20 rr rr     	jsr     staxysp
001AFBr 1  A0 03        	ldy     #$03
001AFDr 1  B1 rr        	lda     (sp),y
001AFFr 1  38           	sec
001B00r 1  ED rr rr     	sbc     _drag_y
001B03r 1  90 0E        	bcc     L076B
001B05r 1  F0 0C        	beq     L076B
001B07r 1  B1 rr        	lda     (sp),y
001B09r 1  38           	sec
001B0Ar 1  ED rr rr     	sbc     _drag_y
001B0Dr 1  18           	clc
001B0Er 1  69 01        	adc     #$01
001B10r 1  4C rr rr     	jmp     L076C
001B13r 1  A9 30        L076B:	lda     #$30
001B15r 1  A0 00        L076C:	ldy     #$00
001B17r 1  91 rr        	sta     (sp),y
001B19r 1  A0 02        	ldy     #$02
001B1Br 1  B1 rr        	lda     (sp),y
001B1Dr 1  C9 00        	cmp     #$00
001B1Fr 1  D0 05        	bne     L03B5
001B21r 1  88           	dey
001B22r 1  B1 rr        	lda     (sp),y
001B24r 1  C9 30        	cmp     #$30
001B26r 1  B0 0B        L03B5:	bcs     L03B3
001B28r 1  A0 01        	ldy     #$01
001B2Ar 1  A9 30        	lda     #$30
001B2Cr 1  91 rr        	sta     (sp),y
001B2Er 1  A9 00        	lda     #$00
001B30r 1  C8           	iny
001B31r 1  91 rr        	sta     (sp),y
001B33r 1  A0 00        L03B3:	ldy     #$00
001B35r 1  B1 rr        	lda     (sp),y
001B37r 1  C9 30        	cmp     #$30
001B39r 1  B0 04        	bcs     L03B8
001B3Br 1  A9 30        	lda     #$30
001B3Dr 1  91 rr        	sta     (sp),y
001B3Fr 1  A0 04        L03B8:	ldy     #$04
001B41r 1  20 rr rr     	jsr     pushwysp
001B44r 1  A9 40        	lda     #$40
001B46r 1  38           	sec
001B47r 1  ED rr rr     	sbc     _drag_x
001B4Ar 1  48           	pha
001B4Br 1  A9 01        	lda     #$01
001B4Dr 1  ED rr rr     	sbc     _drag_x+1
001B50r 1  AA           	tax
001B51r 1  68           	pla
001B52r 1  20 rr rr     	jsr     tosicmp
001B55r 1  90 15        	bcc     L03BC
001B57r 1  F0 13        	beq     L03BC
001B59r 1  A9 40        	lda     #$40
001B5Br 1  38           	sec
001B5Cr 1  ED rr rr     	sbc     _drag_x
001B5Fr 1  48           	pha
001B60r 1  A9 01        	lda     #$01
001B62r 1  ED rr rr     	sbc     _drag_x+1
001B65r 1  AA           	tax
001B66r 1  68           	pla
001B67r 1  A0 01        	ldy     #$01
001B69r 1  20 rr rr     	jsr     staxysp
001B6Cr 1  A2 00        L03BC:	ldx     #$00
001B6Er 1  A1 rr        	lda     (sp,x)
001B70r 1  20 rr rr     	jsr     pusha0
001B73r 1  A9 C8        	lda     #$C8
001B75r 1  38           	sec
001B76r 1  ED rr rr     	sbc     _drag_y
001B79r 1  20 rr rr     	jsr     tosicmp0
001B7Cr 1  90 0C        	bcc     L03C0
001B7Er 1  F0 0A        	beq     L03C0
001B80r 1  A9 C8        	lda     #$C8
001B82r 1  38           	sec
001B83r 1  ED rr rr     	sbc     _drag_y
001B86r 1  A0 00        	ldy     #$00
001B88r 1  91 rr        	sta     (sp),y
001B8Ar 1  A0 02        L03C0:	ldy     #$02
001B8Cr 1  B1 rr        	lda     (sp),y
001B8Er 1  AA           	tax
001B8Fr 1  88           	dey
001B90r 1  B1 rr        	lda     (sp),y
001B92r 1  EC rr rr     	cpx     _drag_width+1
001B95r 1  D0 0D        	bne     L03C5
001B97r 1  CD rr rr     	cmp     _drag_width
001B9Ar 1  D0 08        	bne     L03C5
001B9Cr 1  88           	dey
001B9Dr 1  B1 rr        	lda     (sp),y
001B9Fr 1  CD rr rr     	cmp     _drag_height
001BA2r 1  F0 73        	beq     L03A3
001BA4r 1  20 rr rr     L03C5:	jsr     _udeks_vic_bitmap_reset_clip
001BA7r 1  20 rr rr     	jsr     decsp5
001BAAr 1  AD rr rr     	lda     _drag_x
001BADr 1  A0 03        	ldy     #$03
001BAFr 1  91 rr        	sta     (sp),y
001BB1r 1  C8           	iny
001BB2r 1  AD rr rr     	lda     _drag_x+1
001BB5r 1  91 rr        	sta     (sp),y
001BB7r 1  AD rr rr     	lda     _drag_y
001BBAr 1  A0 02        	ldy     #$02
001BBCr 1  91 rr        	sta     (sp),y
001BBEr 1  AD rr rr     	lda     _drag_width
001BC1r 1  A0 00        	ldy     #$00
001BC3r 1  91 rr        	sta     (sp),y
001BC5r 1  C8           	iny
001BC6r 1  AD rr rr     	lda     _drag_width+1
001BC9r 1  91 rr        	sta     (sp),y
001BCBr 1  AD rr rr     	lda     _drag_height
001BCEr 1  20 rr rr     	jsr     _udeks_vic_bitmap_outline_toggle
001BD1r 1  20 rr rr     	jsr     decsp5
001BD4r 1  AD rr rr     	lda     _drag_x
001BD7r 1  A0 03        	ldy     #$03
001BD9r 1  91 rr        	sta     (sp),y
001BDBr 1  C8           	iny
001BDCr 1  AD rr rr     	lda     _drag_x+1
001BDFr 1  91 rr        	sta     (sp),y
001BE1r 1  AD rr rr     	lda     _drag_y
001BE4r 1  A0 02        	ldy     #$02
001BE6r 1  91 rr        	sta     (sp),y
001BE8r 1  A0 07        	ldy     #$07
001BEAr 1  B1 rr        	lda     (sp),y
001BECr 1  AA           	tax
001BEDr 1  88           	dey
001BEEr 1  B1 rr        	lda     (sp),y
001BF0r 1  A0 00        	ldy     #$00
001BF2r 1  91 rr        	sta     (sp),y
001BF4r 1  C8           	iny
001BF5r 1  8A           	txa
001BF6r 1  91 rr        	sta     (sp),y
001BF8r 1  A0 05        	ldy     #$05
001BFAr 1  B1 rr        	lda     (sp),y
001BFCr 1  20 rr rr     	jsr     _udeks_vic_bitmap_outline_toggle
001BFFr 1  A0 02        	ldy     #$02
001C01r 1  B1 rr        	lda     (sp),y
001C03r 1  8D rr rr     	sta     _drag_width+1
001C06r 1  88           	dey
001C07r 1  B1 rr        	lda     (sp),y
001C09r 1  8D rr rr     	sta     _drag_width
001C0Cr 1  88           	dey
001C0Dr 1  B1 rr        	lda     (sp),y
001C0Fr 1  8D rr rr     	sta     _drag_height
001C12r 1  A9 16        	lda     #$16
001C14r 1  20 rr rr     	jsr     _increment_counter
001C17r 1  4C rr rr     L03A3:	jmp     incsp6
001C1Ar 1               
001C1Ar 1               .endproc
001C1Ar 1               
001C1Ar 1               ; ---------------------------------------------------------------
001C1Ar 1               ; void __near__ finish_drag (void)
001C1Ar 1               ; ---------------------------------------------------------------
001C1Ar 1               
001C1Ar 1               .segment	"CODE"
001C1Ar 1               
001C1Ar 1               .proc	_finish_drag: near
001C1Ar 1               
001C1Ar 1               .segment	"CODE"
001C1Ar 1               
001C1Ar 1  A5 rr        	lda     regbank+4
001C1Cr 1  A6 rr        	ldx     regbank+5
001C1Er 1  20 rr rr     	jsr     pushax
001C21r 1  20 rr rr     	jsr     decsp1
001C24r 1  AD rr rr     	lda     _dragging_handle
001C27r 1  A0 00        	ldy     #$00
001C29r 1  91 rr        	sta     (sp),y
001C2Br 1  20 rr rr     	jsr     _window_by_handle
001C2Er 1  85 rr        	sta     regbank+4
001C30r 1  86 rr        	stx     regbank+4+1
001C32r 1  E0 00        	cpx     #$00
001C34r 1  D0 0A        	bne     L03E0
001C36r 1  C9 00        	cmp     #$00
001C38r 1  D0 06        	bne     L03E0
001C3Ar 1  8D rr rr     	sta     _dragging_handle
001C3Dr 1  4C rr rr     	jmp     L03DA
001C40r 1  20 rr rr     L03E0:	jsr     _udeks_vic_bitmap_reset_clip
001C43r 1  20 rr rr     	jsr     decsp5
001C46r 1  AD rr rr     	lda     _drag_x
001C49r 1  A0 03        	ldy     #$03
001C4Br 1  91 rr        	sta     (sp),y
001C4Dr 1  C8           	iny
001C4Er 1  AD rr rr     	lda     _drag_x+1
001C51r 1  91 rr        	sta     (sp),y
001C53r 1  AD rr rr     	lda     _drag_y
001C56r 1  A0 02        	ldy     #$02
001C58r 1  91 rr        	sta     (sp),y
001C5Ar 1  AD rr rr     	lda     _drag_width
001C5Dr 1  A0 00        	ldy     #$00
001C5Fr 1  91 rr        	sta     (sp),y
001C61r 1  C8           	iny
001C62r 1  AD rr rr     	lda     _drag_width+1
001C65r 1  91 rr        	sta     (sp),y
001C67r 1  AD rr rr     	lda     _drag_height
001C6Ar 1  20 rr rr     	jsr     _udeks_vic_bitmap_outline_toggle
001C6Dr 1  A5 rr        	lda     regbank+4
001C6Fr 1  A6 rr        	ldx     regbank+4+1
001C71r 1  20 rr rr     	jsr     _damage_set
001C74r 1  AD rr rr     	lda     _drag_x
001C77r 1  A0 01        	ldy     #$01
001C79r 1  91 rr        	sta     (regbank+4),y
001C7Br 1  C8           	iny
001C7Cr 1  AD rr rr     	lda     _drag_x+1
001C7Fr 1  91 rr        	sta     (regbank+4),y
001C81r 1  AD rr rr     	lda     _drag_y
001C84r 1  C8           	iny
001C85r 1  91 rr        	sta     (regbank+4),y
001C87r 1  AD rr rr     	lda     _drag_width
001C8Ar 1  C8           	iny
001C8Br 1  91 rr        	sta     (regbank+4),y
001C8Dr 1  C8           	iny
001C8Er 1  AD rr rr     	lda     _drag_width+1
001C91r 1  91 rr        	sta     (regbank+4),y
001C93r 1  AD rr rr     	lda     _drag_height
001C96r 1  C8           	iny
001C97r 1  91 rr        	sta     (regbank+4),y
001C99r 1  A5 rr        	lda     regbank+4
001C9Br 1  A6 rr        	ldx     regbank+4+1
001C9Dr 1  20 rr rr     	jsr     _damage_add
001CA0r 1  A9 00        	lda     #$00
001CA2r 1  8D rr rr     	sta     _dragging_handle
001CA5r 1  AD rr rr     	lda     _drag_mode
001CA8r 1  29 80        	and     #$80
001CAAr 1  F0 0A        	beq     L076F
001CACr 1  A0 00        	ldy     #$00
001CAEr 1  B1 rr        	lda     (sp),y
001CB0r 1  20 rr rr     	jsr     _cache_paint_image
001CB3r 1  4C rr rr     	jmp     L03FF
001CB6r 1  8D rr rr     L076F:	sta     _drag_mode
001CB9r 1  20 rr rr     	jsr     _compose_damage
001CBCr 1  20 rr rr     L03FF:	jsr     _udeks_pointer_resynchronize
001CBFr 1  A9 1A        	lda     #$1A
001CC1r 1  20 rr rr     	jsr     _increment_counter
001CC4r 1  A0 01        L03DA:	ldy     #$01
001CC6r 1  B1 rr        	lda     (sp),y
001CC8r 1  85 rr        	sta     regbank+4
001CCAr 1  C8           	iny
001CCBr 1  B1 rr        	lda     (sp),y
001CCDr 1  85 rr        	sta     regbank+5
001CCFr 1  4C rr rr     	jmp     incsp3
001CD2r 1               
001CD2r 1               .endproc
001CD2r 1               
001CD2r 1               ; ---------------------------------------------------------------
001CD2r 1               ; unsigned char __near__ lane_raster_step (register __near__ const struct udeks_repaint_lane_work *)
001CD2r 1               ; ---------------------------------------------------------------
001CD2r 1               
001CD2r 1               .segment	"CODE"
001CD2r 1               
001CD2r 1               .proc	_lane_raster_step: near
001CD2r 1               
001CD2r 1               .segment	"CODE"
001CD2r 1               
001CD2r 1  20 rr rr     	jsr     pushax
001CD5r 1  A0 00        	ldy     #$00
001CD7r 1  A2 04        	ldx     #$04
001CD9r 1  20 rr rr     	jsr     regswap2
001CDCr 1  A5 rr        	lda     regbank+2
001CDEr 1  A6 rr        	ldx     regbank+3
001CE0r 1  20 rr rr     	jsr     pushax
001CE3r 1  A5 rr        	lda     regbank+1
001CE5r 1  20 rr rr     	jsr     pusha
001CE8r 1  A5 rr        	lda     regbank+0
001CEAr 1  20 rr rr     	jsr     pusha
001CEDr 1  A9 00        	lda     #$00
001CEFr 1  85 rr        	sta     regbank+0
001CF1r 1  20 rr rr     	jsr     decsp1
001CF4r 1  A5 rr        	lda     regbank+4
001CF6r 1  05 rr        	ora     regbank+4+1
001CF8r 1  D0 06        	bne     L05CE
001CFAr 1  AA           	tax
001CFBr 1  A9 02        	lda     #$02
001CFDr 1  4C rr rr     	jmp     L05CC
001D00r 1  A5 rr        L05CE:	lda     regbank+4
001D02r 1  A6 rr        	ldx     regbank+4+1
001D04r 1  20 rr rr     	jsr     _repaint_receipt_validate
001D07r 1  A0 00        	ldy     #$00
001D09r 1  91 rr        	sta     (sp),y
001D0Br 1  B1 rr        	lda     (sp),y
001D0Dr 1  F0 07        	beq     L05D4
001D0Fr 1  A2 00        	ldx     #$00
001D11r 1  B1 rr        	lda     (sp),y
001D13r 1  4C rr rr     	jmp     L05CC
001D16r 1  A0 04        L05D4:	ldy     #$04
001D18r 1  B1 rr        	lda     (regbank+4),y
001D1Ar 1  C9 06        	cmp     #$06
001D1Cr 1  D0 48        	bne     L0779
001D1Er 1  88           	dey
001D1Fr 1  B1 rr        	lda     (regbank+4),y
001D21r 1  AA           	tax
001D22r 1  88           	dey
001D23r 1  B1 rr        	lda     (regbank+4),y
001D25r 1  C9 20        	cmp     #$20
001D27r 1  8A           	txa
001D28r 1  E9 00        	sbc     #$00
001D2Ar 1  90 06        	bcc     L0775
001D2Cr 1  A2 00        	ldx     #$00
001D2Er 1  98           	tya
001D2Fr 1  4C rr rr     	jmp     L05CC
001D32r 1  B1 rr        L0775:	lda     (regbank+4),y
001D34r 1  A0 00        	ldy     #$00
001D36r 1  91 rr        	sta     (sp),y
001D38r 1  A2 E1        	ldx     #$E1
001D3Ar 1  A9 90        	lda     #$90
001D3Cr 1  18           	clc
001D3Dr 1  71 rr        	adc     (sp),y
001D3Fr 1  90 01        	bcc     L05E2
001D41r 1  E8           	inx
001D42r 1  85 rr        L05E2:	sta     ptr1
001D44r 1  86 rr        	stx     ptr1+1
001D46r 1  B1 rr        	lda     (ptr1),y
001D48r 1  F0 10        	beq     L0777
001D4Ar 1  B1 rr        	lda     (sp),y
001D4Cr 1  20 rr rr     	jsr     _udeks_vic_bitmap_commit_page
001D4Fr 1  A0 00        	ldy     #$00
001D51r 1  B1 rr        	lda     (sp),y
001D53r 1  A8           	tay
001D54r 1  A9 00        	lda     #$00
001D56r 1  99 90 E1     	sta     $E190,y
001D59r 1  A8           	tay
001D5Ar 1  B1 rr        L0777:	lda     (sp),y
001D5Cr 1  C9 1F        	cmp     #$1F
001D5Er 1  20 rr rr     	jsr     boolne
001D61r 1  85 rr        	sta     regbank+0
001D63r 1  4C rr rr     	jmp     L0619
001D66r 1  B1 rr        L0779:	lda     (regbank+4),y
001D68r 1  C9 01        	cmp     #$01
001D6Ar 1  F0 0B        	beq     L05ED
001D6Cr 1  C9 03        	cmp     #$03
001D6Er 1  F0 07        	beq     L05ED
001D70r 1  A2 00        	ldx     #$00
001D72r 1  A9 06        	lda     #$06
001D74r 1  4C rr rr     	jmp     L05CC
001D77r 1  A0 07        L05ED:	ldy     #$07
001D79r 1  B1 rr        	lda     (regbank+4),y
001D7Br 1  AA           	tax
001D7Cr 1  88           	dey
001D7Dr 1  B1 rr        	lda     (regbank+4),y
001D7Fr 1  20 rr rr     	jsr     pushax
001D82r 1  A0 09        	ldy     #$09
001D84r 1  B1 rr        	lda     (regbank+4),y
001D86r 1  AA           	tax
001D87r 1  88           	dey
001D88r 1  B1 rr        	lda     (regbank+4),y
001D8Ar 1  20 rr rr     	jsr     tosicmp
001D8Dr 1  B0 27        	bcs     L077C
001D8Fr 1  A0 09        	ldy     #$09
001D91r 1  B1 rr        	lda     (regbank+4),y
001D93r 1  AA           	tax
001D94r 1  88           	dey
001D95r 1  B1 rr        	lda     (regbank+4),y
001D97r 1  C9 41        	cmp     #$41
001D99r 1  8A           	txa
001D9Ar 1  E9 01        	sbc     #$01
001D9Cr 1  B0 18        	bcs     L077C
001D9Er 1  A0 0A        	ldy     #$0A
001DA0r 1  B1 rr        	lda     (regbank+4),y
001DA2r 1  20 rr rr     	jsr     pusha0
001DA5r 1  A0 0B        	ldy     #$0B
001DA7r 1  B1 rr        	lda     (regbank+4),y
001DA9r 1  20 rr rr     	jsr     tosicmp0
001DACr 1  B0 08        	bcs     L077C
001DAEr 1  A0 0B        	ldy     #$0B
001DB0r 1  B1 rr        	lda     (regbank+4),y
001DB2r 1  C9 C9        	cmp     #$C9
001DB4r 1  90 07        	bcc     L05F2
001DB6r 1  A2 00        L077C:	ldx     #$00
001DB8r 1  A9 02        	lda     #$02
001DBAr 1  4C rr rr     	jmp     L05CC
001DBDr 1  A0 04        L05F2:	ldy     #$04
001DBFr 1  B1 rr        	lda     (regbank+4),y
001DC1r 1  C9 01        	cmp     #$01
001DC3r 1  D0 26        	bne     L05F6
001DC5r 1  A0 0B        	ldy     #$0B
001DC7r 1  B1 rr        	lda     (regbank+4),y
001DC9r 1  20 rr rr     	jsr     pusha0
001DCCr 1  A0 0A        	ldy     #$0A
001DCEr 1  B1 rr        	lda     (regbank+4),y
001DD0r 1  20 rr rr     	jsr     tossuba0
001DD3r 1  C9 05        	cmp     #$05
001DD5r 1  8A           	txa
001DD6r 1  E9 00        	sbc     #$00
001DD8r 1  A9 00        	lda     #$00
001DDAr 1  AA           	tax
001DDBr 1  90 05        	bcc     L077E
001DDDr 1  A9 02        	lda     #$02
001DDFr 1  4C rr rr     	jmp     L05CC
001DE2r 1  85 rr        L077E:	sta     regbank+2
001DE4r 1  85 rr        	sta     regbank+2+1
001DE6r 1  85 rr        	sta     regbank+1
001DE8r 1  4C rr rr     	jmp     L05FF
001DEBr 1  C8           L05F6:	iny
001DECr 1  B1 rr        	lda     (regbank+4),y
001DEEr 1  29 07        	and     #$07
001DF0r 1  20 rr rr     	jsr     _window_by_handle
001DF3r 1  85 rr        	sta     regbank+2
001DF5r 1  86 rr        	stx     regbank+2+1
001DF7r 1  A5 rr        	lda     regbank+2
001DF9r 1  05 rr        	ora     regbank+2+1
001DFBr 1  D0 03 4C rr  	jeq     L077F
001DFFr 1  rr           
001E00r 1  A0 07        	ldy     #$07
001E02r 1  A2 00        	ldx     #$00
001E04r 1  B1 rr        	lda     (regbank+2),y
001E06r 1  85 rr        	sta     ptr1
001E08r 1  86 rr        	stx     ptr1+1
001E0Ar 1  A0 05        	ldy     #$05
001E0Cr 1  B1 rr        	lda     (regbank+4),y
001E0Er 1  4A           	lsr     a
001E0Fr 1  4A           	lsr     a
001E10r 1  4A           	lsr     a
001E11r 1  E4 rr        	cpx     ptr1+1
001E13r 1  F0 03 4C rr  	jne     L0780
001E17r 1  rr           
001E18r 1  C5 rr        	cmp     ptr1
001E1Ar 1  F0 03 4C rr  	jne     L0780
001E1Er 1  rr           
001E1Fr 1  A0 07        	ldy     #$07
001E21r 1  B1 rr        	lda     (regbank+4),y
001E23r 1  AA           	tax
001E24r 1  88           	dey
001E25r 1  B1 rr        	lda     (regbank+4),y
001E27r 1  20 rr rr     	jsr     pushax
001E2Ar 1  A0 02        	ldy     #$02
001E2Cr 1  B1 rr        	lda     (regbank+2),y
001E2Er 1  AA           	tax
001E2Fr 1  88           	dey
001E30r 1  B1 rr        	lda     (regbank+2),y
001E32r 1  20 rr rr     	jsr     tosicmp
001E35r 1  90 74        	bcc     L077F
001E37r 1  A0 09        	ldy     #$09
001E39r 1  B1 rr        	lda     (regbank+4),y
001E3Br 1  AA           	tax
001E3Cr 1  88           	dey
001E3Dr 1  B1 rr        	lda     (regbank+4),y
001E3Fr 1  20 rr rr     	jsr     pushax
001E42r 1  A0 02        	ldy     #$02
001E44r 1  B1 rr        	lda     (regbank+2),y
001E46r 1  AA           	tax
001E47r 1  88           	dey
001E48r 1  B1 rr        	lda     (regbank+2),y
001E4Ar 1  20 rr rr     	jsr     pushax
001E4Dr 1  A0 05        	ldy     #$05
001E4Fr 1  B1 rr        	lda     (regbank+2),y
001E51r 1  AA           	tax
001E52r 1  88           	dey
001E53r 1  B1 rr        	lda     (regbank+2),y
001E55r 1  20 rr rr     	jsr     tosaddax
001E58r 1  20 rr rr     	jsr     tosicmp
001E5Br 1  F0 02        	beq     L0772
001E5Dr 1  B0 4C        	bcs     L077F
001E5Fr 1  A0 0A        L0772:	ldy     #$0A
001E61r 1  B1 rr        	lda     (regbank+4),y
001E63r 1  20 rr rr     	jsr     pusha0
001E66r 1  A0 03        	ldy     #$03
001E68r 1  B1 rr        	lda     (regbank+2),y
001E6Ar 1  20 rr rr     	jsr     tosicmp0
001E6Dr 1  90 3C        	bcc     L077F
001E6Fr 1  A0 0B        	ldy     #$0B
001E71r 1  B1 rr        	lda     (regbank+4),y
001E73r 1  20 rr rr     	jsr     pusha0
001E76r 1  A0 03        	ldy     #$03
001E78r 1  B1 rr        	lda     (regbank+2),y
001E7Ar 1  85 rr        	sta     ptr1
001E7Cr 1  A0 06        	ldy     #$06
001E7Er 1  B1 rr        	lda     (regbank+2),y
001E80r 1  18           	clc
001E81r 1  65 rr        	adc     ptr1
001E83r 1  90 01        	bcc     L0771
001E85r 1  E8           	inx
001E86r 1  20 rr rr     L0771:	jsr     tosicmp
001E89r 1  F0 02        	beq     L0773
001E8Br 1  B0 1E        	bcs     L077F
001E8Dr 1  A0 03        L0773:	ldy     #$03
001E8Fr 1  B1 rr        	lda     (regbank+4),y
001E91r 1  AA           	tax
001E92r 1  88           	dey
001E93r 1  B1 rr        	lda     (regbank+4),y
001E95r 1  20 rr rr     	jsr     pushax
001E98r 1  A0 0B        	ldy     #$0B
001E9Ar 1  B1 rr        	lda     (regbank+4),y
001E9Cr 1  20 rr rr     	jsr     pusha0
001E9Fr 1  A0 0A        	ldy     #$0A
001EA1r 1  B1 rr        	lda     (regbank+4),y
001EA3r 1  20 rr rr     	jsr     tossuba0
001EA6r 1  20 rr rr     	jsr     tosicmp
001EA9r 1  90 07        	bcc     L0603
001EABr 1  A2 00        L077F:	ldx     #$00
001EADr 1  A9 03        L0780:	lda     #$03
001EAFr 1  4C rr rr     	jmp     L05CC
001EB2r 1  A0 0A        L0603:	ldy     #$0A
001EB4r 1  B1 rr        	lda     (regbank+4),y
001EB6r 1  20 rr rr     	jsr     pusha0
001EB9r 1  A0 03        	ldy     #$03
001EBBr 1  B1 rr        	lda     (regbank+4),y
001EBDr 1  AA           	tax
001EBEr 1  88           	dey
001EBFr 1  B1 rr        	lda     (regbank+4),y
001EC1r 1  20 rr rr     	jsr     tosaddax
001EC4r 1  85 rr        	sta     regbank+1
001EC6r 1  A2 00        	ldx     #$00
001EC8r 1  A5 rr        	lda     regbank+1
001ECAr 1  18           	clc
001ECBr 1  69 01        	adc     #$01
001ECDr 1  90 01        	bcc     L060B
001ECFr 1  E8           	inx
001ED0r 1  20 rr rr     L060B:	jsr     pushax
001ED3r 1  A0 0B        	ldy     #$0B
001ED5r 1  B1 rr        	lda     (regbank+4),y
001ED7r 1  20 rr rr     	jsr     tosulta0
001EDAr 1  85 rr        	sta     regbank+0
001EDCr 1  20 rr rr     L05FF:	jsr     decsp6
001EDFr 1  A0 07        	ldy     #$07
001EE1r 1  B1 rr        	lda     (regbank+4),y
001EE3r 1  AA           	tax
001EE4r 1  88           	dey
001EE5r 1  B1 rr        	lda     (regbank+4),y
001EE7r 1  A0 04        	ldy     #$04
001EE9r 1  91 rr        	sta     (sp),y
001EEBr 1  C8           	iny
001EECr 1  8A           	txa
001EEDr 1  91 rr        	sta     (sp),y
001EEFr 1  A0 0A        	ldy     #$0A
001EF1r 1  B1 rr        	lda     (regbank+4),y
001EF3r 1  A0 02        	ldy     #$02
001EF5r 1  91 rr        	sta     (sp),y
001EF7r 1  C8           	iny
001EF8r 1  A9 00        	lda     #$00
001EFAr 1  91 rr        	sta     (sp),y
001EFCr 1  A0 09        	ldy     #$09
001EFEr 1  B1 rr        	lda     (regbank+4),y
001F00r 1  AA           	tax
001F01r 1  88           	dey
001F02r 1  B1 rr        	lda     (regbank+4),y
001F04r 1  20 rr rr     	jsr     pushax
001F07r 1  A0 07        	ldy     #$07
001F09r 1  B1 rr        	lda     (regbank+4),y
001F0Br 1  AA           	tax
001F0Cr 1  88           	dey
001F0Dr 1  B1 rr        	lda     (regbank+4),y
001F0Fr 1  20 rr rr     	jsr     tossubax
001F12r 1  A0 00        	ldy     #$00
001F14r 1  91 rr        	sta     (sp),y
001F16r 1  C8           	iny
001F17r 1  8A           	txa
001F18r 1  91 rr        	sta     (sp),y
001F1Ar 1  A0 0B        	ldy     #$0B
001F1Cr 1  B1 rr        	lda     (regbank+4),y
001F1Er 1  20 rr rr     	jsr     pusha0
001F21r 1  A0 0A        	ldy     #$0A
001F23r 1  B1 rr        	lda     (regbank+4),y
001F25r 1  20 rr rr     	jsr     tossuba0
001F28r 1  20 rr rr     	jsr     _udeks_vic_bitmap_set_clip
001F2Br 1  A5 rr        	lda     regbank+2
001F2Dr 1  05 rr        	ora     regbank+2+1
001F2Fr 1  D0 5A        	bne     L0611
001F31r 1  20 rr rr     	jsr     decsp8
001F34r 1  A0 07        	ldy     #$07
001F36r 1  B1 rr        	lda     (regbank+4),y
001F38r 1  AA           	tax
001F39r 1  88           	dey
001F3Ar 1  B1 rr        	lda     (regbank+4),y
001F3Cr 1  91 rr        	sta     (sp),y
001F3Er 1  C8           	iny
001F3Fr 1  8A           	txa
001F40r 1  91 rr        	sta     (sp),y
001F42r 1  A0 0A        	ldy     #$0A
001F44r 1  B1 rr        	lda     (regbank+4),y
001F46r 1  A0 04        	ldy     #$04
001F48r 1  91 rr        	sta     (sp),y
001F4Ar 1  C8           	iny
001F4Br 1  A9 00        	lda     #$00
001F4Dr 1  91 rr        	sta     (sp),y
001F4Fr 1  A0 09        	ldy     #$09
001F51r 1  B1 rr        	lda     (regbank+4),y
001F53r 1  AA           	tax
001F54r 1  88           	dey
001F55r 1  B1 rr        	lda     (regbank+4),y
001F57r 1  20 rr rr     	jsr     pushax
001F5Ar 1  A0 07        	ldy     #$07
001F5Cr 1  B1 rr        	lda     (regbank+4),y
001F5Er 1  AA           	tax
001F5Fr 1  88           	dey
001F60r 1  B1 rr        	lda     (regbank+4),y
001F62r 1  20 rr rr     	jsr     tossubax
001F65r 1  A0 02        	ldy     #$02
001F67r 1  91 rr        	sta     (sp),y
001F69r 1  C8           	iny
001F6Ar 1  8A           	txa
001F6Br 1  91 rr        	sta     (sp),y
001F6Dr 1  A0 0B        	ldy     #$0B
001F6Fr 1  B1 rr        	lda     (regbank+4),y
001F71r 1  20 rr rr     	jsr     pusha0
001F74r 1  A0 0A        	ldy     #$0A
001F76r 1  B1 rr        	lda     (regbank+4),y
001F78r 1  20 rr rr     	jsr     tossuba0
001F7Br 1  A0 00        	ldy     #$00
001F7Dr 1  91 rr        	sta     (sp),y
001F7Fr 1  C8           	iny
001F80r 1  8A           	txa
001F81r 1  91 rr        	sta     (sp),y
001F83r 1  A9 07        	lda     #$07
001F85r 1  20 rr rr     	jsr     _udeks_vic_bitmap_fill
001F88r 1  4C rr rr     	jmp     L0619
001F8Br 1  A5 rr        L0611:	lda     regbank+2
001F8Dr 1  A6 rr        	ldx     regbank+2+1
001F8Fr 1  20 rr rr     	jsr     pushax
001F92r 1  A5 rr        	lda     regbank+1
001F94r 1  20 rr rr     	jsr     pusha0
001F97r 1  A0 03        	ldy     #$03
001F99r 1  B1 rr        	lda     (regbank+2),y
001F9Br 1  20 rr rr     	jsr     tossuba0
001F9Er 1  20 rr rr     	jsr     _draw_chrome_row
001FA1r 1  20 rr rr     L0619:	jsr     _udeks_vic_bitmap_reset_clip
001FA4r 1  A5 rr        	lda     regbank+4
001FA6r 1  A6 rr        	ldx     regbank+4+1
001FA8r 1  20 rr rr     	jsr     pushax
001FABr 1  A5 rr        	lda     regbank+0
001FADr 1  20 rr rr     	jsr     _repaint_receipt_ack
001FB0r 1  48           L05CC:	pha
001FB1r 1  86 rr        	stx     tmp1
001FB3r 1  A0 06        	ldy     #$06
001FB5r 1  A2 05        	ldx     #$05
001FB7r 1  B1 rr        L0621:	lda     (sp),y
001FB9r 1  95 rr        	sta     regbank+0,x
001FBBr 1  88           	dey
001FBCr 1  CA           	dex
001FBDr 1  10 F8        	bpl     L0621
001FBFr 1  A6 rr        	ldx     tmp1
001FC1r 1  68           	pla
001FC2r 1  4C rr rr     	jmp     incsp7
001FC5r 1               
001FC5r 1               .endproc
001FC5r 1               
001FC5r 1               ; ---------------------------------------------------------------
001FC5r 1               ; unsigned char __near__ repaint_frontend_allowed (unsigned char)
001FC5r 1               ; ---------------------------------------------------------------
001FC5r 1               
001FC5r 1               .segment	"CODE"
001FC5r 1               
001FC5r 1               .proc	_repaint_frontend_allowed: near
001FC5r 1               
001FC5r 1               .segment	"CODE"
001FC5r 1               
001FC5r 1  20 rr rr     	jsr     pusha
001FC8r 1  A2 00        	ldx     #$00
001FCAr 1  A1 rr        	lda     (sp,x)
001FCCr 1  C9 01        	cmp     #$01
001FCEr 1  D0 1A        	bne     L0782
001FD0r 1  AD rr rr     	lda     _cache_accept_state
001FD3r 1  C9 80        	cmp     #$80
001FD5r 1  D0 13        	bne     L0782
001FD7r 1  AD rr rr     	lda     _cache_phase
001FDAr 1  F0 08        	beq     L0781
001FDCr 1  C9 02        	cmp     #$02
001FDEr 1  F0 04        	beq     L0781
001FE0r 1  8A           	txa
001FE1r 1  4C rr rr     	jmp     incsp1
001FE4r 1  20 rr rr     L0781:	jsr     _udeks_vic_graphics_is_active
001FE7r 1  AA           	tax
001FE8r 1  D0 04        	bne     L0625
001FEAr 1  8A           L0782:	txa
001FEBr 1  4C rr rr     	jmp     incsp1
001FEEr 1  A9 01        L0625:	lda     #$01
001FF0r 1  A2 00        	ldx     #$00
001FF2r 1  4C rr rr     	jmp     incsp1
001FF5r 1               
001FF5r 1               .endproc
001FF5r 1               
001FF5r 1               ; ---------------------------------------------------------------
001FF5r 1               ; unsigned char __near__ repaint_frontend_control (unsigned char, __near__ const struct udeks_repaint_rect *, unsigned char)
001FF5r 1               ; ---------------------------------------------------------------
001FF5r 1               
001FF5r 1               .segment	"CODE"
001FF5r 1               
001FF5r 1               .proc	_repaint_frontend_control: near
001FF5r 1               
001FF5r 1               .segment	"CODE"
001FF5r 1               
001FF5r 1  20 rr rr     	jsr     pusha
001FF8r 1  A0 03        	ldy     #$03
001FFAr 1  B1 rr        	lda     (sp),y
001FFCr 1  C9 04        	cmp     #$04
001FFEr 1  B0 17        	bcs     L078D
002000r 1  A2 00        	ldx     #$00
002002r 1  B1 rr        	lda     (sp),y
002004r 1  C9 01        	cmp     #$01
002006r 1  F0 04        	beq     L0787
002008r 1  C9 02        	cmp     #$02
00200Ar 1  D0 12        	bne     L062B
00200Cr 1  88           L0787:	dey
00200Dr 1  B1 rr        	lda     (sp),y
00200Fr 1  88           	dey
002010r 1  11 rr        	ora     (sp),y
002012r 1  F0 05        	beq     L078F
002014r 1  4C rr rr     	jmp     L062B
002017r 1  A2 00        L078D:	ldx     #$00
002019r 1  A9 02        L078F:	lda     #$02
00201Br 1  4C rr rr     	jmp     incsp4
00201Er 1  A1 rr        L062B:	lda     (sp,x)
002020r 1  20 rr rr     	jsr     _repaint_frontend_allowed
002023r 1  AA           	tax
002024r 1  D0 05        	bne     L0634
002026r 1  A9 07        	lda     #$07
002028r 1  4C rr rr     	jmp     incsp4
00202Br 1  A0 03        L0634:	ldy     #$03
00202Dr 1  B1 rr        	lda     (sp),y
00202Fr 1  C9 01        	cmp     #$01
002031r 1  F0 04        	beq     L0791
002033r 1  C9 02        	cmp     #$02
002035r 1  D0 15        	bne     L0793
002037r 1  A2 F7        L0791:	ldx     #$F7
002039r 1  A9 84        	lda     #$84
00203Br 1  20 rr rr     	jsr     pushax
00203Er 1  A0 06        	ldy     #$06
002040r 1  20 rr rr     	jsr     pushwysp
002043r 1  A2 00        	ldx     #$00
002045r 1  A9 06        	lda     #$06
002047r 1  20 rr rr     	jsr     _memcpy
00204Ar 1  A0 03        	ldy     #$03
00204Cr 1  B1 rr        L0793:	lda     (sp),y
00204Er 1  8D 80 F7     	sta     $F780
002051r 1  20 rr rr     	jsr     _private_repaint_policy_call
002054r 1  4C rr rr     	jmp     incsp4
002057r 1               
002057r 1               .endproc
002057r 1               
002057r 1               ; ---------------------------------------------------------------
002057r 1               ; unsigned char __near__ repaint_frontend_poll (unsigned char, __near__ struct udeks_repaint_lane_work *)
002057r 1               ; ---------------------------------------------------------------
002057r 1               
002057r 1               .segment	"CODE"
002057r 1               
002057r 1               .proc	_repaint_frontend_poll: near
002057r 1               
002057r 1               .segment	"CODE"
002057r 1               
002057r 1  20 rr rr     	jsr     pushax
00205Ar 1  A5 rr        	lda     regbank+4
00205Cr 1  A6 rr        	ldx     regbank+5
00205Er 1  20 rr rr     	jsr     pushax
002061r 1  A5 rr        	lda     regbank+2
002063r 1  A6 rr        	ldx     regbank+3
002065r 1  20 rr rr     	jsr     pushax
002068r 1  20 rr rr     	jsr     decsp2
00206Br 1  A0 07        	ldy     #$07
00206Dr 1  B1 rr        	lda     (sp),y
00206Fr 1  88           	dey
002070r 1  11 rr        	ora     (sp),y
002072r 1  D0 06        	bne     L0645
002074r 1  AA           	tax
002075r 1  A9 02        	lda     #$02
002077r 1  4C rr rr     	jmp     L0642
00207Ar 1  A0 08        L0645:	ldy     #$08
00207Cr 1  B1 rr        	lda     (sp),y
00207Er 1  20 rr rr     	jsr     _repaint_frontend_allowed
002081r 1  AA           	tax
002082r 1  F0 07        	beq     L0795
002084r 1  AD rr rr     	lda     _dragging_handle
002087r 1  F0 07        	beq     L0648
002089r 1  A2 00        	ldx     #$00
00208Br 1  A9 07        L0795:	lda     #$07
00208Dr 1  4C rr rr     	jmp     L0642
002090r 1  A9 rr        L0648:	lda     #>(_windows)
002092r 1  85 rr        	sta     regbank+4+1
002094r 1  A9 rr        	lda     #<(_windows)
002096r 1  85 rr        	sta     regbank+4
002098r 1  A2 F7        	ldx     #$F7
00209Ar 1  A9 90        	lda     #$90
00209Cr 1  85 rr        	sta     regbank+2
00209Er 1  86 rr        	stx     regbank+2+1
0020A0r 1  A9 04        	lda     #$04
0020A2r 1  A0 01        	ldy     #$01
0020A4r 1  91 rr        	sta     (sp),y
0020A6r 1  A0 07        L0654:	ldy     #$07
0020A8r 1  B1 rr        L065B:	lda     (regbank+4),y
0020AAr 1  91 rr        	sta     (regbank+2),y
0020ACr 1  88           	dey
0020ADr 1  10 F9        	bpl     L065B
0020AFr 1  A9 0E        	lda     #$0E
0020B1r 1  18           	clc
0020B2r 1  65 rr        	adc     regbank+4
0020B4r 1  85 rr        	sta     regbank+4
0020B6r 1  90 02        	bcc     L065D
0020B8r 1  E6 rr        	inc     regbank+4+1
0020BAr 1  A9 08        L065D:	lda     #$08
0020BCr 1  18           	clc
0020BDr 1  65 rr        	adc     regbank+2
0020BFr 1  85 rr        	sta     regbank+2
0020C1r 1  90 02        	bcc     L065F
0020C3r 1  E6 rr        	inc     regbank+2+1
0020C5r 1  A0 01        L065F:	ldy     #$01
0020C7r 1  B1 rr        	lda     (sp),y
0020C9r 1  38           	sec
0020CAr 1  E9 01        	sbc     #$01
0020CCr 1  91 rr        	sta     (sp),y
0020CEr 1  AA           	tax
0020CFr 1  D0 D5        	bne     L0654
0020D1r 1  A9 84        	lda     #$84
0020D3r 1  8D 81 F7     	sta     $F781
0020D6r 1  8A           	txa
0020D7r 1  8D B3 F7     	sta     $F7B3
0020DAr 1  8D B2 F7     	sta     $F7B2
0020DDr 1  8D B1 F7     	sta     $F7B1
0020E0r 1  8D B0 F7     	sta     $F7B0
0020E3r 1  A9 04        	lda     #$04
0020E5r 1  8D 80 F7     	sta     $F780
0020E8r 1  20 rr rr     	jsr     _private_repaint_policy_call
0020EBr 1  A0 00        	ldy     #$00
0020EDr 1  91 rr        	sta     (sp),y
0020EFr 1  B1 rr        	lda     (sp),y
0020F1r 1  F0 07        	beq     L0676
0020F3r 1  A2 00        	ldx     #$00
0020F5r 1  B1 rr        	lda     (sp),y
0020F7r 1  4C rr rr     	jmp     L0642
0020FAr 1  A0 09        L0676:	ldy     #$09
0020FCr 1  20 rr rr     	jsr     pushwysp
0020FFr 1  A2 F7        	ldx     #$F7
002101r 1  A9 B4        	lda     #$B4
002103r 1  20 rr rr     	jsr     pushax
002106r 1  A2 00        	ldx     #$00
002108r 1  A9 0C        	lda     #$0C
00210Ar 1  20 rr rr     	jsr     _memcpy
00210Dr 1  A0 07        	ldy     #$07
00210Fr 1  B1 rr        	lda     (sp),y
002111r 1  AA           	tax
002112r 1  88           	dey
002113r 1  B1 rr        	lda     (sp),y
002115r 1  20 rr rr     	jsr     _lane_raster_step
002118r 1  48           L0642:	pha
002119r 1  A0 02        	ldy     #$02
00211Br 1  B1 rr        L067E:	lda     (sp),y
00211Dr 1  99 rr rr     	sta     regbank+0,y
002120r 1  C8           	iny
002121r 1  C0 06        	cpy     #$06
002123r 1  D0 F6        	bne     L067E
002125r 1  68           	pla
002126r 1  A0 09        	ldy     #$09
002128r 1  4C rr rr     	jmp     addysp
00212Br 1               
00212Br 1               .endproc
00212Br 1               
00212Br 1               
