ca65 V2.18 - Fedora 2.19-15.fc44
Main file   : /var/home/salvogendut/Dev/UDEKS/build/window-manager-bounded-repaint/build/repaint-lane/raster.s
Current file: /var/home/salvogendut/Dev/UDEKS/build/window-manager-bounded-repaint/build/repaint-lane/raster.s

000000r 1               ;
000000r 1               ; File generated by cc65 v 2.18 - Fedora 2.19-15.fc44
000000r 1               ;
000000r 1               	.fopt		compiler,"cc65 v 2.18 - Fedora 2.19-15.fc44"
000000r 1               	.setcpu		"6502"
000000r 1               	.smart		on
000000r 1               	.autoimport	on
000000r 1               	.case		on
000000r 1               	.debuginfo	off
000000r 1               	.importzp	sp, sreg, regsave, regbank
000000r 1               	.importzp	tmp1, tmp2, tmp3, tmp4, ptr1, ptr2, ptr3, ptr4
000000r 1               	.macpack	longbranch
000000r 2               .macro  jeq     Target
000000r 2                       .if     .match(Target, 0)
000000r 2                       bne     *+5
000000r 2                       jmp     Target
000000r 2                       .elseif .def(Target) .and .const((*-2)-(Target)) .and ((*+2)-(Target) <= 127)
000000r 2                               beq     Target
000000r 2                       .else
000000r 2                               bne     *+5
000000r 2                               jmp     Target
000000r 2                       .endif
000000r 2               .endmacro
000000r 2               .macro  jne     Target
000000r 2                       .if     .match(Target, 0)
000000r 2                               beq     *+5
000000r 2                               jmp     Target
000000r 2                       .elseif .def(Target) .and .const((*-2)-(Target)) .and ((*+2)-(Target) <= 127)
000000r 2                               bne     Target
000000r 2                       .else
000000r 2                               beq     *+5
000000r 2                               jmp     Target
000000r 2                       .endif
000000r 2               .endmacro
000000r 2               .macro  jmi     Target
000000r 2                       .if     .match(Target, 0)
000000r 2                               bpl     *+5
000000r 2                               jmp     Target
000000r 2                       .elseif .def(Target) .and .const((*-2)-(Target)) .and ((*+2)-(Target) <= 127)
000000r 2                               bmi     Target
000000r 2                       .else
000000r 2                               bpl     *+5
000000r 2                               jmp     Target
000000r 2                       .endif
000000r 2               .endmacro
000000r 2               .macro  jpl     Target
000000r 2                       .if     .match(Target, 0)
000000r 2                               bmi     *+5
000000r 2                               jmp     Target
000000r 2                       .elseif .def(Target) .and .const((*-2)-(Target)) .and ((*+2)-(Target) <= 127)
000000r 2                               bpl     Target
000000r 2                       .else
000000r 2                               bmi     *+5
000000r 2                               jmp     Target
000000r 2                       .endif
000000r 2               .endmacro
000000r 2               .macro  jcs     Target
000000r 2                       .if     .match(Target, 0)
000000r 2                               bcc     *+5
000000r 2                               jmp     Target
000000r 2                       .elseif .def(Target) .and .const((*-2)-(Target)) .and ((*+2)-(Target) <= 127)
000000r 2                               bcs     Target
000000r 2                       .else
000000r 2                               bcc     *+5
000000r 2                               jmp     Target
000000r 2                       .endif
000000r 2               .endmacro
000000r 2               .macro  jcc     Target
000000r 2                       .if     .match(Target, 0)
000000r 2                               bcs     *+5
000000r 2                               jmp     Target
000000r 2                       .elseif .def(Target) .and .const((*-2)-(Target)) .and ((*+2)-(Target) <= 127)
000000r 2                               bcc     Target
000000r 2                       .else
000000r 2                               bcs     *+5
000000r 2                               jmp     Target
000000r 2                       .endif
000000r 2               .endmacro
000000r 2               .macro  jvs     Target
000000r 2                       .if     .match(Target, 0)
000000r 2                               bvc     *+5
000000r 2                               jmp     Target
000000r 2                       .elseif .def(Target) .and .const((*-2)-(Target)) .and ((*+2)-(Target) <= 127)
000000r 2                               bvs     Target
000000r 2                       .else
000000r 2                               bvc     *+5
000000r 2                               jmp     Target
000000r 2                       .endif
000000r 2               .endmacro
000000r 2               .macro  jvc     Target
000000r 2                       .if     .match(Target, 0)
000000r 2                               bvs     *+5
000000r 2                               jmp     Target
000000r 2                       .elseif .def(Target) .and .const((*-2)-(Target)) .and ((*+2)-(Target) <= 127)
000000r 2                               bvc     Target
000000r 2                       .else
000000r 2                               bvs     *+5
000000r 2                               jmp     Target
000000r 2                       .endif
000000r 2               .endmacro
000000r 2               
000000r 1               	.import		_udeks_pointer_resynchronize
000000r 1               	.import		_udeks_pointer_x
000000r 1               	.import		_udeks_pointer_y
000000r 1               	.import		_udeks_pointer_buttons
000000r 1               	.import		_udeks_vic_graphics_is_active
000000r 1               	.import		_udeks_vic_pointer_busy_begin
000000r 1               	.import		_udeks_vic_pointer_busy_end
000000r 1               	.import		_udeks_vic_bitmap_pixel
000000r 1               	.import		_udeks_vic_bitmap_fill
000000r 1               	.import		_udeks_vic_bitmap_set_clip
000000r 1               	.import		_udeks_vic_bitmap_reset_clip
000000r 1               	.import		_udeks_vic_bitmap_outline_toggle
000000r 1               	.import		_udeks_vic_bitmap_outline_move
000000r 1               	.import		_udeks_vic_bitmap_commit
000000r 1               	.export		_udeks_window_manager_start
000000r 1               	.export		_udeks_window_manager_poll
000000r 1               	.export		_udeks_window_manager_stop
000000r 1               	.export		_udeks_window_manager_reset
000000r 1               	.export		_udeks_window_create
000000r 1               	.export		_udeks_window_destroy
000000r 1               	.export		_udeks_window_repaint
000000r 1               	.export		_udeks_window_begin_paint
000000r 1               	.export		_udeks_window_end_paint
000000r 1               	.export		_udeks_window_image_complete
000000r 1               	.export		_udeks_window_get_geometry
000000r 1               	.export		_udeks_window_is_dragging
000000r 1               	.export		_udeks_window_is_focused
000000r 1               	.import		_cache_accept_state
000000r 1               	.import		_cache_owner
000000r 1               	.import		_cache_phase
000000r 1               	.import		_cache_accept_poll
000000r 1               	.import		_cache_step
000000r 1               	.import		_cache_command
000000r 1               	.import		_udeks_lane_validate
000000r 1               	.import		_udeks_lane_ack
000000r 1               	.import		_udeks_vic_bitmap_commit_page
000000r 1               	.export		_lane_raster_step
000000r 1               
000000r 1               .segment	"RODATA"
000000r 1               
000000r 1               _title_glyphs:
000000r 1  02           	.byte	$02
000001r 1  05           	.byte	$05
000002r 1  07           	.byte	$07
000003r 1  05           	.byte	$05
000004r 1  05           	.byte	$05
000005r 1  06           	.byte	$06
000006r 1  05           	.byte	$05
000007r 1  06           	.byte	$06
000008r 1  05           	.byte	$05
000009r 1  06           	.byte	$06
00000Ar 1  03           	.byte	$03
00000Br 1  04           	.byte	$04
00000Cr 1  04           	.byte	$04
00000Dr 1  04           	.byte	$04
00000Er 1  03           	.byte	$03
00000Fr 1  06           	.byte	$06
000010r 1  05           	.byte	$05
000011r 1  05           	.byte	$05
000012r 1  05           	.byte	$05
000013r 1  06           	.byte	$06
000014r 1  07           	.byte	$07
000015r 1  04           	.byte	$04
000016r 1  06           	.byte	$06
000017r 1  04           	.byte	$04
000018r 1  07           	.byte	$07
000019r 1  07           	.byte	$07
00001Ar 1  04           	.byte	$04
00001Br 1  06           	.byte	$06
00001Cr 1  04           	.byte	$04
00001Dr 1  04           	.byte	$04
00001Er 1  03           	.byte	$03
00001Fr 1  04           	.byte	$04
000020r 1  05           	.byte	$05
000021r 1  05           	.byte	$05
000022r 1  03           	.byte	$03
000023r 1  05           	.byte	$05
000024r 1  05           	.byte	$05
000025r 1  07           	.byte	$07
000026r 1  05           	.byte	$05
000027r 1  05           	.byte	$05
000028r 1  07           	.byte	$07
000029r 1  02           	.byte	$02
00002Ar 1  02           	.byte	$02
00002Br 1  02           	.byte	$02
00002Cr 1  07           	.byte	$07
00002Dr 1  01           	.byte	$01
00002Er 1  01           	.byte	$01
00002Fr 1  01           	.byte	$01
000030r 1  05           	.byte	$05
000031r 1  02           	.byte	$02
000032r 1  05           	.byte	$05
000033r 1  05           	.byte	$05
000034r 1  06           	.byte	$06
000035r 1  05           	.byte	$05
000036r 1  05           	.byte	$05
000037r 1  04           	.byte	$04
000038r 1  04           	.byte	$04
000039r 1  04           	.byte	$04
00003Ar 1  04           	.byte	$04
00003Br 1  07           	.byte	$07
00003Cr 1  05           	.byte	$05
00003Dr 1  07           	.byte	$07
00003Er 1  07           	.byte	$07
00003Fr 1  05           	.byte	$05
000040r 1  05           	.byte	$05
000041r 1  05           	.byte	$05
000042r 1  07           	.byte	$07
000043r 1  07           	.byte	$07
000044r 1  07           	.byte	$07
000045r 1  05           	.byte	$05
000046r 1  02           	.byte	$02
000047r 1  05           	.byte	$05
000048r 1  05           	.byte	$05
000049r 1  05           	.byte	$05
00004Ar 1  02           	.byte	$02
00004Br 1  06           	.byte	$06
00004Cr 1  05           	.byte	$05
00004Dr 1  06           	.byte	$06
00004Er 1  04           	.byte	$04
00004Fr 1  04           	.byte	$04
000050r 1  02           	.byte	$02
000051r 1  05           	.byte	$05
000052r 1  05           	.byte	$05
000053r 1  03           	.byte	$03
000054r 1  01           	.byte	$01
000055r 1  06           	.byte	$06
000056r 1  05           	.byte	$05
000057r 1  06           	.byte	$06
000058r 1  05           	.byte	$05
000059r 1  05           	.byte	$05
00005Ar 1  03           	.byte	$03
00005Br 1  04           	.byte	$04
00005Cr 1  02           	.byte	$02
00005Dr 1  01           	.byte	$01
00005Er 1  06           	.byte	$06
00005Fr 1  07           	.byte	$07
000060r 1  02           	.byte	$02
000061r 1  02           	.byte	$02
000062r 1  02           	.byte	$02
000063r 1  02           	.byte	$02
000064r 1  05           	.byte	$05
000065r 1  05           	.byte	$05
000066r 1  05           	.byte	$05
000067r 1  05           	.byte	$05
000068r 1  07           	.byte	$07
000069r 1  05           	.byte	$05
00006Ar 1  05           	.byte	$05
00006Br 1  05           	.byte	$05
00006Cr 1  05           	.byte	$05
00006Dr 1  02           	.byte	$02
00006Er 1  05           	.byte	$05
00006Fr 1  05           	.byte	$05
000070r 1  07           	.byte	$07
000071r 1  07           	.byte	$07
000072r 1  05           	.byte	$05
000073r 1  05           	.byte	$05
000074r 1  05           	.byte	$05
000075r 1  02           	.byte	$02
000076r 1  05           	.byte	$05
000077r 1  05           	.byte	$05
000078r 1  05           	.byte	$05
000079r 1  05           	.byte	$05
00007Ar 1  02           	.byte	$02
00007Br 1  02           	.byte	$02
00007Cr 1  02           	.byte	$02
00007Dr 1  07           	.byte	$07
00007Er 1  01           	.byte	$01
00007Fr 1  02           	.byte	$02
000080r 1  04           	.byte	$04
000081r 1  07           	.byte	$07
000082r 1               
000082r 1               .segment	"BSS"
000000r 1               
000000r 1               .segment	"HIGHBSS"
000000r 1               _windows:
000000r 1  00 00 00 00  	.res	56,$00
000004r 1  00 00 00 00  
000008r 1  00 00 00 00  
000038r 1               _active_count:
000038r 1  00           	.res	1,$00
000039r 1               _focused_handle:
000039r 1  00           	.res	1,$00
00003Ar 1               _dragging_handle:
00003Ar 1  00           	.res	1,$00
00003Br 1               _previous_buttons:
00003Br 1  00           	.res	1,$00
00003Cr 1               _drag_pointer_x:
00003Cr 1  00 00        	.res	2,$00
00003Er 1               _drag_pointer_y:
00003Er 1  00           	.res	1,$00
00003Fr 1               _drag_x:
00003Fr 1  00 00        	.res	2,$00
000041r 1               _drag_y:
000041r 1  00           	.res	1,$00
000042r 1               _drag_width:
000042r 1  00 00        	.res	2,$00
000044r 1               _drag_height:
000044r 1  00           	.res	1,$00
000045r 1               _drag_mode:
000045r 1  00           	.res	1,$00
000046r 1               _damage_left:
000046r 1  00 00        	.res	2,$00
000048r 1               _damage_top:
000048r 1  00           	.res	1,$00
000049r 1               _damage_right:
000049r 1  00 00        	.res	2,$00
00004Br 1               _damage_bottom:
00004Br 1  00           	.res	1,$00
00004Cr 1               
00004Cr 1               ; ---------------------------------------------------------------
00004Cr 1               ; unsigned char __near__ udeks_window_manager_start (void)
00004Cr 1               ; ---------------------------------------------------------------
00004Cr 1               
00004Cr 1               .segment	"CODE"
000000r 1               
000000r 1               .proc	_udeks_window_manager_start: near
000000r 1               
000000r 1               .segment	"CODE"
000000r 1               
000000r 1  20 rr rr     	jsr     decsp1
000003r 1  A9 00        	lda     #$00
000005r 1  A8           	tay
000006r 1  91 rr        L0631:	sta     (sp),y
000008r 1  C9 20        	cmp     #$20
00000Ar 1  B0 19        	bcs     L0632
00000Cr 1  B1 rr        	lda     (sp),y
00000Er 1  18           	clc
00000Fr 1  69 40        	adc     #$40
000011r 1  85 rr        	sta     ptr1
000013r 1  A9 00        	lda     #$00
000015r 1  69 F2        	adc     #$F2
000017r 1  85 rr        	sta     ptr1+1
000019r 1  A9 00        	lda     #$00
00001Br 1  91 rr        	sta     (ptr1),y
00001Dr 1  18           	clc
00001Er 1  A9 01        	lda     #$01
000020r 1  71 rr        	adc     (sp),y
000022r 1  4C rr rr     	jmp     L0631
000025r 1  A9 57        L0632:	lda     #$57
000027r 1  8D 40 F2     	sta     $F240
00002Ar 1  A9 4D        	lda     #$4D
00002Cr 1  8D 41 F2     	sta     $F241
00002Fr 1  A9 47        	lda     #$47
000031r 1  8D 42 F2     	sta     $F242
000034r 1  A9 52        	lda     #$52
000036r 1  8D 43 F2     	sta     $F243
000039r 1  A9 01        	lda     #$01
00003Br 1  8D 44 F2     	sta     $F244
00003Er 1  A9 02        	lda     #$02
000040r 1  8D 45 F2     	sta     $F245
000043r 1  20 rr rr     	jsr     _udeks_window_manager_reset
000046r 1  A2 00        	ldx     #$00
000048r 1  8A           	txa
000049r 1  4C rr rr     	jmp     incsp1
00004Cr 1               
00004Cr 1               .endproc
00004Cr 1               
00004Cr 1               ; ---------------------------------------------------------------
00004Cr 1               ; unsigned char __near__ udeks_window_manager_poll (void)
00004Cr 1               ; ---------------------------------------------------------------
00004Cr 1               
00004Cr 1               .segment	"CODE"
00004Cr 1               
00004Cr 1               .proc	_udeks_window_manager_poll: near
00004Cr 1               
00004Cr 1               .segment	"CODE"
00004Cr 1               
00004Cr 1  20 rr rr     	jsr     decsp7
00004Fr 1  A5 rr        	lda     regbank+4
000051r 1  A6 rr        	ldx     regbank+5
000053r 1  20 rr rr     	jsr     pushax
000056r 1  20 rr rr     	jsr     _udeks_vic_graphics_is_active
000059r 1  C9 00        	cmp     #$00
00005Br 1  D0 04        	bne     L0547
00005Dr 1  AA           	tax
00005Er 1  4C rr rr     	jmp     L0656
000061r 1  AD rr rr     L0547:	lda     _cache_accept_state
000064r 1  C9 80        	cmp     #$80
000066r 1  B0 03        	bcs     L0635
000068r 1  20 rr rr     	jsr     _cache_accept_poll
00006Br 1  AD rr rr     L0635:	lda     _dragging_handle
00006Er 1  F0 03 4C rr  	jne     L0647
000072r 1  rr           
000073r 1  AD rr rr     	lda     _cache_phase
000076r 1  C9 01        	cmp     #$01
000078r 1  F0 04        	beq     L063C
00007Ar 1  C9 03        	cmp     #$03
00007Cr 1  D0 75        	bne     L0647
00007Er 1  AD rr rr     L063C:	lda     _cache_phase
000081r 1  20 rr rr     	jsr     pusha
000084r 1  A9 04        	lda     #$04
000086r 1  20 rr rr     	jsr     pusha
000089r 1  20 rr rr     L0555:	jsr     _cache_step
00008Cr 1  C9 00        	cmp     #$00
00008Er 1  F0 21        	beq     L0558
000090r 1  AD rr rr     	lda     _cache_owner
000093r 1  20 rr rr     	jsr     _window_by_handle
000096r 1  85 rr        	sta     regbank+4
000098r 1  86 rr        	stx     regbank+4+1
00009Ar 1  E0 00        	cpx     #$00
00009Cr 1  D0 04        	bne     L0657
00009Er 1  C9 00        	cmp     #$00
0000A0r 1  F0 33        	beq     L0556
0000A2r 1  A5 rr        L0657:	lda     regbank+4
0000A4r 1  A6 rr        	ldx     regbank+4+1
0000A6r 1  20 rr rr     	jsr     _damage_set
0000A9r 1  A9 00        	lda     #$00
0000ABr 1  20 rr rr     	jsr     _compose_damage
0000AEr 1  4C rr rr     	jmp     L0556
0000B1r 1  A8           L0558:	tay
0000B2r 1  B1 rr        	lda     (sp),y
0000B4r 1  38           	sec
0000B5r 1  E9 01        	sbc     #$01
0000B7r 1  91 rr        	sta     (sp),y
0000B9r 1  C9 00        	cmp     #$00
0000BBr 1  F0 18        	beq     L0556
0000BDr 1  C8           	iny
0000BEr 1  B1 rr        	lda     (sp),y
0000C0r 1  CD rr rr     	cmp     _cache_phase
0000C3r 1  D0 12        	bne     L065A
0000C5r 1  C9 03        	cmp     #$03
0000C7r 1  D0 C0        	bne     L0555
0000C9r 1  AD 80 F7     	lda     $F780
0000CCr 1  29 07        	and     #$07
0000CEr 1  C9 07        	cmp     #$07
0000D0r 1  F0 05        	beq     L065A
0000D2r 1  4C rr rr     	jmp     L0555
0000D5r 1  A0 01        L0556:	ldy     #$01
0000D7r 1  B1 rr        L065A:	lda     (sp),y
0000D9r 1  C9 03        	cmp     #$03
0000DBr 1  D0 13        	bne     L056C
0000DDr 1  AD rr rr     	lda     _cache_phase
0000E0r 1  C9 03        	cmp     #$03
0000E2r 1  D0 09        	bne     L0646
0000E4r 1  AD 80 F7     	lda     $F780
0000E7r 1  29 07        	and     #$07
0000E9r 1  C9 07        	cmp     #$07
0000EBr 1  D0 03        	bne     L056C
0000EDr 1  20 rr rr     L0646:	jsr     _udeks_vic_bitmap_commit
0000F0r 1  20 rr rr     L056C:	jsr     incsp2
0000F3r 1  AD rr rr     L0647:	lda     _cache_phase
0000F6r 1  C9 03        	cmp     #$03
0000F8r 1  D0 03 4C rr  	jeq     L0659
0000FCr 1  rr           
0000FDr 1  20 rr rr     	jsr     _udeks_pointer_x
000100r 1  38           	sec
000101r 1  E9 0C        	sbc     #$0C
000103r 1  B0 01        	bcs     L057B
000105r 1  CA           	dex
000106r 1  A0 07        L057B:	ldy     #$07
000108r 1  20 rr rr     	jsr     staxysp
00010Br 1  20 rr rr     	jsr     _udeks_pointer_y
00010Er 1  38           	sec
00010Fr 1  E9 28        	sbc     #$28
000111r 1  A0 06        	ldy     #$06
000113r 1  91 rr        	sta     (sp),y
000115r 1  20 rr rr     	jsr     _udeks_pointer_buttons
000118r 1  A0 05        	ldy     #$05
00011Ar 1  91 rr        	sta     (sp),y
00011Cr 1  29 05        	and     #$05
00011Er 1  88           	dey
00011Fr 1  91 rr        	sta     (sp),y
000121r 1  B1 rr        	lda     (sp),y
000123r 1  D0 03 4C rr  	jeq     L064C
000127r 1  rr           
000128r 1  AD rr rr     	lda     _previous_buttons
00012Br 1  F0 03 4C rr  	jne     L064C
00012Fr 1  rr           
000130r 1  A0 0A        	ldy     #$0A
000132r 1  20 rr rr     	jsr     pushwysp
000135r 1  A0 08        	ldy     #$08
000137r 1  B1 rr        	lda     (sp),y
000139r 1  20 rr rr     	jsr     _top_window_at
00013Cr 1  A0 03        	ldy     #$03
00013Er 1  91 rr        	sta     (sp),y
000140r 1  20 rr rr     	jsr     _window_by_handle
000143r 1  85 rr        	sta     regbank+4
000145r 1  86 rr        	stx     regbank+4+1
000147r 1  E0 00        	cpx     #$00
000149r 1  D0 07        	bne     L0658
00014Br 1  C9 00        	cmp     #$00
00014Dr 1  D0 03 4C rr  	jeq     L0590
000151r 1  rr           
000152r 1  A0 03        L0658:	ldy     #$03
000154r 1  B1 rr        	lda     (sp),y
000156r 1  8D rr rr     	sta     _focused_handle
000159r 1  B1 rr        	lda     (sp),y
00015Br 1  20 rr rr     	jsr     _raise_window
00015Er 1  A0 02        	ldy     #$02
000160r 1  91 rr        	sta     (sp),y
000162r 1  20 rr rr     	jsr     decsp3
000165r 1  A0 0B        	ldy     #$0B
000167r 1  B1 rr        	lda     (sp),y
000169r 1  AA           	tax
00016Ar 1  88           	dey
00016Br 1  B1 rr        	lda     (sp),y
00016Dr 1  A0 01        	ldy     #$01
00016Fr 1  91 rr        	sta     (sp),y
000171r 1  C8           	iny
000172r 1  8A           	txa
000173r 1  91 rr        	sta     (sp),y
000175r 1  A0 09        	ldy     #$09
000177r 1  B1 rr        	lda     (sp),y
000179r 1  A0 00        	ldy     #$00
00017Br 1  91 rr        	sta     (sp),y
00017Dr 1  A5 rr        	lda     regbank+4
00017Fr 1  A6 rr        	ldx     regbank+4+1
000181r 1  20 rr rr     	jsr     _close_hit
000184r 1  C9 00        	cmp     #$00
000186r 1  F0 15        	beq     L0598
000188r 1  A9 1C        	lda     #$1C
00018Ar 1  20 rr rr     	jsr     _increment_counter
00018Dr 1  A0 04        	ldy     #$04
00018Fr 1  B1 rr        	lda     (sp),y
000191r 1  8D rr rr     	sta     _previous_buttons
000194r 1  88           	dey
000195r 1  B1 rr        	lda     (sp),y
000197r 1  20 rr rr     	jsr     _udeks_window_destroy
00019Ar 1  4C rr rr     	jmp     L065B
00019Dr 1  20 rr rr     L0598:	jsr     decsp3
0001A0r 1  A0 0B        	ldy     #$0B
0001A2r 1  B1 rr        	lda     (sp),y
0001A4r 1  AA           	tax
0001A5r 1  88           	dey
0001A6r 1  B1 rr        	lda     (sp),y
0001A8r 1  A0 01        	ldy     #$01
0001AAr 1  91 rr        	sta     (sp),y
0001ACr 1  C8           	iny
0001ADr 1  8A           	txa
0001AEr 1  91 rr        	sta     (sp),y
0001B0r 1  A0 09        	ldy     #$09
0001B2r 1  B1 rr        	lda     (sp),y
0001B4r 1  A0 00        	ldy     #$00
0001B6r 1  91 rr        	sta     (sp),y
0001B8r 1  A5 rr        	lda     regbank+4
0001BAr 1  A6 rr        	ldx     regbank+4+1
0001BCr 1  20 rr rr     	jsr     _resize_hit
0001BFr 1  C9 00        	cmp     #$00
0001C1r 1  F0 2B        	beq     L05A5
0001C3r 1  20 rr rr     	jsr     decsp4
0001C6r 1  A0 07        	ldy     #$07
0001C8r 1  B1 rr        	lda     (sp),y
0001CAr 1  A0 03        	ldy     #$03
0001CCr 1  91 rr        	sta     (sp),y
0001CEr 1  A0 0C        	ldy     #$0C
0001D0r 1  B1 rr        	lda     (sp),y
0001D2r 1  AA           	tax
0001D3r 1  88           	dey
0001D4r 1  B1 rr        	lda     (sp),y
0001D6r 1  A0 01        	ldy     #$01
0001D8r 1  91 rr        	sta     (sp),y
0001DAr 1  C8           	iny
0001DBr 1  8A           	txa
0001DCr 1  91 rr        	sta     (sp),y
0001DEr 1  A0 0A        	ldy     #$0A
0001E0r 1  B1 rr        	lda     (sp),y
0001E2r 1  A0 00        	ldy     #$00
0001E4r 1  91 rr        	sta     (sp),y
0001E6r 1  A9 02        	lda     #$02
0001E8r 1  20 rr rr     	jsr     _begin_drag
0001EBr 1  4C rr rr     	jmp     L05C1
0001EEr 1  20 rr rr     L05A5:	jsr     decsp3
0001F1r 1  A0 0B        	ldy     #$0B
0001F3r 1  B1 rr        	lda     (sp),y
0001F5r 1  AA           	tax
0001F6r 1  88           	dey
0001F7r 1  B1 rr        	lda     (sp),y
0001F9r 1  A0 01        	ldy     #$01
0001FBr 1  91 rr        	sta     (sp),y
0001FDr 1  C8           	iny
0001FEr 1  8A           	txa
0001FFr 1  91 rr        	sta     (sp),y
000201r 1  A0 09        	ldy     #$09
000203r 1  B1 rr        	lda     (sp),y
000205r 1  A0 00        	ldy     #$00
000207r 1  91 rr        	sta     (sp),y
000209r 1  A5 rr        	lda     regbank+4
00020Br 1  A6 rr        	ldx     regbank+4+1
00020Dr 1  20 rr rr     	jsr     _title_hit
000210r 1  C9 00        	cmp     #$00
000212r 1  F0 2B        	beq     L05B0
000214r 1  20 rr rr     	jsr     decsp4
000217r 1  A0 07        	ldy     #$07
000219r 1  B1 rr        	lda     (sp),y
00021Br 1  A0 03        	ldy     #$03
00021Dr 1  91 rr        	sta     (sp),y
00021Fr 1  A0 0C        	ldy     #$0C
000221r 1  B1 rr        	lda     (sp),y
000223r 1  AA           	tax
000224r 1  88           	dey
000225r 1  B1 rr        	lda     (sp),y
000227r 1  A0 01        	ldy     #$01
000229r 1  91 rr        	sta     (sp),y
00022Br 1  C8           	iny
00022Cr 1  8A           	txa
00022Dr 1  91 rr        	sta     (sp),y
00022Fr 1  A0 0A        	ldy     #$0A
000231r 1  B1 rr        	lda     (sp),y
000233r 1  A0 00        	ldy     #$00
000235r 1  91 rr        	sta     (sp),y
000237r 1  A9 01        	lda     #$01
000239r 1  20 rr rr     	jsr     _begin_drag
00023Cr 1  4C rr rr     	jmp     L05C1
00023Fr 1  A0 02        L05B0:	ldy     #$02
000241r 1  B1 rr        	lda     (sp),y
000243r 1  F0 12        	beq     L05C1
000245r 1  A5 rr        	lda     regbank+4
000247r 1  A6 rr        	ldx     regbank+4+1
000249r 1  20 rr rr     	jsr     _damage_set
00024Cr 1  A9 00        	lda     #$00
00024Er 1  20 rr rr     	jsr     _compose_damage
000251r 1  4C rr rr     	jmp     L05C1
000254r 1  8D rr rr     L0590:	sta     _focused_handle
000257r 1  A0 04        L05C1:	ldy     #$04
000259r 1  B1 rr        L064C:	lda     (sp),y
00025Br 1  D0 0B        	bne     L0650
00025Dr 1  AD rr rr     	lda     _dragging_handle
000260r 1  F0 06        	beq     L0650
000262r 1  20 rr rr     	jsr     _finish_drag
000265r 1  4C rr rr     	jmp     L05D3
000268r 1  B1 rr        L0650:	lda     (sp),y
00026Ar 1  F0 29        	beq     L0655
00026Cr 1  AD rr rr     	lda     _dragging_handle
00026Fr 1  F0 24        	beq     L0655
000271r 1  AD rr rr     	lda     _drag_mode
000274r 1  C9 02        	cmp     #$02
000276r 1  D0 0F        	bne     L05CE
000278r 1  A0 0A        	ldy     #$0A
00027Ar 1  20 rr rr     	jsr     pushwysp
00027Dr 1  A0 08        	ldy     #$08
00027Fr 1  B1 rr        	lda     (sp),y
000281r 1  20 rr rr     	jsr     _resize_drag
000284r 1  4C rr rr     	jmp     L05D3
000287r 1  A0 0A        L05CE:	ldy     #$0A
000289r 1  20 rr rr     	jsr     pushwysp
00028Cr 1  A0 08        	ldy     #$08
00028Er 1  B1 rr        	lda     (sp),y
000290r 1  20 rr rr     	jsr     _move_drag
000293r 1  A0 04        L05D3:	ldy     #$04
000295r 1  B1 rr        L0655:	lda     (sp),y
000297r 1  8D rr rr     	sta     _previous_buttons
00029Ar 1  20 rr rr     L065B:	jsr     _publish_state
00029Dr 1  A2 00        L0659:	ldx     #$00
00029Fr 1  8A           	txa
0002A0r 1  48           L0656:	pha
0002A1r 1  A1 rr        	lda     (sp,x)
0002A3r 1  85 rr        	sta     regbank+4
0002A5r 1  A0 01        	ldy     #$01
0002A7r 1  B1 rr        	lda     (sp),y
0002A9r 1  85 rr        	sta     regbank+5
0002ABr 1  68           	pla
0002ACr 1  A0 09        	ldy     #$09
0002AEr 1  4C rr rr     	jmp     addysp
0002B1r 1               
0002B1r 1               .endproc
0002B1r 1               
0002B1r 1               ; ---------------------------------------------------------------
0002B1r 1               ; unsigned char __near__ udeks_window_manager_stop (void)
0002B1r 1               ; ---------------------------------------------------------------
0002B1r 1               
0002B1r 1               .segment	"CODE"
0002B1r 1               
0002B1r 1               .proc	_udeks_window_manager_stop: near
0002B1r 1               
0002B1r 1               .segment	"CODE"
0002B1r 1               
0002B1r 1  20 rr rr     	jsr     _udeks_window_manager_reset
0002B4r 1  A2 00        	ldx     #$00
0002B6r 1  8A           	txa
0002B7r 1  60           	rts
0002B8r 1               
0002B8r 1               .endproc
0002B8r 1               
0002B8r 1               ; ---------------------------------------------------------------
0002B8r 1               ; void __near__ udeks_window_manager_reset (void)
0002B8r 1               ; ---------------------------------------------------------------
0002B8r 1               
0002B8r 1               .segment	"CODE"
0002B8r 1               
0002B8r 1               .proc	_udeks_window_manager_reset: near
0002B8r 1               
0002B8r 1               .segment	"CODE"
0002B8r 1               
0002B8r 1  20 rr rr     	jsr     decsp1
0002BBr 1  20 rr rr     	jsr     _cache_invalidate
0002BEr 1  A9 00        	lda     #$00
0002C0r 1  A8           	tay
0002C1r 1  91 rr        L065C:	sta     (sp),y
0002C3r 1  C9 04        	cmp     #$04
0002C5r 1  B0 23        	bcs     L065D
0002C7r 1  B1 rr        	lda     (sp),y
0002C9r 1  20 rr rr     	jsr     pusha0
0002CCr 1  A9 0E        	lda     #$0E
0002CEr 1  20 rr rr     	jsr     tosmula0
0002D1r 1  18           	clc
0002D2r 1  69 rr        	adc     #<(_windows)
0002D4r 1  85 rr        	sta     ptr1
0002D6r 1  8A           	txa
0002D7r 1  69 rr        	adc     #>(_windows)
0002D9r 1  85 rr        	sta     ptr1+1
0002DBr 1  A9 00        	lda     #$00
0002DDr 1  A0 07        	ldy     #$07
0002DFr 1  91 rr        	sta     (ptr1),y
0002E1r 1  A8           	tay
0002E2r 1  18           	clc
0002E3r 1  A9 01        	lda     #$01
0002E5r 1  71 rr        	adc     (sp),y
0002E7r 1  4C rr rr     	jmp     L065C
0002EAr 1  98           L065D:	tya
0002EBr 1  8D rr rr     	sta     _active_count
0002EEr 1  8D rr rr     	sta     _focused_handle
0002F1r 1  8D rr rr     	sta     _dragging_handle
0002F4r 1  8D rr rr     	sta     _drag_mode
0002F7r 1  8D rr rr     	sta     _previous_buttons
0002FAr 1  20 rr rr     	jsr     _publish_state
0002FDr 1  4C rr rr     	jmp     incsp1
000300r 1               
000300r 1               .endproc
000300r 1               
000300r 1               ; ---------------------------------------------------------------
000300r 1               ; unsigned char __near__ udeks_window_create (unsigned char, unsigned char, unsigned char, unsigned int, unsigned char, unsigned int, unsigned char, __near__ const unsigned char *, __near__ __near__ function returning void *, __near__ __near__ function returning void *)
000300r 1               ; ---------------------------------------------------------------
000300r 1               
000300r 1               .segment	"CODE"
000300r 1               
000300r 1               .proc	_udeks_window_create: near
000300r 1               
000300r 1               .segment	"CODE"
000300r 1               
000300r 1  20 rr rr     	jsr     pushax
000303r 1  20 rr rr     	jsr     decsp1
000306r 1  A5 rr        	lda     regbank+4
000308r 1  A6 rr        	ldx     regbank+5
00030Ar 1  20 rr rr     	jsr     pushax
00030Dr 1  A0 0B        	ldy     #$0B
00030Fr 1  B1 rr        	lda     (sp),y
000311r 1  C9 00        	cmp     #$00
000313r 1  D0 05        	bne     L0463
000315r 1  88           	dey
000316r 1  B1 rr        	lda     (sp),y
000318r 1  C9 10        	cmp     #$10
00031Ar 1  90 45        L0463:	bcc     L0660
00031Cr 1  A0 09        	ldy     #$09
00031Er 1  B1 rr        	lda     (sp),y
000320r 1  C9 12        	cmp     #$12
000322r 1  90 3D        	bcc     L0660
000324r 1  A0 0D        	ldy     #$0D
000326r 1  B1 rr        	lda     (sp),y
000328r 1  A0 0A        	ldy     #$0A
00032Ar 1  18           	clc
00032Br 1  71 rr        	adc     (sp),y
00032Dr 1  48           	pha
00032Er 1  A0 0E        	ldy     #$0E
000330r 1  B1 rr        	lda     (sp),y
000332r 1  A0 0B        	ldy     #$0B
000334r 1  71 rr        	adc     (sp),y
000336r 1  AA           	tax
000337r 1  68           	pla
000338r 1  C9 41        	cmp     #$41
00033Ar 1  8A           	txa
00033Br 1  E9 01        	sbc     #$01
00033Dr 1  B0 22        	bcs     L0660
00033Fr 1  A2 00        	ldx     #$00
000341r 1  A0 09        	ldy     #$09
000343r 1  B1 rr        	lda     (sp),y
000345r 1  18           	clc
000346r 1  A0 0C        	ldy     #$0C
000348r 1  71 rr        	adc     (sp),y
00034Ar 1  90 01        	bcc     L065E
00034Cr 1  E8           	inx
00034Dr 1  C9 C9        L065E:	cmp     #$C9
00034Fr 1  8A           	txa
000350r 1  E9 00        	sbc     #$00
000352r 1  B0 0D        	bcs     L0660
000354r 1  A0 10        	ldy     #$10
000356r 1  B1 rr        	lda     (sp),y
000358r 1  C9 01        	cmp     #$01
00035Ar 1  D0 05        	bne     L0660
00035Cr 1  A9 00        	lda     #$00
00035Er 1  4C rr rr     	jmp     L0662
000361r 1  A2 00        L0660:	ldx     #$00
000363r 1  8A           	txa
000364r 1  4C rr rr     	jmp     L045F
000367r 1  A0 02        L0662:	ldy     #$02
000369r 1  91 rr        L065F:	sta     (sp),y
00036Br 1  A2 00        	ldx     #$00
00036Dr 1  B1 rr        	lda     (sp),y
00036Fr 1  C9 04        	cmp     #$04
000371r 1  B0 25        	bcs     L0664
000373r 1  20 rr rr     	jsr     pusha0
000376r 1  A9 0E        	lda     #$0E
000378r 1  20 rr rr     	jsr     tosmula0
00037Br 1  18           	clc
00037Cr 1  69 rr        	adc     #<(_windows)
00037Er 1  85 rr        	sta     ptr1
000380r 1  8A           	txa
000381r 1  69 rr        	adc     #>(_windows)
000383r 1  85 rr        	sta     ptr1+1
000385r 1  A0 07        	ldy     #$07
000387r 1  B1 rr        	lda     (ptr1),y
000389r 1  F0 0A        	beq     L0467
00038Br 1  A0 02        	ldy     #$02
00038Dr 1  18           	clc
00038Er 1  A9 01        	lda     #$01
000390r 1  71 rr        	adc     (sp),y
000392r 1  4C rr rr     	jmp     L065F
000395r 1  A0 02        L0467:	ldy     #$02
000397r 1  AA           	tax
000398r 1  B1 rr        L0664:	lda     (sp),y
00039Ar 1  C9 04        	cmp     #$04
00039Cr 1  D0 04        	bne     L0666
00039Er 1  8A           	txa
00039Fr 1  4C rr rr     	jmp     L045F
0003A2r 1  B1 rr        L0666:	lda     (sp),y
0003A4r 1  20 rr rr     	jsr     pusha0
0003A7r 1  A9 0E        	lda     #$0E
0003A9r 1  20 rr rr     	jsr     tosmula0
0003ACr 1  18           	clc
0003ADr 1  69 rr        	adc     #<(_windows)
0003AFr 1  A8           	tay
0003B0r 1  8A           	txa
0003B1r 1  69 rr        	adc     #>(_windows)
0003B3r 1  AA           	tax
0003B4r 1  98           	tya
0003B5r 1  85 rr        	sta     regbank+4
0003B7r 1  86 rr        	stx     regbank+4+1
0003B9r 1  85 rr        	sta     ptr1
0003BBr 1  86 rr        	stx     ptr1+1
0003BDr 1  A0 0F        	ldy     #$0F
0003BFr 1  B1 rr        	lda     (sp),y
0003C1r 1  29 0F        	and     #$0F
0003C3r 1  09 01        	ora     #$01
0003C5r 1  09 08        	ora     #$08
0003C7r 1  A0 00        	ldy     #$00
0003C9r 1  91 rr        	sta     (ptr1),y
0003CBr 1  A0 0E        	ldy     #$0E
0003CDr 1  B1 rr        	lda     (sp),y
0003CFr 1  AA           	tax
0003D0r 1  88           	dey
0003D1r 1  B1 rr        	lda     (sp),y
0003D3r 1  A0 01        	ldy     #$01
0003D5r 1  91 rr        	sta     (regbank+4),y
0003D7r 1  C8           	iny
0003D8r 1  8A           	txa
0003D9r 1  91 rr        	sta     (regbank+4),y
0003DBr 1  A0 0C        	ldy     #$0C
0003DDr 1  B1 rr        	lda     (sp),y
0003DFr 1  A0 03        	ldy     #$03
0003E1r 1  91 rr        	sta     (regbank+4),y
0003E3r 1  A0 0B        	ldy     #$0B
0003E5r 1  B1 rr        	lda     (sp),y
0003E7r 1  AA           	tax
0003E8r 1  88           	dey
0003E9r 1  B1 rr        	lda     (sp),y
0003EBr 1  A0 04        	ldy     #$04
0003EDr 1  91 rr        	sta     (regbank+4),y
0003EFr 1  C8           	iny
0003F0r 1  8A           	txa
0003F1r 1  91 rr        	sta     (regbank+4),y
0003F3r 1  A0 09        	ldy     #$09
0003F5r 1  B1 rr        	lda     (sp),y
0003F7r 1  A0 06        	ldy     #$06
0003F9r 1  91 rr        	sta     (regbank+4),y
0003FBr 1  AD rr rr     	lda     _active_count
0003FEr 1  18           	clc
0003FFr 1  69 01        	adc     #$01
000401r 1  C8           	iny
000402r 1  91 rr        	sta     (regbank+4),y
000404r 1  C8           	iny
000405r 1  B1 rr        	lda     (sp),y
000407r 1  AA           	tax
000408r 1  88           	dey
000409r 1  B1 rr        	lda     (sp),y
00040Br 1  C8           	iny
00040Cr 1  91 rr        	sta     (regbank+4),y
00040Er 1  C8           	iny
00040Fr 1  8A           	txa
000410r 1  91 rr        	sta     (regbank+4),y
000412r 1  A0 06        	ldy     #$06
000414r 1  B1 rr        	lda     (sp),y
000416r 1  AA           	tax
000417r 1  88           	dey
000418r 1  B1 rr        	lda     (sp),y
00041Ar 1  A0 0A        	ldy     #$0A
00041Cr 1  91 rr        	sta     (regbank+4),y
00041Er 1  C8           	iny
00041Fr 1  8A           	txa
000420r 1  91 rr        	sta     (regbank+4),y
000422r 1  A0 04        	ldy     #$04
000424r 1  B1 rr        	lda     (sp),y
000426r 1  AA           	tax
000427r 1  88           	dey
000428r 1  B1 rr        	lda     (sp),y
00042Ar 1  A0 0C        	ldy     #$0C
00042Cr 1  91 rr        	sta     (regbank+4),y
00042Er 1  C8           	iny
00042Fr 1  8A           	txa
000430r 1  91 rr        	sta     (regbank+4),y
000432r 1  EE rr rr     	inc     _active_count
000435r 1  A0 02        	ldy     #$02
000437r 1  B1 rr        	lda     (sp),y
000439r 1  18           	clc
00043Ar 1  69 01        	adc     #$01
00043Cr 1  8D rr rr     	sta     _focused_handle
00043Fr 1  A9 10        	lda     #$10
000441r 1  20 rr rr     	jsr     _increment_counter
000444r 1  20 rr rr     	jsr     _publish_state
000447r 1  A5 rr        	lda     regbank+4
000449r 1  A6 rr        	ldx     regbank+4+1
00044Br 1  20 rr rr     	jsr     _damage_set
00044Er 1  A9 00        	lda     #$00
000450r 1  20 rr rr     	jsr     _compose_damage
000453r 1  A2 00        	ldx     #$00
000455r 1  AD rr rr     	lda     _focused_handle
000458r 1  48           L045F:	pha
000459r 1  A1 rr        	lda     (sp,x)
00045Br 1  85 rr        	sta     regbank+4
00045Dr 1  A0 01        	ldy     #$01
00045Fr 1  B1 rr        	lda     (sp),y
000461r 1  85 rr        	sta     regbank+5
000463r 1  68           	pla
000464r 1  A0 12        	ldy     #$12
000466r 1  4C rr rr     	jmp     addysp
000469r 1               
000469r 1               .endproc
000469r 1               
000469r 1               ; ---------------------------------------------------------------
000469r 1               ; unsigned char __near__ udeks_window_destroy (unsigned char)
000469r 1               ; ---------------------------------------------------------------
000469r 1               
000469r 1               .segment	"CODE"
000469r 1               
000469r 1               .proc	_udeks_window_destroy: near
000469r 1               
000469r 1               .segment	"CODE"
000469r 1               
000469r 1  20 rr rr     	jsr     pusha
00046Cr 1  A5 rr        	lda     regbank+4
00046Er 1  A6 rr        	ldx     regbank+5
000470r 1  20 rr rr     	jsr     pushax
000473r 1  20 rr rr     	jsr     decsp4
000476r 1  A0 06        	ldy     #$06
000478r 1  B1 rr        	lda     (sp),y
00047Ar 1  20 rr rr     	jsr     _window_by_handle
00047Dr 1  85 rr        	sta     regbank+4
00047Fr 1  86 rr        	stx     regbank+4+1
000481r 1  E0 00        	cpx     #$00
000483r 1  D0 09        	bne     L049E
000485r 1  C9 00        	cmp     #$00
000487r 1  D0 05        	bne     L049E
000489r 1  A9 01        	lda     #$01
00048Br 1  4C rr rr     	jmp     L049A
00048Er 1  A0 0D        L049E:	ldy     #$0D
000490r 1  B1 rr        	lda     (regbank+4),y
000492r 1  AA           	tax
000493r 1  88           	dey
000494r 1  B1 rr        	lda     (regbank+4),y
000496r 1  A0 02        	ldy     #$02
000498r 1  20 rr rr     	jsr     staxysp
00049Br 1  A0 07        	ldy     #$07
00049Dr 1  B1 rr        	lda     (regbank+4),y
00049Fr 1  A0 00        	ldy     #$00
0004A1r 1  91 rr        	sta     (sp),y
0004A3r 1  A5 rr        	lda     regbank+4
0004A5r 1  A6 rr        	ldx     regbank+4+1
0004A7r 1  20 rr rr     	jsr     _damage_set
0004AAr 1  A0 06        	ldy     #$06
0004ACr 1  B1 rr        	lda     (sp),y
0004AEr 1  CD rr rr     	cmp     _dragging_handle
0004B1r 1  D0 35        	bne     L04A8
0004B3r 1  20 rr rr     	jsr     _udeks_vic_bitmap_reset_clip
0004B6r 1  20 rr rr     	jsr     decsp5
0004B9r 1  AD rr rr     	lda     _drag_x
0004BCr 1  A0 03        	ldy     #$03
0004BEr 1  91 rr        	sta     (sp),y
0004C0r 1  C8           	iny
0004C1r 1  AD rr rr     	lda     _drag_x+1
0004C4r 1  91 rr        	sta     (sp),y
0004C6r 1  AD rr rr     	lda     _drag_y
0004C9r 1  A0 02        	ldy     #$02
0004CBr 1  91 rr        	sta     (sp),y
0004CDr 1  AD rr rr     	lda     _drag_width
0004D0r 1  A0 00        	ldy     #$00
0004D2r 1  91 rr        	sta     (sp),y
0004D4r 1  C8           	iny
0004D5r 1  AD rr rr     	lda     _drag_width+1
0004D8r 1  91 rr        	sta     (sp),y
0004DAr 1  AD rr rr     	lda     _drag_height
0004DDr 1  20 rr rr     	jsr     _udeks_vic_bitmap_outline_toggle
0004E0r 1  A9 00        	lda     #$00
0004E2r 1  8D rr rr     	sta     _dragging_handle
0004E5r 1  8D rr rr     	sta     _drag_mode
0004E8r 1  A9 00        L04A8:	lda     #$00
0004EAr 1  A0 07        	ldy     #$07
0004ECr 1  91 rr        	sta     (regbank+4),y
0004EEr 1  CE rr rr     	dec     _active_count
0004F1r 1  A0 01        	ldy     #$01
0004F3r 1  91 rr        L0668:	sta     (sp),y
0004F5r 1  C9 04        	cmp     #$04
0004F7r 1  B0 48        	bcs     L04B8
0004F9r 1  B1 rr        	lda     (sp),y
0004FBr 1  20 rr rr     	jsr     pusha0
0004FEr 1  A9 0E        	lda     #$0E
000500r 1  20 rr rr     	jsr     tosmula0
000503r 1  18           	clc
000504r 1  69 rr        	adc     #<(_windows)
000506r 1  85 rr        	sta     ptr1
000508r 1  8A           	txa
000509r 1  69 rr        	adc     #>(_windows)
00050Br 1  85 rr        	sta     ptr1+1
00050Dr 1  A0 07        	ldy     #$07
00050Fr 1  B1 rr        	lda     (ptr1),y
000511r 1  38           	sec
000512r 1  A0 00        	ldy     #$00
000514r 1  F1 rr        	sbc     (sp),y
000516r 1  90 20        	bcc     L04B9
000518r 1  F0 1E        	beq     L04B9
00051Ar 1  C8           	iny
00051Br 1  B1 rr        	lda     (sp),y
00051Dr 1  20 rr rr     	jsr     pusha0
000520r 1  A9 0E        	lda     #$0E
000522r 1  20 rr rr     	jsr     tosmula0
000525r 1  18           	clc
000526r 1  69 rr        	adc     #<(_windows)
000528r 1  85 rr        	sta     ptr1
00052Ar 1  8A           	txa
00052Br 1  69 rr        	adc     #>(_windows)
00052Dr 1  85 rr        	sta     ptr1+1
00052Fr 1  A0 07        	ldy     #$07
000531r 1  B1 rr        	lda     (ptr1),y
000533r 1  38           	sec
000534r 1  E9 01        	sbc     #$01
000536r 1  91 rr        	sta     (ptr1),y
000538r 1  A0 01        L04B9:	ldy     #$01
00053Ar 1  18           	clc
00053Br 1  98           	tya
00053Cr 1  71 rr        	adc     (sp),y
00053Er 1  4C rr rr     	jmp     L0668
000541r 1  20 rr rr     L04B8:	jsr     _top_window
000544r 1  8D rr rr     	sta     _focused_handle
000547r 1  A9 00        	lda     #$00
000549r 1  20 rr rr     	jsr     _compose_damage
00054Cr 1  A9 12        	lda     #$12
00054Er 1  20 rr rr     	jsr     _increment_counter
000551r 1  20 rr rr     	jsr     _publish_state
000554r 1  A0 02        	ldy     #$02
000556r 1  B1 rr        	lda     (sp),y
000558r 1  C8           	iny
000559r 1  11 rr        	ora     (sp),y
00055Br 1  F0 22        	beq     L04CB
00055Dr 1  B1 rr        	lda     (sp),y
00055Fr 1  AA           	tax
000560r 1  88           	dey
000561r 1  B1 rr        	lda     (sp),y
000563r 1  20 rr rr     	jsr     pushax
000566r 1  A0 08        	ldy     #$08
000568r 1  B1 rr        	lda     (sp),y
00056Ar 1  48           	pha
00056Br 1  A0 00        	ldy     #$00
00056Dr 1  B1 rr        	lda     (sp),y
00056Fr 1  8D rr rr     	sta     jmpvec+1
000572r 1  C8           	iny
000573r 1  B1 rr        	lda     (sp),y
000575r 1  8D rr rr     	sta     jmpvec+2
000578r 1  68           	pla
000579r 1  20 rr rr     	jsr     jmpvec
00057Cr 1  20 rr rr     	jsr     incsp2
00057Fr 1  A2 00        L04CB:	ldx     #$00
000581r 1  8A           	txa
000582r 1  48           L049A:	pha
000583r 1  A0 04        	ldy     #$04
000585r 1  B1 rr        	lda     (sp),y
000587r 1  85 rr        	sta     regbank+4
000589r 1  C8           	iny
00058Ar 1  B1 rr        	lda     (sp),y
00058Cr 1  85 rr        	sta     regbank+5
00058Er 1  68           	pla
00058Fr 1  4C rr rr     	jmp     incsp7
000592r 1               
000592r 1               .endproc
000592r 1               
000592r 1               ; ---------------------------------------------------------------
000592r 1               ; unsigned char __near__ udeks_window_repaint (unsigned char)
000592r 1               ; ---------------------------------------------------------------
000592r 1               
000592r 1               .segment	"CODE"
000592r 1               
000592r 1               .proc	_udeks_window_repaint: near
000592r 1               
000592r 1               .segment	"CODE"
000592r 1               
000592r 1  20 rr rr     	jsr     pusha
000595r 1  A5 rr        	lda     regbank+4
000597r 1  A6 rr        	ldx     regbank+5
000599r 1  20 rr rr     	jsr     pushax
00059Cr 1  A0 02        	ldy     #$02
00059Er 1  B1 rr        	lda     (sp),y
0005A0r 1  20 rr rr     	jsr     _window_by_handle
0005A3r 1  85 rr        	sta     regbank+4
0005A5r 1  86 rr        	stx     regbank+4+1
0005A7r 1  E0 00        	cpx     #$00
0005A9r 1  D0 09        	bne     L04D5
0005ABr 1  C9 00        	cmp     #$00
0005ADr 1  D0 05        	bne     L04D5
0005AFr 1  A9 01        	lda     #$01
0005B1r 1  4C rr rr     	jmp     L04D1
0005B4r 1  AD rr rr     L04D5:	lda     _dragging_handle
0005B7r 1  F0 03 4C rr  	jne     L0511
0005BBr 1  rr           
0005BCr 1  AA           	tax
0005BDr 1  AD rr rr     	lda     _cache_phase
0005C0r 1  C9 01        	cmp     #$01
0005C2r 1  D0 03 4C rr  	jeq     L066B
0005C6r 1  rr           
0005C7r 1  C9 03        	cmp     #$03
0005C9r 1  D0 03 4C rr  	jeq     L066B
0005CDr 1  rr           
0005CEr 1  A5 rr        	lda     regbank+4
0005D0r 1  A6 rr        	ldx     regbank+4+1
0005D2r 1  20 rr rr     	jsr     _damage_set
0005D5r 1  AD rr rr     	lda     _cache_phase
0005D8r 1  C9 02        	cmp     #$02
0005DAr 1  D0 08        	bne     L0671
0005DCr 1  A8           	tay
0005DDr 1  B1 rr        	lda     (sp),y
0005DFr 1  CD rr rr     	cmp     _cache_owner
0005E2r 1  D0 05        	bne     L0672
0005E4r 1  A9 00        L0671:	lda     #$00
0005E6r 1  4C rr rr     	jmp     L0674
0005E9r 1  AD rr rr     L0672:	lda     _cache_owner
0005ECr 1  20 rr rr     	jsr     _window_by_handle
0005EFr 1  85 rr        	sta     regbank+4
0005F1r 1  86 rr        	stx     regbank+4+1
0005F3r 1  AD rr rr     	lda     _damage_left
0005F6r 1  AE rr rr     	ldx     _damage_left+1
0005F9r 1  20 rr rr     	jsr     pushax
0005FCr 1  A0 02        	ldy     #$02
0005FEr 1  B1 rr        	lda     (regbank+4),y
000600r 1  AA           	tax
000601r 1  88           	dey
000602r 1  B1 rr        	lda     (regbank+4),y
000604r 1  20 rr rr     	jsr     tosicmp
000607r 1  B0 03 4C rr  	jcc     L04E6
00060Br 1  rr           
00060Cr 1  AD rr rr     	lda     _damage_right
00060Fr 1  AE rr rr     	ldx     _damage_right+1
000612r 1  20 rr rr     	jsr     pushax
000615r 1  A0 02        	ldy     #$02
000617r 1  B1 rr        	lda     (regbank+4),y
000619r 1  AA           	tax
00061Ar 1  88           	dey
00061Br 1  B1 rr        	lda     (regbank+4),y
00061Dr 1  20 rr rr     	jsr     pushax
000620r 1  A0 05        	ldy     #$05
000622r 1  B1 rr        	lda     (regbank+4),y
000624r 1  AA           	tax
000625r 1  88           	dey
000626r 1  B1 rr        	lda     (regbank+4),y
000628r 1  20 rr rr     	jsr     tosaddax
00062Br 1  20 rr rr     	jsr     tosicmp
00062Er 1  F0 05        	beq     L066D
000630r 1  90 03 4C rr  	jcs     L04E6
000634r 1  rr           
000635r 1  AD rr rr     L066D:	lda     _damage_bottom
000638r 1  20 rr rr     	jsr     pusha0
00063Br 1  A0 03        	ldy     #$03
00063Dr 1  B1 rr        	lda     (regbank+4),y
00063Fr 1  85 rr        	sta     ptr1
000641r 1  A0 06        	ldy     #$06
000643r 1  B1 rr        	lda     (regbank+4),y
000645r 1  18           	clc
000646r 1  65 rr        	adc     ptr1
000648r 1  90 01        	bcc     L066A
00064Ar 1  E8           	inx
00064Br 1  20 rr rr     L066A:	jsr     tosicmp
00064Er 1  90 05        	bcc     L04E7
000650r 1  F0 03 4C rr  	jne     L04E6
000654r 1  rr           
000655r 1  A9 82        L04E7:	lda     #$82
000657r 1  8D rr rr     	sta     _cache_phase
00065Ar 1  AD rr rr     	lda     _damage_bottom
00065Dr 1  20 rr rr     	jsr     pusha0
000660r 1  A0 03        	ldy     #$03
000662r 1  B1 rr        	lda     (regbank+4),y
000664r 1  20 rr rr     	jsr     tosicmp0
000667r 1  90 09        	bcc     L04EC
000669r 1  F0 07        	beq     L04EC
00066Br 1  A0 03        	ldy     #$03
00066Dr 1  B1 rr        	lda     (regbank+4),y
00066Fr 1  8D rr rr     	sta     _damage_bottom
000672r 1  AD rr rr     L04EC:	lda     _damage_top
000675r 1  CD rr rr     	cmp     _damage_bottom
000678r 1  B0 10        	bcs     L04F0
00067Ar 1  A9 80        	lda     #$80
00067Cr 1  8D rr rr     	sta     _drag_mode
00067Fr 1  AD rr rr     	lda     _cache_owner
000682r 1  20 rr rr     	jsr     _compose_damage
000685r 1  A9 00        	lda     #$00
000687r 1  8D rr rr     	sta     _drag_mode
00068Ar 1  A0 02        L04F0:	ldy     #$02
00068Cr 1  B1 rr        	lda     (sp),y
00068Er 1  20 rr rr     	jsr     _window_by_handle
000691r 1  85 rr        	sta     regbank+4
000693r 1  86 rr        	stx     regbank+4+1
000695r 1  A0 0B        	ldy     #$0B
000697r 1  B1 rr        	lda     (regbank+4),y
000699r 1  AA           	tax
00069Ar 1  88           	dey
00069Br 1  B1 rr        	lda     (regbank+4),y
00069Dr 1  E0 00        	cpx     #$00
00069Fr 1  D0 04        	bne     L0675
0006A1r 1  C9 00        	cmp     #$00
0006A3r 1  F0 6A        	beq     L0677
0006A5r 1  AD rr rr     L0675:	lda     _damage_bottom
0006A8r 1  20 rr rr     	jsr     pusha0
0006ABr 1  AD rr rr     	lda     _damage_top
0006AEr 1  18           	clc
0006AFr 1  69 0D        	adc     #$0D
0006B1r 1  90 03        	bcc     L066C
0006B3r 1  A2 01        	ldx     #$01
0006B5r 1  18           	clc
0006B6r 1  69 01        L066C:	adc     #$01
0006B8r 1  90 01        	bcc     L0500
0006BAr 1  E8           	inx
0006BBr 1  20 rr rr     L0500:	jsr     tosicmp
0006BEr 1  90 02        	bcc     L04FC
0006C0r 1  D0 4B        	bne     L0676
0006C2r 1  A0 00        L04FC:	ldy     #$00
0006C4r 1  B1 rr        	lda     (regbank+4),y
0006C6r 1  29 7F        	and     #$7F
0006C8r 1  91 rr        	sta     (regbank+4),y
0006CAr 1  20 rr rr     	jsr     decsp6
0006CDr 1  98           	tya
0006CEr 1  A0 04        	ldy     #$04
0006D0r 1  91 rr        	sta     (sp),y
0006D2r 1  C8           	iny
0006D3r 1  91 rr        	sta     (sp),y
0006D5r 1  A0 02        	ldy     #$02
0006D7r 1  91 rr        	sta     (sp),y
0006D9r 1  C8           	iny
0006DAr 1  91 rr        	sta     (sp),y
0006DCr 1  A8           	tay
0006DDr 1  91 rr        	sta     (sp),y
0006DFr 1  C8           	iny
0006E0r 1  91 rr        	sta     (sp),y
0006E2r 1  AA           	tax
0006E3r 1  20 rr rr     	jsr     _udeks_vic_bitmap_set_clip
0006E6r 1  A0 0B        	ldy     #$0B
0006E8r 1  B1 rr        	lda     (regbank+4),y
0006EAr 1  AA           	tax
0006EBr 1  88           	dey
0006ECr 1  B1 rr        	lda     (regbank+4),y
0006EEr 1  20 rr rr     	jsr     pushax
0006F1r 1  A0 04        	ldy     #$04
0006F3r 1  B1 rr        	lda     (sp),y
0006F5r 1  48           	pha
0006F6r 1  A0 00        	ldy     #$00
0006F8r 1  B1 rr        	lda     (sp),y
0006FAr 1  8D rr rr     	sta     jmpvec+1
0006FDr 1  C8           	iny
0006FEr 1  B1 rr        	lda     (sp),y
000700r 1  8D rr rr     	sta     jmpvec+2
000703r 1  68           	pla
000704r 1  20 rr rr     	jsr     jmpvec
000707r 1  20 rr rr     	jsr     incsp2
00070Ar 1  20 rr rr     	jsr     _udeks_vic_bitmap_reset_clip
00070Dr 1  A2 00        L0676:	ldx     #$00
00070Fr 1  A9 02        L0677:	lda     #$02
000711r 1  8D rr rr     	sta     _cache_phase
000714r 1  4C rr rr     	jmp     L066B
000717r 1  AD rr rr     L04E6:	lda     _cache_owner
00071Ar 1  20 rr rr     	jsr     _cache_paint_image
00071Dr 1  4C rr rr     	jmp     L0511
000720r 1  20 rr rr     L0674:	jsr     _compose_damage
000723r 1  A2 00        L0511:	ldx     #$00
000725r 1  8A           L066B:	txa
000726r 1  48           L04D1:	pha
000727r 1  A1 rr        	lda     (sp,x)
000729r 1  85 rr        	sta     regbank+4
00072Br 1  A0 01        	ldy     #$01
00072Dr 1  B1 rr        	lda     (sp),y
00072Fr 1  85 rr        	sta     regbank+5
000731r 1  68           	pla
000732r 1  4C rr rr     	jmp     incsp3
000735r 1               
000735r 1               .endproc
000735r 1               
000735r 1               ; ---------------------------------------------------------------
000735r 1               ; unsigned char __near__ udeks_window_begin_paint (unsigned char)
000735r 1               ; ---------------------------------------------------------------
000735r 1               
000735r 1               .segment	"CODE"
000735r 1               
000735r 1               .proc	_udeks_window_begin_paint: near
000735r 1               
000735r 1               .segment	"CODE"
000735r 1               
000735r 1  20 rr rr     	jsr     pusha
000738r 1  A5 rr        	lda     regbank+4
00073Ar 1  A6 rr        	ldx     regbank+5
00073Cr 1  20 rr rr     	jsr     pushax
00073Fr 1  A0 02        	ldy     #$02
000741r 1  B1 rr        	lda     (sp),y
000743r 1  20 rr rr     	jsr     _window_by_handle
000746r 1  85 rr        	sta     regbank+4
000748r 1  86 rr        	stx     regbank+4+1
00074Ar 1  E0 00        	cpx     #$00
00074Cr 1  D0 04        	bne     L0681
00074Er 1  C9 00        	cmp     #$00
000750r 1  F0 15        	beq     L0682
000752r 1  AD rr rr     L0681:	lda     _dragging_handle
000755r 1  D0 0E        	bne     L067B
000757r 1  A0 07        	ldy     #$07
000759r 1  B1 rr        	lda     (regbank+4),y
00075Br 1  CD rr rr     	cmp     _active_count
00075Er 1  D0 05        	bne     L067B
000760r 1  A2 00        	ldx     #$00
000762r 1  4C rr rr     	jmp     L067C
000765r 1  A2 00        L067B:	ldx     #$00
000767r 1  A9 01        L0682:	lda     #$01
000769r 1  4C rr rr     	jmp     L021F
00076Cr 1  AD rr rr     L067C:	lda     _cache_phase
00076Fr 1  C9 01        	cmp     #$01
000771r 1  F0 74        	beq     L021F
000773r 1  C9 03        	cmp     #$03
000775r 1  D0 05        	bne     L0228
000777r 1  A9 01        	lda     #$01
000779r 1  4C rr rr     	jmp     L021F
00077Cr 1  20 rr rr     L0228:	jsr     _cache_invalidate
00077Fr 1  A0 00        	ldy     #$00
000781r 1  B1 rr        	lda     (regbank+4),y
000783r 1  29 7F        	and     #$7F
000785r 1  91 rr        	sta     (regbank+4),y
000787r 1  20 rr rr     	jsr     decsp6
00078Ar 1  A0 02        	ldy     #$02
00078Cr 1  B1 rr        	lda     (regbank+4),y
00078Er 1  AA           	tax
00078Fr 1  88           	dey
000790r 1  B1 rr        	lda     (regbank+4),y
000792r 1  18           	clc
000793r 1  69 03        	adc     #$03
000795r 1  90 01        	bcc     L0231
000797r 1  E8           	inx
000798r 1  A0 04        L0231:	ldy     #$04
00079Ar 1  91 rr        	sta     (sp),y
00079Cr 1  C8           	iny
00079Dr 1  8A           	txa
00079Er 1  91 rr        	sta     (sp),y
0007A0r 1  A0 03        	ldy     #$03
0007A2r 1  A2 00        	ldx     #$00
0007A4r 1  B1 rr        	lda     (regbank+4),y
0007A6r 1  18           	clc
0007A7r 1  69 0D        	adc     #$0D
0007A9r 1  90 02        	bcc     L0679
0007ABr 1  E8           	inx
0007ACr 1  18           	clc
0007ADr 1  69 01        L0679:	adc     #$01
0007AFr 1  90 01        	bcc     L0234
0007B1r 1  E8           	inx
0007B2r 1  88           L0234:	dey
0007B3r 1  91 rr        	sta     (sp),y
0007B5r 1  C8           	iny
0007B6r 1  8A           	txa
0007B7r 1  91 rr        	sta     (sp),y
0007B9r 1  A0 05        	ldy     #$05
0007BBr 1  B1 rr        	lda     (regbank+4),y
0007BDr 1  AA           	tax
0007BEr 1  88           	dey
0007BFr 1  B1 rr        	lda     (regbank+4),y
0007C1r 1  38           	sec
0007C2r 1  E9 06        	sbc     #$06
0007C4r 1  B0 01        	bcs     L0236
0007C6r 1  CA           	dex
0007C7r 1  A0 00        L0236:	ldy     #$00
0007C9r 1  91 rr        	sta     (sp),y
0007CBr 1  C8           	iny
0007CCr 1  8A           	txa
0007CDr 1  91 rr        	sta     (sp),y
0007CFr 1  A0 06        	ldy     #$06
0007D1r 1  A2 00        	ldx     #$00
0007D3r 1  B1 rr        	lda     (regbank+4),y
0007D5r 1  38           	sec
0007D6r 1  E9 0D        	sbc     #$0D
0007D8r 1  B0 02        	bcs     L067A
0007DAr 1  CA           	dex
0007DBr 1  38           	sec
0007DCr 1  E9 04        L067A:	sbc     #$04
0007DEr 1  B0 01        	bcs     L0239
0007E0r 1  CA           	dex
0007E1r 1  20 rr rr     L0239:	jsr     _udeks_vic_bitmap_set_clip
0007E4r 1  A2 00        	ldx     #$00
0007E6r 1  8A           	txa
0007E7r 1  48           L021F:	pha
0007E8r 1  A1 rr        	lda     (sp,x)
0007EAr 1  85 rr        	sta     regbank+4
0007ECr 1  A0 01        	ldy     #$01
0007EEr 1  B1 rr        	lda     (sp),y
0007F0r 1  85 rr        	sta     regbank+5
0007F2r 1  68           	pla
0007F3r 1  4C rr rr     	jmp     incsp3
0007F6r 1               
0007F6r 1               .endproc
0007F6r 1               
0007F6r 1               ; ---------------------------------------------------------------
0007F6r 1               ; void __near__ udeks_window_end_paint (void)
0007F6r 1               ; ---------------------------------------------------------------
0007F6r 1               
0007F6r 1               .segment	"CODE"
0007F6r 1               
0007F6r 1               .proc	_udeks_window_end_paint: near
0007F6r 1               
0007F6r 1               .segment	"CODE"
0007F6r 1               
0007F6r 1  20 rr rr     	jsr     _udeks_vic_bitmap_reset_clip
0007F9r 1  4C rr rr     	jmp     _udeks_vic_bitmap_commit
0007FCr 1               
0007FCr 1               .endproc
0007FCr 1               
0007FCr 1               ; ---------------------------------------------------------------
0007FCr 1               ; unsigned char __near__ __fastcall__ udeks_window_image_complete (unsigned char)
0007FCr 1               ; ---------------------------------------------------------------
0007FCr 1               
0007FCr 1               .segment	"CODE"
0007FCr 1               
0007FCr 1               .proc	_udeks_window_image_complete: near
0007FCr 1               
0007FCr 1               .segment	"CODE"
0007FCr 1               
0007FCr 1  20 rr rr     	jsr     pusha
0007FFr 1  A5 rr        	lda     regbank+4
000801r 1  A6 rr        	ldx     regbank+5
000803r 1  20 rr rr     	jsr     pushax
000806r 1  A0 02        	ldy     #$02
000808r 1  B1 rr        	lda     (sp),y
00080Ar 1  20 rr rr     	jsr     _window_by_handle
00080Dr 1  85 rr        	sta     regbank+4
00080Fr 1  86 rr        	stx     regbank+4+1
000811r 1  E0 00        	cpx     #$00
000813r 1  D0 04        	bne     L0688
000815r 1  C9 00        	cmp     #$00
000817r 1  F0 18        	beq     L068A
000819r 1  AD rr rr     L0688:	lda     _dragging_handle
00081Cr 1  D0 11        	bne     L0684
00081Er 1  A0 07        	ldy     #$07
000820r 1  B1 rr        	lda     (regbank+4),y
000822r 1  CD rr rr     	cmp     _active_count
000825r 1  D0 08        	bne     L0684
000827r 1  A0 00        	ldy     #$00
000829r 1  B1 rr        	lda     (regbank+4),y
00082Br 1  29 01        	and     #$01
00082Dr 1  D0 07        	bne     L0242
00082Fr 1  A2 00        L0684:	ldx     #$00
000831r 1  A9 01        L068A:	lda     #$01
000833r 1  4C rr rr     	jmp     L023E
000836r 1  B1 rr        L0242:	lda     (regbank+4),y
000838r 1  09 80        	ora     #$80
00083Ar 1  91 rr        	sta     (regbank+4),y
00083Cr 1  A2 00        	ldx     #$00
00083Er 1  AD rr rr     	lda     _cache_accept_state
000841r 1  C9 80        	cmp     #$80
000843r 1  D0 13        	bne     L0689
000845r 1  AD rr rr     	lda     _cache_phase
000848r 1  D0 0E        	bne     L0689
00084Ar 1  A0 02        	ldy     #$02
00084Cr 1  B1 rr        	lda     (sp),y
00084Er 1  20 rr rr     	jsr     pusha
000851r 1  A9 02        	lda     #$02
000853r 1  20 rr rr     	jsr     _cache_request
000856r 1  A2 00        	ldx     #$00
000858r 1  8A           L0689:	txa
000859r 1  48           L023E:	pha
00085Ar 1  A1 rr        	lda     (sp,x)
00085Cr 1  85 rr        	sta     regbank+4
00085Er 1  A0 01        	ldy     #$01
000860r 1  B1 rr        	lda     (sp),y
000862r 1  85 rr        	sta     regbank+5
000864r 1  68           	pla
000865r 1  4C rr rr     	jmp     incsp3
000868r 1               
000868r 1               .endproc
000868r 1               
000868r 1               ; ---------------------------------------------------------------
000868r 1               ; unsigned char __near__ udeks_window_get_geometry (unsigned char, __near__ unsigned int *, __near__ unsigned char *, __near__ unsigned int *, __near__ unsigned char *)
000868r 1               ; ---------------------------------------------------------------
000868r 1               
000868r 1               .segment	"CODE"
000868r 1               
000868r 1               .proc	_udeks_window_get_geometry: near
000868r 1               
000868r 1               .segment	"CODE"
000868r 1               
000868r 1  20 rr rr     	jsr     pushax
00086Br 1  A5 rr        	lda     regbank+4
00086Dr 1  A6 rr        	ldx     regbank+5
00086Fr 1  20 rr rr     	jsr     pushax
000872r 1  A0 0A        	ldy     #$0A
000874r 1  B1 rr        	lda     (sp),y
000876r 1  20 rr rr     	jsr     _window_by_handle
000879r 1  85 rr        	sta     regbank+4
00087Br 1  86 rr        	stx     regbank+4+1
00087Dr 1  E0 00        	cpx     #$00
00087Fr 1  D0 09        	bne     L0519
000881r 1  C9 00        	cmp     #$00
000883r 1  D0 05        	bne     L0519
000885r 1  A9 01        	lda     #$01
000887r 1  4C rr rr     	jmp     L0515
00088Ar 1  A0 09        L0519:	ldy     #$09
00088Cr 1  B1 rr        	lda     (sp),y
00088Er 1  85 rr        	sta     ptr1+1
000890r 1  88           	dey
000891r 1  B1 rr        	lda     (sp),y
000893r 1  85 rr        	sta     ptr1
000895r 1  A0 0A        	ldy     #$0A
000897r 1  B1 rr        	lda     (sp),y
000899r 1  CD rr rr     	cmp     _dragging_handle
00089Cr 1  D0 09        	bne     L051F
00089Er 1  AD rr rr     	lda     _drag_x
0008A1r 1  AE rr rr     	ldx     _drag_x+1
0008A4r 1  4C rr rr     	jmp     L0521
0008A7r 1  A0 02        L051F:	ldy     #$02
0008A9r 1  B1 rr        	lda     (regbank+4),y
0008ABr 1  AA           	tax
0008ACr 1  88           	dey
0008ADr 1  B1 rr        	lda     (regbank+4),y
0008AFr 1  A0 00        L0521:	ldy     #$00
0008B1r 1  91 rr        	sta     (ptr1),y
0008B3r 1  C8           	iny
0008B4r 1  8A           	txa
0008B5r 1  91 rr        	sta     (ptr1),y
0008B7r 1  A0 07        	ldy     #$07
0008B9r 1  B1 rr        	lda     (sp),y
0008BBr 1  85 rr        	sta     ptr1+1
0008BDr 1  88           	dey
0008BEr 1  B1 rr        	lda     (sp),y
0008C0r 1  85 rr        	sta     ptr1
0008C2r 1  A0 0A        	ldy     #$0A
0008C4r 1  B1 rr        	lda     (sp),y
0008C6r 1  CD rr rr     	cmp     _dragging_handle
0008C9r 1  D0 06        	bne     L0525
0008CBr 1  AD rr rr     	lda     _drag_y
0008CEr 1  4C rr rr     	jmp     L0692
0008D1r 1  A0 03        L0525:	ldy     #$03
0008D3r 1  B1 rr        	lda     (regbank+4),y
0008D5r 1  A0 00        L0692:	ldy     #$00
0008D7r 1  91 rr        	sta     (ptr1),y
0008D9r 1  A0 05        	ldy     #$05
0008DBr 1  B1 rr        	lda     (sp),y
0008DDr 1  85 rr        	sta     ptr1+1
0008DFr 1  88           	dey
0008E0r 1  B1 rr        	lda     (sp),y
0008E2r 1  85 rr        	sta     ptr1
0008E4r 1  A0 0A        	ldy     #$0A
0008E6r 1  B1 rr        	lda     (sp),y
0008E8r 1  CD rr rr     	cmp     _dragging_handle
0008EBr 1  D0 09        	bne     L052B
0008EDr 1  AD rr rr     	lda     _drag_width
0008F0r 1  AE rr rr     	ldx     _drag_width+1
0008F3r 1  4C rr rr     	jmp     L052D
0008F6r 1  A0 05        L052B:	ldy     #$05
0008F8r 1  B1 rr        	lda     (regbank+4),y
0008FAr 1  AA           	tax
0008FBr 1  88           	dey
0008FCr 1  B1 rr        	lda     (regbank+4),y
0008FEr 1  A0 00        L052D:	ldy     #$00
000900r 1  91 rr        	sta     (ptr1),y
000902r 1  C8           	iny
000903r 1  8A           	txa
000904r 1  91 rr        	sta     (ptr1),y
000906r 1  A0 03        	ldy     #$03
000908r 1  B1 rr        	lda     (sp),y
00090Ar 1  85 rr        	sta     ptr1+1
00090Cr 1  88           	dey
00090Dr 1  B1 rr        	lda     (sp),y
00090Fr 1  85 rr        	sta     ptr1
000911r 1  A0 0A        	ldy     #$0A
000913r 1  B1 rr        	lda     (sp),y
000915r 1  CD rr rr     	cmp     _dragging_handle
000918r 1  D0 06        	bne     L0531
00091Ar 1  AD rr rr     	lda     _drag_height
00091Dr 1  4C rr rr     	jmp     L0694
000920r 1  A0 06        L0531:	ldy     #$06
000922r 1  B1 rr        	lda     (regbank+4),y
000924r 1  A0 00        L0694:	ldy     #$00
000926r 1  91 rr        	sta     (ptr1),y
000928r 1  A2 00        	ldx     #$00
00092Ar 1  8A           	txa
00092Br 1  48           L0515:	pha
00092Cr 1  A1 rr        	lda     (sp,x)
00092Er 1  85 rr        	sta     regbank+4
000930r 1  A0 01        	ldy     #$01
000932r 1  B1 rr        	lda     (sp),y
000934r 1  85 rr        	sta     regbank+5
000936r 1  68           	pla
000937r 1  A0 0B        	ldy     #$0B
000939r 1  4C rr rr     	jmp     addysp
00093Cr 1               
00093Cr 1               .endproc
00093Cr 1               
00093Cr 1               ; ---------------------------------------------------------------
00093Cr 1               ; unsigned char __near__ udeks_window_is_dragging (unsigned char)
00093Cr 1               ; ---------------------------------------------------------------
00093Cr 1               
00093Cr 1               .segment	"CODE"
00093Cr 1               
00093Cr 1               .proc	_udeks_window_is_dragging: near
00093Cr 1               
00093Cr 1               .segment	"CODE"
00093Cr 1               
00093Cr 1  20 rr rr     	jsr     pusha
00093Fr 1  A2 00        	ldx     #$00
000941r 1  A1 rr        	lda     (sp,x)
000943r 1  F0 0E        	beq     L069A
000945r 1  CD rr rr     	cmp     _dragging_handle
000948r 1  F0 04        	beq     L0698
00094Ar 1  8A           	txa
00094Br 1  4C rr rr     	jmp     incsp1
00094Er 1  A9 01        L0698:	lda     #$01
000950r 1  4C rr rr     	jmp     incsp1
000953r 1  4C rr rr     L069A:	jmp     incsp1
000956r 1               
000956r 1               .endproc
000956r 1               
000956r 1               ; ---------------------------------------------------------------
000956r 1               ; unsigned char __near__ udeks_window_is_focused (unsigned char)
000956r 1               ; ---------------------------------------------------------------
000956r 1               
000956r 1               .segment	"CODE"
000956r 1               
000956r 1               .proc	_udeks_window_is_focused: near
000956r 1               
000956r 1               .segment	"CODE"
000956r 1               
000956r 1  20 rr rr     	jsr     pusha
000959r 1  A2 00        	ldx     #$00
00095Br 1  A1 rr        	lda     (sp,x)
00095Dr 1  F0 0E        	beq     L06A0
00095Fr 1  CD rr rr     	cmp     _focused_handle
000962r 1  F0 04        	beq     L069E
000964r 1  8A           	txa
000965r 1  4C rr rr     	jmp     incsp1
000968r 1  A9 01        L069E:	lda     #$01
00096Ar 1  4C rr rr     	jmp     incsp1
00096Dr 1  4C rr rr     L06A0:	jmp     incsp1
000970r 1               
000970r 1               .endproc
000970r 1               
000970r 1               ; ---------------------------------------------------------------
000970r 1               ; void __near__ increment_counter (unsigned char)
000970r 1               ; ---------------------------------------------------------------
000970r 1               
000970r 1               .segment	"CODE"
000970r 1               
000970r 1               .proc	_increment_counter: near
000970r 1               
000970r 1               .segment	"CODE"
000970r 1               
000970r 1  20 rr rr     	jsr     pusha
000973r 1  A0 00        	ldy     #$00
000975r 1  B1 rr        	lda     (sp),y
000977r 1  18           	clc
000978r 1  69 40        	adc     #$40
00097Ar 1  85 rr        	sta     ptr1
00097Cr 1  98           	tya
00097Dr 1  69 F2        	adc     #$F2
00097Fr 1  85 rr        	sta     ptr1+1
000981r 1  A9 01        	lda     #$01
000983r 1  18           	clc
000984r 1  71 rr        	adc     (ptr1),y
000986r 1  91 rr        	sta     (ptr1),y
000988r 1  B1 rr        	lda     (sp),y
00098Ar 1  18           	clc
00098Br 1  69 40        	adc     #$40
00098Dr 1  85 rr        	sta     ptr1
00098Fr 1  98           	tya
000990r 1  69 F2        	adc     #$F2
000992r 1  85 rr        	sta     ptr1+1
000994r 1  B1 rr        	lda     (ptr1),y
000996r 1  D0 1A        	bne     L008D
000998r 1  AA           	tax
000999r 1  B1 rr        	lda     (sp),y
00099Br 1  18           	clc
00099Cr 1  69 01        	adc     #$01
00099Er 1  90 02        	bcc     L06A1
0009A0r 1  E8           	inx
0009A1r 1  18           	clc
0009A2r 1  69 40        L06A1:	adc     #$40
0009A4r 1  85 rr        	sta     ptr1
0009A6r 1  8A           	txa
0009A7r 1  69 F2        	adc     #$F2
0009A9r 1  85 rr        	sta     ptr1+1
0009ABr 1  A9 01        	lda     #$01
0009ADr 1  18           	clc
0009AEr 1  71 rr        	adc     (ptr1),y
0009B0r 1  91 rr        	sta     (ptr1),y
0009B2r 1  4C rr rr     L008D:	jmp     incsp1
0009B5r 1               
0009B5r 1               .endproc
0009B5r 1               
0009B5r 1               ; ---------------------------------------------------------------
0009B5r 1               ; __near__ struct udeks_window * __near__ window_by_handle (unsigned char)
0009B5r 1               ; ---------------------------------------------------------------
0009B5r 1               
0009B5r 1               .segment	"CODE"
0009B5r 1               
0009B5r 1               .proc	_window_by_handle: near
0009B5r 1               
0009B5r 1               .segment	"CODE"
0009B5r 1               
0009B5r 1  20 rr rr     	jsr     pusha
0009B8r 1  A0 00        	ldy     #$00
0009BAr 1  B1 rr        	lda     (sp),y
0009BCr 1  F0 26        	beq     L06A2
0009BEr 1  C9 05        	cmp     #$05
0009C0r 1  B0 22        	bcs     L06A2
0009C2r 1  A2 00        	ldx     #$00
0009C4r 1  B1 rr        	lda     (sp),y
0009C6r 1  38           	sec
0009C7r 1  E9 01        	sbc     #$01
0009C9r 1  B0 01        	bcs     L009B
0009CBr 1  CA           	dex
0009CCr 1  20 rr rr     L009B:	jsr     pushax
0009CFr 1  A9 0E        	lda     #$0E
0009D1r 1  20 rr rr     	jsr     tosmula0
0009D4r 1  18           	clc
0009D5r 1  69 rr        	adc     #<(_windows)
0009D7r 1  85 rr        	sta     ptr1
0009D9r 1  8A           	txa
0009DAr 1  69 rr        	adc     #>(_windows)
0009DCr 1  85 rr        	sta     ptr1+1
0009DEr 1  A0 07        	ldy     #$07
0009E0r 1  B1 rr        	lda     (ptr1),y
0009E2r 1  D0 06        	bne     L0098
0009E4r 1  A2 00        L06A2:	ldx     #$00
0009E6r 1  8A           	txa
0009E7r 1  4C rr rr     	jmp     incsp1
0009EAr 1  A2 00        L0098:	ldx     #$00
0009ECr 1  A1 rr        	lda     (sp,x)
0009EEr 1  38           	sec
0009EFr 1  E9 01        	sbc     #$01
0009F1r 1  B0 01        	bcs     L00A0
0009F3r 1  CA           	dex
0009F4r 1  20 rr rr     L00A0:	jsr     pushax
0009F7r 1  A9 0E        	lda     #$0E
0009F9r 1  20 rr rr     	jsr     tosmula0
0009FCr 1  18           	clc
0009FDr 1  69 rr        	adc     #<(_windows)
0009FFr 1  A8           	tay
000A00r 1  8A           	txa
000A01r 1  69 rr        	adc     #>(_windows)
000A03r 1  AA           	tax
000A04r 1  98           	tya
000A05r 1  4C rr rr     	jmp     incsp1
000A08r 1               
000A08r 1               .endproc
000A08r 1               
000A08r 1               ; ---------------------------------------------------------------
000A08r 1               ; void __near__ publish_state (void)
000A08r 1               ; ---------------------------------------------------------------
000A08r 1               
000A08r 1               .segment	"CODE"
000A08r 1               
000A08r 1               .proc	_publish_state: near
000A08r 1               
000A08r 1               .segment	"CODE"
000A08r 1               
000A08r 1  A5 rr        	lda     regbank+4
000A0Ar 1  A6 rr        	ldx     regbank+5
000A0Cr 1  20 rr rr     	jsr     pushax
000A0Fr 1  AD rr rr     	lda     _active_count
000A12r 1  8D 46 F2     	sta     $F246
000A15r 1  AD rr rr     	lda     _focused_handle
000A18r 1  8D 47 F2     	sta     $F247
000A1Br 1  AD rr rr     	lda     _dragging_handle
000A1Er 1  8D 48 F2     	sta     $F248
000A21r 1  A9 04        	lda     #$04
000A23r 1  8D 4E F2     	sta     $F24E
000A26r 1  A9 3F        	lda     #$3F
000A28r 1  8D 4F F2     	sta     $F24F
000A2Br 1  AD rr rr     	lda     _dragging_handle
000A2Er 1  D0 0C        	bne     L00BB
000A30r 1  8D 49 F2     	sta     $F249
000A33r 1  8D 4A F2     	sta     $F24A
000A36r 1  8D 4B F2     	sta     $F24B
000A39r 1  4C rr rr     	jmp     L06A6
000A3Cr 1  AD rr rr     L00BB:	lda     _dragging_handle
000A3Fr 1  20 rr rr     	jsr     _window_by_handle
000A42r 1  85 rr        	sta     regbank+4
000A44r 1  86 rr        	stx     regbank+4+1
000A46r 1  E0 00        	cpx     #$00
000A48r 1  D0 04        	bne     L06A4
000A4Ar 1  C9 00        	cmp     #$00
000A4Cr 1  F0 1E        	beq     L00A1
000A4Er 1  AD rr rr     L06A4:	lda     _drag_x
000A51r 1  8D 49 F2     	sta     $F249
000A54r 1  AD rr rr     	lda     _drag_x+1
000A57r 1  8D 4A F2     	sta     $F24A
000A5Ar 1  AD rr rr     	lda     _drag_y
000A5Dr 1  8D 4B F2     	sta     $F24B
000A60r 1  AD rr rr     	lda     _drag_width
000A63r 1  8D 4C F2     L06A6:	sta     $F24C
000A66r 1  AD rr rr     	lda     _previous_buttons
000A69r 1  8D 4D F2     	sta     $F24D
000A6Cr 1  A0 00        L00A1:	ldy     #$00
000A6Er 1  B1 rr        	lda     (sp),y
000A70r 1  85 rr        	sta     regbank+4
000A72r 1  C8           	iny
000A73r 1  B1 rr        	lda     (sp),y
000A75r 1  85 rr        	sta     regbank+5
000A77r 1  4C rr rr     	jmp     incsp2
000A7Ar 1               
000A7Ar 1               .endproc
000A7Ar 1               
000A7Ar 1               ; ---------------------------------------------------------------
000A7Ar 1               ; unsigned char __near__ point_inside (unsigned int, unsigned char, register __near__ const struct udeks_window *)
000A7Ar 1               ; ---------------------------------------------------------------
000A7Ar 1               
000A7Ar 1               .segment	"CODE"
000A7Ar 1               
000A7Ar 1               .proc	_point_inside: near
000A7Ar 1               
000A7Ar 1               .segment	"CODE"
000A7Ar 1               
000A7Ar 1  20 rr rr     	jsr     pushax
000A7Dr 1  A0 00        	ldy     #$00
000A7Fr 1  A2 04        	ldx     #$04
000A81r 1  20 rr rr     	jsr     regswap2
000A84r 1  A0 06        	ldy     #$06
000A86r 1  20 rr rr     	jsr     pushwysp
000A89r 1  A0 02        	ldy     #$02
000A8Br 1  B1 rr        	lda     (regbank+4),y
000A8Dr 1  AA           	tax
000A8Er 1  88           	dey
000A8Fr 1  B1 rr        	lda     (regbank+4),y
000A91r 1  20 rr rr     	jsr     tosicmp
000A94r 1  90 49        	bcc     L00F8
000A96r 1  A0 06        	ldy     #$06
000A98r 1  20 rr rr     	jsr     pushwysp
000A9Br 1  A0 02        	ldy     #$02
000A9Dr 1  B1 rr        	lda     (regbank+4),y
000A9Fr 1  AA           	tax
000AA0r 1  88           	dey
000AA1r 1  B1 rr        	lda     (regbank+4),y
000AA3r 1  20 rr rr     	jsr     pushax
000AA6r 1  A0 05        	ldy     #$05
000AA8r 1  B1 rr        	lda     (regbank+4),y
000AAAr 1  AA           	tax
000AABr 1  88           	dey
000AACr 1  B1 rr        	lda     (regbank+4),y
000AAEr 1  20 rr rr     	jsr     tosaddax
000AB1r 1  20 rr rr     	jsr     tosicmp
000AB4r 1  B0 29        	bcs     L00F8
000AB6r 1  A0 02        	ldy     #$02
000AB8r 1  B1 rr        	lda     (sp),y
000ABAr 1  20 rr rr     	jsr     pusha0
000ABDr 1  A0 03        	ldy     #$03
000ABFr 1  B1 rr        	lda     (regbank+4),y
000AC1r 1  20 rr rr     	jsr     tosicmp0
000AC4r 1  90 19        	bcc     L00F8
000AC6r 1  A0 02        	ldy     #$02
000AC8r 1  B1 rr        	lda     (sp),y
000ACAr 1  20 rr rr     	jsr     pusha0
000ACDr 1  A0 03        	ldy     #$03
000ACFr 1  B1 rr        	lda     (regbank+4),y
000AD1r 1  85 rr        	sta     ptr1
000AD3r 1  A0 06        	ldy     #$06
000AD5r 1  B1 rr        	lda     (regbank+4),y
000AD7r 1  18           	clc
000AD8r 1  65 rr        	adc     ptr1
000ADAr 1  20 rr rr     	jsr     tosicmp0
000ADDr 1  90 06        	bcc     L00F7
000ADFr 1  A2 00        L00F8:	ldx     #$00
000AE1r 1  8A           	txa
000AE2r 1  4C rr rr     	jmp     L06A8
000AE5r 1  A9 01        L00F7:	lda     #$01
000AE7r 1  A2 00        	ldx     #$00
000AE9r 1  48           L06A8:	pha
000AEAr 1  A1 rr        	lda     (sp,x)
000AECr 1  85 rr        	sta     regbank+4
000AEEr 1  A0 01        	ldy     #$01
000AF0r 1  B1 rr        	lda     (sp),y
000AF2r 1  85 rr        	sta     regbank+5
000AF4r 1  68           	pla
000AF5r 1  4C rr rr     	jmp     incsp5
000AF8r 1               
000AF8r 1               .endproc
000AF8r 1               
000AF8r 1               ; ---------------------------------------------------------------
000AF8r 1               ; void __near__ damage_set (register __near__ const struct udeks_window *)
000AF8r 1               ; ---------------------------------------------------------------
000AF8r 1               
000AF8r 1               .segment	"CODE"
000AF8r 1               
000AF8r 1               .proc	_damage_set: near
000AF8r 1               
000AF8r 1               .segment	"CODE"
000AF8r 1               
000AF8r 1  20 rr rr     	jsr     pushax
000AFBr 1  A0 00        	ldy     #$00
000AFDr 1  A2 04        	ldx     #$04
000AFFr 1  20 rr rr     	jsr     regswap2
000B02r 1  A0 02        	ldy     #$02
000B04r 1  B1 rr        	lda     (regbank+4),y
000B06r 1  8D rr rr     	sta     _damage_left+1
000B09r 1  88           	dey
000B0Ar 1  B1 rr        	lda     (regbank+4),y
000B0Cr 1  8D rr rr     	sta     _damage_left
000B0Fr 1  A0 03        	ldy     #$03
000B11r 1  B1 rr        	lda     (regbank+4),y
000B13r 1  8D rr rr     	sta     _damage_top
000B16r 1  88           	dey
000B17r 1  B1 rr        	lda     (regbank+4),y
000B19r 1  AA           	tax
000B1Ar 1  88           	dey
000B1Br 1  B1 rr        	lda     (regbank+4),y
000B1Dr 1  20 rr rr     	jsr     pushax
000B20r 1  A0 05        	ldy     #$05
000B22r 1  B1 rr        	lda     (regbank+4),y
000B24r 1  AA           	tax
000B25r 1  88           	dey
000B26r 1  B1 rr        	lda     (regbank+4),y
000B28r 1  20 rr rr     	jsr     tosaddax
000B2Br 1  8D rr rr     	sta     _damage_right
000B2Er 1  8E rr rr     	stx     _damage_right+1
000B31r 1  A0 03        	ldy     #$03
000B33r 1  B1 rr        	lda     (regbank+4),y
000B35r 1  85 rr        	sta     ptr1
000B37r 1  A0 06        	ldy     #$06
000B39r 1  B1 rr        	lda     (regbank+4),y
000B3Br 1  18           	clc
000B3Cr 1  65 rr        	adc     ptr1
000B3Er 1  8D rr rr     	sta     _damage_bottom
000B41r 1  A0 00        	ldy     #$00
000B43r 1  B1 rr        	lda     (sp),y
000B45r 1  85 rr        	sta     regbank+4
000B47r 1  C8           	iny
000B48r 1  B1 rr        	lda     (sp),y
000B4Ar 1  85 rr        	sta     regbank+5
000B4Cr 1  4C rr rr     	jmp     incsp2
000B4Fr 1               
000B4Fr 1               .endproc
000B4Fr 1               
000B4Fr 1               ; ---------------------------------------------------------------
000B4Fr 1               ; void __near__ damage_add (register __near__ const struct udeks_window *)
000B4Fr 1               ; ---------------------------------------------------------------
000B4Fr 1               
000B4Fr 1               .segment	"CODE"
000B4Fr 1               
000B4Fr 1               .proc	_damage_add: near
000B4Fr 1               
000B4Fr 1               .segment	"CODE"
000B4Fr 1               
000B4Fr 1  20 rr rr     	jsr     pushax
000B52r 1  A0 00        	ldy     #$00
000B54r 1  A2 04        	ldx     #$04
000B56r 1  20 rr rr     	jsr     regswap2
000B59r 1  20 rr rr     	jsr     decsp3
000B5Cr 1  A0 02        	ldy     #$02
000B5Er 1  B1 rr        	lda     (regbank+4),y
000B60r 1  AA           	tax
000B61r 1  88           	dey
000B62r 1  B1 rr        	lda     (regbank+4),y
000B64r 1  20 rr rr     	jsr     pushax
000B67r 1  A0 05        	ldy     #$05
000B69r 1  B1 rr        	lda     (regbank+4),y
000B6Br 1  AA           	tax
000B6Cr 1  88           	dey
000B6Dr 1  B1 rr        	lda     (regbank+4),y
000B6Fr 1  20 rr rr     	jsr     tosaddax
000B72r 1  A0 01        	ldy     #$01
000B74r 1  20 rr rr     	jsr     staxysp
000B77r 1  A0 03        	ldy     #$03
000B79r 1  B1 rr        	lda     (regbank+4),y
000B7Br 1  85 rr        	sta     ptr1
000B7Dr 1  A0 06        	ldy     #$06
000B7Fr 1  B1 rr        	lda     (regbank+4),y
000B81r 1  18           	clc
000B82r 1  65 rr        	adc     ptr1
000B84r 1  A0 00        	ldy     #$00
000B86r 1  91 rr        	sta     (sp),y
000B88r 1  A0 02        	ldy     #$02
000B8Ar 1  B1 rr        	lda     (regbank+4),y
000B8Cr 1  AA           	tax
000B8Dr 1  88           	dey
000B8Er 1  B1 rr        	lda     (regbank+4),y
000B90r 1  CD rr rr     	cmp     _damage_left
000B93r 1  8A           	txa
000B94r 1  ED rr rr     	sbc     _damage_left+1
000B97r 1  B0 0C        	bcs     L010B
000B99r 1  C8           	iny
000B9Ar 1  B1 rr        	lda     (regbank+4),y
000B9Cr 1  8D rr rr     	sta     _damage_left+1
000B9Fr 1  88           	dey
000BA0r 1  B1 rr        	lda     (regbank+4),y
000BA2r 1  8D rr rr     	sta     _damage_left
000BA5r 1  A0 03        L010B:	ldy     #$03
000BA7r 1  B1 rr        	lda     (regbank+4),y
000BA9r 1  CD rr rr     	cmp     _damage_top
000BACr 1  B0 03        	bcs     L010F
000BAEr 1  8D rr rr     	sta     _damage_top
000BB1r 1  88           L010F:	dey
000BB2r 1  B1 rr        	lda     (sp),y
000BB4r 1  AA           	tax
000BB5r 1  88           	dey
000BB6r 1  B1 rr        	lda     (sp),y
000BB8r 1  38           	sec
000BB9r 1  ED rr rr     	sbc     _damage_right
000BBCr 1  85 rr        	sta     tmp1
000BBEr 1  8A           	txa
000BBFr 1  ED rr rr     	sbc     _damage_right+1
000BC2r 1  05 rr        	ora     tmp1
000BC4r 1  90 0E        	bcc     L0113
000BC6r 1  F0 0C        	beq     L0113
000BC8r 1  C8           	iny
000BC9r 1  B1 rr        	lda     (sp),y
000BCBr 1  8D rr rr     	sta     _damage_right+1
000BCEr 1  88           	dey
000BCFr 1  B1 rr        	lda     (sp),y
000BD1r 1  8D rr rr     	sta     _damage_right
000BD4r 1  88           L0113:	dey
000BD5r 1  B1 rr        	lda     (sp),y
000BD7r 1  38           	sec
000BD8r 1  ED rr rr     	sbc     _damage_bottom
000BDBr 1  90 07        	bcc     L0117
000BDDr 1  F0 05        	beq     L0117
000BDFr 1  B1 rr        	lda     (sp),y
000BE1r 1  8D rr rr     	sta     _damage_bottom
000BE4r 1  A0 03        L0117:	ldy     #$03
000BE6r 1  B1 rr        	lda     (sp),y
000BE8r 1  85 rr        	sta     regbank+4
000BEAr 1  C8           	iny
000BEBr 1  B1 rr        	lda     (sp),y
000BEDr 1  85 rr        	sta     regbank+5
000BEFr 1  4C rr rr     	jmp     incsp5
000BF2r 1               
000BF2r 1               .endproc
000BF2r 1               
000BF2r 1               ; ---------------------------------------------------------------
000BF2r 1               ; unsigned char __near__ set_damage_intersection (unsigned int, unsigned char, unsigned int, unsigned char)
000BF2r 1               ; ---------------------------------------------------------------
000BF2r 1               
000BF2r 1               .segment	"CODE"
000BF2r 1               
000BF2r 1               .proc	_set_damage_intersection: near
000BF2r 1               
000BF2r 1               .segment	"CODE"
000BF2r 1               
000BF2r 1  20 rr rr     	jsr     pusha
000BF5r 1  20 rr rr     	jsr     decsp6
000BF8r 1  A0 0B        	ldy     #$0B
000BFAr 1  B1 rr        	lda     (sp),y
000BFCr 1  AA           	tax
000BFDr 1  88           	dey
000BFEr 1  B1 rr        	lda     (sp),y
000C00r 1  38           	sec
000C01r 1  ED rr rr     	sbc     _damage_left
000C04r 1  85 rr        	sta     tmp1
000C06r 1  8A           	txa
000C07r 1  ED rr rr     	sbc     _damage_left+1
000C0Ar 1  05 rr        	ora     tmp1
000C0Cr 1  90 0C        	bcc     L011E
000C0Er 1  F0 0A        	beq     L011E
000C10r 1  C8           	iny
000C11r 1  B1 rr        	lda     (sp),y
000C13r 1  AA           	tax
000C14r 1  88           	dey
000C15r 1  B1 rr        	lda     (sp),y
000C17r 1  4C rr rr     	jmp     L0120
000C1Ar 1  AD rr rr     L011E:	lda     _damage_left
000C1Dr 1  AE rr rr     	ldx     _damage_left+1
000C20r 1  A0 04        L0120:	ldy     #$04
000C22r 1  20 rr rr     	jsr     staxysp
000C25r 1  A0 09        	ldy     #$09
000C27r 1  B1 rr        	lda     (sp),y
000C29r 1  38           	sec
000C2Ar 1  ED rr rr     	sbc     _damage_top
000C2Dr 1  90 07        	bcc     L06AD
000C2Fr 1  F0 05        	beq     L06AD
000C31r 1  B1 rr        	lda     (sp),y
000C33r 1  4C rr rr     	jmp     L06AF
000C36r 1  AD rr rr     L06AD:	lda     _damage_top
000C39r 1  A0 03        L06AF:	ldy     #$03
000C3Br 1  91 rr        	sta     (sp),y
000C3Dr 1  A0 0A        	ldy     #$0A
000C3Fr 1  B1 rr        	lda     (sp),y
000C41r 1  A0 07        	ldy     #$07
000C43r 1  18           	clc
000C44r 1  71 rr        	adc     (sp),y
000C46r 1  48           	pha
000C47r 1  A0 0B        	ldy     #$0B
000C49r 1  B1 rr        	lda     (sp),y
000C4Br 1  A0 08        	ldy     #$08
000C4Dr 1  71 rr        	adc     (sp),y
000C4Fr 1  AA           	tax
000C50r 1  68           	pla
000C51r 1  A0 01        	ldy     #$01
000C53r 1  20 rr rr     	jsr     staxysp
000C56r 1  38           	sec
000C57r 1  ED rr rr     	sbc     _damage_right
000C5Ar 1  85 rr        	sta     tmp1
000C5Cr 1  8A           	txa
000C5Dr 1  ED rr rr     	sbc     _damage_right+1
000C60r 1  05 rr        	ora     tmp1
000C62r 1  90 0D        	bcc     L012A
000C64r 1  F0 0B        	beq     L012A
000C66r 1  AD rr rr     	lda     _damage_right
000C69r 1  AE rr rr     	ldx     _damage_right+1
000C6Cr 1  A0 01        	ldy     #$01
000C6Er 1  20 rr rr     	jsr     staxysp
000C71r 1  A0 06        L012A:	ldy     #$06
000C73r 1  B1 rr        	lda     (sp),y
000C75r 1  18           	clc
000C76r 1  A0 09        	ldy     #$09
000C78r 1  71 rr        	adc     (sp),y
000C7Ar 1  A0 00        	ldy     #$00
000C7Cr 1  91 rr        	sta     (sp),y
000C7Er 1  38           	sec
000C7Fr 1  ED rr rr     	sbc     _damage_bottom
000C82r 1  90 07        	bcc     L0131
000C84r 1  F0 05        	beq     L0131
000C86r 1  AD rr rr     	lda     _damage_bottom
000C89r 1  91 rr        	sta     (sp),y
000C8Br 1  A0 05        L0131:	ldy     #$05
000C8Dr 1  B1 rr        	lda     (sp),y
000C8Fr 1  AA           	tax
000C90r 1  88           	dey
000C91r 1  B1 rr        	lda     (sp),y
000C93r 1  A0 01        	ldy     #$01
000C95r 1  D1 rr        	cmp     (sp),y
000C97r 1  8A           	txa
000C98r 1  C8           	iny
000C99r 1  F1 rr        	sbc     (sp),y
000C9Br 1  B0 09        	bcs     L06B0
000C9Dr 1  C8           	iny
000C9Er 1  B1 rr        	lda     (sp),y
000CA0r 1  A0 00        	ldy     #$00
000CA2r 1  D1 rr        	cmp     (sp),y
000CA4r 1  90 06        	bcc     L0135
000CA6r 1  A2 00        L06B0:	ldx     #$00
000CA8r 1  8A           	txa
000CA9r 1  4C rr rr     	jmp     L011B
000CACr 1  20 rr rr     L0135:	jsr     decsp6
000CAFr 1  A0 0B        	ldy     #$0B
000CB1r 1  B1 rr        	lda     (sp),y
000CB3r 1  AA           	tax
000CB4r 1  88           	dey
000CB5r 1  B1 rr        	lda     (sp),y
000CB7r 1  A0 04        	ldy     #$04
000CB9r 1  91 rr        	sta     (sp),y
000CBBr 1  C8           	iny
000CBCr 1  8A           	txa
000CBDr 1  91 rr        	sta     (sp),y
000CBFr 1  A0 09        	ldy     #$09
000CC1r 1  B1 rr        	lda     (sp),y
000CC3r 1  A0 02        	ldy     #$02
000CC5r 1  91 rr        	sta     (sp),y
000CC7r 1  C8           	iny
000CC8r 1  A9 00        	lda     #$00
000CCAr 1  91 rr        	sta     (sp),y
000CCCr 1  A0 08        	ldy     #$08
000CCEr 1  B1 rr        	lda     (sp),y
000CD0r 1  AA           	tax
000CD1r 1  88           	dey
000CD2r 1  B1 rr        	lda     (sp),y
000CD4r 1  38           	sec
000CD5r 1  A0 0A        	ldy     #$0A
000CD7r 1  F1 rr        	sbc     (sp),y
000CD9r 1  48           	pha
000CDAr 1  8A           	txa
000CDBr 1  C8           	iny
000CDCr 1  F1 rr        	sbc     (sp),y
000CDEr 1  AA           	tax
000CDFr 1  68           	pla
000CE0r 1  A0 00        	ldy     #$00
000CE2r 1  91 rr        	sta     (sp),y
000CE4r 1  C8           	iny
000CE5r 1  8A           	txa
000CE6r 1  91 rr        	sta     (sp),y
000CE8r 1  A0 06        	ldy     #$06
000CEAr 1  B1 rr        	lda     (sp),y
000CECr 1  38           	sec
000CEDr 1  A0 09        	ldy     #$09
000CEFr 1  F1 rr        	sbc     (sp),y
000CF1r 1  A2 00        	ldx     #$00
000CF3r 1  20 rr rr     	jsr     _udeks_vic_bitmap_set_clip
000CF6r 1  A0 03        	ldy     #$03
000CF8r 1  B1 rr        	lda     (sp),y
000CFAr 1  38           	sec
000CFBr 1  A0 09        	ldy     #$09
000CFDr 1  F1 rr        	sbc     (sp),y
000CFFr 1  8D 8A F7     	sta     $F78A
000D02r 1  A0 00        	ldy     #$00
000D04r 1  B1 rr        	lda     (sp),y
000D06r 1  38           	sec
000D07r 1  A0 09        	ldy     #$09
000D09r 1  F1 rr        	sbc     (sp),y
000D0Br 1  8D 8B F7     	sta     $F78B
000D0Er 1  A0 02        	ldy     #$02
000D10r 1  B1 rr        	lda     (sp),y
000D12r 1  AA           	tax
000D13r 1  88           	dey
000D14r 1  B1 rr        	lda     (sp),y
000D16r 1  38           	sec
000D17r 1  A0 0A        	ldy     #$0A
000D19r 1  F1 rr        	sbc     (sp),y
000D1Br 1  8D 8C F7     	sta     $F78C
000D1Er 1  8A           	txa
000D1Fr 1  C8           	iny
000D20r 1  F1 rr        	sbc     (sp),y
000D22r 1  8D 8D F7     	sta     $F78C+1
000D25r 1  A2 00        	ldx     #$00
000D27r 1  A9 01        	lda     #$01
000D29r 1  A0 0C        L011B:	ldy     #$0C
000D2Br 1  4C rr rr     	jmp     addysp
000D2Er 1               
000D2Er 1               .endproc
000D2Er 1               
000D2Er 1               ; ---------------------------------------------------------------
000D2Er 1               ; void __near__ draw_chrome_row (register __near__ const struct udeks_window *, unsigned char)
000D2Er 1               ; ---------------------------------------------------------------
000D2Er 1               
000D2Er 1               .segment	"CODE"
000D2Er 1               
000D2Er 1               .proc	_draw_chrome_row: near
000D2Er 1               
000D2Er 1               .segment	"CODE"
000D2Er 1               
000D2Er 1  20 rr rr     	jsr     pusha
000D31r 1  A0 01        	ldy     #$01
000D33r 1  A2 04        	ldx     #$04
000D35r 1  20 rr rr     	jsr     regswap2
000D38r 1  A0 02        	ldy     #$02
000D3Ar 1  B1 rr        	lda     (regbank+4),y
000D3Cr 1  AA           	tax
000D3Dr 1  88           	dey
000D3Er 1  B1 rr        	lda     (regbank+4),y
000D40r 1  20 rr rr     	jsr     pushax
000D43r 1  A0 03        	ldy     #$03
000D45r 1  B1 rr        	lda     (regbank+4),y
000D47r 1  85 rr        	sta     ptr1
000D49r 1  A2 00        	ldx     #$00
000D4Br 1  88           	dey
000D4Cr 1  B1 rr        	lda     (sp),y
000D4Er 1  18           	clc
000D4Fr 1  65 rr        	adc     ptr1
000D51r 1  90 01        	bcc     L06B1
000D53r 1  E8           	inx
000D54r 1  20 rr rr     L06B1:	jsr     pushax
000D57r 1  A0 05        	ldy     #$05
000D59r 1  B1 rr        	lda     (regbank+4),y
000D5Br 1  AA           	tax
000D5Cr 1  88           	dey
000D5Dr 1  B1 rr        	lda     (regbank+4),y
000D5Fr 1  20 rr rr     	jsr     pushax
000D62r 1  A0 04        	ldy     #$04
000D64r 1  B1 rr        	lda     (sp),y
000D66r 1  A0 00        	ldy     #$00
000D68r 1  18           	clc
000D69r 1  71 rr        	adc     (sp),y
000D6Br 1  48           	pha
000D6Cr 1  A0 05        	ldy     #$05
000D6Er 1  B1 rr        	lda     (sp),y
000D70r 1  A0 01        	ldy     #$01
000D72r 1  71 rr        	adc     (sp),y
000D74r 1  AA           	tax
000D75r 1  68           	pla
000D76r 1  38           	sec
000D77r 1  E9 01        	sbc     #$01
000D79r 1  B0 01        	bcs     L014D
000D7Br 1  CA           	dex
000D7Cr 1  20 rr rr     L014D:	jsr     pushax
000D7Fr 1  A0 0F        	ldy     #$0F
000D81r 1  20 rr rr     	jsr     subysp
000D84r 1  A0 16        	ldy     #$16
000D86r 1  B1 rr        	lda     (sp),y
000D88r 1  AA           	tax
000D89r 1  88           	dey
000D8Ar 1  B1 rr        	lda     (sp),y
000D8Cr 1  A0 06        	ldy     #$06
000D8Er 1  91 rr        	sta     (sp),y
000D90r 1  C8           	iny
000D91r 1  8A           	txa
000D92r 1  91 rr        	sta     (sp),y
000D94r 1  A0 14        	ldy     #$14
000D96r 1  B1 rr        	lda     (sp),y
000D98r 1  AA           	tax
000D99r 1  88           	dey
000D9Ar 1  B1 rr        	lda     (sp),y
000D9Cr 1  A0 04        	ldy     #$04
000D9Er 1  91 rr        	sta     (sp),y
000DA0r 1  C8           	iny
000DA1r 1  8A           	txa
000DA2r 1  91 rr        	sta     (sp),y
000DA4r 1  A0 12        	ldy     #$12
000DA6r 1  B1 rr        	lda     (sp),y
000DA8r 1  AA           	tax
000DA9r 1  88           	dey
000DAAr 1  B1 rr        	lda     (sp),y
000DACr 1  A0 02        	ldy     #$02
000DAEr 1  91 rr        	sta     (sp),y
000DB0r 1  C8           	iny
000DB1r 1  8A           	txa
000DB2r 1  91 rr        	sta     (sp),y
000DB4r 1  A9 01        	lda     #$01
000DB6r 1  A0 00        	ldy     #$00
000DB8r 1  91 rr        	sta     (sp),y
000DBAr 1  C8           	iny
000DBBr 1  A9 00        	lda     #$00
000DBDr 1  91 rr        	sta     (sp),y
000DBFr 1  A9 07        	lda     #$07
000DC1r 1  20 rr rr     	jsr     _udeks_vic_bitmap_fill
000DC4r 1  A0 0F        	ldy     #$0F
000DC6r 1  B1 rr        	lda     (sp),y
000DC8r 1  F0 1A        	beq     L06B6
000DCAr 1  A2 00        	ldx     #$00
000DCCr 1  B1 rr        	lda     (sp),y
000DCEr 1  85 rr        	sta     ptr1
000DD0r 1  86 rr        	stx     ptr1+1
000DD2r 1  A0 06        	ldy     #$06
000DD4r 1  B1 rr        	lda     (regbank+4),y
000DD6r 1  38           	sec
000DD7r 1  E9 01        	sbc     #$01
000DD9r 1  B0 01        	bcs     L0156
000DDBr 1  CA           	dex
000DDCr 1  E4 rr        L0156:	cpx     ptr1+1
000DDEr 1  D0 48        	bne     L0154
000DE0r 1  C5 rr        	cmp     ptr1
000DE2r 1  D0 44        	bne     L0154
000DE4r 1  20 rr rr     L06B6:	jsr     decsp8
000DE7r 1  A0 16        	ldy     #$16
000DE9r 1  B1 rr        	lda     (sp),y
000DEBr 1  AA           	tax
000DECr 1  88           	dey
000DEDr 1  B1 rr        	lda     (sp),y
000DEFr 1  A0 06        	ldy     #$06
000DF1r 1  91 rr        	sta     (sp),y
000DF3r 1  C8           	iny
000DF4r 1  8A           	txa
000DF5r 1  91 rr        	sta     (sp),y
000DF7r 1  A0 14        	ldy     #$14
000DF9r 1  B1 rr        	lda     (sp),y
000DFBr 1  AA           	tax
000DFCr 1  88           	dey
000DFDr 1  B1 rr        	lda     (sp),y
000DFFr 1  A0 04        	ldy     #$04
000E01r 1  91 rr        	sta     (sp),y
000E03r 1  C8           	iny
000E04r 1  8A           	txa
000E05r 1  91 rr        	sta     (sp),y
000E07r 1  A0 12        	ldy     #$12
000E09r 1  B1 rr        	lda     (sp),y
000E0Br 1  AA           	tax
000E0Cr 1  88           	dey
000E0Dr 1  B1 rr        	lda     (sp),y
000E0Fr 1  A0 02        	ldy     #$02
000E11r 1  91 rr        	sta     (sp),y
000E13r 1  C8           	iny
000E14r 1  8A           	txa
000E15r 1  91 rr        	sta     (sp),y
000E17r 1  A9 01        	lda     #$01
000E19r 1  A0 00        	ldy     #$00
000E1Br 1  91 rr        	sta     (sp),y
000E1Dr 1  C8           	iny
000E1Er 1  A9 00        	lda     #$00
000E20r 1  91 rr        	sta     (sp),y
000E22r 1  20 rr rr     	jsr     _udeks_vic_bitmap_fill
000E25r 1  4C rr rr     	jmp     L015E
000E28r 1  20 rr rr     L0154:	jsr     decsp4
000E2Br 1  A0 12        	ldy     #$12
000E2Dr 1  B1 rr        	lda     (sp),y
000E2Fr 1  AA           	tax
000E30r 1  88           	dey
000E31r 1  B1 rr        	lda     (sp),y
000E33r 1  A0 02        	ldy     #$02
000E35r 1  91 rr        	sta     (sp),y
000E37r 1  C8           	iny
000E38r 1  8A           	txa
000E39r 1  91 rr        	sta     (sp),y
000E3Br 1  A0 10        	ldy     #$10
000E3Dr 1  B1 rr        	lda     (sp),y
000E3Fr 1  AA           	tax
000E40r 1  88           	dey
000E41r 1  B1 rr        	lda     (sp),y
000E43r 1  A0 00        	ldy     #$00
000E45r 1  91 rr        	sta     (sp),y
000E47r 1  C8           	iny
000E48r 1  8A           	txa
000E49r 1  91 rr        	sta     (sp),y
000E4Br 1  A9 00        	lda     #$00
000E4Dr 1  20 rr rr     	jsr     _udeks_vic_bitmap_pixel
000E50r 1  20 rr rr     	jsr     decsp4
000E53r 1  A0 0C        	ldy     #$0C
000E55r 1  B1 rr        	lda     (sp),y
000E57r 1  AA           	tax
000E58r 1  88           	dey
000E59r 1  B1 rr        	lda     (sp),y
000E5Br 1  A0 02        	ldy     #$02
000E5Dr 1  91 rr        	sta     (sp),y
000E5Fr 1  C8           	iny
000E60r 1  8A           	txa
000E61r 1  91 rr        	sta     (sp),y
000E63r 1  A0 10        	ldy     #$10
000E65r 1  B1 rr        	lda     (sp),y
000E67r 1  AA           	tax
000E68r 1  88           	dey
000E69r 1  B1 rr        	lda     (sp),y
000E6Br 1  A0 00        	ldy     #$00
000E6Dr 1  91 rr        	sta     (sp),y
000E6Fr 1  C8           	iny
000E70r 1  8A           	txa
000E71r 1  91 rr        	sta     (sp),y
000E73r 1  A9 00        	lda     #$00
000E75r 1  20 rr rr     	jsr     _udeks_vic_bitmap_pixel
000E78r 1  A0 0F        L015E:	ldy     #$0F
000E7Ar 1  B1 rr        	lda     (sp),y
000E7Cr 1  C9 02        	cmp     #$02
000E7Er 1  B0 03 4C rr  	jcc     L0178
000E82r 1  rr           
000E83r 1  B1 rr        	lda     (sp),y
000E85r 1  20 rr rr     	jsr     pusha0
000E88r 1  A0 06        	ldy     #$06
000E8Ar 1  B1 rr        	lda     (regbank+4),y
000E8Cr 1  38           	sec
000E8Dr 1  E9 03        	sbc     #$03
000E8Fr 1  B0 02        	bcs     L016A
000E91r 1  A2 FF        	ldx     #$FF
000E93r 1  20 rr rr     L016A:	jsr     tosicmp
000E96r 1  90 05        	bcc     L0168
000E98r 1  F0 03 4C rr  	jne     L0178
000E9Cr 1  rr           
000E9Dr 1  A0 0F        L0168:	ldy     #$0F
000E9Fr 1  B1 rr        	lda     (sp),y
000EA1r 1  C9 02        	cmp     #$02
000EA3r 1  F0 22        	beq     L06B9
000EA5r 1  A2 00        	ldx     #$00
000EA7r 1  B1 rr        	lda     (sp),y
000EA9r 1  85 rr        	sta     ptr1
000EABr 1  86 rr        	stx     ptr1+1
000EADr 1  A0 06        	ldy     #$06
000EAFr 1  B1 rr        	lda     (regbank+4),y
000EB1r 1  38           	sec
000EB2r 1  E9 03        	sbc     #$03
000EB4r 1  B0 01        	bcs     L016E
000EB6r 1  CA           	dex
000EB7r 1  E4 rr        L016E:	cpx     ptr1+1
000EB9r 1  D0 04        	bne     L06CF
000EBBr 1  C5 rr        	cmp     ptr1
000EBDr 1  F0 08        	beq     L06B9
000EBFr 1  A0 0F        L06CF:	ldy     #$0F
000EC1r 1  B1 rr        	lda     (sp),y
000EC3r 1  C9 0D        	cmp     #$0D
000EC5r 1  D0 50        	bne     L016C
000EC7r 1  20 rr rr     L06B9:	jsr     decsp8
000ECAr 1  A0 16        	ldy     #$16
000ECCr 1  B1 rr        	lda     (sp),y
000ECEr 1  AA           	tax
000ECFr 1  88           	dey
000ED0r 1  B1 rr        	lda     (sp),y
000ED2r 1  18           	clc
000ED3r 1  69 02        	adc     #$02
000ED5r 1  90 01        	bcc     L0172
000ED7r 1  E8           	inx
000ED8r 1  A0 06        L0172:	ldy     #$06
000EDAr 1  91 rr        	sta     (sp),y
000EDCr 1  C8           	iny
000EDDr 1  8A           	txa
000EDEr 1  91 rr        	sta     (sp),y
000EE0r 1  A0 14        	ldy     #$14
000EE2r 1  B1 rr        	lda     (sp),y
000EE4r 1  AA           	tax
000EE5r 1  88           	dey
000EE6r 1  B1 rr        	lda     (sp),y
000EE8r 1  A0 04        	ldy     #$04
000EEAr 1  91 rr        	sta     (sp),y
000EECr 1  C8           	iny
000EEDr 1  8A           	txa
000EEEr 1  91 rr        	sta     (sp),y
000EF0r 1  A0 12        	ldy     #$12
000EF2r 1  B1 rr        	lda     (sp),y
000EF4r 1  AA           	tax
000EF5r 1  88           	dey
000EF6r 1  B1 rr        	lda     (sp),y
000EF8r 1  38           	sec
000EF9r 1  E9 04        	sbc     #$04
000EFBr 1  B0 01        	bcs     L0175
000EFDr 1  CA           	dex
000EFEr 1  A0 02        L0175:	ldy     #$02
000F00r 1  91 rr        	sta     (sp),y
000F02r 1  C8           	iny
000F03r 1  8A           	txa
000F04r 1  91 rr        	sta     (sp),y
000F06r 1  A9 01        	lda     #$01
000F08r 1  A0 00        	ldy     #$00
000F0Ar 1  91 rr        	sta     (sp),y
000F0Cr 1  C8           	iny
000F0Dr 1  A9 00        	lda     #$00
000F0Fr 1  91 rr        	sta     (sp),y
000F11r 1  20 rr rr     	jsr     _udeks_vic_bitmap_fill
000F14r 1  4C rr rr     	jmp     L0178
000F17r 1  20 rr rr     L016C:	jsr     decsp4
000F1Ar 1  A0 12        	ldy     #$12
000F1Cr 1  B1 rr        	lda     (sp),y
000F1Er 1  AA           	tax
000F1Fr 1  88           	dey
000F20r 1  B1 rr        	lda     (sp),y
000F22r 1  18           	clc
000F23r 1  69 02        	adc     #$02
000F25r 1  90 01        	bcc     L017B
000F27r 1  E8           	inx
000F28r 1  A0 02        L017B:	ldy     #$02
000F2Ar 1  91 rr        	sta     (sp),y
000F2Cr 1  C8           	iny
000F2Dr 1  8A           	txa
000F2Er 1  91 rr        	sta     (sp),y
000F30r 1  A0 10        	ldy     #$10
000F32r 1  B1 rr        	lda     (sp),y
000F34r 1  AA           	tax
000F35r 1  88           	dey
000F36r 1  B1 rr        	lda     (sp),y
000F38r 1  A0 00        	ldy     #$00
000F3Ar 1  91 rr        	sta     (sp),y
000F3Cr 1  C8           	iny
000F3Dr 1  8A           	txa
000F3Er 1  91 rr        	sta     (sp),y
000F40r 1  A9 00        	lda     #$00
000F42r 1  20 rr rr     	jsr     _udeks_vic_bitmap_pixel
000F45r 1  20 rr rr     	jsr     decsp4
000F48r 1  A0 0C        	ldy     #$0C
000F4Ar 1  B1 rr        	lda     (sp),y
000F4Cr 1  AA           	tax
000F4Dr 1  88           	dey
000F4Er 1  B1 rr        	lda     (sp),y
000F50r 1  38           	sec
000F51r 1  E9 02        	sbc     #$02
000F53r 1  B0 01        	bcs     L0180
000F55r 1  CA           	dex
000F56r 1  A0 02        L0180:	ldy     #$02
000F58r 1  91 rr        	sta     (sp),y
000F5Ar 1  C8           	iny
000F5Br 1  8A           	txa
000F5Cr 1  91 rr        	sta     (sp),y
000F5Er 1  A0 10        	ldy     #$10
000F60r 1  B1 rr        	lda     (sp),y
000F62r 1  AA           	tax
000F63r 1  88           	dey
000F64r 1  B1 rr        	lda     (sp),y
000F66r 1  A0 00        	ldy     #$00
000F68r 1  91 rr        	sta     (sp),y
000F6Ar 1  C8           	iny
000F6Br 1  8A           	txa
000F6Cr 1  91 rr        	sta     (sp),y
000F6Er 1  A9 00        	lda     #$00
000F70r 1  20 rr rr     	jsr     _udeks_vic_bitmap_pixel
000F73r 1  A0 00        L0178:	ldy     #$00
000F75r 1  B1 rr        	lda     (regbank+4),y
000F77r 1  29 04        	and     #$04
000F79r 1  D0 03 4C rr  	jeq     L06D1
000F7Dr 1  rr           
000F7Er 1  A0 0F        	ldy     #$0F
000F80r 1  B1 rr        	lda     (sp),y
000F82r 1  C9 03        	cmp     #$03
000F84r 1  B0 03 4C rr  	jcc     L019E
000F88r 1  rr           
000F89r 1  C9 0B        	cmp     #$0B
000F8Br 1  90 03 4C rr  	jcs     L019E
000F8Fr 1  rr           
000F90r 1  A0 08        	ldy     #$08
000F92r 1  B1 rr        	lda     (sp),y
000F94r 1  AA           	tax
000F95r 1  88           	dey
000F96r 1  B1 rr        	lda     (sp),y
000F98r 1  38           	sec
000F99r 1  E9 0B        	sbc     #$0B
000F9Br 1  B0 01        	bcs     L018A
000F9Dr 1  CA           	dex
000F9Er 1  A0 05        L018A:	ldy     #$05
000FA0r 1  20 rr rr     	jsr     staxysp
000FA3r 1  A0 0F        	ldy     #$0F
000FA5r 1  B1 rr        	lda     (sp),y
000FA7r 1  C9 03        	cmp     #$03
000FA9r 1  F0 04        	beq     L06BD
000FABr 1  C9 0A        	cmp     #$0A
000FADr 1  D0 3E        	bne     L018B
000FAFr 1  20 rr rr     L06BD:	jsr     decsp8
000FB2r 1  88           	dey
000FB3r 1  B1 rr        	lda     (sp),y
000FB5r 1  AA           	tax
000FB6r 1  88           	dey
000FB7r 1  B1 rr        	lda     (sp),y
000FB9r 1  A0 06        	ldy     #$06
000FBBr 1  91 rr        	sta     (sp),y
000FBDr 1  C8           	iny
000FBEr 1  8A           	txa
000FBFr 1  91 rr        	sta     (sp),y
000FC1r 1  A0 14        	ldy     #$14
000FC3r 1  B1 rr        	lda     (sp),y
000FC5r 1  AA           	tax
000FC6r 1  88           	dey
000FC7r 1  B1 rr        	lda     (sp),y
000FC9r 1  A0 04        	ldy     #$04
000FCBr 1  91 rr        	sta     (sp),y
000FCDr 1  C8           	iny
000FCEr 1  8A           	txa
000FCFr 1  91 rr        	sta     (sp),y
000FD1r 1  A9 08        	lda     #$08
000FD3r 1  A0 02        	ldy     #$02
000FD5r 1  91 rr        	sta     (sp),y
000FD7r 1  C8           	iny
000FD8r 1  A9 00        	lda     #$00
000FDAr 1  91 rr        	sta     (sp),y
000FDCr 1  A9 01        	lda     #$01
000FDEr 1  A0 00        	ldy     #$00
000FE0r 1  91 rr        	sta     (sp),y
000FE2r 1  C8           	iny
000FE3r 1  A9 00        	lda     #$00
000FE5r 1  91 rr        	sta     (sp),y
000FE7r 1  20 rr rr     	jsr     _udeks_vic_bitmap_fill
000FEAr 1  4C rr rr     	jmp     L0194
000FEDr 1  20 rr rr     L018B:	jsr     decsp4
000FF0r 1  A0 0A        	ldy     #$0A
000FF2r 1  B1 rr        	lda     (sp),y
000FF4r 1  AA           	tax
000FF5r 1  88           	dey
000FF6r 1  B1 rr        	lda     (sp),y
000FF8r 1  A0 02        	ldy     #$02
000FFAr 1  91 rr        	sta     (sp),y
000FFCr 1  C8           	iny
000FFDr 1  8A           	txa
000FFEr 1  91 rr        	sta     (sp),y
001000r 1  A0 10        	ldy     #$10
001002r 1  B1 rr        	lda     (sp),y
001004r 1  AA           	tax
001005r 1  88           	dey
001006r 1  B1 rr        	lda     (sp),y
001008r 1  A0 00        	ldy     #$00
00100Ar 1  91 rr        	sta     (sp),y
00100Cr 1  C8           	iny
00100Dr 1  8A           	txa
00100Er 1  91 rr        	sta     (sp),y
001010r 1  A9 00        	lda     #$00
001012r 1  20 rr rr     	jsr     _udeks_vic_bitmap_pixel
001015r 1  20 rr rr     	jsr     decsp4
001018r 1  A0 0A        	ldy     #$0A
00101Ar 1  B1 rr        	lda     (sp),y
00101Cr 1  AA           	tax
00101Dr 1  88           	dey
00101Er 1  B1 rr        	lda     (sp),y
001020r 1  18           	clc
001021r 1  69 07        	adc     #$07
001023r 1  90 01        	bcc     L019B
001025r 1  E8           	inx
001026r 1  A0 02        L019B:	ldy     #$02
001028r 1  91 rr        	sta     (sp),y
00102Ar 1  C8           	iny
00102Br 1  8A           	txa
00102Cr 1  91 rr        	sta     (sp),y
00102Er 1  A0 10        	ldy     #$10
001030r 1  B1 rr        	lda     (sp),y
001032r 1  AA           	tax
001033r 1  88           	dey
001034r 1  B1 rr        	lda     (sp),y
001036r 1  A0 00        	ldy     #$00
001038r 1  91 rr        	sta     (sp),y
00103Ar 1  C8           	iny
00103Br 1  8A           	txa
00103Cr 1  91 rr        	sta     (sp),y
00103Er 1  A9 00        	lda     #$00
001040r 1  20 rr rr     	jsr     _udeks_vic_bitmap_pixel
001043r 1  A0 0F        L0194:	ldy     #$0F
001045r 1  B1 rr        	lda     (sp),y
001047r 1  C9 05        	cmp     #$05
001049r 1  90 74        	bcc     L019E
00104Br 1  C9 09        	cmp     #$09
00104Dr 1  B0 70        	bcs     L019E
00104Fr 1  20 rr rr     	jsr     decsp4
001052r 1  A0 13        	ldy     #$13
001054r 1  B1 rr        	lda     (sp),y
001056r 1  18           	clc
001057r 1  A0 09        	ldy     #$09
001059r 1  71 rr        	adc     (sp),y
00105Br 1  48           	pha
00105Cr 1  A9 00        	lda     #$00
00105Er 1  C8           	iny
00105Fr 1  71 rr        	adc     (sp),y
001061r 1  AA           	tax
001062r 1  68           	pla
001063r 1  38           	sec
001064r 1  E9 03        	sbc     #$03
001066r 1  B0 01        	bcs     L01A4
001068r 1  CA           	dex
001069r 1  A0 02        L01A4:	ldy     #$02
00106Br 1  91 rr        	sta     (sp),y
00106Dr 1  C8           	iny
00106Er 1  8A           	txa
00106Fr 1  91 rr        	sta     (sp),y
001071r 1  A0 10        	ldy     #$10
001073r 1  B1 rr        	lda     (sp),y
001075r 1  AA           	tax
001076r 1  88           	dey
001077r 1  B1 rr        	lda     (sp),y
001079r 1  A0 00        	ldy     #$00
00107Br 1  91 rr        	sta     (sp),y
00107Dr 1  C8           	iny
00107Er 1  8A           	txa
00107Fr 1  91 rr        	sta     (sp),y
001081r 1  A9 00        	lda     #$00
001083r 1  20 rr rr     	jsr     _udeks_vic_bitmap_pixel
001086r 1  20 rr rr     	jsr     decsp4
001089r 1  A0 0A        	ldy     #$0A
00108Br 1  B1 rr        	lda     (sp),y
00108Dr 1  AA           	tax
00108Er 1  88           	dey
00108Fr 1  B1 rr        	lda     (sp),y
001091r 1  18           	clc
001092r 1  69 0A        	adc     #$0A
001094r 1  90 01        	bcc     L01A9
001096r 1  E8           	inx
001097r 1  38           L01A9:	sec
001098r 1  A0 13        	ldy     #$13
00109Ar 1  F1 rr        	sbc     (sp),y
00109Cr 1  48           	pha
00109Dr 1  8A           	txa
00109Er 1  E9 00        	sbc     #$00
0010A0r 1  AA           	tax
0010A1r 1  68           	pla
0010A2r 1  A0 02        	ldy     #$02
0010A4r 1  91 rr        	sta     (sp),y
0010A6r 1  C8           	iny
0010A7r 1  8A           	txa
0010A8r 1  91 rr        	sta     (sp),y
0010AAr 1  A0 10        	ldy     #$10
0010ACr 1  B1 rr        	lda     (sp),y
0010AEr 1  AA           	tax
0010AFr 1  88           	dey
0010B0r 1  B1 rr        	lda     (sp),y
0010B2r 1  A0 00        	ldy     #$00
0010B4r 1  91 rr        	sta     (sp),y
0010B6r 1  C8           	iny
0010B7r 1  8A           	txa
0010B8r 1  91 rr        	sta     (sp),y
0010BAr 1  A9 00        	lda     #$00
0010BCr 1  20 rr rr     	jsr     _udeks_vic_bitmap_pixel
0010BFr 1  A0 00        L019E:	ldy     #$00
0010C1r 1  B1 rr        L06D1:	lda     (regbank+4),y
0010C3r 1  29 08        	and     #$08
0010C5r 1  D0 03 4C rr  	jeq     L01BB
0010C9r 1  rr           
0010CAr 1  A0 06        	ldy     #$06
0010CCr 1  B1 rr        	lda     (regbank+4),y
0010CEr 1  A2 00        	ldx     #$00
0010D0r 1  38           	sec
0010D1r 1  E9 05        	sbc     #$05
0010D3r 1  B0 02        	bcs     L06D0
0010D5r 1  CA           	dex
0010D6r 1  38           	sec
0010D7r 1  A0 0F        L06D0:	ldy     #$0F
0010D9r 1  F1 rr        	sbc     (sp),y
0010DBr 1  48           	pha
0010DCr 1  8A           	txa
0010DDr 1  E9 00        	sbc     #$00
0010DFr 1  AA           	tax
0010E0r 1  68           	pla
0010E1r 1  A0 05        	ldy     #$05
0010E3r 1  20 rr rr     	jsr     staxysp
0010E6r 1  8A           	txa
0010E7r 1  30 55        	bmi     L01B1
0010E9r 1  A0 06        	ldy     #$06
0010EBr 1  B1 rr        	lda     (sp),y
0010EDr 1  AA           	tax
0010EEr 1  88           	dey
0010EFr 1  B1 rr        	lda     (sp),y
0010F1r 1  C9 07        	cmp     #$07
0010F3r 1  8A           	txa
0010F4r 1  E9 00        	sbc     #$00
0010F6r 1  50 02        	bvc     L01B4
0010F8r 1  49 80        	eor     #$80
0010FAr 1  10 42        L01B4:	bpl     L01B1
0010FCr 1  20 rr rr     	jsr     decsp4
0010FFr 1  A0 0C        	ldy     #$0C
001101r 1  B1 rr        	lda     (sp),y
001103r 1  AA           	tax
001104r 1  88           	dey
001105r 1  B1 rr        	lda     (sp),y
001107r 1  38           	sec
001108r 1  E9 0A        	sbc     #$0A
00110Ar 1  B0 01        	bcs     L01B8
00110Cr 1  CA           	dex
00110Dr 1  85 rr        L01B8:	sta     ptr1
00110Fr 1  86 rr        	stx     ptr1+1
001111r 1  88           	dey
001112r 1  B1 rr        	lda     (sp),y
001114r 1  AA           	tax
001115r 1  88           	dey
001116r 1  B1 rr        	lda     (sp),y
001118r 1  18           	clc
001119r 1  65 rr        	adc     ptr1
00111Br 1  48           	pha
00111Cr 1  8A           	txa
00111Dr 1  65 rr        	adc     ptr1+1
00111Fr 1  AA           	tax
001120r 1  68           	pla
001121r 1  A0 02        	ldy     #$02
001123r 1  91 rr        	sta     (sp),y
001125r 1  C8           	iny
001126r 1  8A           	txa
001127r 1  91 rr        	sta     (sp),y
001129r 1  A0 10        	ldy     #$10
00112Br 1  B1 rr        	lda     (sp),y
00112Dr 1  AA           	tax
00112Er 1  88           	dey
00112Fr 1  B1 rr        	lda     (sp),y
001131r 1  A0 00        	ldy     #$00
001133r 1  91 rr        	sta     (sp),y
001135r 1  C8           	iny
001136r 1  8A           	txa
001137r 1  91 rr        	sta     (sp),y
001139r 1  A9 00        	lda     #$00
00113Br 1  20 rr rr     	jsr     _udeks_vic_bitmap_pixel
00113Er 1  A0 06        L01B1:	ldy     #$06
001140r 1  B1 rr        	lda     (sp),y
001142r 1  30 55        	bmi     L01BB
001144r 1  A0 06        	ldy     #$06
001146r 1  B1 rr        	lda     (sp),y
001148r 1  AA           	tax
001149r 1  88           	dey
00114Ar 1  B1 rr        	lda     (sp),y
00114Cr 1  C9 04        	cmp     #$04
00114Er 1  8A           	txa
00114Fr 1  E9 00        	sbc     #$00
001151r 1  50 02        	bvc     L01BE
001153r 1  49 80        	eor     #$80
001155r 1  10 42        L01BE:	bpl     L01BB
001157r 1  20 rr rr     	jsr     decsp4
00115Ar 1  A0 0C        	ldy     #$0C
00115Cr 1  B1 rr        	lda     (sp),y
00115Er 1  AA           	tax
00115Fr 1  88           	dey
001160r 1  B1 rr        	lda     (sp),y
001162r 1  38           	sec
001163r 1  E9 07        	sbc     #$07
001165r 1  B0 01        	bcs     L01C2
001167r 1  CA           	dex
001168r 1  85 rr        L01C2:	sta     ptr1
00116Ar 1  86 rr        	stx     ptr1+1
00116Cr 1  88           	dey
00116Dr 1  B1 rr        	lda     (sp),y
00116Fr 1  AA           	tax
001170r 1  88           	dey
001171r 1  B1 rr        	lda     (sp),y
001173r 1  18           	clc
001174r 1  65 rr        	adc     ptr1
001176r 1  48           	pha
001177r 1  8A           	txa
001178r 1  65 rr        	adc     ptr1+1
00117Ar 1  AA           	tax
00117Br 1  68           	pla
00117Cr 1  A0 02        	ldy     #$02
00117Er 1  91 rr        	sta     (sp),y
001180r 1  C8           	iny
001181r 1  8A           	txa
001182r 1  91 rr        	sta     (sp),y
001184r 1  A0 10        	ldy     #$10
001186r 1  B1 rr        	lda     (sp),y
001188r 1  AA           	tax
001189r 1  88           	dey
00118Ar 1  B1 rr        	lda     (sp),y
00118Cr 1  A0 00        	ldy     #$00
00118Er 1  91 rr        	sta     (sp),y
001190r 1  C8           	iny
001191r 1  8A           	txa
001192r 1  91 rr        	sta     (sp),y
001194r 1  A9 00        	lda     #$00
001196r 1  20 rr rr     	jsr     _udeks_vic_bitmap_pixel
001199r 1  A0 0F        L01BB:	ldy     #$0F
00119Br 1  B1 rr        	lda     (sp),y
00119Dr 1  C9 04        	cmp     #$04
00119Fr 1  B0 03 4C rr  	jcc     L01CF
0011A3r 1  rr           
0011A4r 1  C9 09        	cmp     #$09
0011A6r 1  90 03 4C rr  	jcs     L01CF
0011AAr 1  rr           
0011ABr 1  A0 09        	ldy     #$09
0011ADr 1  B1 rr        	lda     (regbank+4),y
0011AFr 1  AA           	tax
0011B0r 1  88           	dey
0011B1r 1  B1 rr        	lda     (regbank+4),y
0011B3r 1  A0 03        	ldy     #$03
0011B5r 1  20 rr rr     	jsr     staxysp
0011B8r 1  A0 0D        	ldy     #$0D
0011BAr 1  A2 00        	ldx     #$00
0011BCr 1  A9 04        	lda     #$04
0011BEr 1  20 rr rr     	jsr     addeqysp
0011C1r 1  A2 00        	ldx     #$00
0011C3r 1  A9 0D        	lda     #$0D
0011C5r 1  A0 07        	ldy     #$07
0011C7r 1  20 rr rr     	jsr     subeqysp
0011CAr 1  4C rr rr     	jmp     L01D0
0011CDr 1  A0 04        L01CE:	ldy     #$04
0011CFr 1  B1 rr        	lda     (sp),y
0011D1r 1  AA           	tax
0011D2r 1  88           	dey
0011D3r 1  B1 rr        	lda     (sp),y
0011D5r 1  85 rr        	sta     regsave
0011D7r 1  86 rr        	stx     regsave+1
0011D9r 1  18           	clc
0011DAr 1  69 01        	adc     #$01
0011DCr 1  90 01        	bcc     L01D7
0011DEr 1  E8           	inx
0011DFr 1  20 rr rr     L01D7:	jsr     staxysp
0011E2r 1  A0 00        	ldy     #$00
0011E4r 1  B1 rr        	lda     (regsave),y
0011E6r 1  A0 02        	ldy     #$02
0011E8r 1  91 rr        	sta     (sp),y
0011EAr 1  C9 61        	cmp     #$61
0011ECr 1  90 0B        	bcc     L06C8
0011EEr 1  B1 rr        	lda     (sp),y
0011F0r 1  C9 7B        	cmp     #$7B
0011F2r 1  B0 05        	bcs     L06C8
0011F4r 1  38           	sec
0011F5r 1  E9 20        	sbc     #$20
0011F7r 1  91 rr        	sta     (sp),y
0011F9r 1  B1 rr        L06C8:	lda     (sp),y
0011FBr 1  C9 41        	cmp     #$41
0011FDr 1  B0 03 4C rr  	jcc     L01E9
001201r 1  rr           
001202r 1  C9 5B        	cmp     #$5B
001204r 1  90 03 4C rr  	jcs     L01E9
001208r 1  rr           
001209r 1  A2 00        	ldx     #$00
00120Br 1  B1 rr        	lda     (sp),y
00120Dr 1  38           	sec
00120Er 1  E9 41        	sbc     #$41
001210r 1  B0 01        	bcs     L01E5
001212r 1  CA           	dex
001213r 1  20 rr rr     L01E5:	jsr     mulax5
001216r 1  18           	clc
001217r 1  69 rr        	adc     #<(_title_glyphs)
001219r 1  85 rr        	sta     ptr1
00121Br 1  8A           	txa
00121Cr 1  69 rr        	adc     #>(_title_glyphs)
00121Er 1  85 rr        	sta     ptr1+1
001220r 1  A2 00        	ldx     #$00
001222r 1  A0 0F        	ldy     #$0F
001224r 1  B1 rr        	lda     (sp),y
001226r 1  38           	sec
001227r 1  E9 04        	sbc     #$04
001229r 1  B0 01        	bcs     L01E7
00122Br 1  CA           	dex
00122Cr 1  18           L01E7:	clc
00122Dr 1  65 rr        	adc     ptr1
00122Fr 1  85 rr        	sta     ptr1
001231r 1  8A           	txa
001232r 1  65 rr        	adc     ptr1+1
001234r 1  85 rr        	sta     ptr1+1
001236r 1  A0 00        	ldy     #$00
001238r 1  B1 rr        	lda     (ptr1),y
00123Ar 1  C8           	iny
00123Br 1  91 rr        	sta     (sp),y
00123Dr 1  A9 00        	lda     #$00
00123Fr 1  88           	dey
001240r 1  91 rr        L06B5:	sta     (sp),y
001242r 1  C9 03        	cmp     #$03
001244r 1  B0 4D        	bcs     L01E9
001246r 1  B1 rr        	lda     (sp),y
001248r 1  A8           	tay
001249r 1  A9 04        	lda     #$04
00124Br 1  4A           L06B4:	lsr     a
00124Cr 1  88           	dey
00124Dr 1  10 FC        	bpl     L06B4
00124Fr 1  2A           	rol     a
001250r 1  A0 01        	ldy     #$01
001252r 1  31 rr        	and     (sp),y
001254r 1  48           	pha
001255r 1  68           	pla
001256r 1  F0 31        	beq     L01EA
001258r 1  20 rr rr     	jsr     decsp4
00125Br 1  A0 04        	ldy     #$04
00125Dr 1  B1 rr        	lda     (sp),y
00125Fr 1  18           	clc
001260r 1  A0 11        	ldy     #$11
001262r 1  71 rr        	adc     (sp),y
001264r 1  48           	pha
001265r 1  A9 00        	lda     #$00
001267r 1  C8           	iny
001268r 1  71 rr        	adc     (sp),y
00126Ar 1  AA           	tax
00126Br 1  68           	pla
00126Cr 1  A0 02        	ldy     #$02
00126Er 1  91 rr        	sta     (sp),y
001270r 1  C8           	iny
001271r 1  8A           	txa
001272r 1  91 rr        	sta     (sp),y
001274r 1  A0 10        	ldy     #$10
001276r 1  B1 rr        	lda     (sp),y
001278r 1  AA           	tax
001279r 1  88           	dey
00127Ar 1  B1 rr        	lda     (sp),y
00127Cr 1  A0 00        	ldy     #$00
00127Er 1  91 rr        	sta     (sp),y
001280r 1  C8           	iny
001281r 1  8A           	txa
001282r 1  91 rr        	sta     (sp),y
001284r 1  A9 00        	lda     #$00
001286r 1  20 rr rr     	jsr     _udeks_vic_bitmap_pixel
001289r 1  A0 00        L01EA:	ldy     #$00
00128Br 1  18           	clc
00128Cr 1  A9 01        	lda     #$01
00128Er 1  71 rr        	adc     (sp),y
001290r 1  4C rr rr     	jmp     L06B5
001293r 1  A0 0D        L01E9:	ldy     #$0D
001295r 1  A2 00        	ldx     #$00
001297r 1  A9 04        	lda     #$04
001299r 1  20 rr rr     	jsr     addeqysp
00129Cr 1  A0 04        L01D0:	ldy     #$04
00129Er 1  B1 rr        	lda     (sp),y
0012A0r 1  88           	dey
0012A1r 1  11 rr        	ora     (sp),y
0012A3r 1  F0 36        	beq     L01CF
0012A5r 1  C8           	iny
0012A6r 1  B1 rr        	lda     (sp),y
0012A8r 1  85 rr        	sta     ptr1+1
0012AAr 1  88           	dey
0012ABr 1  B1 rr        	lda     (sp),y
0012ADr 1  85 rr        	sta     ptr1
0012AFr 1  A0 00        	ldy     #$00
0012B1r 1  B1 rr        	lda     (ptr1),y
0012B3r 1  F0 26        	beq     L01CF
0012B5r 1  A0 0E        	ldy     #$0E
0012B7r 1  B1 rr        	lda     (sp),y
0012B9r 1  AA           	tax
0012BAr 1  88           	dey
0012BBr 1  B1 rr        	lda     (sp),y
0012BDr 1  18           	clc
0012BEr 1  69 03        	adc     #$03
0012C0r 1  90 01        	bcc     L01D3
0012C2r 1  E8           	inx
0012C3r 1  20 rr rr     L01D3:	jsr     pushax
0012C6r 1  A0 0A        	ldy     #$0A
0012C8r 1  B1 rr        	lda     (sp),y
0012CAr 1  AA           	tax
0012CBr 1  88           	dey
0012CCr 1  B1 rr        	lda     (sp),y
0012CEr 1  20 rr rr     	jsr     tosicmp
0012D1r 1  10 03 4C rr  	jmi     L01CE
0012D5r 1  rr           
0012D6r 1  D0 03 4C rr  	jeq     L01CE
0012DAr 1  rr           
0012DBr 1  A0 10        L01CF:	ldy     #$10
0012DDr 1  B1 rr        	lda     (sp),y
0012DFr 1  85 rr        	sta     regbank+4
0012E1r 1  C8           	iny
0012E2r 1  B1 rr        	lda     (sp),y
0012E4r 1  85 rr        	sta     regbank+5
0012E6r 1  C8           	iny
0012E7r 1  4C rr rr     	jmp     addysp
0012EAr 1               
0012EAr 1               .endproc
0012EAr 1               
0012EAr 1               ; ---------------------------------------------------------------
0012EAr 1               ; void __near__ draw_chrome (register __near__ const struct udeks_window *)
0012EAr 1               ; ---------------------------------------------------------------
0012EAr 1               
0012EAr 1               .segment	"CODE"
0012EAr 1               
0012EAr 1               .proc	_draw_chrome: near
0012EAr 1               
0012EAr 1               .segment	"CODE"
0012EAr 1               
0012EAr 1  20 rr rr     	jsr     pushax
0012EDr 1  A0 00        	ldy     #$00
0012EFr 1  A2 04        	ldx     #$04
0012F1r 1  20 rr rr     	jsr     regswap2
0012F4r 1  20 rr rr     	jsr     decsp1
0012F7r 1  A9 00        	lda     #$00
0012F9r 1  A8           	tay
0012FAr 1  91 rr        L06D2:	sta     (sp),y
0012FCr 1  B1 rr        	lda     (sp),y
0012FEr 1  20 rr rr     	jsr     pusha0
001301r 1  A0 06        	ldy     #$06
001303r 1  B1 rr        	lda     (regbank+4),y
001305r 1  20 rr rr     	jsr     tosicmp0
001308r 1  B0 18        	bcs     L01FB
00130Ar 1  A5 rr        	lda     regbank+4
00130Cr 1  A6 rr        	ldx     regbank+4+1
00130Er 1  20 rr rr     	jsr     pushax
001311r 1  A0 02        	ldy     #$02
001313r 1  B1 rr        	lda     (sp),y
001315r 1  20 rr rr     	jsr     _draw_chrome_row
001318r 1  A0 00        	ldy     #$00
00131Ar 1  18           	clc
00131Br 1  A9 01        	lda     #$01
00131Dr 1  71 rr        	adc     (sp),y
00131Fr 1  4C rr rr     	jmp     L06D2
001322r 1  A0 01        L01FB:	ldy     #$01
001324r 1  B1 rr        	lda     (sp),y
001326r 1  85 rr        	sta     regbank+4
001328r 1  C8           	iny
001329r 1  B1 rr        	lda     (sp),y
00132Br 1  85 rr        	sta     regbank+5
00132Dr 1  4C rr rr     	jmp     incsp3
001330r 1               
001330r 1               .endproc
001330r 1               
001330r 1               ; ---------------------------------------------------------------
001330r 1               ; unsigned char __near__ cache_request (unsigned char, unsigned char)
001330r 1               ; ---------------------------------------------------------------
001330r 1               
001330r 1               .segment	"CODE"
001330r 1               
001330r 1               .proc	_cache_request: near
001330r 1               
001330r 1               .segment	"CODE"
001330r 1               
001330r 1  20 rr rr     	jsr     pusha
001333r 1  A5 rr        	lda     regbank+4
001335r 1  A6 rr        	ldx     regbank+5
001337r 1  20 rr rr     	jsr     pushax
00133Ar 1  A0 03        	ldy     #$03
00133Cr 1  B1 rr        	lda     (sp),y
00133Er 1  20 rr rr     	jsr     _window_by_handle
001341r 1  85 rr        	sta     regbank+4
001343r 1  86 rr        	stx     regbank+4+1
001345r 1  A0 03        	ldy     #$03
001347r 1  B1 rr        	lda     (sp),y
001349r 1  8D 92 F7     	sta     $F792
00134Cr 1  88           	dey
00134Dr 1  B1 rr        	lda     (regbank+4),y
00134Fr 1  8D A2 F7     	sta     $F7A1+1
001352r 1  88           	dey
001353r 1  B1 rr        	lda     (regbank+4),y
001355r 1  8D A1 F7     	sta     $F7A1
001358r 1  A0 05        	ldy     #$05
00135Ar 1  B1 rr        	lda     (regbank+4),y
00135Cr 1  8D A4 F7     	sta     $F7A3+1
00135Fr 1  88           	dey
001360r 1  B1 rr        	lda     (regbank+4),y
001362r 1  8D A3 F7     	sta     $F7A3
001365r 1  88           	dey
001366r 1  B1 rr        	lda     (regbank+4),y
001368r 1  8D A5 F7     	sta     $F7A5
00136Br 1  A0 06        	ldy     #$06
00136Dr 1  B1 rr        	lda     (regbank+4),y
00136Fr 1  8D A6 F7     	sta     $F7A6
001372r 1  A9 01        	lda     #$01
001374r 1  8D 95 F7     	sta     $F795
001377r 1  A0 02        	ldy     #$02
001379r 1  B1 rr        	lda     (sp),y
00137Br 1  20 rr rr     	jsr     _cache_command
00137Er 1  48           	pha
00137Fr 1  A0 00        	ldy     #$00
001381r 1  B1 rr        	lda     (sp),y
001383r 1  85 rr        	sta     regbank+4
001385r 1  C8           	iny
001386r 1  B1 rr        	lda     (sp),y
001388r 1  85 rr        	sta     regbank+5
00138Ar 1  68           	pla
00138Br 1  4C rr rr     	jmp     incsp4
00138Er 1               
00138Er 1               .endproc
00138Er 1               
00138Er 1               ; ---------------------------------------------------------------
00138Er 1               ; void __near__ cache_invalidate (void)
00138Er 1               ; ---------------------------------------------------------------
00138Er 1               
00138Er 1               .segment	"CODE"
00138Er 1               
00138Er 1               .proc	_cache_invalidate: near
00138Er 1               
00138Er 1               .segment	"CODE"
00138Er 1               
00138Er 1  A9 01        	lda     #$01
001390r 1  4C rr rr     	jmp     _cache_command
001393r 1               
001393r 1               .endproc
001393r 1               
001393r 1               ; ---------------------------------------------------------------
001393r 1               ; unsigned char __near__ paint_window_damage (unsigned char)
001393r 1               ; ---------------------------------------------------------------
001393r 1               
001393r 1               .segment	"CODE"
001393r 1               
001393r 1               .proc	_paint_window_damage: near
001393r 1               
001393r 1               .segment	"CODE"
001393r 1               
001393r 1  20 rr rr     	jsr     pusha
001396r 1  A5 rr        	lda     regbank+4
001398r 1  A6 rr        	ldx     regbank+5
00139Ar 1  20 rr rr     	jsr     pushax
00139Dr 1  A0 02        	ldy     #$02
00139Fr 1  B1 rr        	lda     (sp),y
0013A1r 1  20 rr rr     	jsr     _window_by_handle
0013A4r 1  85 rr        	sta     regbank+4
0013A6r 1  86 rr        	stx     regbank+4+1
0013A8r 1  E0 00        	cpx     #$00
0013AAr 1  D0 07        	bne     L06D6
0013ACr 1  C9 00        	cmp     #$00
0013AEr 1  D0 03 4C rr  	jeq     L0253
0013B2r 1  rr           
0013B3r 1  A0 00        L06D6:	ldy     #$00
0013B5r 1  B1 rr        	lda     (regbank+4),y
0013B7r 1  29 01        	and     #$01
0013B9r 1  D0 04        	bne     L0257
0013BBr 1  AA           	tax
0013BCr 1  4C rr rr     	jmp     L0253
0013BFr 1  20 rr rr     L0257:	jsr     decsp5
0013C2r 1  A0 02        	ldy     #$02
0013C4r 1  B1 rr        	lda     (regbank+4),y
0013C6r 1  AA           	tax
0013C7r 1  88           	dey
0013C8r 1  B1 rr        	lda     (regbank+4),y
0013CAr 1  A0 03        	ldy     #$03
0013CCr 1  91 rr        	sta     (sp),y
0013CEr 1  C8           	iny
0013CFr 1  8A           	txa
0013D0r 1  91 rr        	sta     (sp),y
0013D2r 1  88           	dey
0013D3r 1  B1 rr        	lda     (regbank+4),y
0013D5r 1  88           	dey
0013D6r 1  91 rr        	sta     (sp),y
0013D8r 1  A0 05        	ldy     #$05
0013DAr 1  B1 rr        	lda     (regbank+4),y
0013DCr 1  AA           	tax
0013DDr 1  88           	dey
0013DEr 1  B1 rr        	lda     (regbank+4),y
0013E0r 1  A0 00        	ldy     #$00
0013E2r 1  91 rr        	sta     (sp),y
0013E4r 1  C8           	iny
0013E5r 1  8A           	txa
0013E6r 1  91 rr        	sta     (sp),y
0013E8r 1  A0 06        	ldy     #$06
0013EAr 1  B1 rr        	lda     (regbank+4),y
0013ECr 1  20 rr rr     	jsr     _set_damage_intersection
0013EFr 1  C9 00        	cmp     #$00
0013F1r 1  D0 04        	bne     L025E
0013F3r 1  AA           	tax
0013F4r 1  4C rr rr     	jmp     L0253
0013F7r 1  A0 00        L025E:	ldy     #$00
0013F9r 1  B1 rr        	lda     (regbank+4),y
0013FBr 1  29 7F        	and     #$7F
0013FDr 1  91 rr        	sta     (regbank+4),y
0013FFr 1  20 rr rr     	jsr     decsp8
001402r 1  A0 02        	ldy     #$02
001404r 1  B1 rr        	lda     (regbank+4),y
001406r 1  AA           	tax
001407r 1  88           	dey
001408r 1  B1 rr        	lda     (regbank+4),y
00140Ar 1  A0 06        	ldy     #$06
00140Cr 1  91 rr        	sta     (sp),y
00140Er 1  C8           	iny
00140Fr 1  8A           	txa
001410r 1  91 rr        	sta     (sp),y
001412r 1  A0 03        	ldy     #$03
001414r 1  B1 rr        	lda     (regbank+4),y
001416r 1  C8           	iny
001417r 1  91 rr        	sta     (sp),y
001419r 1  C8           	iny
00141Ar 1  A9 00        	lda     #$00
00141Cr 1  91 rr        	sta     (sp),y
00141Er 1  B1 rr        	lda     (regbank+4),y
001420r 1  AA           	tax
001421r 1  88           	dey
001422r 1  B1 rr        	lda     (regbank+4),y
001424r 1  A0 02        	ldy     #$02
001426r 1  91 rr        	sta     (sp),y
001428r 1  C8           	iny
001429r 1  8A           	txa
00142Ar 1  91 rr        	sta     (sp),y
00142Cr 1  A0 06        	ldy     #$06
00142Er 1  B1 rr        	lda     (regbank+4),y
001430r 1  A0 00        	ldy     #$00
001432r 1  91 rr        	sta     (sp),y
001434r 1  C8           	iny
001435r 1  A9 00        	lda     #$00
001437r 1  91 rr        	sta     (sp),y
001439r 1  A9 07        	lda     #$07
00143Br 1  20 rr rr     	jsr     _udeks_vic_bitmap_fill
00143Er 1  A5 rr        	lda     regbank+4
001440r 1  A6 rr        	ldx     regbank+4+1
001442r 1  20 rr rr     	jsr     _draw_chrome
001445r 1  A0 0B        	ldy     #$0B
001447r 1  B1 rr        	lda     (regbank+4),y
001449r 1  AA           	tax
00144Ar 1  88           	dey
00144Br 1  B1 rr        	lda     (regbank+4),y
00144Dr 1  E0 00        	cpx     #$00
00144Fr 1  D0 04        	bne     L06D7
001451r 1  C9 00        	cmp     #$00
001453r 1  F0 74        	beq     L026F
001455r 1  20 rr rr     L06D7:	jsr     decsp5
001458r 1  A0 02        	ldy     #$02
00145Ar 1  B1 rr        	lda     (regbank+4),y
00145Cr 1  AA           	tax
00145Dr 1  88           	dey
00145Er 1  B1 rr        	lda     (regbank+4),y
001460r 1  18           	clc
001461r 1  69 03        	adc     #$03
001463r 1  90 01        	bcc     L0274
001465r 1  E8           	inx
001466r 1  A0 03        L0274:	ldy     #$03
001468r 1  91 rr        	sta     (sp),y
00146Ar 1  C8           	iny
00146Br 1  8A           	txa
00146Cr 1  91 rr        	sta     (sp),y
00146Er 1  88           	dey
00146Fr 1  B1 rr        	lda     (regbank+4),y
001471r 1  18           	clc
001472r 1  69 0D        	adc     #$0D
001474r 1  90 01        	bcc     L06D3
001476r 1  18           	clc
001477r 1  69 01        L06D3:	adc     #$01
001479r 1  88           	dey
00147Ar 1  91 rr        	sta     (sp),y
00147Cr 1  A0 05        	ldy     #$05
00147Er 1  B1 rr        	lda     (regbank+4),y
001480r 1  AA           	tax
001481r 1  88           	dey
001482r 1  B1 rr        	lda     (regbank+4),y
001484r 1  38           	sec
001485r 1  E9 06        	sbc     #$06
001487r 1  B0 01        	bcs     L027A
001489r 1  CA           	dex
00148Ar 1  A0 00        L027A:	ldy     #$00
00148Cr 1  91 rr        	sta     (sp),y
00148Er 1  C8           	iny
00148Fr 1  8A           	txa
001490r 1  91 rr        	sta     (sp),y
001492r 1  A0 06        	ldy     #$06
001494r 1  B1 rr        	lda     (regbank+4),y
001496r 1  38           	sec
001497r 1  E9 0D        	sbc     #$0D
001499r 1  B0 01        	bcs     L06D4
00149Br 1  38           	sec
00149Cr 1  E9 04        L06D4:	sbc     #$04
00149Er 1  20 rr rr     	jsr     _set_damage_intersection
0014A1r 1  C9 00        	cmp     #$00
0014A3r 1  F0 24        	beq     L026F
0014A5r 1  A0 0B        	ldy     #$0B
0014A7r 1  B1 rr        	lda     (regbank+4),y
0014A9r 1  AA           	tax
0014AAr 1  88           	dey
0014ABr 1  B1 rr        	lda     (regbank+4),y
0014ADr 1  20 rr rr     	jsr     pushax
0014B0r 1  A0 04        	ldy     #$04
0014B2r 1  B1 rr        	lda     (sp),y
0014B4r 1  48           	pha
0014B5r 1  A0 00        	ldy     #$00
0014B7r 1  B1 rr        	lda     (sp),y
0014B9r 1  8D rr rr     	sta     jmpvec+1
0014BCr 1  C8           	iny
0014BDr 1  B1 rr        	lda     (sp),y
0014BFr 1  8D rr rr     	sta     jmpvec+2
0014C2r 1  68           	pla
0014C3r 1  20 rr rr     	jsr     jmpvec
0014C6r 1  20 rr rr     	jsr     incsp2
0014C9r 1  A9 14        L026F:	lda     #$14
0014CBr 1  20 rr rr     	jsr     _increment_counter
0014CEr 1  A2 00        	ldx     #$00
0014D0r 1  A9 01        	lda     #$01
0014D2r 1  48           L0253:	pha
0014D3r 1  A1 rr        	lda     (sp,x)
0014D5r 1  85 rr        	sta     regbank+4
0014D7r 1  A0 01        	ldy     #$01
0014D9r 1  B1 rr        	lda     (sp),y
0014DBr 1  85 rr        	sta     regbank+5
0014DDr 1  68           	pla
0014DEr 1  4C rr rr     	jmp     incsp3
0014E1r 1               
0014E1r 1               .endproc
0014E1r 1               
0014E1r 1               ; ---------------------------------------------------------------
0014E1r 1               ; void __near__ compose_damage (unsigned char)
0014E1r 1               ; ---------------------------------------------------------------
0014E1r 1               
0014E1r 1               .segment	"CODE"
0014E1r 1               
0014E1r 1               .proc	_compose_damage: near
0014E1r 1               
0014E1r 1               .segment	"CODE"
0014E1r 1               
0014E1r 1  20 rr rr     	jsr     pusha
0014E4r 1  20 rr rr     	jsr     decsp2
0014E7r 1  AD rr rr     	lda     _drag_mode
0014EAr 1  29 80        	and     #$80
0014ECr 1  F0 0D        	beq     L06E6
0014EEr 1  A0 02        	ldy     #$02
0014F0r 1  B1 rr        	lda     (sp),y
0014F2r 1  CD rr rr     	cmp     _cache_owner
0014F5r 1  F0 2C        	beq     L0286
0014F7r 1  C9 FF        	cmp     #$FF
0014F9r 1  F0 28        	beq     L0286
0014FBr 1  AD rr rr     L06E6:	lda     _cache_phase
0014FEr 1  C9 03        	cmp     #$03
001500r 1  D0 1E        	bne     L028E
001502r 1  AD rr rr     	lda     _cache_owner
001505r 1  20 rr rr     	jsr     _window_by_handle
001508r 1  20 rr rr     	jsr     pushax
00150Br 1  A0 00        	ldy     #$00
00150Dr 1  B1 rr        	lda     (sp),y
00150Fr 1  C8           	iny
001510r 1  11 rr        	ora     (sp),y
001512r 1  F0 09        	beq     L0292
001514r 1  B1 rr        	lda     (sp),y
001516r 1  AA           	tax
001517r 1  88           	dey
001518r 1  B1 rr        	lda     (sp),y
00151Ar 1  20 rr rr     	jsr     _damage_add
00151Dr 1  20 rr rr     L0292:	jsr     incsp2
001520r 1  20 rr rr     L028E:	jsr     _cache_invalidate
001523r 1  A9 02        L0286:	lda     #$02
001525r 1  20 rr rr     	jsr     _udeks_vic_pointer_busy_begin
001528r 1  20 rr rr     	jsr     decsp6
00152Br 1  AD rr rr     	lda     _damage_left
00152Er 1  A0 04        	ldy     #$04
001530r 1  91 rr        	sta     (sp),y
001532r 1  C8           	iny
001533r 1  AD rr rr     	lda     _damage_left+1
001536r 1  91 rr        	sta     (sp),y
001538r 1  AD rr rr     	lda     _damage_top
00153Br 1  A0 02        	ldy     #$02
00153Dr 1  91 rr        	sta     (sp),y
00153Fr 1  C8           	iny
001540r 1  A9 00        	lda     #$00
001542r 1  91 rr        	sta     (sp),y
001544r 1  AD rr rr     	lda     _damage_right
001547r 1  38           	sec
001548r 1  ED rr rr     	sbc     _damage_left
00154Br 1  48           	pha
00154Cr 1  AD rr rr     	lda     _damage_right+1
00154Fr 1  ED rr rr     	sbc     _damage_left+1
001552r 1  AA           	tax
001553r 1  68           	pla
001554r 1  A0 00        	ldy     #$00
001556r 1  91 rr        	sta     (sp),y
001558r 1  C8           	iny
001559r 1  8A           	txa
00155Ar 1  91 rr        	sta     (sp),y
00155Cr 1  A2 00        	ldx     #$00
00155Er 1  AD rr rr     	lda     _damage_bottom
001561r 1  38           	sec
001562r 1  ED rr rr     	sbc     _damage_top
001565r 1  20 rr rr     	jsr     _udeks_vic_bitmap_set_clip
001568r 1  20 rr rr     	jsr     decsp8
00156Br 1  AD rr rr     	lda     _damage_left
00156Er 1  A0 06        	ldy     #$06
001570r 1  91 rr        	sta     (sp),y
001572r 1  C8           	iny
001573r 1  AD rr rr     	lda     _damage_left+1
001576r 1  91 rr        	sta     (sp),y
001578r 1  AD rr rr     	lda     _damage_top
00157Br 1  A0 04        	ldy     #$04
00157Dr 1  91 rr        	sta     (sp),y
00157Fr 1  C8           	iny
001580r 1  A9 00        	lda     #$00
001582r 1  91 rr        	sta     (sp),y
001584r 1  AD rr rr     	lda     _damage_right
001587r 1  38           	sec
001588r 1  ED rr rr     	sbc     _damage_left
00158Br 1  48           	pha
00158Cr 1  AD rr rr     	lda     _damage_right+1
00158Fr 1  ED rr rr     	sbc     _damage_left+1
001592r 1  AA           	tax
001593r 1  68           	pla
001594r 1  A0 02        	ldy     #$02
001596r 1  91 rr        	sta     (sp),y
001598r 1  C8           	iny
001599r 1  8A           	txa
00159Ar 1  91 rr        	sta     (sp),y
00159Cr 1  AD rr rr     	lda     _damage_bottom
00159Fr 1  38           	sec
0015A0r 1  ED rr rr     	sbc     _damage_top
0015A3r 1  A0 00        	ldy     #$00
0015A5r 1  91 rr        	sta     (sp),y
0015A7r 1  C8           	iny
0015A8r 1  A9 00        	lda     #$00
0015AAr 1  91 rr        	sta     (sp),y
0015ACr 1  A9 07        	lda     #$07
0015AEr 1  20 rr rr     	jsr     _udeks_vic_bitmap_fill
0015B1r 1  A9 01        	lda     #$01
0015B3r 1  A8           	tay
0015B4r 1  91 rr        L06DF:	sta     (sp),y
0015B6r 1  C8           	iny
0015B7r 1  B1 rr        	lda     (sp),y
0015B9r 1  C9 FF        	cmp     #$FF
0015BBr 1  F0 5B        	beq     L02A8
0015BDr 1  88           	dey
0015BEr 1  B1 rr        	lda     (sp),y
0015C0r 1  38           	sec
0015C1r 1  ED rr rr     	sbc     _active_count
0015C4r 1  90 02        	bcc     L06E9
0015C6r 1  D0 50        	bne     L02A8
0015C8r 1  A9 00        L06E9:	lda     #$00
0015CAr 1  88           	dey
0015CBr 1  91 rr        L06DE:	sta     (sp),y
0015CDr 1  C9 04        	cmp     #$04
0015CFr 1  B0 3E        	bcs     L02A9
0015D1r 1  B1 rr        	lda     (sp),y
0015D3r 1  20 rr rr     	jsr     pusha0
0015D6r 1  A9 0E        	lda     #$0E
0015D8r 1  20 rr rr     	jsr     tosmula0
0015DBr 1  18           	clc
0015DCr 1  69 rr        	adc     #<(_windows)
0015DEr 1  85 rr        	sta     ptr1
0015E0r 1  8A           	txa
0015E1r 1  69 rr        	adc     #>(_windows)
0015E3r 1  85 rr        	sta     ptr1+1
0015E5r 1  A0 07        	ldy     #$07
0015E7r 1  A2 00        	ldx     #$00
0015E9r 1  B1 rr        	lda     (ptr1),y
0015EBr 1  A0 01        	ldy     #$01
0015EDr 1  D1 rr        	cmp     (sp),y
0015EFr 1  D0 15        	bne     L02B3
0015F1r 1  A1 rr        	lda     (sp,x)
0015F3r 1  18           	clc
0015F4r 1  69 01        	adc     #$01
0015F6r 1  C8           	iny
0015F7r 1  D1 rr        	cmp     (sp),y
0015F9r 1  F0 14        	beq     L02A9
0015FBr 1  A1 rr        	lda     (sp,x)
0015FDr 1  18           	clc
0015FEr 1  69 01        	adc     #$01
001600r 1  20 rr rr     	jsr     _paint_window_damage
001603r 1  4C rr rr     	jmp     L02A9
001606r 1  88           L02B3:	dey
001607r 1  18           	clc
001608r 1  A9 01        	lda     #$01
00160Ar 1  71 rr        	adc     (sp),y
00160Cr 1  4C rr rr     	jmp     L06DE
00160Fr 1  A0 01        L02A9:	ldy     #$01
001611r 1  18           	clc
001612r 1  98           	tya
001613r 1  71 rr        	adc     (sp),y
001615r 1  4C rr rr     	jmp     L06DF
001618r 1  20 rr rr     L02A8:	jsr     _udeks_vic_bitmap_reset_clip
00161Br 1  20 rr rr     	jsr     _udeks_vic_bitmap_commit
00161Er 1  A9 02        	lda     #$02
001620r 1  20 rr rr     	jsr     _udeks_vic_pointer_busy_end
001623r 1  A9 1E        	lda     #$1E
001625r 1  20 rr rr     	jsr     _increment_counter
001628r 1  4C rr rr     	jmp     incsp3
00162Br 1               
00162Br 1               .endproc
00162Br 1               
00162Br 1               ; ---------------------------------------------------------------
00162Br 1               ; void __near__ cache_paint_image (unsigned char)
00162Br 1               ; ---------------------------------------------------------------
00162Br 1               
00162Br 1               .segment	"CODE"
00162Br 1               
00162Br 1               .proc	_cache_paint_image: near
00162Br 1               
00162Br 1               .segment	"CODE"
00162Br 1               
00162Br 1  20 rr rr     	jsr     pusha
00162Er 1  A5 rr        	lda     regbank+4
001630r 1  A6 rr        	ldx     regbank+5
001632r 1  20 rr rr     	jsr     pushax
001635r 1  A0 02        	ldy     #$02
001637r 1  B1 rr        	lda     (sp),y
001639r 1  20 rr rr     	jsr     _window_by_handle
00163Cr 1  85 rr        	sta     regbank+4
00163Er 1  86 rr        	stx     regbank+4+1
001640r 1  20 rr rr     	jsr     decsp1
001643r 1  AD rr rr     	lda     _cache_phase
001646r 1  09 80        	ora     #$80
001648r 1  8D rr rr     	sta     _cache_phase
00164Br 1  AD rr rr     	lda     _drag_mode
00164Er 1  09 80        	ora     #$80
001650r 1  8D rr rr     	sta     _drag_mode
001653r 1  A0 03        	ldy     #$03
001655r 1  B1 rr        	lda     (sp),y
001657r 1  20 rr rr     	jsr     _compose_damage
00165Ar 1  A9 00        	lda     #$00
00165Cr 1  8D rr rr     	sta     _drag_mode
00165Fr 1  20 rr rr     	jsr     decsp5
001662r 1  A0 02        	ldy     #$02
001664r 1  B1 rr        	lda     (regbank+4),y
001666r 1  AA           	tax
001667r 1  88           	dey
001668r 1  B1 rr        	lda     (regbank+4),y
00166Ar 1  A0 03        	ldy     #$03
00166Cr 1  91 rr        	sta     (sp),y
00166Er 1  C8           	iny
00166Fr 1  8A           	txa
001670r 1  91 rr        	sta     (sp),y
001672r 1  88           	dey
001673r 1  B1 rr        	lda     (regbank+4),y
001675r 1  88           	dey
001676r 1  91 rr        	sta     (sp),y
001678r 1  A0 05        	ldy     #$05
00167Ar 1  B1 rr        	lda     (regbank+4),y
00167Cr 1  AA           	tax
00167Dr 1  88           	dey
00167Er 1  B1 rr        	lda     (regbank+4),y
001680r 1  A0 00        	ldy     #$00
001682r 1  91 rr        	sta     (sp),y
001684r 1  C8           	iny
001685r 1  8A           	txa
001686r 1  91 rr        	sta     (sp),y
001688r 1  A0 06        	ldy     #$06
00168Ar 1  B1 rr        	lda     (regbank+4),y
00168Cr 1  20 rr rr     	jsr     _set_damage_intersection
00168Fr 1  A0 00        	ldy     #$00
001691r 1  91 rr        	sta     (sp),y
001693r 1  20 rr rr     	jsr     _udeks_vic_bitmap_reset_clip
001696r 1  A0 00        	ldy     #$00
001698r 1  B1 rr        	lda     (sp),y
00169Ar 1  D0 08        	bne     L02DC
00169Cr 1  A9 02        	lda     #$02
00169Er 1  8D rr rr     	sta     _cache_phase
0016A1r 1  4C rr rr     	jmp     L02E1
0016A4r 1  A0 03        L02DC:	ldy     #$03
0016A6r 1  B1 rr        	lda     (sp),y
0016A8r 1  20 rr rr     	jsr     pusha
0016ABr 1  A9 06        	lda     #$06
0016ADr 1  20 rr rr     	jsr     _cache_request
0016B0r 1  C9 00        	cmp     #$00
0016B2r 1  F0 05        	beq     L02E1
0016B4r 1  A9 00        	lda     #$00
0016B6r 1  20 rr rr     	jsr     _compose_damage
0016B9r 1  A0 01        L02E1:	ldy     #$01
0016BBr 1  B1 rr        	lda     (sp),y
0016BDr 1  85 rr        	sta     regbank+4
0016BFr 1  C8           	iny
0016C0r 1  B1 rr        	lda     (sp),y
0016C2r 1  85 rr        	sta     regbank+5
0016C4r 1  4C rr rr     	jmp     incsp4
0016C7r 1               
0016C7r 1               .endproc
0016C7r 1               
0016C7r 1               ; ---------------------------------------------------------------
0016C7r 1               ; unsigned char __near__ top_window (void)
0016C7r 1               ; ---------------------------------------------------------------
0016C7r 1               
0016C7r 1               .segment	"CODE"
0016C7r 1               
0016C7r 1               .proc	_top_window: near
0016C7r 1               
0016C7r 1               .segment	"CODE"
0016C7r 1               
0016C7r 1  20 rr rr     	jsr     decsp1
0016CAr 1  A9 00        	lda     #$00
0016CCr 1  A8           	tay
0016CDr 1  91 rr        L06EC:	sta     (sp),y
0016CFr 1  A2 00        	ldx     #$00
0016D1r 1  B1 rr        	lda     (sp),y
0016D3r 1  C9 04        	cmp     #$04
0016D5r 1  B0 4D        	bcs     L06F0
0016D7r 1  20 rr rr     	jsr     pusha0
0016DAr 1  A9 0E        	lda     #$0E
0016DCr 1  20 rr rr     	jsr     tosmula0
0016DFr 1  18           	clc
0016E0r 1  69 rr        	adc     #<(_windows)
0016E2r 1  85 rr        	sta     ptr1
0016E4r 1  8A           	txa
0016E5r 1  69 rr        	adc     #>(_windows)
0016E7r 1  85 rr        	sta     ptr1+1
0016E9r 1  A0 07        	ldy     #$07
0016EBr 1  B1 rr        	lda     (ptr1),y
0016EDr 1  F0 2B        	beq     L02EA
0016EFr 1  A2 00        	ldx     #$00
0016F1r 1  A1 rr        	lda     (sp,x)
0016F3r 1  20 rr rr     	jsr     pusha0
0016F6r 1  A9 0E        	lda     #$0E
0016F8r 1  20 rr rr     	jsr     tosmula0
0016FBr 1  18           	clc
0016FCr 1  69 rr        	adc     #<(_windows)
0016FEr 1  85 rr        	sta     ptr1
001700r 1  8A           	txa
001701r 1  69 rr        	adc     #>(_windows)
001703r 1  85 rr        	sta     ptr1+1
001705r 1  A0 07        	ldy     #$07
001707r 1  B1 rr        	lda     (ptr1),y
001709r 1  CD rr rr     	cmp     _active_count
00170Cr 1  D0 0C        	bne     L02EA
00170Er 1  A0 00        	ldy     #$00
001710r 1  B1 rr        	lda     (sp),y
001712r 1  18           	clc
001713r 1  69 01        	adc     #$01
001715r 1  A2 00        	ldx     #$00
001717r 1  4C rr rr     	jmp     incsp1
00171Ar 1  A0 00        L02EA:	ldy     #$00
00171Cr 1  18           	clc
00171Dr 1  A9 01        	lda     #$01
00171Fr 1  71 rr        	adc     (sp),y
001721r 1  4C rr rr     	jmp     L06EC
001724r 1  8A           L06F0:	txa
001725r 1  4C rr rr     	jmp     incsp1
001728r 1               
001728r 1               .endproc
001728r 1               
001728r 1               ; ---------------------------------------------------------------
001728r 1               ; unsigned char __near__ raise_window (unsigned char)
001728r 1               ; ---------------------------------------------------------------
001728r 1               
001728r 1               .segment	"CODE"
001728r 1               
001728r 1               .proc	_raise_window: near
001728r 1               
001728r 1               .segment	"CODE"
001728r 1               
001728r 1  20 rr rr     	jsr     pusha
00172Br 1  20 rr rr     	jsr     decsp2
00172Er 1  A5 rr        	lda     regbank+4
001730r 1  A6 rr        	ldx     regbank+5
001732r 1  20 rr rr     	jsr     pushax
001735r 1  A0 04        	ldy     #$04
001737r 1  B1 rr        	lda     (sp),y
001739r 1  20 rr rr     	jsr     _window_by_handle
00173Cr 1  85 rr        	sta     regbank+4
00173Er 1  86 rr        	stx     regbank+4+1
001740r 1  E0 00        	cpx     #$00
001742r 1  D0 04        	bne     L06F6
001744r 1  C9 00        	cmp     #$00
001746r 1  F0 72        	beq     L02FA
001748r 1  A0 07        L06F6:	ldy     #$07
00174Ar 1  B1 rr        	lda     (regbank+4),y
00174Cr 1  CD rr rr     	cmp     _active_count
00174Fr 1  D0 06        	bne     L06F5
001751r 1  A2 00        	ldx     #$00
001753r 1  8A           	txa
001754r 1  4C rr rr     	jmp     L02FA
001757r 1  B1 rr        L06F5:	lda     (regbank+4),y
001759r 1  A0 02        	ldy     #$02
00175Br 1  91 rr        	sta     (sp),y
00175Dr 1  A9 00        	lda     #$00
00175Fr 1  C8           	iny
001760r 1  91 rr        L06F2:	sta     (sp),y
001762r 1  C9 04        	cmp     #$04
001764r 1  B0 49        	bcs     L0306
001766r 1  B1 rr        	lda     (sp),y
001768r 1  20 rr rr     	jsr     pusha0
00176Br 1  A9 0E        	lda     #$0E
00176Dr 1  20 rr rr     	jsr     tosmula0
001770r 1  18           	clc
001771r 1  69 rr        	adc     #<(_windows)
001773r 1  85 rr        	sta     ptr1
001775r 1  8A           	txa
001776r 1  69 rr        	adc     #>(_windows)
001778r 1  85 rr        	sta     ptr1+1
00177Ar 1  A0 07        	ldy     #$07
00177Cr 1  B1 rr        	lda     (ptr1),y
00177Er 1  38           	sec
00177Fr 1  A0 02        	ldy     #$02
001781r 1  F1 rr        	sbc     (sp),y
001783r 1  90 20        	bcc     L0307
001785r 1  F0 1E        	beq     L0307
001787r 1  C8           	iny
001788r 1  B1 rr        	lda     (sp),y
00178Ar 1  20 rr rr     	jsr     pusha0
00178Dr 1  A9 0E        	lda     #$0E
00178Fr 1  20 rr rr     	jsr     tosmula0
001792r 1  18           	clc
001793r 1  69 rr        	adc     #<(_windows)
001795r 1  85 rr        	sta     ptr1
001797r 1  8A           	txa
001798r 1  69 rr        	adc     #>(_windows)
00179Ar 1  85 rr        	sta     ptr1+1
00179Cr 1  A0 07        	ldy     #$07
00179Er 1  B1 rr        	lda     (ptr1),y
0017A0r 1  38           	sec
0017A1r 1  E9 01        	sbc     #$01
0017A3r 1  91 rr        	sta     (ptr1),y
0017A5r 1  A0 03        L0307:	ldy     #$03
0017A7r 1  18           	clc
0017A8r 1  A9 01        	lda     #$01
0017AAr 1  71 rr        	adc     (sp),y
0017ACr 1  4C rr rr     	jmp     L06F2
0017AFr 1  AD rr rr     L0306:	lda     _active_count
0017B2r 1  A0 07        	ldy     #$07
0017B4r 1  91 rr        	sta     (regbank+4),y
0017B6r 1  A2 00        	ldx     #$00
0017B8r 1  A9 01        	lda     #$01
0017BAr 1  48           L02FA:	pha
0017BBr 1  A1 rr        	lda     (sp,x)
0017BDr 1  85 rr        	sta     regbank+4
0017BFr 1  A0 01        	ldy     #$01
0017C1r 1  B1 rr        	lda     (sp),y
0017C3r 1  85 rr        	sta     regbank+5
0017C5r 1  68           	pla
0017C6r 1  4C rr rr     	jmp     incsp5
0017C9r 1               
0017C9r 1               .endproc
0017C9r 1               
0017C9r 1               ; ---------------------------------------------------------------
0017C9r 1               ; unsigned char __near__ top_window_at (unsigned int, unsigned char)
0017C9r 1               ; ---------------------------------------------------------------
0017C9r 1               
0017C9r 1               .segment	"CODE"
0017C9r 1               
0017C9r 1               .proc	_top_window_at: near
0017C9r 1               
0017C9r 1               .segment	"CODE"
0017C9r 1               
0017C9r 1  20 rr rr     	jsr     pusha
0017CCr 1  20 rr rr     	jsr     decsp3
0017CFr 1  A9 00        	lda     #$00
0017D1r 1  A0 01        	ldy     #$01
0017D3r 1  91 rr        	sta     (sp),y
0017D5r 1  88           	dey
0017D6r 1  91 rr        	sta     (sp),y
0017D8r 1  A0 02        	ldy     #$02
0017DAr 1  91 rr        L06F9:	sta     (sp),y
0017DCr 1  C9 04        	cmp     #$04
0017DEr 1  90 03 4C rr  	jcs     L031B
0017E2r 1  rr           
0017E3r 1  B1 rr        	lda     (sp),y
0017E5r 1  20 rr rr     	jsr     pusha0
0017E8r 1  A9 0E        	lda     #$0E
0017EAr 1  20 rr rr     	jsr     tosmula0
0017EDr 1  18           	clc
0017EEr 1  69 rr        	adc     #<(_windows)
0017F0r 1  85 rr        	sta     ptr1
0017F2r 1  8A           	txa
0017F3r 1  69 rr        	adc     #>(_windows)
0017F5r 1  85 rr        	sta     ptr1+1
0017F7r 1  A0 07        	ldy     #$07
0017F9r 1  B1 rr        	lda     (ptr1),y
0017FBr 1  D0 03 4C rr  	jeq     L031C
0017FFr 1  rr           
001800r 1  A0 02        	ldy     #$02
001802r 1  B1 rr        	lda     (sp),y
001804r 1  20 rr rr     	jsr     pusha0
001807r 1  A9 0E        	lda     #$0E
001809r 1  20 rr rr     	jsr     tosmula0
00180Cr 1  85 rr        	sta     ptr1
00180Er 1  8A           	txa
00180Fr 1  18           	clc
001810r 1  69 rr        	adc     #>(_windows)
001812r 1  85 rr        	sta     ptr1+1
001814r 1  A0 rr        	ldy     #<(_windows)
001816r 1  B1 rr        	lda     (ptr1),y
001818r 1  29 01        	and     #$01
00181Ar 1  D0 03 4C rr  	jeq     L031C
00181Er 1  rr           
00181Fr 1  20 rr rr     	jsr     decsp3
001822r 1  A0 08        	ldy     #$08
001824r 1  B1 rr        	lda     (sp),y
001826r 1  AA           	tax
001827r 1  88           	dey
001828r 1  B1 rr        	lda     (sp),y
00182Ar 1  A0 01        	ldy     #$01
00182Cr 1  91 rr        	sta     (sp),y
00182Er 1  C8           	iny
00182Fr 1  8A           	txa
001830r 1  91 rr        	sta     (sp),y
001832r 1  A0 06        	ldy     #$06
001834r 1  B1 rr        	lda     (sp),y
001836r 1  A0 00        	ldy     #$00
001838r 1  91 rr        	sta     (sp),y
00183Ar 1  A0 05        	ldy     #$05
00183Cr 1  B1 rr        	lda     (sp),y
00183Er 1  20 rr rr     	jsr     pusha0
001841r 1  A9 0E        	lda     #$0E
001843r 1  20 rr rr     	jsr     tosmula0
001846r 1  18           	clc
001847r 1  69 rr        	adc     #<(_windows)
001849r 1  A8           	tay
00184Ar 1  8A           	txa
00184Br 1  69 rr        	adc     #>(_windows)
00184Dr 1  AA           	tax
00184Er 1  98           	tya
00184Fr 1  20 rr rr     	jsr     _point_inside
001852r 1  C9 00        	cmp     #$00
001854r 1  F0 4C        	beq     L031C
001856r 1  A0 01        	ldy     #$01
001858r 1  B1 rr        	lda     (sp),y
00185Ar 1  F0 1F        	beq     L06FE
00185Cr 1  C8           	iny
00185Dr 1  B1 rr        	lda     (sp),y
00185Fr 1  20 rr rr     	jsr     pusha0
001862r 1  A9 0E        	lda     #$0E
001864r 1  20 rr rr     	jsr     tosmula0
001867r 1  18           	clc
001868r 1  69 rr        	adc     #<(_windows)
00186Ar 1  85 rr        	sta     ptr1
00186Cr 1  8A           	txa
00186Dr 1  69 rr        	adc     #>(_windows)
00186Fr 1  85 rr        	sta     ptr1+1
001871r 1  A0 07        	ldy     #$07
001873r 1  B1 rr        	lda     (ptr1),y
001875r 1  A0 00        	ldy     #$00
001877r 1  D1 rr        	cmp     (sp),y
001879r 1  90 27        	bcc     L031C
00187Br 1  A0 02        L06FE:	ldy     #$02
00187Dr 1  B1 rr        	lda     (sp),y
00187Fr 1  18           	clc
001880r 1  69 01        	adc     #$01
001882r 1  88           	dey
001883r 1  91 rr        	sta     (sp),y
001885r 1  C8           	iny
001886r 1  B1 rr        	lda     (sp),y
001888r 1  20 rr rr     	jsr     pusha0
00188Br 1  A9 0E        	lda     #$0E
00188Dr 1  20 rr rr     	jsr     tosmula0
001890r 1  18           	clc
001891r 1  69 rr        	adc     #<(_windows)
001893r 1  85 rr        	sta     ptr1
001895r 1  8A           	txa
001896r 1  69 rr        	adc     #>(_windows)
001898r 1  85 rr        	sta     ptr1+1
00189Ar 1  A0 07        	ldy     #$07
00189Cr 1  B1 rr        	lda     (ptr1),y
00189Er 1  A0 00        	ldy     #$00
0018A0r 1  91 rr        	sta     (sp),y
0018A2r 1  A0 02        L031C:	ldy     #$02
0018A4r 1  18           	clc
0018A5r 1  A9 01        	lda     #$01
0018A7r 1  71 rr        	adc     (sp),y
0018A9r 1  4C rr rr     	jmp     L06F9
0018ACr 1  88           L031B:	dey
0018ADr 1  A2 00        	ldx     #$00
0018AFr 1  B1 rr        	lda     (sp),y
0018B1r 1  4C rr rr     	jmp     incsp6
0018B4r 1               
0018B4r 1               .endproc
0018B4r 1               
0018B4r 1               ; ---------------------------------------------------------------
0018B4r 1               ; unsigned char __near__ close_hit (unsigned int, unsigned char, register __near__ const struct udeks_window *)
0018B4r 1               ; ---------------------------------------------------------------
0018B4r 1               
0018B4r 1               .segment	"CODE"
0018B4r 1               
0018B4r 1               .proc	_close_hit: near
0018B4r 1               
0018B4r 1               .segment	"CODE"
0018B4r 1               
0018B4r 1  20 rr rr     	jsr     pushax
0018B7r 1  A0 00        	ldy     #$00
0018B9r 1  A2 04        	ldx     #$04
0018BBr 1  20 rr rr     	jsr     regswap2
0018BEr 1  20 rr rr     	jsr     decsp2
0018C1r 1  A0 00        	ldy     #$00
0018C3r 1  B1 rr        	lda     (regbank+4),y
0018C5r 1  29 04        	and     #$04
0018C7r 1  D0 03 4C rr  	jeq     L0701
0018CBr 1  rr           
0018CCr 1  A0 02        	ldy     #$02
0018CEr 1  B1 rr        	lda     (regbank+4),y
0018D0r 1  AA           	tax
0018D1r 1  88           	dey
0018D2r 1  B1 rr        	lda     (regbank+4),y
0018D4r 1  20 rr rr     	jsr     pushax
0018D7r 1  A0 05        	ldy     #$05
0018D9r 1  B1 rr        	lda     (regbank+4),y
0018DBr 1  AA           	tax
0018DCr 1  88           	dey
0018DDr 1  B1 rr        	lda     (regbank+4),y
0018DFr 1  20 rr rr     	jsr     tosaddax
0018E2r 1  38           	sec
0018E3r 1  E9 0C        	sbc     #$0C
0018E5r 1  B0 01        	bcs     L0341
0018E7r 1  CA           	dex
0018E8r 1  20 rr rr     L0341:	jsr     stax0sp
0018EBr 1  A0 06        	ldy     #$06
0018EDr 1  B1 rr        	lda     (sp),y
0018EFr 1  AA           	tax
0018F0r 1  88           	dey
0018F1r 1  B1 rr        	lda     (sp),y
0018F3r 1  A0 00        	ldy     #$00
0018F5r 1  D1 rr        	cmp     (sp),y
0018F7r 1  8A           	txa
0018F8r 1  C8           	iny
0018F9r 1  F1 rr        	sbc     (sp),y
0018FBr 1  A9 00        	lda     #$00
0018FDr 1  AA           	tax
0018FEr 1  90 50        	bcc     L0339
001900r 1  A0 08        	ldy     #$08
001902r 1  20 rr rr     	jsr     pushwysp
001905r 1  A0 03        	ldy     #$03
001907r 1  B1 rr        	lda     (sp),y
001909r 1  AA           	tax
00190Ar 1  88           	dey
00190Br 1  B1 rr        	lda     (sp),y
00190Dr 1  18           	clc
00190Er 1  69 08        	adc     #$08
001910r 1  90 01        	bcc     L0344
001912r 1  E8           	inx
001913r 1  20 rr rr     L0344:	jsr     tosicmp
001916r 1  B0 2E        	bcs     L0343
001918r 1  A0 04        	ldy     #$04
00191Ar 1  B1 rr        	lda     (sp),y
00191Cr 1  20 rr rr     	jsr     pusha0
00191Fr 1  A0 03        	ldy     #$03
001921r 1  B1 rr        	lda     (regbank+4),y
001923r 1  18           	clc
001924r 1  69 03        	adc     #$03
001926r 1  90 02        	bcc     L0345
001928r 1  A2 01        	ldx     #$01
00192Ar 1  20 rr rr     L0345:	jsr     tosicmp
00192Dr 1  90 17        	bcc     L0343
00192Fr 1  A0 04        	ldy     #$04
001931r 1  B1 rr        	lda     (sp),y
001933r 1  20 rr rr     	jsr     pusha0
001936r 1  A0 03        	ldy     #$03
001938r 1  B1 rr        	lda     (regbank+4),y
00193Ar 1  18           	clc
00193Br 1  69 0B        	adc     #$0B
00193Dr 1  90 02        	bcc     L0346
00193Fr 1  A2 01        	ldx     #$01
001941r 1  20 rr rr     L0346:	jsr     tosicmp
001944r 1  90 06        	bcc     L0342
001946r 1  A2 00        L0343:	ldx     #$00
001948r 1  8A           	txa
001949r 1  4C rr rr     	jmp     L0339
00194Cr 1  A9 01        L0342:	lda     #$01
00194Er 1  A2 00        L0701:	ldx     #$00
001950r 1  48           L0339:	pha
001951r 1  A0 02        	ldy     #$02
001953r 1  B1 rr        	lda     (sp),y
001955r 1  85 rr        	sta     regbank+4
001957r 1  C8           	iny
001958r 1  B1 rr        	lda     (sp),y
00195Ar 1  85 rr        	sta     regbank+5
00195Cr 1  68           	pla
00195Dr 1  4C rr rr     	jmp     incsp7
001960r 1               
001960r 1               .endproc
001960r 1               
001960r 1               ; ---------------------------------------------------------------
001960r 1               ; unsigned char __near__ title_hit (unsigned int, unsigned char, register __near__ const struct udeks_window *)
001960r 1               ; ---------------------------------------------------------------
001960r 1               
001960r 1               .segment	"CODE"
001960r 1               
001960r 1               .proc	_title_hit: near
001960r 1               
001960r 1               .segment	"CODE"
001960r 1               
001960r 1  20 rr rr     	jsr     pushax
001963r 1  A0 00        	ldy     #$00
001965r 1  A2 04        	ldx     #$04
001967r 1  20 rr rr     	jsr     regswap2
00196Ar 1  A0 00        	ldy     #$00
00196Cr 1  B1 rr        	lda     (regbank+4),y
00196Er 1  A2 00        	ldx     #$00
001970r 1  29 02        	and     #$02
001972r 1  F0 63        	beq     L0704
001974r 1  A0 06        	ldy     #$06
001976r 1  20 rr rr     	jsr     pushwysp
001979r 1  A0 02        	ldy     #$02
00197Br 1  B1 rr        	lda     (regbank+4),y
00197Dr 1  AA           	tax
00197Er 1  88           	dey
00197Fr 1  B1 rr        	lda     (regbank+4),y
001981r 1  20 rr rr     	jsr     tosicmp
001984r 1  90 47        	bcc     L034C
001986r 1  A0 06        	ldy     #$06
001988r 1  20 rr rr     	jsr     pushwysp
00198Br 1  A0 02        	ldy     #$02
00198Dr 1  B1 rr        	lda     (regbank+4),y
00198Fr 1  AA           	tax
001990r 1  88           	dey
001991r 1  B1 rr        	lda     (regbank+4),y
001993r 1  20 rr rr     	jsr     pushax
001996r 1  A0 05        	ldy     #$05
001998r 1  B1 rr        	lda     (regbank+4),y
00199Ar 1  AA           	tax
00199Br 1  88           	dey
00199Cr 1  B1 rr        	lda     (regbank+4),y
00199Er 1  20 rr rr     	jsr     tosaddax
0019A1r 1  20 rr rr     	jsr     tosicmp
0019A4r 1  B0 27        	bcs     L034C
0019A6r 1  A0 02        	ldy     #$02
0019A8r 1  B1 rr        	lda     (sp),y
0019AAr 1  20 rr rr     	jsr     pusha0
0019ADr 1  A0 03        	ldy     #$03
0019AFr 1  B1 rr        	lda     (regbank+4),y
0019B1r 1  20 rr rr     	jsr     tosicmp0
0019B4r 1  90 17        	bcc     L034C
0019B6r 1  A0 02        	ldy     #$02
0019B8r 1  B1 rr        	lda     (sp),y
0019BAr 1  20 rr rr     	jsr     pusha0
0019BDr 1  A0 03        	ldy     #$03
0019BFr 1  B1 rr        	lda     (regbank+4),y
0019C1r 1  18           	clc
0019C2r 1  69 0D        	adc     #$0D
0019C4r 1  90 02        	bcc     L034D
0019C6r 1  A2 01        	ldx     #$01
0019C8r 1  20 rr rr     L034D:	jsr     tosicmp
0019CBr 1  90 06        	bcc     L0349
0019CDr 1  A2 00        L034C:	ldx     #$00
0019CFr 1  8A           	txa
0019D0r 1  4C rr rr     	jmp     L0704
0019D3r 1  A9 01        L0349:	lda     #$01
0019D5r 1  A2 00        	ldx     #$00
0019D7r 1  48           L0704:	pha
0019D8r 1  A1 rr        	lda     (sp,x)
0019DAr 1  85 rr        	sta     regbank+4
0019DCr 1  A0 01        	ldy     #$01
0019DEr 1  B1 rr        	lda     (sp),y
0019E0r 1  85 rr        	sta     regbank+5
0019E2r 1  68           	pla
0019E3r 1  4C rr rr     	jmp     incsp5
0019E6r 1               
0019E6r 1               .endproc
0019E6r 1               
0019E6r 1               ; ---------------------------------------------------------------
0019E6r 1               ; unsigned char __near__ resize_hit (unsigned int, unsigned char, register __near__ const struct udeks_window *)
0019E6r 1               ; ---------------------------------------------------------------
0019E6r 1               
0019E6r 1               .segment	"CODE"
0019E6r 1               
0019E6r 1               .proc	_resize_hit: near
0019E6r 1               
0019E6r 1               .segment	"CODE"
0019E6r 1               
0019E6r 1  20 rr rr     	jsr     pushax
0019E9r 1  A0 00        	ldy     #$00
0019EBr 1  A2 04        	ldx     #$04
0019EDr 1  20 rr rr     	jsr     regswap2
0019F0r 1  A0 00        	ldy     #$00
0019F2r 1  B1 rr        	lda     (regbank+4),y
0019F4r 1  A2 00        	ldx     #$00
0019F6r 1  29 08        	and     #$08
0019F8r 1  F0 52        	beq     L0708
0019FAr 1  A0 06        	ldy     #$06
0019FCr 1  20 rr rr     	jsr     pushwysp
0019FFr 1  A0 02        	ldy     #$02
001A01r 1  B1 rr        	lda     (regbank+4),y
001A03r 1  AA           	tax
001A04r 1  88           	dey
001A05r 1  B1 rr        	lda     (regbank+4),y
001A07r 1  20 rr rr     	jsr     pushax
001A0Ar 1  A0 05        	ldy     #$05
001A0Cr 1  B1 rr        	lda     (regbank+4),y
001A0Er 1  AA           	tax
001A0Fr 1  88           	dey
001A10r 1  B1 rr        	lda     (regbank+4),y
001A12r 1  20 rr rr     	jsr     tosaddax
001A15r 1  38           	sec
001A16r 1  E9 0A        	sbc     #$0A
001A18r 1  B0 01        	bcs     L0354
001A1Ar 1  CA           	dex
001A1Br 1  20 rr rr     L0354:	jsr     tosicmp
001A1Er 1  90 22        	bcc     L0353
001A20r 1  A0 02        	ldy     #$02
001A22r 1  B1 rr        	lda     (sp),y
001A24r 1  20 rr rr     	jsr     pusha0
001A27r 1  A0 03        	ldy     #$03
001A29r 1  B1 rr        	lda     (regbank+4),y
001A2Br 1  85 rr        	sta     ptr1
001A2Dr 1  A0 06        	ldy     #$06
001A2Fr 1  B1 rr        	lda     (regbank+4),y
001A31r 1  18           	clc
001A32r 1  65 rr        	adc     ptr1
001A34r 1  90 01        	bcc     L0705
001A36r 1  E8           	inx
001A37r 1  38           L0705:	sec
001A38r 1  E9 0A        	sbc     #$0A
001A3Ar 1  B0 01        	bcs     L0355
001A3Cr 1  CA           	dex
001A3Dr 1  20 rr rr     L0355:	jsr     tosicmp
001A40r 1  B0 06        	bcs     L0350
001A42r 1  A2 00        L0353:	ldx     #$00
001A44r 1  8A           	txa
001A45r 1  4C rr rr     	jmp     L0708
001A48r 1  A9 01        L0350:	lda     #$01
001A4Ar 1  A2 00        	ldx     #$00
001A4Cr 1  48           L0708:	pha
001A4Dr 1  A1 rr        	lda     (sp,x)
001A4Fr 1  85 rr        	sta     regbank+4
001A51r 1  A0 01        	ldy     #$01
001A53r 1  B1 rr        	lda     (sp),y
001A55r 1  85 rr        	sta     regbank+5
001A57r 1  68           	pla
001A58r 1  4C rr rr     	jmp     incsp5
001A5Br 1               
001A5Br 1               .endproc
001A5Br 1               
001A5Br 1               ; ---------------------------------------------------------------
001A5Br 1               ; void __near__ begin_drag (unsigned char, unsigned int, unsigned char, unsigned char)
001A5Br 1               ; ---------------------------------------------------------------
001A5Br 1               
001A5Br 1               .segment	"CODE"
001A5Br 1               
001A5Br 1               .proc	_begin_drag: near
001A5Br 1               
001A5Br 1               .segment	"CODE"
001A5Br 1               
001A5Br 1  20 rr rr     	jsr     pusha
001A5Er 1  A5 rr        	lda     regbank+4
001A60r 1  A6 rr        	ldx     regbank+5
001A62r 1  20 rr rr     	jsr     pushax
001A65r 1  A0 06        	ldy     #$06
001A67r 1  B1 rr        	lda     (sp),y
001A69r 1  20 rr rr     	jsr     _window_by_handle
001A6Cr 1  85 rr        	sta     regbank+4
001A6Er 1  86 rr        	stx     regbank+4+1
001A70r 1  E0 00        	cpx     #$00
001A72r 1  D0 07        	bne     L070C
001A74r 1  C9 00        	cmp     #$00
001A76r 1  D0 03 4C rr  	jeq     L0357
001A7Ar 1  rr           
001A7Br 1  A0 06        L070C:	ldy     #$06
001A7Dr 1  B1 rr        	lda     (sp),y
001A7Fr 1  8D rr rr     	sta     _dragging_handle
001A82r 1  A0 02        	ldy     #$02
001A84r 1  B1 rr        	lda     (sp),y
001A86r 1  8D rr rr     	sta     _drag_mode
001A89r 1  B1 rr        	lda     (sp),y
001A8Br 1  C9 01        	cmp     #$01
001A8Dr 1  D0 1B        	bne     L0362
001A8Fr 1  AD rr rr     	lda     _cache_phase
001A92r 1  C9 02        	cmp     #$02
001A94r 1  D0 14        	bne     L0362
001A96r 1  A0 06        	ldy     #$06
001A98r 1  B1 rr        	lda     (sp),y
001A9Ar 1  CD rr rr     	cmp     _cache_owner
001A9Dr 1  D0 0B        	bne     L0362
001A9Fr 1  AD rr rr     	lda     _drag_mode
001AA2r 1  09 80        	ora     #$80
001AA4r 1  8D rr rr     	sta     _drag_mode
001AA7r 1  4C rr rr     	jmp     L0368
001AAAr 1  20 rr rr     L0362:	jsr     _cache_invalidate
001AADr 1  A0 07        L0368:	ldy     #$07
001AAFr 1  20 rr rr     	jsr     pushwysp
001AB2r 1  A0 02        	ldy     #$02
001AB4r 1  B1 rr        	lda     (regbank+4),y
001AB6r 1  AA           	tax
001AB7r 1  88           	dey
001AB8r 1  B1 rr        	lda     (regbank+4),y
001ABAr 1  20 rr rr     	jsr     tossubax
001ABDr 1  8D rr rr     	sta     _drag_pointer_x
001AC0r 1  8E rr rr     	stx     _drag_pointer_x+1
001AC3r 1  A0 03        	ldy     #$03
001AC5r 1  B1 rr        	lda     (sp),y
001AC7r 1  20 rr rr     	jsr     pusha0
001ACAr 1  A0 03        	ldy     #$03
001ACCr 1  B1 rr        	lda     (regbank+4),y
001ACEr 1  20 rr rr     	jsr     tossuba0
001AD1r 1  8D rr rr     	sta     _drag_pointer_y
001AD4r 1  A0 02        	ldy     #$02
001AD6r 1  B1 rr        	lda     (regbank+4),y
001AD8r 1  8D rr rr     	sta     _drag_x+1
001ADBr 1  88           	dey
001ADCr 1  B1 rr        	lda     (regbank+4),y
001ADEr 1  8D rr rr     	sta     _drag_x
001AE1r 1  A0 03        	ldy     #$03
001AE3r 1  B1 rr        	lda     (regbank+4),y
001AE5r 1  8D rr rr     	sta     _drag_y
001AE8r 1  A0 05        	ldy     #$05
001AEAr 1  B1 rr        	lda     (regbank+4),y
001AECr 1  8D rr rr     	sta     _drag_width+1
001AEFr 1  88           	dey
001AF0r 1  B1 rr        	lda     (regbank+4),y
001AF2r 1  8D rr rr     	sta     _drag_width
001AF5r 1  A0 06        	ldy     #$06
001AF7r 1  B1 rr        	lda     (regbank+4),y
001AF9r 1  8D rr rr     	sta     _drag_height
001AFCr 1  A5 rr        	lda     regbank+4
001AFEr 1  A6 rr        	ldx     regbank+4+1
001B00r 1  20 rr rr     	jsr     _damage_set
001B03r 1  A9 FF        	lda     #$FF
001B05r 1  20 rr rr     	jsr     _compose_damage
001B08r 1  20 rr rr     	jsr     decsp5
001B0Br 1  AD rr rr     	lda     _drag_x
001B0Er 1  A0 03        	ldy     #$03
001B10r 1  91 rr        	sta     (sp),y
001B12r 1  C8           	iny
001B13r 1  AD rr rr     	lda     _drag_x+1
001B16r 1  91 rr        	sta     (sp),y
001B18r 1  AD rr rr     	lda     _drag_y
001B1Br 1  A0 02        	ldy     #$02
001B1Dr 1  91 rr        	sta     (sp),y
001B1Fr 1  A0 05        	ldy     #$05
001B21r 1  B1 rr        	lda     (regbank+4),y
001B23r 1  AA           	tax
001B24r 1  88           	dey
001B25r 1  B1 rr        	lda     (regbank+4),y
001B27r 1  A0 00        	ldy     #$00
001B29r 1  91 rr        	sta     (sp),y
001B2Br 1  C8           	iny
001B2Cr 1  8A           	txa
001B2Dr 1  91 rr        	sta     (sp),y
001B2Fr 1  A0 06        	ldy     #$06
001B31r 1  B1 rr        	lda     (regbank+4),y
001B33r 1  20 rr rr     	jsr     _udeks_vic_bitmap_outline_toggle
001B36r 1  A9 18        	lda     #$18
001B38r 1  20 rr rr     	jsr     _increment_counter
001B3Br 1  A0 00        L0357:	ldy     #$00
001B3Dr 1  B1 rr        	lda     (sp),y
001B3Fr 1  85 rr        	sta     regbank+4
001B41r 1  C8           	iny
001B42r 1  B1 rr        	lda     (sp),y
001B44r 1  85 rr        	sta     regbank+5
001B46r 1  4C rr rr     	jmp     incsp7
001B49r 1               
001B49r 1               .endproc
001B49r 1               
001B49r 1               ; ---------------------------------------------------------------
001B49r 1               ; void __near__ move_drag (unsigned int, unsigned char)
001B49r 1               ; ---------------------------------------------------------------
001B49r 1               
001B49r 1               .segment	"CODE"
001B49r 1               
001B49r 1               .proc	_move_drag: near
001B49r 1               
001B49r 1               .segment	"CODE"
001B49r 1               
001B49r 1  20 rr rr     	jsr     pusha
001B4Cr 1  A5 rr        	lda     regbank+4
001B4Er 1  A6 rr        	ldx     regbank+5
001B50r 1  20 rr rr     	jsr     pushax
001B53r 1  20 rr rr     	jsr     decsp3
001B56r 1  AD rr rr     	lda     _dragging_handle
001B59r 1  20 rr rr     	jsr     _window_by_handle
001B5Cr 1  85 rr        	sta     regbank+4
001B5Er 1  86 rr        	stx     regbank+4+1
001B60r 1  E0 00        	cpx     #$00
001B62r 1  D0 0A        	bne     L0386
001B64r 1  C9 00        	cmp     #$00
001B66r 1  D0 06        	bne     L0386
001B68r 1  8D rr rr     	sta     _dragging_handle
001B6Br 1  4C rr rr     	jmp     L0382
001B6Er 1  A0 07        L0386:	ldy     #$07
001B70r 1  B1 rr        	lda     (sp),y
001B72r 1  AA           	tax
001B73r 1  88           	dey
001B74r 1  B1 rr        	lda     (sp),y
001B76r 1  38           	sec
001B77r 1  ED rr rr     	sbc     _drag_pointer_x
001B7Ar 1  85 rr        	sta     tmp1
001B7Cr 1  8A           	txa
001B7Dr 1  ED rr rr     	sbc     _drag_pointer_x+1
001B80r 1  05 rr        	ora     tmp1
001B82r 1  90 17        	bcc     L038D
001B84r 1  F0 15        	beq     L038D
001B86r 1  C8           	iny
001B87r 1  B1 rr        	lda     (sp),y
001B89r 1  AA           	tax
001B8Ar 1  88           	dey
001B8Br 1  B1 rr        	lda     (sp),y
001B8Dr 1  38           	sec
001B8Er 1  ED rr rr     	sbc     _drag_pointer_x
001B91r 1  48           	pha
001B92r 1  8A           	txa
001B93r 1  ED rr rr     	sbc     _drag_pointer_x+1
001B96r 1  AA           	tax
001B97r 1  68           	pla
001B98r 1  4C rr rr     	jmp     L038F
001B9Br 1  A2 00        L038D:	ldx     #$00
001B9Dr 1  8A           	txa
001B9Er 1  A0 01        L038F:	ldy     #$01
001BA0r 1  20 rr rr     	jsr     staxysp
001BA3r 1  A0 05        	ldy     #$05
001BA5r 1  B1 rr        	lda     (sp),y
001BA7r 1  38           	sec
001BA8r 1  ED rr rr     	sbc     _drag_pointer_y
001BABr 1  90 0B        	bcc     L070F
001BADr 1  F0 09        	beq     L070F
001BAFr 1  B1 rr        	lda     (sp),y
001BB1r 1  38           	sec
001BB2r 1  ED rr rr     	sbc     _drag_pointer_y
001BB5r 1  4C rr rr     	jmp     L0710
001BB8r 1  A9 00        L070F:	lda     #$00
001BBAr 1  A0 00        L0710:	ldy     #$00
001BBCr 1  91 rr        	sta     (sp),y
001BBEr 1  A0 04        	ldy     #$04
001BC0r 1  20 rr rr     	jsr     pushwysp
001BC3r 1  A2 01        	ldx     #$01
001BC5r 1  A9 40        	lda     #$40
001BC7r 1  20 rr rr     	jsr     pushax
001BCAr 1  A0 05        	ldy     #$05
001BCCr 1  B1 rr        	lda     (regbank+4),y
001BCEr 1  AA           	tax
001BCFr 1  88           	dey
001BD0r 1  B1 rr        	lda     (regbank+4),y
001BD2r 1  20 rr rr     	jsr     tossubax
001BD5r 1  20 rr rr     	jsr     tosicmp
001BD8r 1  90 19        	bcc     L0398
001BDAr 1  F0 17        	beq     L0398
001BDCr 1  A2 01        	ldx     #$01
001BDEr 1  A9 40        	lda     #$40
001BE0r 1  20 rr rr     	jsr     pushax
001BE3r 1  A0 05        	ldy     #$05
001BE5r 1  B1 rr        	lda     (regbank+4),y
001BE7r 1  AA           	tax
001BE8r 1  88           	dey
001BE9r 1  B1 rr        	lda     (regbank+4),y
001BEBr 1  20 rr rr     	jsr     tossubax
001BEEr 1  A0 01        	ldy     #$01
001BF0r 1  20 rr rr     	jsr     staxysp
001BF3r 1  A2 00        L0398:	ldx     #$00
001BF5r 1  A1 rr        	lda     (sp,x)
001BF7r 1  20 rr rr     	jsr     pusha0
001BFAr 1  A9 C8        	lda     #$C8
001BFCr 1  20 rr rr     	jsr     pusha0
001BFFr 1  A0 06        	ldy     #$06
001C01r 1  B1 rr        	lda     (regbank+4),y
001C03r 1  20 rr rr     	jsr     tossuba0
001C06r 1  20 rr rr     	jsr     tosicmp
001C09r 1  90 12        	bcc     L039C
001C0Br 1  F0 10        	beq     L039C
001C0Dr 1  A9 C8        	lda     #$C8
001C0Fr 1  20 rr rr     	jsr     pusha0
001C12r 1  A0 06        	ldy     #$06
001C14r 1  B1 rr        	lda     (regbank+4),y
001C16r 1  20 rr rr     	jsr     tossuba0
001C19r 1  A0 00        	ldy     #$00
001C1Br 1  91 rr        	sta     (sp),y
001C1Dr 1  A0 02        L039C:	ldy     #$02
001C1Fr 1  B1 rr        	lda     (sp),y
001C21r 1  AA           	tax
001C22r 1  88           	dey
001C23r 1  B1 rr        	lda     (sp),y
001C25r 1  EC rr rr     	cpx     _drag_x+1
001C28r 1  D0 0D        	bne     L03A0
001C2Ar 1  CD rr rr     	cmp     _drag_x
001C2Dr 1  D0 08        	bne     L03A0
001C2Fr 1  88           	dey
001C30r 1  B1 rr        	lda     (sp),y
001C32r 1  CD rr rr     	cmp     _drag_y
001C35r 1  F0 61        	beq     L0382
001C37r 1  20 rr rr     L03A0:	jsr     _udeks_vic_bitmap_reset_clip
001C3Ar 1  20 rr rr     	jsr     decsp8
001C3Dr 1  AD rr rr     	lda     _drag_x
001C40r 1  A0 06        	ldy     #$06
001C42r 1  91 rr        	sta     (sp),y
001C44r 1  C8           	iny
001C45r 1  AD rr rr     	lda     _drag_x+1
001C48r 1  91 rr        	sta     (sp),y
001C4Ar 1  AD rr rr     	lda     _drag_y
001C4Dr 1  A0 05        	ldy     #$05
001C4Fr 1  91 rr        	sta     (sp),y
001C51r 1  A0 0A        	ldy     #$0A
001C53r 1  B1 rr        	lda     (sp),y
001C55r 1  AA           	tax
001C56r 1  88           	dey
001C57r 1  B1 rr        	lda     (sp),y
001C59r 1  A0 03        	ldy     #$03
001C5Br 1  91 rr        	sta     (sp),y
001C5Dr 1  C8           	iny
001C5Er 1  8A           	txa
001C5Fr 1  91 rr        	sta     (sp),y
001C61r 1  A0 08        	ldy     #$08
001C63r 1  B1 rr        	lda     (sp),y
001C65r 1  A0 02        	ldy     #$02
001C67r 1  91 rr        	sta     (sp),y
001C69r 1  A0 05        	ldy     #$05
001C6Br 1  B1 rr        	lda     (regbank+4),y
001C6Dr 1  AA           	tax
001C6Er 1  88           	dey
001C6Fr 1  B1 rr        	lda     (regbank+4),y
001C71r 1  A0 00        	ldy     #$00
001C73r 1  91 rr        	sta     (sp),y
001C75r 1  C8           	iny
001C76r 1  8A           	txa
001C77r 1  91 rr        	sta     (sp),y
001C79r 1  A0 06        	ldy     #$06
001C7Br 1  B1 rr        	lda     (regbank+4),y
001C7Dr 1  20 rr rr     	jsr     _udeks_vic_bitmap_outline_move
001C80r 1  A0 02        	ldy     #$02
001C82r 1  B1 rr        	lda     (sp),y
001C84r 1  8D rr rr     	sta     _drag_x+1
001C87r 1  88           	dey
001C88r 1  B1 rr        	lda     (sp),y
001C8Ar 1  8D rr rr     	sta     _drag_x
001C8Dr 1  88           	dey
001C8Er 1  B1 rr        	lda     (sp),y
001C90r 1  8D rr rr     	sta     _drag_y
001C93r 1  A9 16        	lda     #$16
001C95r 1  20 rr rr     	jsr     _increment_counter
001C98r 1  A0 03        L0382:	ldy     #$03
001C9Ar 1  B1 rr        	lda     (sp),y
001C9Cr 1  85 rr        	sta     regbank+4
001C9Er 1  C8           	iny
001C9Fr 1  B1 rr        	lda     (sp),y
001CA1r 1  85 rr        	sta     regbank+5
001CA3r 1  4C rr rr     	jmp     incsp8
001CA6r 1               
001CA6r 1               .endproc
001CA6r 1               
001CA6r 1               ; ---------------------------------------------------------------
001CA6r 1               ; void __near__ resize_drag (unsigned int, unsigned char)
001CA6r 1               ; ---------------------------------------------------------------
001CA6r 1               
001CA6r 1               .segment	"CODE"
001CA6r 1               
001CA6r 1               .proc	_resize_drag: near
001CA6r 1               
001CA6r 1               .segment	"CODE"
001CA6r 1               
001CA6r 1  20 rr rr     	jsr     pusha
001CA9r 1  20 rr rr     	jsr     decsp3
001CACr 1  A0 05        	ldy     #$05
001CAEr 1  B1 rr        	lda     (sp),y
001CB0r 1  AA           	tax
001CB1r 1  88           	dey
001CB2r 1  B1 rr        	lda     (sp),y
001CB4r 1  38           	sec
001CB5r 1  ED rr rr     	sbc     _drag_x
001CB8r 1  85 rr        	sta     tmp1
001CBAr 1  8A           	txa
001CBBr 1  ED rr rr     	sbc     _drag_x+1
001CBEr 1  05 rr        	ora     tmp1
001CC0r 1  90 1D        	bcc     L03B5
001CC2r 1  F0 1B        	beq     L03B5
001CC4r 1  C8           	iny
001CC5r 1  B1 rr        	lda     (sp),y
001CC7r 1  AA           	tax
001CC8r 1  88           	dey
001CC9r 1  B1 rr        	lda     (sp),y
001CCBr 1  38           	sec
001CCCr 1  ED rr rr     	sbc     _drag_x
001CCFr 1  48           	pha
001CD0r 1  8A           	txa
001CD1r 1  ED rr rr     	sbc     _drag_x+1
001CD4r 1  AA           	tax
001CD5r 1  68           	pla
001CD6r 1  18           	clc
001CD7r 1  69 01        	adc     #$01
001CD9r 1  90 08        	bcc     L03B8
001CDBr 1  E8           	inx
001CDCr 1  4C rr rr     	jmp     L03B8
001CDFr 1  A2 00        L03B5:	ldx     #$00
001CE1r 1  A9 30        	lda     #$30
001CE3r 1  A0 01        L03B8:	ldy     #$01
001CE5r 1  20 rr rr     	jsr     staxysp
001CE8r 1  A0 03        	ldy     #$03
001CEAr 1  B1 rr        	lda     (sp),y
001CECr 1  38           	sec
001CEDr 1  ED rr rr     	sbc     _drag_y
001CF0r 1  90 0E        	bcc     L0714
001CF2r 1  F0 0C        	beq     L0714
001CF4r 1  B1 rr        	lda     (sp),y
001CF6r 1  38           	sec
001CF7r 1  ED rr rr     	sbc     _drag_y
001CFAr 1  18           	clc
001CFBr 1  69 01        	adc     #$01
001CFDr 1  4C rr rr     	jmp     L0715
001D00r 1  A9 30        L0714:	lda     #$30
001D02r 1  A0 00        L0715:	ldy     #$00
001D04r 1  91 rr        	sta     (sp),y
001D06r 1  A0 02        	ldy     #$02
001D08r 1  B1 rr        	lda     (sp),y
001D0Ar 1  C9 00        	cmp     #$00
001D0Cr 1  D0 05        	bne     L03C4
001D0Er 1  88           	dey
001D0Fr 1  B1 rr        	lda     (sp),y
001D11r 1  C9 30        	cmp     #$30
001D13r 1  B0 0B        L03C4:	bcs     L03C2
001D15r 1  A0 01        	ldy     #$01
001D17r 1  A9 30        	lda     #$30
001D19r 1  91 rr        	sta     (sp),y
001D1Br 1  A9 00        	lda     #$00
001D1Dr 1  C8           	iny
001D1Er 1  91 rr        	sta     (sp),y
001D20r 1  A0 00        L03C2:	ldy     #$00
001D22r 1  B1 rr        	lda     (sp),y
001D24r 1  C9 30        	cmp     #$30
001D26r 1  B0 04        	bcs     L03C7
001D28r 1  A9 30        	lda     #$30
001D2Ar 1  91 rr        	sta     (sp),y
001D2Cr 1  A0 04        L03C7:	ldy     #$04
001D2Er 1  20 rr rr     	jsr     pushwysp
001D31r 1  A9 40        	lda     #$40
001D33r 1  38           	sec
001D34r 1  ED rr rr     	sbc     _drag_x
001D37r 1  48           	pha
001D38r 1  A9 01        	lda     #$01
001D3Ar 1  ED rr rr     	sbc     _drag_x+1
001D3Dr 1  AA           	tax
001D3Er 1  68           	pla
001D3Fr 1  20 rr rr     	jsr     tosicmp
001D42r 1  90 15        	bcc     L03CB
001D44r 1  F0 13        	beq     L03CB
001D46r 1  A9 40        	lda     #$40
001D48r 1  38           	sec
001D49r 1  ED rr rr     	sbc     _drag_x
001D4Cr 1  48           	pha
001D4Dr 1  A9 01        	lda     #$01
001D4Fr 1  ED rr rr     	sbc     _drag_x+1
001D52r 1  AA           	tax
001D53r 1  68           	pla
001D54r 1  A0 01        	ldy     #$01
001D56r 1  20 rr rr     	jsr     staxysp
001D59r 1  A2 00        L03CB:	ldx     #$00
001D5Br 1  A1 rr        	lda     (sp,x)
001D5Dr 1  20 rr rr     	jsr     pusha0
001D60r 1  A9 C8        	lda     #$C8
001D62r 1  38           	sec
001D63r 1  ED rr rr     	sbc     _drag_y
001D66r 1  20 rr rr     	jsr     tosicmp0
001D69r 1  90 0C        	bcc     L03CF
001D6Br 1  F0 0A        	beq     L03CF
001D6Dr 1  A9 C8        	lda     #$C8
001D6Fr 1  38           	sec
001D70r 1  ED rr rr     	sbc     _drag_y
001D73r 1  A0 00        	ldy     #$00
001D75r 1  91 rr        	sta     (sp),y
001D77r 1  A0 02        L03CF:	ldy     #$02
001D79r 1  B1 rr        	lda     (sp),y
001D7Br 1  AA           	tax
001D7Cr 1  88           	dey
001D7Dr 1  B1 rr        	lda     (sp),y
001D7Fr 1  EC rr rr     	cpx     _drag_width+1
001D82r 1  D0 0D        	bne     L03D4
001D84r 1  CD rr rr     	cmp     _drag_width
001D87r 1  D0 08        	bne     L03D4
001D89r 1  88           	dey
001D8Ar 1  B1 rr        	lda     (sp),y
001D8Cr 1  CD rr rr     	cmp     _drag_height
001D8Fr 1  F0 73        	beq     L03B2
001D91r 1  20 rr rr     L03D4:	jsr     _udeks_vic_bitmap_reset_clip
001D94r 1  20 rr rr     	jsr     decsp5
001D97r 1  AD rr rr     	lda     _drag_x
001D9Ar 1  A0 03        	ldy     #$03
001D9Cr 1  91 rr        	sta     (sp),y
001D9Er 1  C8           	iny
001D9Fr 1  AD rr rr     	lda     _drag_x+1
001DA2r 1  91 rr        	sta     (sp),y
001DA4r 1  AD rr rr     	lda     _drag_y
001DA7r 1  A0 02        	ldy     #$02
001DA9r 1  91 rr        	sta     (sp),y
001DABr 1  AD rr rr     	lda     _drag_width
001DAEr 1  A0 00        	ldy     #$00
001DB0r 1  91 rr        	sta     (sp),y
001DB2r 1  C8           	iny
001DB3r 1  AD rr rr     	lda     _drag_width+1
001DB6r 1  91 rr        	sta     (sp),y
001DB8r 1  AD rr rr     	lda     _drag_height
001DBBr 1  20 rr rr     	jsr     _udeks_vic_bitmap_outline_toggle
001DBEr 1  20 rr rr     	jsr     decsp5
001DC1r 1  AD rr rr     	lda     _drag_x
001DC4r 1  A0 03        	ldy     #$03
001DC6r 1  91 rr        	sta     (sp),y
001DC8r 1  C8           	iny
001DC9r 1  AD rr rr     	lda     _drag_x+1
001DCCr 1  91 rr        	sta     (sp),y
001DCEr 1  AD rr rr     	lda     _drag_y
001DD1r 1  A0 02        	ldy     #$02
001DD3r 1  91 rr        	sta     (sp),y
001DD5r 1  A0 07        	ldy     #$07
001DD7r 1  B1 rr        	lda     (sp),y
001DD9r 1  AA           	tax
001DDAr 1  88           	dey
001DDBr 1  B1 rr        	lda     (sp),y
001DDDr 1  A0 00        	ldy     #$00
001DDFr 1  91 rr        	sta     (sp),y
001DE1r 1  C8           	iny
001DE2r 1  8A           	txa
001DE3r 1  91 rr        	sta     (sp),y
001DE5r 1  A0 05        	ldy     #$05
001DE7r 1  B1 rr        	lda     (sp),y
001DE9r 1  20 rr rr     	jsr     _udeks_vic_bitmap_outline_toggle
001DECr 1  A0 02        	ldy     #$02
001DEEr 1  B1 rr        	lda     (sp),y
001DF0r 1  8D rr rr     	sta     _drag_width+1
001DF3r 1  88           	dey
001DF4r 1  B1 rr        	lda     (sp),y
001DF6r 1  8D rr rr     	sta     _drag_width
001DF9r 1  88           	dey
001DFAr 1  B1 rr        	lda     (sp),y
001DFCr 1  8D rr rr     	sta     _drag_height
001DFFr 1  A9 16        	lda     #$16
001E01r 1  20 rr rr     	jsr     _increment_counter
001E04r 1  4C rr rr     L03B2:	jmp     incsp6
001E07r 1               
001E07r 1               .endproc
001E07r 1               
001E07r 1               ; ---------------------------------------------------------------
001E07r 1               ; void __near__ finish_drag (void)
001E07r 1               ; ---------------------------------------------------------------
001E07r 1               
001E07r 1               .segment	"CODE"
001E07r 1               
001E07r 1               .proc	_finish_drag: near
001E07r 1               
001E07r 1               .segment	"CODE"
001E07r 1               
001E07r 1  A5 rr        	lda     regbank+4
001E09r 1  A6 rr        	ldx     regbank+5
001E0Br 1  20 rr rr     	jsr     pushax
001E0Er 1  20 rr rr     	jsr     decsp1
001E11r 1  AD rr rr     	lda     _dragging_handle
001E14r 1  A0 00        	ldy     #$00
001E16r 1  91 rr        	sta     (sp),y
001E18r 1  20 rr rr     	jsr     _window_by_handle
001E1Br 1  85 rr        	sta     regbank+4
001E1Dr 1  86 rr        	stx     regbank+4+1
001E1Fr 1  E0 00        	cpx     #$00
001E21r 1  D0 0A        	bne     L03EF
001E23r 1  C9 00        	cmp     #$00
001E25r 1  D0 06        	bne     L03EF
001E27r 1  8D rr rr     	sta     _dragging_handle
001E2Ar 1  4C rr rr     	jmp     L03E9
001E2Dr 1  20 rr rr     L03EF:	jsr     _udeks_vic_bitmap_reset_clip
001E30r 1  20 rr rr     	jsr     decsp5
001E33r 1  AD rr rr     	lda     _drag_x
001E36r 1  A0 03        	ldy     #$03
001E38r 1  91 rr        	sta     (sp),y
001E3Ar 1  C8           	iny
001E3Br 1  AD rr rr     	lda     _drag_x+1
001E3Er 1  91 rr        	sta     (sp),y
001E40r 1  AD rr rr     	lda     _drag_y
001E43r 1  A0 02        	ldy     #$02
001E45r 1  91 rr        	sta     (sp),y
001E47r 1  AD rr rr     	lda     _drag_width
001E4Ar 1  A0 00        	ldy     #$00
001E4Cr 1  91 rr        	sta     (sp),y
001E4Er 1  C8           	iny
001E4Fr 1  AD rr rr     	lda     _drag_width+1
001E52r 1  91 rr        	sta     (sp),y
001E54r 1  AD rr rr     	lda     _drag_height
001E57r 1  20 rr rr     	jsr     _udeks_vic_bitmap_outline_toggle
001E5Ar 1  A5 rr        	lda     regbank+4
001E5Cr 1  A6 rr        	ldx     regbank+4+1
001E5Er 1  20 rr rr     	jsr     _damage_set
001E61r 1  AD rr rr     	lda     _drag_x
001E64r 1  A0 01        	ldy     #$01
001E66r 1  91 rr        	sta     (regbank+4),y
001E68r 1  C8           	iny
001E69r 1  AD rr rr     	lda     _drag_x+1
001E6Cr 1  91 rr        	sta     (regbank+4),y
001E6Er 1  AD rr rr     	lda     _drag_y
001E71r 1  C8           	iny
001E72r 1  91 rr        	sta     (regbank+4),y
001E74r 1  AD rr rr     	lda     _drag_width
001E77r 1  C8           	iny
001E78r 1  91 rr        	sta     (regbank+4),y
001E7Ar 1  C8           	iny
001E7Br 1  AD rr rr     	lda     _drag_width+1
001E7Er 1  91 rr        	sta     (regbank+4),y
001E80r 1  AD rr rr     	lda     _drag_height
001E83r 1  C8           	iny
001E84r 1  91 rr        	sta     (regbank+4),y
001E86r 1  A5 rr        	lda     regbank+4
001E88r 1  A6 rr        	ldx     regbank+4+1
001E8Ar 1  20 rr rr     	jsr     _damage_add
001E8Dr 1  A9 00        	lda     #$00
001E8Fr 1  8D rr rr     	sta     _dragging_handle
001E92r 1  AD rr rr     	lda     _drag_mode
001E95r 1  29 80        	and     #$80
001E97r 1  F0 0A        	beq     L0718
001E99r 1  A0 00        	ldy     #$00
001E9Br 1  B1 rr        	lda     (sp),y
001E9Dr 1  20 rr rr     	jsr     _cache_paint_image
001EA0r 1  4C rr rr     	jmp     L040E
001EA3r 1  8D rr rr     L0718:	sta     _drag_mode
001EA6r 1  20 rr rr     	jsr     _compose_damage
001EA9r 1  20 rr rr     L040E:	jsr     _udeks_pointer_resynchronize
001EACr 1  A9 1A        	lda     #$1A
001EAEr 1  20 rr rr     	jsr     _increment_counter
001EB1r 1  A0 01        L03E9:	ldy     #$01
001EB3r 1  B1 rr        	lda     (sp),y
001EB5r 1  85 rr        	sta     regbank+4
001EB7r 1  C8           	iny
001EB8r 1  B1 rr        	lda     (sp),y
001EBAr 1  85 rr        	sta     regbank+5
001EBCr 1  4C rr rr     	jmp     incsp3
001EBFr 1               
001EBFr 1               .endproc
001EBFr 1               
001EBFr 1               ; ---------------------------------------------------------------
001EBFr 1               ; unsigned char __near__ lane_raster_step (__near__ const struct udeks_repaint_lane_work *)
001EBFr 1               ; ---------------------------------------------------------------
001EBFr 1               
001EBFr 1               .segment	"CODE"
001EBFr 1               
001EBFr 1               .proc	_lane_raster_step: near
001EBFr 1               
001EBFr 1               .segment	"CODE"
001EBFr 1               
001EBFr 1  20 rr rr     	jsr     pushax
001EC2r 1  A5 rr        	lda     regbank+4
001EC4r 1  A6 rr        	ldx     regbank+5
001EC6r 1  20 rr rr     	jsr     pushax
001EC9r 1  20 rr rr     	jsr     decsp1
001ECCr 1  A9 00        	lda     #$00
001ECEr 1  20 rr rr     	jsr     pusha
001ED1r 1  20 rr rr     	jsr     decsp2
001ED4r 1  A0 07        	ldy     #$07
001ED6r 1  B1 rr        	lda     (sp),y
001ED8r 1  88           	dey
001ED9r 1  11 rr        	ora     (sp),y
001EDBr 1  D0 06        	bne     L05DD
001EDDr 1  AA           	tax
001EDEr 1  A9 02        	lda     #$02
001EE0r 1  4C rr rr     	jmp     L05DB
001EE3r 1  C8           L05DD:	iny
001EE4r 1  B1 rr        	lda     (sp),y
001EE6r 1  AA           	tax
001EE7r 1  88           	dey
001EE8r 1  B1 rr        	lda     (sp),y
001EEAr 1  20 rr rr     	jsr     _udeks_lane_validate
001EEDr 1  A0 03        	ldy     #$03
001EEFr 1  91 rr        	sta     (sp),y
001EF1r 1  B1 rr        	lda     (sp),y
001EF3r 1  F0 07        	beq     L05E3
001EF5r 1  A2 00        	ldx     #$00
001EF7r 1  B1 rr        	lda     (sp),y
001EF9r 1  4C rr rr     	jmp     L05DB
001EFCr 1  A0 07        L05E3:	ldy     #$07
001EFEr 1  B1 rr        	lda     (sp),y
001F00r 1  85 rr        	sta     ptr1+1
001F02r 1  88           	dey
001F03r 1  B1 rr        	lda     (sp),y
001F05r 1  85 rr        	sta     ptr1
001F07r 1  A0 04        	ldy     #$04
001F09r 1  B1 rr        	lda     (ptr1),y
001F0Br 1  C9 06        	cmp     #$06
001F0Dr 1  D0 66        	bne     L05E6
001F0Fr 1  A0 07        	ldy     #$07
001F11r 1  B1 rr        	lda     (sp),y
001F13r 1  85 rr        	sta     ptr1+1
001F15r 1  88           	dey
001F16r 1  B1 rr        	lda     (sp),y
001F18r 1  85 rr        	sta     ptr1
001F1Ar 1  A0 03        	ldy     #$03
001F1Cr 1  B1 rr        	lda     (ptr1),y
001F1Er 1  AA           	tax
001F1Fr 1  88           	dey
001F20r 1  B1 rr        	lda     (ptr1),y
001F22r 1  C9 20        	cmp     #$20
001F24r 1  8A           	txa
001F25r 1  E9 00        	sbc     #$00
001F27r 1  90 06        	bcc     L05E8
001F29r 1  A2 00        	ldx     #$00
001F2Br 1  98           	tya
001F2Cr 1  4C rr rr     	jmp     L05DB
001F2Fr 1  A0 07        L05E8:	ldy     #$07
001F31r 1  B1 rr        	lda     (sp),y
001F33r 1  85 rr        	sta     ptr1+1
001F35r 1  88           	dey
001F36r 1  B1 rr        	lda     (sp),y
001F38r 1  85 rr        	sta     ptr1
001F3Ar 1  A0 02        	ldy     #$02
001F3Cr 1  B1 rr        	lda     (ptr1),y
001F3Er 1  C8           	iny
001F3Fr 1  91 rr        	sta     (sp),y
001F41r 1  A2 E1        	ldx     #$E1
001F43r 1  A9 90        	lda     #$90
001F45r 1  18           	clc
001F46r 1  71 rr        	adc     (sp),y
001F48r 1  90 01        	bcc     L05F1
001F4Ar 1  E8           	inx
001F4Br 1  85 rr        L05F1:	sta     ptr1
001F4Dr 1  86 rr        	stx     ptr1+1
001F4Fr 1  A0 00        	ldy     #$00
001F51r 1  B1 rr        	lda     (ptr1),y
001F53r 1  F0 11        	beq     L05ED
001F55r 1  A0 03        	ldy     #$03
001F57r 1  B1 rr        	lda     (sp),y
001F59r 1  20 rr rr     	jsr     _udeks_vic_bitmap_commit_page
001F5Cr 1  A0 03        	ldy     #$03
001F5Er 1  B1 rr        	lda     (sp),y
001F60r 1  A8           	tay
001F61r 1  A9 00        	lda     #$00
001F63r 1  99 90 E1     	sta     $E190,y
001F66r 1  A0 03        L05ED:	ldy     #$03
001F68r 1  B1 rr        	lda     (sp),y
001F6Ar 1  C9 1F        	cmp     #$1F
001F6Cr 1  20 rr rr     	jsr     boolne
001F6Fr 1  88           	dey
001F70r 1  91 rr        	sta     (sp),y
001F72r 1  4C rr rr     	jmp     L0628
001F75r 1  A0 07        L05E6:	ldy     #$07
001F77r 1  B1 rr        	lda     (sp),y
001F79r 1  85 rr        	sta     ptr1+1
001F7Br 1  88           	dey
001F7Cr 1  B1 rr        	lda     (sp),y
001F7Er 1  85 rr        	sta     ptr1
001F80r 1  A0 04        	ldy     #$04
001F82r 1  B1 rr        	lda     (ptr1),y
001F84r 1  C9 01        	cmp     #$01
001F86r 1  F0 1A        	beq     L05FC
001F88r 1  A0 07        	ldy     #$07
001F8Ar 1  B1 rr        	lda     (sp),y
001F8Cr 1  85 rr        	sta     ptr1+1
001F8Er 1  88           	dey
001F8Fr 1  B1 rr        	lda     (sp),y
001F91r 1  85 rr        	sta     ptr1
001F93r 1  A0 04        	ldy     #$04
001F95r 1  B1 rr        	lda     (ptr1),y
001F97r 1  C9 03        	cmp     #$03
001F99r 1  F0 07        	beq     L05FC
001F9Br 1  A2 00        	ldx     #$00
001F9Dr 1  A9 06        	lda     #$06
001F9Fr 1  4C rr rr     	jmp     L05DB
001FA2r 1  A0 07        L05FC:	ldy     #$07
001FA4r 1  B1 rr        	lda     (sp),y
001FA6r 1  85 rr        	sta     ptr1+1
001FA8r 1  88           	dey
001FA9r 1  B1 rr        	lda     (sp),y
001FABr 1  85 rr        	sta     ptr1
001FADr 1  C8           	iny
001FAEr 1  B1 rr        	lda     (ptr1),y
001FB0r 1  AA           	tax
001FB1r 1  88           	dey
001FB2r 1  B1 rr        	lda     (ptr1),y
001FB4r 1  20 rr rr     	jsr     pushax
001FB7r 1  A0 09        	ldy     #$09
001FB9r 1  B1 rr        	lda     (sp),y
001FBBr 1  85 rr        	sta     ptr1+1
001FBDr 1  88           	dey
001FBEr 1  B1 rr        	lda     (sp),y
001FC0r 1  85 rr        	sta     ptr1
001FC2r 1  C8           	iny
001FC3r 1  B1 rr        	lda     (ptr1),y
001FC5r 1  AA           	tax
001FC6r 1  88           	dey
001FC7r 1  B1 rr        	lda     (ptr1),y
001FC9r 1  20 rr rr     	jsr     tosicmp
001FCCr 1  B0 52        	bcs     L0720
001FCEr 1  A0 07        	ldy     #$07
001FD0r 1  B1 rr        	lda     (sp),y
001FD2r 1  85 rr        	sta     ptr1+1
001FD4r 1  88           	dey
001FD5r 1  B1 rr        	lda     (sp),y
001FD7r 1  85 rr        	sta     ptr1
001FD9r 1  A0 09        	ldy     #$09
001FDBr 1  B1 rr        	lda     (ptr1),y
001FDDr 1  AA           	tax
001FDEr 1  88           	dey
001FDFr 1  B1 rr        	lda     (ptr1),y
001FE1r 1  C9 41        	cmp     #$41
001FE3r 1  8A           	txa
001FE4r 1  E9 01        	sbc     #$01
001FE6r 1  B0 38        	bcs     L0720
001FE8r 1  88           	dey
001FE9r 1  B1 rr        	lda     (sp),y
001FEBr 1  85 rr        	sta     ptr1+1
001FEDr 1  88           	dey
001FEEr 1  B1 rr        	lda     (sp),y
001FF0r 1  85 rr        	sta     ptr1
001FF2r 1  A0 0A        	ldy     #$0A
001FF4r 1  B1 rr        	lda     (ptr1),y
001FF6r 1  20 rr rr     	jsr     pusha0
001FF9r 1  A0 09        	ldy     #$09
001FFBr 1  B1 rr        	lda     (sp),y
001FFDr 1  85 rr        	sta     ptr1+1
001FFFr 1  88           	dey
002000r 1  B1 rr        	lda     (sp),y
002002r 1  85 rr        	sta     ptr1
002004r 1  A0 0B        	ldy     #$0B
002006r 1  B1 rr        	lda     (ptr1),y
002008r 1  20 rr rr     	jsr     tosicmp0
00200Br 1  B0 13        	bcs     L0720
00200Dr 1  A0 07        	ldy     #$07
00200Fr 1  B1 rr        	lda     (sp),y
002011r 1  85 rr        	sta     ptr1+1
002013r 1  88           	dey
002014r 1  B1 rr        	lda     (sp),y
002016r 1  85 rr        	sta     ptr1
002018r 1  A0 0B        	ldy     #$0B
00201Ar 1  B1 rr        	lda     (ptr1),y
00201Cr 1  C9 C9        	cmp     #$C9
00201Er 1  90 07        	bcc     L0601
002020r 1  A2 00        L0720:	ldx     #$00
002022r 1  A9 02        	lda     #$02
002024r 1  4C rr rr     	jmp     L05DB
002027r 1  A0 07        L0601:	ldy     #$07
002029r 1  B1 rr        	lda     (sp),y
00202Br 1  85 rr        	sta     ptr1+1
00202Dr 1  88           	dey
00202Er 1  B1 rr        	lda     (sp),y
002030r 1  85 rr        	sta     ptr1
002032r 1  A0 04        	ldy     #$04
002034r 1  B1 rr        	lda     (ptr1),y
002036r 1  C9 01        	cmp     #$01
002038r 1  D0 3E        	bne     L0605
00203Ar 1  A0 07        	ldy     #$07
00203Cr 1  B1 rr        	lda     (sp),y
00203Er 1  85 rr        	sta     ptr1+1
002040r 1  88           	dey
002041r 1  B1 rr        	lda     (sp),y
002043r 1  85 rr        	sta     ptr1
002045r 1  A0 0B        	ldy     #$0B
002047r 1  B1 rr        	lda     (ptr1),y
002049r 1  20 rr rr     	jsr     pusha0
00204Cr 1  A0 09        	ldy     #$09
00204Er 1  B1 rr        	lda     (sp),y
002050r 1  85 rr        	sta     ptr1+1
002052r 1  88           	dey
002053r 1  B1 rr        	lda     (sp),y
002055r 1  85 rr        	sta     ptr1
002057r 1  A0 0A        	ldy     #$0A
002059r 1  B1 rr        	lda     (ptr1),y
00205Br 1  20 rr rr     	jsr     tossuba0
00205Er 1  C9 05        	cmp     #$05
002060r 1  8A           	txa
002061r 1  E9 00        	sbc     #$00
002063r 1  A9 00        	lda     #$00
002065r 1  AA           	tax
002066r 1  90 05        	bcc     L0722
002068r 1  A9 02        	lda     #$02
00206Ar 1  4C rr rr     	jmp     L05DB
00206Dr 1  85 rr        L0722:	sta     regbank+4
00206Fr 1  85 rr        	sta     regbank+4+1
002071r 1  A8           	tay
002072r 1  91 rr        	sta     (sp),y
002074r 1  C8           	iny
002075r 1  4C rr rr     	jmp     L071B
002078r 1  A0 07        L0605:	ldy     #$07
00207Ar 1  B1 rr        	lda     (sp),y
00207Cr 1  85 rr        	sta     ptr1+1
00207Er 1  88           	dey
00207Fr 1  B1 rr        	lda     (sp),y
002081r 1  85 rr        	sta     ptr1
002083r 1  88           	dey
002084r 1  B1 rr        	lda     (ptr1),y
002086r 1  29 07        	and     #$07
002088r 1  20 rr rr     	jsr     _window_by_handle
00208Br 1  85 rr        	sta     regbank+4
00208Dr 1  86 rr        	stx     regbank+4+1
00208Fr 1  A5 rr        	lda     regbank+4
002091r 1  05 rr        	ora     regbank+4+1
002093r 1  D0 03 4C rr  	jeq     L0723
002097r 1  rr           
002098r 1  A0 07        	ldy     #$07
00209Ar 1  A2 00        	ldx     #$00
00209Cr 1  B1 rr        	lda     (regbank+4),y
00209Er 1  85 rr        	sta     sreg
0020A0r 1  86 rr        	stx     sreg+1
0020A2r 1  B1 rr        	lda     (sp),y
0020A4r 1  85 rr        	sta     ptr1+1
0020A6r 1  88           	dey
0020A7r 1  B1 rr        	lda     (sp),y
0020A9r 1  85 rr        	sta     ptr1
0020ABr 1  88           	dey
0020ACr 1  B1 rr        	lda     (ptr1),y
0020AEr 1  4A           	lsr     a
0020AFr 1  4A           	lsr     a
0020B0r 1  4A           	lsr     a
0020B1r 1  E4 rr        	cpx     sreg+1
0020B3r 1  F0 03 4C rr  	jne     L0724
0020B7r 1  rr           
0020B8r 1  C5 rr        	cmp     sreg
0020BAr 1  F0 03 4C rr  	jne     L0724
0020BEr 1  rr           
0020BFr 1  A0 07        	ldy     #$07
0020C1r 1  B1 rr        	lda     (sp),y
0020C3r 1  85 rr        	sta     ptr1+1
0020C5r 1  88           	dey
0020C6r 1  B1 rr        	lda     (sp),y
0020C8r 1  85 rr        	sta     ptr1
0020CAr 1  C8           	iny
0020CBr 1  B1 rr        	lda     (ptr1),y
0020CDr 1  AA           	tax
0020CEr 1  88           	dey
0020CFr 1  B1 rr        	lda     (ptr1),y
0020D1r 1  20 rr rr     	jsr     pushax
0020D4r 1  A0 02        	ldy     #$02
0020D6r 1  B1 rr        	lda     (regbank+4),y
0020D8r 1  AA           	tax
0020D9r 1  88           	dey
0020DAr 1  B1 rr        	lda     (regbank+4),y
0020DCr 1  20 rr rr     	jsr     tosicmp
0020DFr 1  B0 03 4C rr  	jcc     L0723
0020E3r 1  rr           
0020E4r 1  A0 07        	ldy     #$07
0020E6r 1  B1 rr        	lda     (sp),y
0020E8r 1  85 rr        	sta     ptr1+1
0020EAr 1  88           	dey
0020EBr 1  B1 rr        	lda     (sp),y
0020EDr 1  85 rr        	sta     ptr1
0020EFr 1  A0 09        	ldy     #$09
0020F1r 1  B1 rr        	lda     (ptr1),y
0020F3r 1  AA           	tax
0020F4r 1  88           	dey
0020F5r 1  B1 rr        	lda     (ptr1),y
0020F7r 1  20 rr rr     	jsr     pushax
0020FAr 1  A0 02        	ldy     #$02
0020FCr 1  B1 rr        	lda     (regbank+4),y
0020FEr 1  AA           	tax
0020FFr 1  88           	dey
002100r 1  B1 rr        	lda     (regbank+4),y
002102r 1  20 rr rr     	jsr     pushax
002105r 1  A0 05        	ldy     #$05
002107r 1  B1 rr        	lda     (regbank+4),y
002109r 1  AA           	tax
00210Ar 1  88           	dey
00210Br 1  B1 rr        	lda     (regbank+4),y
00210Dr 1  20 rr rr     	jsr     tosaddax
002110r 1  20 rr rr     	jsr     tosicmp
002113r 1  F0 05        	beq     L071C
002115r 1  90 03 4C rr  	jcs     L0723
002119r 1  rr           
00211Ar 1  A0 07        L071C:	ldy     #$07
00211Cr 1  B1 rr        	lda     (sp),y
00211Er 1  85 rr        	sta     ptr1+1
002120r 1  88           	dey
002121r 1  B1 rr        	lda     (sp),y
002123r 1  85 rr        	sta     ptr1
002125r 1  A0 0A        	ldy     #$0A
002127r 1  B1 rr        	lda     (ptr1),y
002129r 1  20 rr rr     	jsr     pusha0
00212Cr 1  A0 03        	ldy     #$03
00212Er 1  B1 rr        	lda     (regbank+4),y
002130r 1  20 rr rr     	jsr     tosicmp0
002133r 1  90 66        	bcc     L0723
002135r 1  A0 07        	ldy     #$07
002137r 1  B1 rr        	lda     (sp),y
002139r 1  85 rr        	sta     ptr1+1
00213Br 1  88           	dey
00213Cr 1  B1 rr        	lda     (sp),y
00213Er 1  85 rr        	sta     ptr1
002140r 1  A0 0B        	ldy     #$0B
002142r 1  B1 rr        	lda     (ptr1),y
002144r 1  20 rr rr     	jsr     pusha0
002147r 1  A0 03        	ldy     #$03
002149r 1  B1 rr        	lda     (regbank+4),y
00214Br 1  85 rr        	sta     ptr1
00214Dr 1  A0 06        	ldy     #$06
00214Fr 1  B1 rr        	lda     (regbank+4),y
002151r 1  18           	clc
002152r 1  65 rr        	adc     ptr1
002154r 1  90 01        	bcc     L071A
002156r 1  E8           	inx
002157r 1  20 rr rr     L071A:	jsr     tosicmp
00215Ar 1  F0 02        	beq     L071D
00215Cr 1  B0 3D        	bcs     L0723
00215Er 1  A0 07        L071D:	ldy     #$07
002160r 1  B1 rr        	lda     (sp),y
002162r 1  85 rr        	sta     ptr1+1
002164r 1  88           	dey
002165r 1  B1 rr        	lda     (sp),y
002167r 1  85 rr        	sta     ptr1
002169r 1  A0 03        	ldy     #$03
00216Br 1  B1 rr        	lda     (ptr1),y
00216Dr 1  AA           	tax
00216Er 1  88           	dey
00216Fr 1  B1 rr        	lda     (ptr1),y
002171r 1  20 rr rr     	jsr     pushax
002174r 1  A0 09        	ldy     #$09
002176r 1  B1 rr        	lda     (sp),y
002178r 1  85 rr        	sta     ptr1+1
00217Ar 1  88           	dey
00217Br 1  B1 rr        	lda     (sp),y
00217Dr 1  85 rr        	sta     ptr1
00217Fr 1  A0 0B        	ldy     #$0B
002181r 1  B1 rr        	lda     (ptr1),y
002183r 1  20 rr rr     	jsr     pusha0
002186r 1  A0 0B        	ldy     #$0B
002188r 1  B1 rr        	lda     (sp),y
00218Ar 1  85 rr        	sta     ptr1+1
00218Cr 1  88           	dey
00218Dr 1  B1 rr        	lda     (sp),y
00218Fr 1  85 rr        	sta     ptr1
002191r 1  B1 rr        	lda     (ptr1),y
002193r 1  20 rr rr     	jsr     tossuba0
002196r 1  20 rr rr     	jsr     tosicmp
002199r 1  90 07        	bcc     L0612
00219Br 1  A2 00        L0723:	ldx     #$00
00219Dr 1  A9 03        L0724:	lda     #$03
00219Fr 1  4C rr rr     	jmp     L05DB
0021A2r 1  A0 07        L0612:	ldy     #$07
0021A4r 1  B1 rr        	lda     (sp),y
0021A6r 1  85 rr        	sta     ptr1+1
0021A8r 1  88           	dey
0021A9r 1  B1 rr        	lda     (sp),y
0021ABr 1  85 rr        	sta     ptr1
0021ADr 1  A0 0A        	ldy     #$0A
0021AFr 1  B1 rr        	lda     (ptr1),y
0021B1r 1  20 rr rr     	jsr     pusha0
0021B4r 1  A0 09        	ldy     #$09
0021B6r 1  B1 rr        	lda     (sp),y
0021B8r 1  85 rr        	sta     ptr1+1
0021BAr 1  88           	dey
0021BBr 1  B1 rr        	lda     (sp),y
0021BDr 1  85 rr        	sta     ptr1
0021BFr 1  A0 03        	ldy     #$03
0021C1r 1  B1 rr        	lda     (ptr1),y
0021C3r 1  AA           	tax
0021C4r 1  88           	dey
0021C5r 1  B1 rr        	lda     (ptr1),y
0021C7r 1  20 rr rr     	jsr     tosaddax
0021CAr 1  20 rr rr     	jsr     stax0sp
0021CDr 1  18           	clc
0021CEr 1  69 01        	adc     #$01
0021D0r 1  90 01        	bcc     L061A
0021D2r 1  E8           	inx
0021D3r 1  20 rr rr     L061A:	jsr     pushax
0021D6r 1  A0 09        	ldy     #$09
0021D8r 1  B1 rr        	lda     (sp),y
0021DAr 1  85 rr        	sta     ptr1+1
0021DCr 1  88           	dey
0021DDr 1  B1 rr        	lda     (sp),y
0021DFr 1  85 rr        	sta     ptr1
0021E1r 1  A0 0B        	ldy     #$0B
0021E3r 1  B1 rr        	lda     (ptr1),y
0021E5r 1  20 rr rr     	jsr     tosulta0
0021E8r 1  A0 02        	ldy     #$02
0021EAr 1  91 rr        L071B:	sta     (sp),y
0021ECr 1  20 rr rr     	jsr     decsp6
0021EFr 1  A0 0D        	ldy     #$0D
0021F1r 1  B1 rr        	lda     (sp),y
0021F3r 1  85 rr        	sta     ptr1+1
0021F5r 1  88           	dey
0021F6r 1  B1 rr        	lda     (sp),y
0021F8r 1  85 rr        	sta     ptr1
0021FAr 1  A0 07        	ldy     #$07
0021FCr 1  B1 rr        	lda     (ptr1),y
0021FEr 1  AA           	tax
0021FFr 1  88           	dey
002200r 1  B1 rr        	lda     (ptr1),y
002202r 1  A0 04        	ldy     #$04
002204r 1  91 rr        	sta     (sp),y
002206r 1  C8           	iny
002207r 1  8A           	txa
002208r 1  91 rr        	sta     (sp),y
00220Ar 1  A0 0D        	ldy     #$0D
00220Cr 1  B1 rr        	lda     (sp),y
00220Er 1  85 rr        	sta     ptr1+1
002210r 1  88           	dey
002211r 1  B1 rr        	lda     (sp),y
002213r 1  85 rr        	sta     ptr1
002215r 1  A0 0A        	ldy     #$0A
002217r 1  B1 rr        	lda     (ptr1),y
002219r 1  A0 02        	ldy     #$02
00221Br 1  91 rr        	sta     (sp),y
00221Dr 1  C8           	iny
00221Er 1  A9 00        	lda     #$00
002220r 1  91 rr        	sta     (sp),y
002222r 1  A0 0D        	ldy     #$0D
002224r 1  B1 rr        	lda     (sp),y
002226r 1  85 rr        	sta     ptr1+1
002228r 1  88           	dey
002229r 1  B1 rr        	lda     (sp),y
00222Br 1  85 rr        	sta     ptr1
00222Dr 1  A0 09        	ldy     #$09
00222Fr 1  B1 rr        	lda     (ptr1),y
002231r 1  AA           	tax
002232r 1  88           	dey
002233r 1  B1 rr        	lda     (ptr1),y
002235r 1  20 rr rr     	jsr     pushax
002238r 1  A0 0F        	ldy     #$0F
00223Ar 1  B1 rr        	lda     (sp),y
00223Cr 1  85 rr        	sta     ptr1+1
00223Er 1  88           	dey
00223Fr 1  B1 rr        	lda     (sp),y
002241r 1  85 rr        	sta     ptr1
002243r 1  A0 07        	ldy     #$07
002245r 1  B1 rr        	lda     (ptr1),y
002247r 1  AA           	tax
002248r 1  88           	dey
002249r 1  B1 rr        	lda     (ptr1),y
00224Br 1  20 rr rr     	jsr     tossubax
00224Er 1  A0 00        	ldy     #$00
002250r 1  91 rr        	sta     (sp),y
002252r 1  C8           	iny
002253r 1  8A           	txa
002254r 1  91 rr        	sta     (sp),y
002256r 1  A0 0D        	ldy     #$0D
002258r 1  B1 rr        	lda     (sp),y
00225Ar 1  85 rr        	sta     ptr1+1
00225Cr 1  88           	dey
00225Dr 1  B1 rr        	lda     (sp),y
00225Fr 1  85 rr        	sta     ptr1
002261r 1  88           	dey
002262r 1  B1 rr        	lda     (ptr1),y
002264r 1  20 rr rr     	jsr     pusha0
002267r 1  A0 0F        	ldy     #$0F
002269r 1  B1 rr        	lda     (sp),y
00226Br 1  85 rr        	sta     ptr1+1
00226Dr 1  88           	dey
00226Er 1  B1 rr        	lda     (sp),y
002270r 1  85 rr        	sta     ptr1
002272r 1  A0 0A        	ldy     #$0A
002274r 1  B1 rr        	lda     (ptr1),y
002276r 1  20 rr rr     	jsr     tossuba0
002279r 1  20 rr rr     	jsr     _udeks_vic_bitmap_set_clip
00227Cr 1  A5 rr        	lda     regbank+4
00227Er 1  05 rr        	ora     regbank+4+1
002280r 1  F0 03 4C rr  	jne     L0620
002284r 1  rr           
002285r 1  20 rr rr     	jsr     decsp8
002288r 1  A0 0F        	ldy     #$0F
00228Ar 1  B1 rr        	lda     (sp),y
00228Cr 1  85 rr        	sta     ptr1+1
00228Er 1  88           	dey
00228Fr 1  B1 rr        	lda     (sp),y
002291r 1  85 rr        	sta     ptr1
002293r 1  A0 07        	ldy     #$07
002295r 1  B1 rr        	lda     (ptr1),y
002297r 1  AA           	tax
002298r 1  88           	dey
002299r 1  B1 rr        	lda     (ptr1),y
00229Br 1  91 rr        	sta     (sp),y
00229Dr 1  C8           	iny
00229Er 1  8A           	txa
00229Fr 1  91 rr        	sta     (sp),y
0022A1r 1  A0 0F        	ldy     #$0F
0022A3r 1  B1 rr        	lda     (sp),y
0022A5r 1  85 rr        	sta     ptr1+1
0022A7r 1  88           	dey
0022A8r 1  B1 rr        	lda     (sp),y
0022AAr 1  85 rr        	sta     ptr1
0022ACr 1  A0 0A        	ldy     #$0A
0022AEr 1  B1 rr        	lda     (ptr1),y
0022B0r 1  A0 04        	ldy     #$04
0022B2r 1  91 rr        	sta     (sp),y
0022B4r 1  C8           	iny
0022B5r 1  A9 00        	lda     #$00
0022B7r 1  91 rr        	sta     (sp),y
0022B9r 1  A0 0F        	ldy     #$0F
0022BBr 1  B1 rr        	lda     (sp),y
0022BDr 1  85 rr        	sta     ptr1+1
0022BFr 1  88           	dey
0022C0r 1  B1 rr        	lda     (sp),y
0022C2r 1  85 rr        	sta     ptr1
0022C4r 1  A0 09        	ldy     #$09
0022C6r 1  B1 rr        	lda     (ptr1),y
0022C8r 1  AA           	tax
0022C9r 1  88           	dey
0022CAr 1  B1 rr        	lda     (ptr1),y
0022CCr 1  20 rr rr     	jsr     pushax
0022CFr 1  A0 11        	ldy     #$11
0022D1r 1  B1 rr        	lda     (sp),y
0022D3r 1  85 rr        	sta     ptr1+1
0022D5r 1  88           	dey
0022D6r 1  B1 rr        	lda     (sp),y
0022D8r 1  85 rr        	sta     ptr1
0022DAr 1  A0 07        	ldy     #$07
0022DCr 1  B1 rr        	lda     (ptr1),y
0022DEr 1  AA           	tax
0022DFr 1  88           	dey
0022E0r 1  B1 rr        	lda     (ptr1),y
0022E2r 1  20 rr rr     	jsr     tossubax
0022E5r 1  A0 02        	ldy     #$02
0022E7r 1  91 rr        	sta     (sp),y
0022E9r 1  C8           	iny
0022EAr 1  8A           	txa
0022EBr 1  91 rr        	sta     (sp),y
0022EDr 1  A0 0F        	ldy     #$0F
0022EFr 1  B1 rr        	lda     (sp),y
0022F1r 1  85 rr        	sta     ptr1+1
0022F3r 1  88           	dey
0022F4r 1  B1 rr        	lda     (sp),y
0022F6r 1  85 rr        	sta     ptr1
0022F8r 1  A0 0B        	ldy     #$0B
0022FAr 1  B1 rr        	lda     (ptr1),y
0022FCr 1  20 rr rr     	jsr     pusha0
0022FFr 1  A0 11        	ldy     #$11
002301r 1  B1 rr        	lda     (sp),y
002303r 1  85 rr        	sta     ptr1+1
002305r 1  88           	dey
002306r 1  B1 rr        	lda     (sp),y
002308r 1  85 rr        	sta     ptr1
00230Ar 1  A0 0A        	ldy     #$0A
00230Cr 1  B1 rr        	lda     (ptr1),y
00230Er 1  20 rr rr     	jsr     tossuba0
002311r 1  A0 00        	ldy     #$00
002313r 1  91 rr        	sta     (sp),y
002315r 1  C8           	iny
002316r 1  8A           	txa
002317r 1  91 rr        	sta     (sp),y
002319r 1  A9 07        	lda     #$07
00231Br 1  20 rr rr     	jsr     _udeks_vic_bitmap_fill
00231Er 1  4C rr rr     	jmp     L0628
002321r 1  A5 rr        L0620:	lda     regbank+4
002323r 1  A6 rr        	ldx     regbank+4+1
002325r 1  20 rr rr     	jsr     pushax
002328r 1  A0 05        	ldy     #$05
00232Ar 1  20 rr rr     	jsr     pushwysp
00232Dr 1  A0 03        	ldy     #$03
00232Fr 1  B1 rr        	lda     (regbank+4),y
002331r 1  20 rr rr     	jsr     tossuba0
002334r 1  20 rr rr     	jsr     _draw_chrome_row
002337r 1  20 rr rr     L0628:	jsr     _udeks_vic_bitmap_reset_clip
00233Ar 1  A0 09        	ldy     #$09
00233Cr 1  20 rr rr     	jsr     pushwysp
00233Fr 1  A0 04        	ldy     #$04
002341r 1  B1 rr        	lda     (sp),y
002343r 1  20 rr rr     	jsr     _udeks_lane_ack
002346r 1  48           L05DB:	pha
002347r 1  A0 04        	ldy     #$04
002349r 1  B1 rr        	lda     (sp),y
00234Br 1  85 rr        	sta     regbank+4
00234Dr 1  C8           	iny
00234Er 1  B1 rr        	lda     (sp),y
002350r 1  85 rr        	sta     regbank+5
002352r 1  68           	pla
002353r 1  4C rr rr     	jmp     incsp8
002356r 1               
002356r 1               .endproc
002356r 1               
002356r 1               
